hanzi,bang_ua_ce,yngping,status,meaning
自我,cê̤ṳ-ngō,,not converted,self; oneself
多謝,dŏ-siâ,,not converted,thank you; thank you very much
寡婦,guā-hō,,not converted,widow
胳腋下,gó̤k,,not converted,armpit; underarm
伓便,n̂g-biêng,,not converted,"inconvenient, inexpedient"
伓好,n̂g-hō̤,,not converted,not good; unlucky
伓啻,n̂g-sié,,not converted,"not only, more than"
伓是,n̂g-sê,,not converted,is not
伓使,n̂g-sāi,,not converted,"need not, there is no need to"
伓通,n̂g-tĕ̤ng,,not converted,don't (do something); do not; must not
孵卵,bû-lông,bu7 lung7,check: unusual spelling,to incubate; to hatch
樹箬,chiú-niŏh,ciu3 nioh8,check: unusual spelling,tree leaf
蛀牙,ciú-ngāi,ziu3 ngai2,check: unusual spelling,dental caries; tooth decay
箸籠,dê̤ṳ-lê̤ng,dy7 loeng7,check: unusual spelling,chopstick holder
地址,dî-cī,di7 zi2,check: unusual spelling,address such as a home or business address; location
地理先生,dî-lī-sĭng-năng,di7 li2 sing1 nang1,check: unusual spelling,fengshui master; geomancer
記賬,gí-duóng,gi3 duong3,check: unusual spelling,to keep accounts; to record transactions; to do bookkeeping
記數,gí-só,gi3 su3,check: unusual spelling,to record a transaction; to keep the books
鋸糠,gṳ́-gŏng,gy3 gong1,check: unusual spelling,sawdust
汽燈,kí-dĕng,ki3 deng1,check: unusual spelling,gas lamp
氣力,kí-lĭh,ki3 lih8,check: unusual spelling,strength; power; energy
利便,lî-biêng,li7 bieng7,check: unusual spelling,convenient
四角,sí-gáe̤k,si3 goek4,check: unusual spelling,four angles; four corners
四角桌,sí-gáe̤k-dó̤h,si3 goek4 doh4,check: unusual spelling,square table
四角框,sí-gáe̤k-kuŏng,si3 goek4 kuong1,check: unusual spelling,囗
四勢,sí-sié,si3 sie3,check: unusual spelling,"everywhere, in all directions"
數單,sú-dăng,su3 dang1,check: unusual spelling,bill; check; invoice
西照,să̤-ciú,se1 ziu3,check: unusual spelling,(of a room) to have a western exposure to the sun and be hot in summer
趁食,tíng-siăh,ting3 siah8,check: unusual spelling,to earn a living
兔囝,tú-giāng,tu3 giang2,check: unusual spelling,little rabbit; bunny
兔公,tú-gē̤ng,tu3 goeng2,check: unusual spelling,male rabbit
兔母,tú-mō̤,tu3 mo2,check: unusual spelling,female rabbit
皇曆,uòng-lík,uong5 lik4,check: unusual spelling,almanac; ephemeris
應喙,íng-chói,ing3 cui3,check: unusual spelling,to answer back to one's parents or superiors; to talk back
武器,ū-kí,u2 ki3,check: unusual spelling,weapon; arms
諸葛亮,Cṳ̆-gák-liông,zy1 gak4 liong7,converted,(figurative) mastermind; strategist
潮州話,Dièu-ciŭ-uâ,dieu5 ziu1 ua7,converted,"Teochew, a variety of Southern Min Chinese native to Chaoshan, a region of Guangdong province"
長樂,Diòng-lŏ̤h,diong5 loh8,converted,long-lasting happiness
長城,Diòng-siàng,diong5 siang5,converted,(figurative) insurmountable barrier or invincible power; wall of steel
臺灣人,Dài-uăng-nè̤ng,dai5 uang1 noeng5,converted,person from Taiwan; Taiwanese people
德語,Dáik-ngṳ̄,dek4 ngy2,converted,German language
東京,Dĕ̤ng-gĭng,doeng1 ging1,converted,"(historical) an eastern capital a capital located east of another capital, especially under a multiple-capital system"
中國人,Dṳ̆ng-guók-nè̤ng,dyng1 guok4 noeng5,converted,Chinese person; Chinese people; the Chinese
中國儂,Dṳ̆ng-guók-nè̤ng,dyng1 guok4 noeng5,converted,alternative form of 中國人
中文,Dṳ̆ng-ùng,dyng1 ung5,converted,Chinese language
贛語,Gáng-ngṳ̄,gang3 ngy2,converted,"the Gan language/dialect, a group of Chinese varieties spoken as the native language by many people in the Jiangxi province of China"
舊約,Gô-iók,gu7 iok4,converted,old agreement; former alliance
金星,Gĭng-sĭng,ging1 sing1,converted,golden star
鼓樓,Gū-làu,gu2 lau5,converted,(architecture) drum tower
華人,Huà-ìng,hua5 ing5,converted,person of Chinese origin or ethnicity.
火星,Huŏ-sĭng,huo1 sing1,converted,"(neologism, Internet slang) to be outdated and unaware; to not know something that everyone else knows"
漢藏,Háng-Câung,hang3 zong7,converted,(attributive) Sino-Tibetan
漢藏語系,Háng-Câung ngṳ̄-hiê,hang3 zong7 ngy2 hie7,converted,(linguistics) Sino-Tibetan language family
漢語,Háng-ngṳ̄,hang3 ngy2,converted,the Chinese language(s)
福清哥,Hók-chiăng-gŏ̤,huk4 ciang1 go1,converted,"(previously, pejorative) man from Fuqing; Fuqingese"
福清話,Hók-chiăng-uâ,huk4 ciang1 ua7,converted,Fuqing dialect of Eastern Min; Hokcia; Hockcia
福州話,Hók-ciŭ-uâ,huk4 ziu1 ua7,converted,Fuzhounese; Fuzhou dialect a dialect of Eastern Min Chinese
海南人,Hāi-nàng-nè̤ng,hai2 nang5 noeng5,converted,Hainanese person
非洲,Hĭ-ciŭ,hi1 ziu1,converted,"(neologism, slang, in gacha games) of bad luck"
希利尼,Hĭ-lé-nà̤,hi1 li3 ne5,converted,Greek; Hellenistic
耶教,Ià-gáu,ia5 gau3,converted,short for 耶穌教
猶太,Iù-tái,iu5 tai3,converted,Jewish
猶太教,Iù-tái-gáu,iu5 tai3 gau3,converted,Judaism
猶太人,Iù-tái-nè̤ng,iu5 tai3 noeng5,converted,Jew; Jewish person
啟示錄,Kiē-sê-liŏh,kie2 si7 lioh8,converted,(figurative) enlightening words; enlightening articles
客家話,Káh-gă-uâ,kah4 ga1 ua7,converted,Hakka Chinese lect
孔明,Kūng-mìng,kung2 ming5,converted,clear; bright; clean
羅馬,Lò̤-mā,lo5 ma2,converted,(attributive) Roman pertaining to Rome or the Roman empire
老子,Lō̤-cṳ̄,lo2 zy2,converted,"(male speech, humorous) I; me"
呂宋薰,Lṳ̄-sóng-hŏng,ly2 sung3 hong1,converted,cigar
滿洲,Muāng-ciŭ,muang2 ziu1,converted,(collective) Manchu people
微信,Mì-séng,mi5 sing3,converted,WeChat message
閩北,Mìng-báe̤k,ming5 boek4,converted,話 語 方言 Northern Min a variety of Chinese
閩東,Mìng-dĕ̤ng,ming5 doeng1,converted,話 語 方言 Eastern Min; Min Dong a variety of Chinese spoken in and around Fuzhou
閩中,Mìng-dṳ̆ng,ming5 dyng1,converted,"話 語 方言 Central Min; Min Zhong a variety of Chinese spoken in and around Sanyuan District, Shaxian District and Yong'an City in Sanming City"
閩語,Mìng-ngṳ̄,ming5 ngy2,converted,(linguistics) Min group of Chinese lects found in southeastern China
閩南,Mìng-nàng,ming5 nang5,converted,話 語 方言 Southern Min; Min Nan a w:Variety (linguistics)
芒種,Mòng-cṳ̄ng,mong5 zyng2,converted,(archaic) 
蒙古族,Mùng-gū-cŭk,mung5 gu2 zuk8,converted,Mongol a person of Mongol or Mongolian ethnicity
閻王,Ngià-uòng,ngia5 uong5,converted,(figurative) ferocious or strict person; tyrant
堯舜,Ngièu-sóng,ngieu5 sung3,converted,"(historical, personification) emperors; sages; just kings; benevolent rulers"
南無阿彌陀佛,Nàng-mò̤-ŏ̤-mì-tò̤-hŭk,nang5 mo5 o1 mi5 to5 huk8,converted,"(Buddhism) Namo Amitābhāya, a common phrase of salutation used by Buddhists"
日本囝,Nĭk-buōng-giāng,nik8 buong2 giang2,converted,"(derogatory, ethnic slur) Japanese person; Jap"
日本人,Nĭk-buōng-nè̤ng,nik8 buong2 noeng5,converted,Japanese person
攀枝花,Păng-ciĕ-huă,pang1 zie1 hua1,converted,木棉 kapok (Bombax ceiba)
嫦娥,Siòng-ngò̤,siong5 ngo5,converted,(metonymy) moon
上帝,Siông-dá̤,siong7 de3,converted,(obsolete) monarch
畲族,Siă-cŭk,sia1 zuk8,converted,She people ethnic group in China
湘語,Siŏng-ngṳ̄,siong1 ngy2,converted,Xiang a Chinese language spoken mainly in Hunan province; Hunanese
撒瑪利亞,Sák-mā-lé-ā,sak4 ma2 li3 a2,converted,(Protestantism) Samaria
撒瑪利亞人,Sák-mā-lé-ā-nè̤ng,sak4 ma2 li3 a2 noeng5,converted,(Protestantism) Samaritan
敘利亞,Sê̤ṳ-lé-ā,sy7 li3 a2,converted,"(Internet slang, figurative) chaotic; messy; dirty; bad"
神州,Sìng-cĭu,sing5 ziu1,converted,capital city (of a country)
山東,Săng-dĕ̤ng,sang1 doeng1,converted,east of the mountain in general
山西,Săng-să̤,sang1 se1,converted,west of the mountain in general
西班牙語,Să̤-băng-ngà-ngṳ̄,se1 bang1 nga5 ngy2,converted,the Spanish language
新疆,Sĭng-giŏng,sing1 giong1,converted,(historical) new territory
重慶,Tṳ̀ng-kéng,tyng5 king3,converted,survival of one's parents and grandparents
粵語,Uŏk-ngṳ̄,uok8 ngy2,converted,Yue; Cantonese language
越南語,Uŏk-nàng-ngṳ̄,uok8 nang5 ngy2,converted,the Vietnamese language
壁裡,biáh-diē,biah4 die2,converted,side of bed against the wall
辮辮,bièng-biêng,bieng5 bieng7,converted,pigtail; plaits; braids; queue
別針,biék-cĕng,biek4 zeng1,converted,safety pin
避暑,biê-sṳ̄,bie7 sy2,converted,to dispel summer heat; to beat the heat
辯駁,biêng-báuk,bieng7 bok4,converted,to dispute; to refute
辯論,biêng-lâung,bieng7 long7,converted,to debate
扁擔,biēng-dăng,bieng2 dang1,converted,carrying pole; shoulder pole
蝙蝠,biēng-hók,bieng2 huk4,converted,bat small flying mammal of order Chiroptera order
扁肉,biēng-nṳ̆k,bieng2 nyk8,converted,wonton (soup)
扁食,biēng-sĭk,bieng2 sik8,converted,Chinese dumpling
婊子,biēu-cṳ̄,bieu2 zy2,converted,(obsolete) mistress
別離,biĕk-liê,biek8 lie7,converted,to part; to separate
編輯,biĕng-cék,bieng1 zik4,converted,editor one who edits; compiler
邊兜,biĕng-dău,bieng1 dau1,converted,side; beside; to the side
標準,biĕu-cūng,bieu1 zung2,converted,standard; criterion
標準化,biĕu-cūng-huá,bieu1 zung2 hua3,converted,to standardize
盤川,buàng-chiŏng,buang5 ciong1,converted,travel expenses
盤錢,buàng-cièng,buang5 zieng5,converted,travel expenses
盤費,buàng-hié,buang5 hie3,converted,travel expenses
盤數,buàng-só,buang5 su3,converted,to suffer losses; to be at a disadvantage
簸箕,buái-gĭ,buai3 gi1,converted,winnowing basket often made of wicker or bamboo
撥醒,buák-chāng,buak4 cang2,converted,"remind, warn"
半晡,buáng-buŏ,buang3 buo1,converted,nightfall; toward evening; dusk
半鹹淡,buáng-gèng-dâng,buang3 geng5 dang7,converted,"""Half Fuzhou dialect and half Mandarin"", i.e. Fuzhou dialect spoken by a non-native, or Standard Mandarin spoken by a native Fuzhounese."
半暝,buáng-màng,buang3 mang5,converted,midnight
半暝三更,buáng-màng-săng-găng,buang3 mang5 sang1 gang1,converted,in the middle of the night; late at night
半男女,buáng-nàng-nṳ̄,buang3 nang5 ny2,converted,(Xianyou) hermaphrodite; intersex person
半仙,buáng-siĕng,buang3 sieng1,converted,"shaman, fortuneteller, or similar practitioner believed or claiming to possess near-supernatural powers, sometimes viewed as a charlatan"
半生成,buáng-săng chiàng,buang3 sang1 ciang5,converted,halfway; in the middle of something
拌麵,buâng-miêng,buang7 mieng7,converted,noodles mixed with sauce
葡萄糖,buò-dò̤-tòng,buo5 do5 tong5,converted,(carbohydrate) glucose; grape sugar
陪襯,buòi-cháing,buoi5 ceng3,converted,to serve as a contrast or foil; to set off
盆魚,buòng-ngṳ̀,buong5 ngy5,converted,goldfish
佈田,buó-chèng,buo3 ceng5,converted,to transplant rice seedlings
布鞋,buó-à̤,buo3 e5,converted,cloth shoe; canvas shoe
欲挃,buóh dĭk,buoh4 dik8,converted,to wish to have; to want (something)
輩分,buói-hông,buoi3 hung7,converted,seniority among generations in a family or clan; position in the family hierarchy
發癲,buók-diĕng,buok4 dieng1,converted,to go mad; to go crazy; to lose one's mind; to go nuts; to freak out
發芽,buók-ngà,buok4 nga5,converted,"(botany, intransitive) to sprout; to germinate; to bud"
放假,buóng-gá,buong3 ga3,converted,to have time off; to go on holidays
部分,buô-hông,buo7 hung7,converted,part; section; segment; portion
部署,buô-sṳ̄,buo7 sy2,converted,"(military, figurative) to lay out; to deploy; to arrange"
部位,buô-ôi,buo7 ui7,converted,region; site; location; position; place
哺乳,buô-ṳ̄,buo7 y2,converted,to breastfeed
哺乳動物,buô-ṳ̄ dông-ŭk,buo7 y2 dung7 uk8,converted,mammal
背影,buôi-ōng,buoi7 ong2,converted,view of someone's back; figure seen from behind
飯巴,buông-bă,buong7 ba1,converted,rice crust; crust of cooked rice
飯店,buông-dáing,buong7 deng3,converted,hotel that usually has its own restaurant
飯瓢,buông-pièu,buong7 pieu5,converted,rice scoop; rice spoon
飯甑,buông-sòng,buong7 song5,converted,pot for steaming rice
飯桶,buông-tē̤ng,buong7 toeng2,converted,container used for storing cooked rice
跋杯,buăk-buŏi,buak8 buoi1,converted,(religion) to divine using moon blocks
跋倒,buăk-dō̤,buak8 do2,converted,to tumble; to fall down
搬厝,buăng-chió,buang1 cio3,converted,to move house; to move to a new home
本錢,buōng-cièng,buong2 zieng5,converted,(literally) capital; funds; wealth
本字,buōng-cê,buong2 zi7,converted,original form of character; etymological character
本地,buōng-dê,buong2 di7,converted,(attributive) local; native
本地人,buōng-dê-nè̤ng,buong2 di7 noeng5,converted,native; local resident; local
本來,buōng-lài,buong2 lai5,converted,(attributive) original
飛機,buŏi-gĭ,buoi1 gi1,converted,airplane; plane; aircraft
飛船,buŏi-sùng,buoi1 sung5,converted,dirigible; airship
分開,buŏng-kŭi,buong1 kui1,converted,(ergative) to separate; to part
徘徊,bài-huòi,bai5 huoi5,converted,to pace back and forth; to walk to and fro; to wander
平跤,bàng-kă,bang5 ka1,converted,feet that have not undergone footbinding
平話,bàng-uâ,bang5 ua7,converted,local speech; plain speech; colloquial dialect
平話字,bàng-uâ-cê,bang5 ua7 zi7,converted,"Bàng-uâ-cê a Latin alphabet-based orthography for Eastern Min, BUC"
排球,bà̤-giù,be5 giu5,converted,volleyball game played on a rectangular court between two teams who strike a ball back and forth over a net
排骨,bà̤-gáuk,be5 gok4,converted,ribs; spareribs
排解,bà̤-gā̤,be5 ge2,converted,to mediate; to reconcile
牌坊,bà̤-huŏng,be5 huong1,converted,(architecture) paifang traditional style of Chinese architectural arch or gateway structure
排冷,bà̤-lēng,be5 leng2,converted,to turn over
排冷犬,bà̤-lēng-kēng,be5 leng2 keng2,converted,"犭, dog radical"
排律,bà̤-lŭk,be5 luk8,converted,(poetry) pailü
欛欛,bá-bá,ba3 ba3,converted,penis; dick
欛欛囝,bá-bá-giāng,ba3 ba3 giang2,converted,(childish) penis; dick especially of a boy
北面,báe̤k-miêng,boek4 mieng7,converted,north; north side
伯伯,báh-báh,bah4 bah4,converted,"(informal, affectionate) paternal uncle father's elder brother"
擘喙,báh-chói,bah4 cui3,converted,to yawn
伯公,báh-gŭng,bah4 gung1,converted,great-uncle paternal grandfather's elder brother
百姓,báh-sáng,bah4 sang3,converted,the common people; the masses; ordinary citizens
百萬,báh-uâng,bah4 uang7,converted,million
拜堂,bái-dòng,bai3 dong5,converted,"(of bride and groom) to ritually kneel to heaven, earth and ancestors in a traditional wedding ceremony; to make ceremonial obeisances; to perform the marriage ceremony"
拜佛,bái-hŭk,bai3 huk8,converted,to worship Buddha; to prostrate oneself before the image of Buddha
拜年,bái-nièng,bai3 nieng5,converted,"to exchange (Chinese) New Year's greetings; to pay someone a courtesy call on Chinese New Year's Day or shortly thereafter, usually with a present"
捌板,báik-bēng,bek4 beng2,converted,to act properly; to know the rules
捌曾,báik-cèng,bek4 zeng5,converted,already; once
捌字,báik-cê,bek4 zi7,converted,to learn to read
捌字伯,báik-cê-báh,bek4 zi7 bah4,converted,(derogatory) someone who knows a lot and brags about it
捌傳,báik-diòng,bek4 diong5,converted,to know (something)
八點,báik-dēng,bek4 deng2,converted,eight o'clock
八卦,báik-guá,bek4 gua3,converted,bagua eight divinatory trigrams of the I Ching
八角,báik-gáe̤k,bek4 goek4,converted,octagon
八角香,báik-gáe̤k-hiŏng,bek4 goek4 hiong1,converted,star anise (Illicium verum species)
百科全書,báik-kuŏ-ciòng-cṳ̆,bek4 kuo1 ziong5 zy1,converted,encyclopaedia
八月,báik-nguŏk,bek4 nguok8,converted,August
八月節,báik-nguŏk-cáik,bek4 nguok8 zek4,converted,中秋節 Mid-Autumn Festival
八月十五,báik-nguŏk-sĕk-ngô,bek4 nguok8 sek8 ngu7,converted,Mid-Autumn Festival
八仙,báik-siĕng,bek4 sieng1,converted,(Chinese mythology) Eight Immortals
八十,báik-sĕk,bek4 sek8,converted,eighty
八十六,báik-sĕk-lĕ̤k,bek4 sek8 loek8,converted,eighty-six; 86
八十五,báik-sĕk-ngô,bek4 sek8 ngu7,converted,eighty-five; 85
捌事,báik-tâi,bek4 tai7,converted,(usually said of a child) sensible; capable; good; thoughtful; smart; well-behaved
博士,báuk-sê̤ṳ,bok4 sy7,converted,doctorate; Ph.D.
博物,báuk-ŭk,bok4 uk8,converted,every manifestation of nature; all living things
博物館,báuk-ŭk-guāng,bok4 uk8 guang2,converted,(countable) museum (classifier: 間)
爸奶,bâ-nā̤,ba7 ne2,converted,parents
敗囝,bâi-giāng,bai7 giang2,converted,spendthrift; squanderer; prodigal son
辦公,bâing-gŭng,beng7 gung1,converted,to handle official business; to work especially in an office environment
辦公室,bâing-gŭng-sék,beng7 gung1 sik4,converted,"office a room, set of rooms, building, or department used for non-manual work or to provide a particular service (classifier: 間)"
辦法,bâing-huák,beng7 huak4,converted,means; solution; way of doing something
病毒,bâng-dŭk,bang7 duk8,converted,(medicine) virus
病囝,bâng-giāng,bang7 giang2,converted,to have morning sickness
病殼,bâng-káe̤k,bang7 koek4,converted,疒
病瀉,bâng-siá,bang7 sia3,converted,to have diarrhea
病吐瀉,bâng-tó-siá,bang7 tu3 sia3,converted,(disease) cholera a severe diarrhoeal disease
病啞,bâng-ā,bang7 a2,converted,mute person; dumb person
便宜,bèng-ngiè,beng5 ngie5,converted,cheap; inexpensive
硼砂,bèng-să,beng5 sa1,converted,borax; sodium borate
朋友,bèng-īu,beng5 iu2,converted,friend
排隊,bè̤-duôi,boe5 duoi7,converted,to line up; to queue up
秘書,bé-cṳ̆,bi3 zy1,converted,secretary person who does clerical work
秘密,bé-mĭk,bi3 mik8,converted,secret knowledge that is hidden
庇佑,bé-êu,bi3 iu7,converted,(religion) to receive protection especially from deities
筆𢯽,bék-chó̤,bik4 co3,converted,"eraser, rubber"
筆筒,bék-dè̤ng,bik4 doeng5,converted,pen container; brush pot; brush case
筆架,bék-gá,bik4 ga3,converted,pen rack; pen holder
筆法,bék-huák,bik4 huak4,converted,style of writing or drawing; penmanship
畢業,bék-ngiĕk,bik4 ngiek8,converted,to graduate; to finish school
被告,bê-gó̤,bi7 go3,converted,(law) defendant; the accused; respondent
陛下,bê-hâ,bi7 ha7,converted,(honorific) Your Majesty; His Majesty; Her Majesty
被害人,bê-hâi-ìng,bi7 hai7 ing5,converted,"(law, countable) the injured party; victim"
媲美,bê-mī,bi7 mi2,converted,to compare favourably with; to (be able to) match; to be comparable with
睥睨,bê-ngā̤,bi7 nge2,converted,to look disdainfully out of the corner of one's eye
婢女,bê-nṳ̄,bi7 ny2,converted,slave-girl; servant girl; maid
篦梳,bê-sĕ̤,bi7 soe1,converted,double-edged fine-tooth comb
病院,bêng-iêng,bing7 ieng7,converted,specialized hospital
枇杷,bì-bà,bi5 ba5,converted,loquat type of fruit
琵琶,bì-bà,bi5 ba5,converted,pipa plucked Chinese string instrument
琵琶兜壁,bì-bà-dău-biék,bi5 ba5 dau1 biek4,converted,bat small flying mammal of order Chiroptera order
啤酒,bì-ciū,bi5 ziu2,converted,beer
脾土,bì-tū,bi5 tu2,converted,appetite; condition of one's stomach
瓶瓶,bìng-bìng,bing5 bing5,converted,bottle
瓶瓶蓋,bìng-bìng-gái,bing5 bing5 gai3,converted,bottle cap
瓶瓶塞,bìng-bìng-sáik,bing5 bing5 sek4,converted,cork bottle stopper
平等,bìng-dēng,bing5 deng2,converted,"equal having the same status, rights, or opportunities"
蘋果,bìng-guō,bing5 guo2,converted,"apple fruit (classifier: 個, 隻, 顆)"
蘋果綠,bìng-guō-liŏh,bing5 guo2 lioh8,converted,apple green colour; light green colour
平和,bìng-huò,bing5 huo5,converted,having a mild temperament; polite
評話,bìng-uâ,bing5 ua7,converted,pinghua (Chinese popular stories originated in the Tang and Song dynasties)
旁邊,bòng-biĕng,bong5 bieng1,converted,side; beside; to the side
婆媳,bò̤-sék,bo5 sik4,converted,mother-in-law and daughter-in-law
不測,bók-cháik,buk4 cek4,converted,(attributive) unexpected; unpredictable
不倒翁,bók-dō̤-ŭng,buk4 do2 ung1,converted,(literal) roly-poly toy a toy that rights itself when pushed over
不過,bók-guó,buk4 guo3,converted,only; merely
不老,bók-lō̤,buk4 lo2,converted,eternal youth; immortality
腹肚,bók-lō̤,buk4 lo2,converted,abdomen; belly; stomach
腹老,bók-lō̤,buk4 lo2,converted,stomach; belly
腹老楻,bók-lō̤-kuòng,buk4 lo2 kuong5,converted,"muffin top, a bulging roll of flesh above the abdomen"
不啻,bók-siê,buk4 sie7,converted,(chiefly for emphasis) to be no less than; to exceed
腹臍,bók-sài,buk4 sai5,converted,navel; belly button
糞池,bóng-diè,bung3 die5,converted,cesspool
放晝,bóng-dáu,bung3 dau3,converted,to take a break for lunch; to break for lunch; ⟨for students⟩ to finish morning classes and go home for lunch
畚斗,bóng-dāu,bung3 dau2,converted,alternative form of 糞斗 (dustpan)
糞斗,bóng-dāu,bung3 dau2,converted,dustpan
糞坑,bóng-kăng,bung3 kang1,converted,cesspit; cesspool; manure pit
糞坑厝,bóng-kăng-chió,bung3 kang1 cio3,converted,toilet
糞掃,bóng-só̤,bung3 so3,converted,trash; rubbish; garbage
糞土,bóng-tū,bung3 tu2,converted,dung and dirt; muck
報紙,bó̤-cāi,bo3 zai2,converted,"newspaper (classifier: 份, 張, 期)"
報答,bó̤-dák,bo3 dak4,converted,"(transitive) to repay (someone's favour, kindness, etc.); to requite; to pay back; to return"
報告,bó̤-gó̤,bo3 go3,converted,to report; to inform one's superiors
報考,bó̤-kō̤,bo3 ko2,converted,to register for an examination; to sign up for a test
報信,bó̤-séng,bo3 sing3,converted,to notify; to inform
暴露,bó̤h-ló,boh4 lu3,converted,to reveal; to expose; to uncover
暴力,bô̤-lĭk,bo7 lik8,converted,violence; brutality; force
蒲蠅,bù-sìng,bu5 sing5,converted,fly insect
蒲蠅屎,bù-sìng-sāi,bu5 sing5 sai2,converted,freckle
肥豬,bùi-dṳ̆,bui5 dy1,converted,(literally) fat pig
房間,bùng-găng,bung5 gang1,converted,room in a building or house
把啷鼓墜,bā-lāng-gū-tôi,ba2 lang2 gu2 tui7,converted,mosquito larva
版本,bāng-buōng,bang2 buong2,converted,version (classifier: 個)
版圖,bāng-dù,bang2 du5,converted,household registers and maps; population and territory
芭蕉,bă-ciĕu,ba1 zieu1,converted,Japanese banana Musa basjoo
巴結,bă-giék,ba1 giek4,converted,to kiss up to; to curry favor; to fawn on; to brown-nose; to suck up
白酒,băh-ciū,bah8 ziu2,converted,baijiu distilled liquor
白菜,băh-cái,bah8 zai3,converted,"Various varieties of Brassica rapa species, including:"
白紙,băh-cāi,bah8 zai2,converted,blank sheet of paper
白撞,băh-dâung,bah8 dong7,converted,thief who enters someone's property to steal during the day; trespasser
白果,băh-guō,bah8 guo2,converted,ginkgo nut
白鴿,băh-gák,bah8 gak4,converted,white pigeon
白㾀,băh-kē̤,bah8 koe2,converted,dandruff
白露,băh-ló,bah8 lu3,converted,dew in autumn
白面,băh-méng,bah8 ming3,converted,(literally) pale face
白面厝,băh-méng-chió,bah8 ming3 cio3,converted,brothel
白米,băh-mī,bah8 mi2,converted,white rice; polished rice
白人,băh-nè̤ng,bah8 noeng5,converted,white person; Caucasian
白仁,băh-nìng,bah8 ning5,converted,(Hengyang) white of the eye
白片,băh-piéng,bah8 pieng3,converted,pornographic film
白食,băh-siăh,bah8 siah8,converted,to eat for free
白雪雪,băh-suók-suók,bah8 suok4 suok4,converted,snow-white; very white
白讀,băh-tĕ̤k,bah8 toek8,converted,colloquial/vernacular reading of a Chinese character
白話,băh-uâ,bah8 ua7,converted,vernacular Chinese as opposed to Classical Chinese; plain language
白話字,băh-uâ-cê,bah8 ua7 zi7,converted,vernacular writing
包菜,bău-chái,bau1 cai3,converted,cabbage
包墘,bău-gièng,bau1 gieng5,converted,"to hem, line, create an edge"
包果,bău-guōi,bau1 guoi2,converted,corn; maize
別塊,bĕk-dó̤i,bek8 doi3,converted,somewhere else
拔鬮,bĕk-kău,bek8 kau1,converted,to draw straws; to draw lots
白面書生,bĕk-miêng-cṳ̆-sĕng,bek8 mieng7 zy1 seng1,converted,young scholar who is well-versed in academic theories but lacks real-life experience; young and inexperienced person without practical experience
別人,bĕk-nè̤ng,bek8 noeng5,converted,others; other people
拔河,bĕk-ò̤,bek8 o5,converted,(game) to play tug of war
彼此,bī-chṳ̄,bi2 cy2,converted,each other; one another; you and I
比並,bī-piâng,bi2 piang7,converted,to compare; to contrast; to match
比賽,bī-suói,bi2 suoi3,converted,to compete; to have a match
冰箸,bĭng-dê̤ṳ,bing1 dy7,converted,icicle
兵丁,bĭng-dĭng,bing1 ding1,converted,(dated) soldier
賓館,bĭng-guāng,bing1 guang2,converted,hotel; guesthouse
冰淇淋,bĭng-gì-lìng,bing1 gi5 ling5,converted,ice cream
賓客,bĭng-káik,bing1 kek4,converted,guests; visitors
檳榔,bĭng-lòng,bing1 long5,converted,betel palm
冰雹,bĭng-pĕ̤k,bing1 poek8,converted,(weather) hail
冰箱,bĭng-siŏng,bing1 siong1,converted,refrigerator
冰糖,bĭng-tòng,bing1 tong5,converted,rock candy; rock sugar
寶杯,bō̤-buŏi,bo2 buoi1,converted,bad result in divination using moon blocks showing two blocks round
保險,bō̤-hiēng,bo2 hieng2,converted,to assure; to guarantee
保護,bō̤-hô,bo2 hu7,converted,(transitive) to protect; to safeguard; to conserve; to preserve
保佑,bō̤-iêu,bo2 ieu7,converted,to bless and protect; to be safeguarded
博客,bŏk-káh,bok8 kah4,converted,blog
幫助,bŏng-câe̤,bong1 zoe7,converted,to help; to aid; to assist
玻璃,bŏ̤-là̤,bo1 le5,converted,glass
瀑布,bŭk-buó,buk8 buo3,converted,waterfall a flow of water over the edge of a cliff
爆燃,bŭk-iòng,buk8 iong5,converted,to deflagrate
倩工,chiáng-gĕ̤ng,ciang3 goeng1,converted,to hire labour
刺溪,chié-kă̤,cie3 ke1,converted,"to ridicule, make fun of"
切切,chiék-chiék,ciek4 ciek4,converted,urgent; pressing
笑杯,chiéu-buŏi,cieu3 buoi1,converted,inconclusive result in divination using moon blocks showing with two blocks flat
厝邊,chió-biĕng,cio3 bieng1,converted,neighbour
厝主,chió-ciō,cio3 zio2,converted,owner of rental accommodation; landlord; manager
厝脊,chió-cék,cio3 zik4,converted,ridge of a roof
厝租,chió-cŭ,cio3 zu1,converted,rent regular payments made to the owner of a property to secure its use
厝頂,chió-dīng,cio3 ding2,converted,roof; housetop
象棋,chiông-gì,ciong7 gi5,converted,xiangqi; Chinese chess
象牙,chiông-ngà,ciong7 nga5,converted,elephant tusk
橡皮,chiông-puòi,ciong7 puoi5,converted,rubber material derived from the sap of the rubber tree
請假,chiāng-gá,ciang2 ga3,converted,to request time off; to ask for leave
請問,chiāng-muóng,ciang2 muong3,converted,"(honorific, polite) please; excuse me; may I ask?; may I know?"
車債,chiă-cái,cia1 zai3,converted,fare
車站,chiă-câng,cia1 zang7,converted,ground transport station; bus station; bus stop; train station; train stop
車店,chiă-dáing,cia1 deng3,converted,car dealership place where cars are sold
車囝,chiă-giāng,cia1 giang2,converted,rickshaw
車輪,chiă-lùng,cia1 lung5,converted,wheel; car wheel
車前,chiă-sèng,cia1 seng5,converted,"(botany) plantain Plantago genus, especially the Chinese plantain Plantago asiatica"
車船,chiă-sùng,cia1 sung5,converted,steamship; steamer
淺灰,chiēng-huŏi,cieng2 huoi1,converted,light gray colour
淺藍,chiēng-làng,cieng2 lang5,converted,light blue colour
鮮笑,chiĕng-chiéu,cieng1 cieu3,converted,(of clothing colour) bright; clean; colourful
千里鏡,chiĕng-lī-giáng,cieng1 li2 giang3,converted,(dated) telescope
千萬,chiĕng-uâng,cieng1 uang7,converted,tens of millions of
超市,chiĕu-chê,cieu1 ci7,converted,supermarket
超級市場,chiĕu-gék chê-diòng,cieu1 gik4 ci7 diong5,converted,supermarket
搶奪,chiōng-dŏk,ciong2 dok8,converted,to pillage; to plunder; to take away by force; to snatch; to wrest; to seize
槍斃,chiŏng-bé,ciong1 bi3,converted,to execute by firing squad
穿山甲,chiŏng-săng-gák,ciong1 sang1 gak4,converted,pangolin
手臂𩨑,chiū-bié-dăng,ciu2 bie3 dang1,converted,(anatomy) elbow
手錶,chiū-biēu,ciu2 bieu2,converted,wristwatch
手冊,chiū-cháh,ciu2 cah4,converted,handbook; manual (classifier: 本)
手掌指,chiū-ciēng-cāi,ciu2 zieng2 zai2,converted,finger
手掌,chiū-ciōng,ciu2 ziong2,converted,(anatomy) palm concave part of the hand
手節,chiū-cáik,ciu2 zek4,converted,(anatomy) knuckle
手指,chiū-cāi,ciu2 zai2,converted,(anatomy) finger
手指夾,chiū-cāi-gĕk,ciu2 zai2 gek8,converted,(anatomy) space between fingers
手指縫,chiū-cāi-póng,ciu2 zai2 pung3,converted,(anatomy) space between fingers
手肘,chiū-diū,ciu2 diu2,converted,elbow
手段,chiū-dâung,ciu2 dong7,converted,procedure; method; means to an end
手𩨑,chiū-dăng,ciu2 dang1,converted,(anatomy) elbow
手甲縫,chiū-gák-póng,ciu2 gak4 pung3,converted,(anatomy) space between the fingernail and the fingertip
手工,chiū-gĕ̤ng,ciu2 goeng1,converted,to operate by hand; to operate manually
手機,chiū-gĭ,ciu2 gi1,converted,mobile phone; cell phone; mobile; cell
手巾,chiū-gṳ̆ng,ciu2 gyng1,converted,hand towel
手巾囝,chiū-gṳ̆ng-giāng,ciu2 gyng1 giang2,converted,"handkerchief piece of cloth carried for wiping the face, eyes, nose or hands"
手銬,chiū-kó̤,ciu2 ko3,converted,handcuffs (classifier: 副)
手絡,chiū-ló̤h,ciu2 loh4,converted,glove; mitten
手爐,chiū-lù,ciu2 lu5,converted,handwarmer
手帕,chiū-pá,ciu2 pa3,converted,"handkerchief piece of cloth carried for wiping the face, eyes, nose or hands"
手鎖,chiū-sō̤,ciu2 so2,converted,handcuffs
手套,chiū-tó̤,ciu2 to3,converted,glove; mitten; mitt
手腿,chiū-tōi,ciu2 toi2,converted,arm
手彎,chiū-uăng,ciu2 uang1,converted,crook of the arm
手䘼,chiū-uōng,ciu2 uong2,converted,sleeve of clothing
手䘼邊,chiū-uōng-biĕng,ciu2 uong2 bieng1,converted,cuff of a sleeve
手䘼頭,chiū-uōng-tàu,ciu2 uong2 tau5,converted,cuff of a sleeve
手淫,chiū-ìng,ciu2 ing5,converted,"(possibly, pejorative) to masturbate"
手紋,chiū-ùng,ciu2 ung5,converted,lines of the palm; palmprint; handprint
鞦韆,chiŭ-chiĕng,ciu1 cieng1,converted,swing hanging seat
壯族,chuáng-cŭk,cuang3 zuk8,converted,Zhuang people
炊床,chuŏi-sòng,cuoi1 song5,converted,steamer basket
柴刀,chà-dŏ̤,ca5 do1,converted,firewood axe or machete
柴屐,chà-kiăk,ca5 kiak8,converted,clogs
柴杮,chà-puói,ca5 puoi3,converted,wood fragments; wood pieces
豺狼,chài-lòng,cai5 long5,converted,the dhole and the wolf
菜種,chái-cṳ̄ng,cai3 zyng2,converted,seed of vegetable
菜刀,chái-dŏ̤,cai3 do1,converted,chef's knife; kitchen knife; vegetable cleaver
菜瓜,chái-guă,cai3 gua1,converted,snake melon
菜園,chái-huòng,cai3 huong5,converted,vegetable garden
菜箬,chái-niŏh,cai3 nioh8,converted,vegetable leaf
菜頭,chái-tàu,cai3 tau5,converted,daikon; Chinese radish
菜頭粿,chái-tàu-guōi,cai3 tau5 guoi2,converted,radish cake; turnip cake; chai tow kway a common southern Chinese dish
測字,cháik-cê,cek4 zi7,converted,to perform glyphomancy; to tell fortunes by disassembling Chinese characters
拆毀,cháik-hūi,cek4 hui2,converted,to demolish; to dismantle; to pull down; to raze
側目,cháik-mŭk,cek4 muk8,converted,to cast sidelong glances with fear or indignation
側耳,cháik-ngī,cek4 ngi2,converted,oyster mushroom
讖語,cháing-ngṳ̄,ceng3 ngy2,converted,prophecy; foretelling
懺悔,cháng-huói,cang3 huoi3,converted,to make confession
臭嘴,cháu-chói,cau3 cui3,converted,bad breath; halitosis
創造,cháung-cô̤,cong3 zo7,converted,to create
創建,cháung-gióng,cong3 giong3,converted,to found; to establish; to set up; to create
創世,cháung-sié,cong3 sie3,converted,creation of the world
創始,cháung-sṳ̄,cong3 sy2,converted,to initiate; to create; to establish; to set up; to found
田塍,chèng-chìng,ceng5 cing5,converted,dyke
田地,chèng-dê,ceng5 di7,converted,agricultural field; cropland; farmland
蠶繭,chèng-gēng,ceng5 geng2,converted,silkworm
蠶繭樹,chèng-gēng-chéu,ceng5 geng2 ciu3,converted,mulberry tree
蠶繭卵,chèng-gēng-lâung,ceng5 geng2 long7,converted,silkworm egg
蠶繭箬,chèng-gēng-niŏh,ceng5 geng2 nioh8,converted,mulberry leaf
蠶繭箬樹,chèng-gēng-niŏh chéu,ceng5 geng2 nioh8 ciu3,converted,mulberry tree
蠶繭屎,chèng-gēng-sāi,ceng5 geng2 sai2,converted,silkworm excrement
蠶繭絲,chèng-gēng-sĭ,ceng5 geng2 si1,converted,natural silk
田塗,chèng-tù,ceng5 tu5,converted,soil from a field; farmland soil
試鼎,ché-diāng,ci3 diang2,converted,the groom's family inviting friends over for a meal after marriage to show that the new bride is capable of cooking
試驗,ché-ngiêng,ci3 ngieng7,converted,to conduct an experiment; to run a trial
七處,chék-ché̤ṳ,cik4 cy3,converted,everywhere
赤道,chék-dô̤,cik4 do7,converted,(astronomy) celestial equator
七點,chék-dēng,cik4 deng2,converted,seven o'clock
尺骨,chék-gáuk,cik4 gok4,converted,(skeleton) ulna; elbow bone
七講八聽,chék-gōng báik-tiáng,cik4 gong2 bek4 tiang3,converted,to talk nonsense; to talk rubbish
七月,chék-nguŏk,cik4 nguok8,converted,July
七十,chék-sĕk,cik4 sek8,converted,seventy; 70
凊飯,chéng-buông,cing3 buong7,converted,cold cooked rice
凊痺,chéng-bé,cing3 bi3,converted,having numb extremities due to cold
凊汗,chéng-gâng,cing3 gang7,converted,cold sweat
凊天,chéng-tiĕng,cing3 tieng1,converted,(Chenghai) winter
秤錘,chéng-tùi,cing3 tui5,converted,sliding weight of a steelyard
樹枝,chéu-ciĕ,ciu3 zie1,converted,"tree branch; twig (classifier: 根, 枝)"
樹根,chéu-gṳ̆ng,ciu3 gyng1,converted,root of a tree
樹椏,chéu-ngâ,ciu3 nga7,converted,a large branch of a tree; a base branch splitting from the tree fork
樹奶,chéu-nĕng,ciu3 neng1,converted,rubber
樹皮,chéu-puòi,ciu3 puoi5,converted,bark of a tree
刺激,ché̤ṳ-gék,cy3 gik4,converted,to stimulate; to excite; to spur
喙皮,ché̤ṳ-puòi,cy3 puoi5,converted,lip(s)
嘴皮,ché̤ṳ-puòi,cy3 puoi5,converted,lip(s)
喙舌囝,ché̤ṳ-siĕk-giāng,cy3 siek8 giang2,converted,uvula appendage that hangs from the palate
喙舌尾,ché̤ṳ-siĕk-muōi,cy3 siek8 muoi2,converted,tonguetip
銃子,ché̤ṳng-cī,cyng3 zi2,converted,(mechanics) drill
市政府,chê-céng-hū,ci7 zing3 hu2,converted,city government; city council; municipal government
市場,chê-diòng,ci7 diong5,converted,"market; bazaar; marketplace in a town, city"
市委,chê-ūi,ci7 ui2,converted,municipal communist party committee
醋心,chó-sĭng,cu3 sing1,converted,feeling of jealousy especially in love rivalry
嘴臭,chói cháu,cui3 cau3,converted,rude-mouthed; offensively or insultingly speaking
喙焦,chói dă,cui3 da1,converted,thirsty
喙鬚,chói-chiŭ,cui3 ciu1,converted,beard
喙舌,chói-siĕk,cui3 siek8,converted,tongue
出差,chók-chă̤,cuk4 ce1,converted,to go away somewhere for business or other official purposes; to go away on business; to go on a business trip
出自,chók-cê̤ṳ,cuk4 zy7,converted,to come from; to originate from; to stem from
出水痘,chók-cūi-dâu,cuk4 zui2 dau7,converted,to get chicken pox
出租車,chók-cŭ-chiă,cuk4 zu1 cia1,converted,taxi; taxicab
出痘,chók-dâu,cuk4 dau7,converted,to get chicken pox
出汗,chók-gâng,cuk4 gang7,converted,(intransitive) to sweat to emit sweat; to perspire
出虹,chók-kê̤ṳng,cuk4 kyng7,converted,for a rainbow to appear
出口,chók-kāu,cuk4 kau2,converted,"exit including outlets, escapes, vents, highway offramps, etc."
出麻,chók-muài,cuk4 muai5,converted,(disease) to have measles
出世,chók-sié,cuk4 sie3,converted,to come into the world; to be born
出生,chók-sĕng,cuk4 seng1,converted,to be born
出喪,chók-sŏng,cuk4 song1,converted,to hold a funeral procession
出運,chók-ông,cuk4 ung7,converted,to escape bad luck and have good luck
剉樹,chó̤i-chéu,coi3 ciu3,converted,to chop down trees; to chop wood
碎錢,chó̤i-cièng,coi3 zieng5,converted,loose change; banknotes of small value or coins
碎票,chó̤i-piéu,coi3 pieu3,converted,loose change; banknotes of small value or coins
碎使,chó̤i-sāi,coi3 sai2,converted,pocket money
彩色,chāi-sáik,cai2 sek4,converted,(attributive) color as opposed to black-and-white
慘無人道,chāng-ù-ìng-dô̤,cang2 u5 ing5 do7,converted,brutal and inhuman
草包,chāu-bău,cau2 bau1,converted,(literally) straw bag
草笠,chāu-lĭk,cau2 lik8,converted,straw hat
草莓,chāu-muòi,cau2 muoi5,converted,"strawberry fruit, or plant"
差不多,chă-bók-dŏ̤,ca1 buk4 do1,converted,similar; about the same; good enough
青椒,chăng-ciĕu,cang1 zieu1,converted,green pepper Capsicum annuum species
生薑,chăng-giŏng,cang1 giong1,converted,fresh ginger
青果,chăng-guō,cang1 guo2,converted,Chinese olive (Canarium album)
青筋,chăng-gṳ̆ng,cang1 gyng1,converted,blue veins
參考,chăng-kō̤,cang1 ko2,converted,to reference; to consult; to refer to
青盲,chăng-màng,cang1 mang5,converted,(diseases) blue-green color blindness; tritanopia
青盲牛,chăng-màng-ngù,cang1 mang5 ngu5,converted,illiterate
青色,chăng-sáik,cang1 sek4,converted,blue-green; cyan
青苔,chăng-tì,cang1 ti5,converted,moss
參與,chăng-ṳ̀,cang1 y5,converted,to take part in; to participate in; to join in
操坪,chău-bìng,cau1 bing5,converted,playground; sports ground
抄寫,chău-siā,cau1 sia2,converted,to copy by hand; to transcribe
差役,chă̤-iăh,ce1 iah8,converted,(archaic) corvee
筅帚,chēng-chiū,ceng2 ciu2,converted,broom made of bamboo twigs
筅帚星,chēng-chiū-sĭng,ceng2 ciu2 sing1,converted,(astronomy) comet
賊囝,chĕk-giāng,cek8 giang2,converted,thief
初一,chĕ̤-ék,coe1 ik4,converted,first day of a lunar month
鑿鑿,chĕ̤k-chĕ̤k,coek8 coek8,converted,chisel
鑿囝,chĕ̤k-giāng,coek8 giang2,converted,chisel
菖蒲,chĕ̤ng-buò,coeng1 buo5,converted,sweet flag (Acorus genus)
蔥白,chĕ̤ng-băh,coeng1 bah8,converted,very light blue
蔥珠,chĕ̤ng-ciŏ,coeng1 zio1,converted,chopped green onion
矢文,chī-ùng,ci2 ung5,converted,just; just now; a moment ago
手心,chīu-sĭng,ciu2 sing1,converted,hollow of one's palm; centre of the palm
雌性,chĭ-séng,ci1 sing3,converted,female one of the feminine sex or gender
親戚,chĭng-chék,cing1 cik4,converted,relative; family relation
清楚,chĭng-chū,cing1 cu2,converted,clear; lucid
青春,chĭng-chŭng,cing1 cung1,converted,springtime; spring
清真,chĭng-cĭng,cing1 zing1,converted,"(Islam) halal or qingzhen; permissible according to Muslim religious customs, especially of food preparation"
清水,chĭng-cūi,cing1 zui2,converted,clear and pure water; fresh water
深水,chĭng-cūi,cing1 zui2,converted,deep water
蜻蜓,chĭng-dìng,cing1 ding5,converted,dragonfly
親家伯,chĭng-gă-bák,cing1 ga1 bak4,converted,child-in-law's elder brother
親家叔,chĭng-gă-cé̤ṳk,cing1 ga1 zyk4,converted,son-in-law's younger brother
親家舅,chĭng-gă-giêu,cing1 ga1 gieu7,converted,daughter-in-law's brother
親家姑,chĭng-gă-gŭ,cing1 ga1 gu1,converted,son-in-law's sister
親家公,chĭng-gă-gŭng,cing1 ga1 gung1,converted,co-father-in-law
親家母,chĭng-gă-mū,cing1 ga1 mu2,converted,co-mother-in-law
親家姨,chĭng-gă-ì,cing1 ga1 i5,converted,daughter-in-law's sister
清明菜,chĭng-mìng-chái,cing1 ming5 cai3,converted,spinach
親母,chĭng-mū,cing1 mu2,converted,biological mother
青年,chĭng-nièng,cing1 nieng5,converted,youth; adolescence period
親事,chĭng-sê̤ṳ,cing1 sy7,converted,"marriage; matrimony (classifier: 門, 樁)"
草字,chō̤-cê,co2 zi7,converted,(calligraphy) cursive script
草頭,chō̤-tàu,co2 tau5,converted,艹 (classifier: 個)
窗臺,chŏng-dài,cong1 dai5,converted,windowsill; window ledge
粗殘,chŭ-chàng,cu1 cang5,converted,"deft, efficient at work, agile"
粗話,chŭ-uâ,cu1 ua7,converted,vulgar language
雖則,chŭi-cáik,cui1 zek4,converted,even if; even though
雖然,chŭi-iòng,cui1 iong5,converted,although
春秋,chŭng-chiŭ,cung1 ciu1,converted,(literally) spring and autumn
春節,chŭng-cáik,cung1 zek4,converted,spring; springtime
春夏秋冬,chŭng-hâ-chiŭ-dĕ̤ng,cung1 ha7 ciu1 doeng1,converted,"four seasons: spring, summer, autumn and winter; a year"
春聯,chŭng-lièng,cung1 lieng5,converted,chunlian; Spring Festival couplet
聰明,chŭng-mìng,cung1 ming5,converted,clever; intelligent; smart; bright
春筍,chŭng-sūng,cung1 sung2,converted,spring bamboo shoots
春天,chŭng-tiĕng,cung1 tieng1,converted,spring season
鼠標,chṳ̄-biĕu,cy2 bieu1,converted,(computing) mouse
此刻,chṳ̄-káik,cy2 kek4,converted,at present; now; this moment
取暖器,chṳ̄-nuăng-ké,cy2 nuang1 ki3,converted,heater
舒暢,chṳ̆-tuóng,cy1 tuong3,converted,carefree; without worry or concern; happy
衝突,chṳ̆ng-dŏk,cyng1 dok8,converted,"(literally, figuratively) to clash; to conflict; to collide"
鷓鴣,ciá-gŭ,zia3 gu1,converted,francolin; partridge (usually a member of Francolinus genus)
笊籬,ciá-liè,zia3 lie5,converted,"strainer made of bamboo, wicker, or wire"
隻隻,ciáh-ciáh,ziah4 ziah4,converted,sparrow
正手,ciáng-chiēu,ziang3 cieu2,converted,dominant hand (of someone)
正正,ciáng-ciáng,ziang3 ziang3,converted,just; exactly
正宗,ciáng-cŭng,ziang3 zung1,converted,authentic especially of cuisine; orthodox; traditional; proper; genuine
正經,ciáng-gĭng,ziang3 ging1,converted,solemn; stately; serious
正確,ciáng-káuk,ziang3 kok4,converted,correct; accurate; proper
正氣,ciáng-ké,ziang3 ki3,converted,healthy atmosphere; healthy tendency
正式,ciáng-sék,ziang3 sik4,converted,(attributive) official
正是,ciáng-sê,ziang3 si7,converted,to be precisely; to just happen to be; to be exactly; to be none other than
正文,ciáng-ùng,ziang3 ung5,converted,the main part or body of a text or work
前臂,cièng-bié,zieng5 bie3,converted,forearm
錢鈔,cièng-chá,zieng5 ca3,converted,money
錢紙,cièng-cāi,zieng5 zai2,converted,joss paper; paper made to resemble money and burned as an offering to the dead or for gods
蠶豆,cièng-dâu,zieng5 dau7,converted,broad bean; fava bean (Vicia faba species)
錢利,cièng-lé,zieng5 li3,converted,(finance) interest on mortgages or savings
前世,cièng-sié,zieng5 sie3,converted,previous era
錢息,cièng-sék,zieng5 sik4,converted,(finance) interest on mortgages or savings
祭灶,cié-cáu,zie3 zau3,converted,to offer sacrifices to the kitchen god (on the 23rd or 24th of the 12th lunar month)
祭墓,cié-muó,zie3 muo3,converted,to visit a grave to honor the memory of the dead
穄黍,cié-sē̤,zie3 soe2,converted,sorghum
祭司,cié-sĭ,zie3 si1,converted,(countable) priest
祭文,cié-ùng,zie3 ung5,converted,funeral oration; memorial address
節肢動物,ciék-ciĕ dông-ŭk,ziek4 zie1 dung7 uk8,converted,arthropod
節儉,ciék-giêng,ziek4 gieng7,converted,frugal; thrifty; economical
戰場,ciéng-diòng,zieng3 diong5,converted,battlefield; battleground
照顧,ciéu-gó,zieu3 gu3,converted,to take into consideration; to consider
全部,ciòng-buô,ziong5 buo7,converted,all; everything; whole; entirety
泉水,ciòng-cūi,ziong5 zui2,converted,springwater
全家福,ciòng-gă-hók,ziong5 ga1 huk4,converted,family portrait; family photograph
全能,ciòng-nèng,ziong5 neng5,converted,almighty; all-powerful; omnipotent
註音,ció-ĭng,zio3 ing1,converted,"phonetic notation, phonetic symbols"
注音符號,ció-ĭng hù-hô̤,zio3 ing1 hu5 ho7,converted,"Zhuyin fuhao, Zhuyin, a phonetic alphabet used to transcribe Mandarin for students of that language and for inputting Chinese, used in Taiwan, also known as bopomofo"
借錢,cióh-cièng,zioh4 zieng5,converted,to lend money
姐夫,ciā-hŭ,zia2 hu1,converted,brother-in-law elder sister's husband
姐妹,ciā-muói,zia2 muoi3,converted,elder sister and younger sister; sisters
正月,ciăng-nguŏk,ziang1 nguok8,converted,the first month of the Chinese lunar calendar
正月十五,ciăng-nguŏk-sĕk-ngô,ziang1 nguok8 sek8 ngu7,converted,fifteenth day of the first lunar month; Lantern Festival
紫菜,ciē-chái,zie2 cai3,converted,"general name for edible seaweed in the genera Porphyra and Pyropia, especially the species Pyropia haitanensis and Pyropia yezoensis; laver; nori"
紫色,ciē-sáik,zie2 sek4,converted,purple; violet
掌指,ciēng-cāi,zieng2 zai2,converted,finger
掌甲,ciēng-gák,zieng2 gak4,converted,fingernail
掌甲花,ciēng-gák-huă,zieng2 gak4 hua1,converted,garden balsam Impatiens balsamina species
枕頭,ciēng-tàu,zieng2 tau5,converted,(countable) pillow
枕頭席,ciēng-tàu-chiŏh,zieng2 tau5 cioh8,converted,pillow mat small mat put on a pillow
枕頭心,ciēng-tàu-sĭng,zieng2 tau5 sing1,converted,bare pillow; pillow without a pillowcase
脂肪,ciĕ-huòng,zie1 huong5,converted,fat; grease
支離,ciĕ-liè,zie1 lie5,converted,to disintegrate; to disunite
芝麻,ciĕ-muài,zie1 muai5,converted,sesame
支持,ciĕ-tì,zie1 ti5,converted,to support; to back
婕妤,ciĕk-ṳ̀,ziek8 y5,converted,"(historical) Lady of the ""favored beauty"" a title for concubine"
沾光,ciĕng-guŏng,zieng1 guong1,converted,to benefit from an association with someone
主教,ciō-gáu,zio2 gau3,converted,(Christianity) bishop
主義,ciō-ngiê,zio2 ngie7,converted,(chiefly as a suffix) doctrine; ideology; -ism
主人,ciō-nè̤ng,zio2 noeng5,converted,master; owner
主席,ciō-sĭk,zio2 sik8,converted,chairperson (of a meeting); leader of meeting (classifier: 位)
蔣講,ciōng-gōng,ziong2 gong2,converted,why
蔣樣,ciōng-iông,ziong2 iong7,converted,how
侏儒,ciŏ-ṳ̀,zio1 y5,converted,dwarf; pygmy; midget
絕對,ciŏk-dó̤i,ziok8 doi3,converted,(attributive) absolute as opposed to relative; total; unconditional
絕句,ciŏk-guó,ziok8 guo3,converted,(poetry) jueju
絕食,ciŏk-sĭk,ziok8 sik8,converted,to go without food; to go on a hunger strike; to starve oneself
漳冰,ciŏng-bĭng,ziong1 bing1,converted,rock sugar
將軍,ciŏng-gŭng,ziong1 gung1,converted,(military) general military rank
將樣,ciŏng-iông,ziong1 iong7,converted,how
將來,ciŏng-lài,ziong1 lai5,converted,future
專門,ciŏng-muòng,ziong1 muong5,converted,special
專門科,ciŏng-muòng-kuŏ,ziong1 muong5 kuo1,converted,specially; purposely
章魚,ciŏng-ngṳ̀,ziong1 ngy5,converted,octopus (classifier: 隻)
樟腦,ciŏng-nō̤,ziong1 no2,converted,(ganic compound) camphor
酒盅,ciū-cṳ̆ng,ziu2 zyng1,converted,small alcohol drinkware
酒店,ciū-dáing,ziu2 deng3,converted,hotel; inn
守寡,ciū-guā,ziu2 gua2,converted,(intransitive) to remain a widow; to live in widowhood
酒窟,ciū-káuk,ziu2 kok4,converted,dimple skin depression on the cheek
守生寡,ciū-săng-guā,ziu2 sang1 gua2,converted,to live the life of a widow despite having a living husband; to be a grass widow
酒甕,ciū-áe̤ng,ziu2 oeng3,converted,wine jar
酒罌,ciū-ĭng,ziu2 ing1,converted,large pottery container for alcohol; wine jar
抓緊,cuă-gīng,zua1 ging2,converted,(literally) to clutch; to grip tightly
水果,cuōi-guō,zuoi2 guo2,converted,"fruit a juicy or fleshy one, like an apple or banana"
磚坯,cuŏng-puŏi,zuong1 puoi1,converted,unburnt brick; adobe
材料,cài-lâiu,zai5 leu7,converted,material; stuff; ingredient
蠶繭,càng-giēng,zang5 gieng2,converted,silkworm cocoon
齊眉,cà̤-mì,ze5 mi5,converted,fringe; bangs
榨菜,cá-chái,za3 cai3,converted,"a type of pickled Chinese mustard plant stem originating from Sichuan, China"
詐騙,cá-piéng,za3 pieng3,converted,to scam; to defraud; to con; to swindle
再見,cái-giéng,zai3 gieng3,converted,(polite) goodbye; see you later
節氣,cáik-ké,zek4 ki3,converted,solar term in the Chinese lunar calendar
節目,cáik-mŭk,zek4 muk8,converted,program; show (classifier: 檔)
節省,cáik-sēng,zek4 seng2,converted,to save; to cut down
責任,cáik-êng,zek4 ing7,converted,"(countable, uncountable) responsibility; duty"
皺紋,cáiu-ùng,zeu3 ung5,converted,wrinkle line or crease in the skin caused by age or fatigue
讚美,cáng-mī,zang3 mi2,converted,(transitive) to extol; to admire; to praise; to eulogize; to commend
讚美詩,cáng-mī-sĭ,zang3 mi2 si1,converted,(religion) psalm; hymn
灶邊,cáu-biĕng,zau3 bieng1,converted,edge of a kitchen range top
灶墘,cáu-gièng,zau3 gieng5,converted,edge of a kitchen range top
灶雞,cáu-giĕ,zau3 gie1,converted,camel cricket
灶君,cáu-gŭng,zau3 gung1,converted,(Chinese folk religion) kitchen god
灶前,cáu-sèng,zau3 seng5,converted,kitchen
作弊,cáuk-bê,zok4 bi7,converted,to practice fraud; to cheat
作曲,cáuk-ké̤ṳk,zok4 kyk4,converted,(music) to compose; to write music
壯大,cáung-duâi,zong3 duai7,converted,(intransitive) to grow; to expand
狀態,cáung-tái,zong3 tai3,converted,"state of a situation, object, person, etc.; status; condition"
濟世,cá̤-sié,ze3 sie3,converted,to benefit mankind; to save the world
橙色,cèng-sáik,zeng5 sek4,converted,the color orange
質證,cé-céng,zi3 zing3,converted,to cross-examine
志願者,cé-nguông-ciā,zi3 nguong7 zia2,converted,volunteer; volunteer worker
脊髓,cék-chōi,zik4 coi2,converted,spinal cord
脊柱,cék-cê̤ṳ,zik4 zy7,converted,(anatomy) vertebral column; spinal column; backbone; spine
質子,cék-cṳ̄,zik4 zy2,converted,"(physics, chemistry) proton"
職銜,cék-gàng,zik4 gang5,converted,post and rank
質量,cék-liông,zik4 liong7,converted,(physics) mass
職業,cék-ngiĕk,zik4 ngiek8,converted,occupation; profession; career; vocation
鯽魚,cék-ngṳ̀,zik4 ngy5,converted,crucian carp
脊椎,cék-tùi,zik4 tui5,converted,spine; backbone
脊椎動物,cék-tùi dông-ŭk,zik4 tui5 dung7 uk8,converted,vertebrate
政治,céng-dê,zing3 di7,converted,politics
政治學,céng-dê-hŏk,zing3 di7 hok8,converted,political science; politology
進化,céng-huá,zing3 hua3,converted,evolution
進化論,céng-huá-lâung,zing3 hua3 long7,converted,theory of evolution
政府,céng-hū,zing3 hu2,converted,government
蛀核,céu-hŏk,ziu3 hok8,converted,(of fruits like longans or lychees) small-pitted
蛀蟲,céu-tè̤ng,ziu3 toeng5,converted,"insect that eats into clothes, wood, books, etc."
駐紮,cé̤ṳ-cák,zy3 zak4,converted,"(of troops, fieldworkers) to be stationed; to be quartered"
注目,cé̤ṳ-mŭk,zy3 muk8,converted,to stare; to gaze
廁所,cé̤ṳ-sū,zy3 su2,converted,toilet; bathroom; lavatory; WC
注意,cé̤ṳ-é,zy3 i3,converted,to pay attention to; to take note of; to require attention; to notice; to mind; to watch for
叔公,cé̤ṳk-gŭng,zyk4 gung1,converted,uncle-in-law husband's father's younger brother
囑咐,cé̤ṳk-hó,zyk4 hu3,converted,to order; to give instructions; to advise
祝福,cé̤ṳk-hók,zyk4 huk4,converted,to wish well; to bless; to wish happiness to to express good wishes for someone
種珠,cé̤ṳng-ciŏ,zyng3 zio1,converted,(immunology) to vaccinate against smallpox
眾人,cé̤ṳng-nè̤ng,zyng3 noeng5,converted,everybody; everyone
字爿,cê-bèng,zi7 beng5,converted,(Chinese linguistics) component of a Chinese character; usually the 部首
字典,cê-diēng,zi7 dieng2,converted,"dictionary of Chinese characters; Han character dictionary (classifier: 本, 部)"
自家,cê-gă,zi7 ga1,converted,oneself
自家儂,cê-gă-nè̤ng,zi7 ga1 noeng5,converted,one of us; people in one's own circle or side
字謎,cê-mê,zi7 mi7,converted,riddle about a Chinese character or word
字母,cê-mō̤,zi7 mo2,converted,letter of an alphabet
字運,cê-ông,zi7 ung7,converted,fate; destiny
就像,cêu-chiông,ziu7 ciong7,converted,to be just like; to be similar to; as if; as though
就近,cêu-gê̤ṳng,ziu7 gyng7,converted,nearby; in the neighborhood
就位,cêu-ôi,ziu7 ui7,converted,to take one's place
自稱,cê̤ṳ-chĭng,zy7 cing1,converted,to call oneself; to give oneself the title of
自治區,cê̤ṳ-dê-kṳ̆,zy7 di7 ky1,converted,autonomous region
自重,cê̤ṳ-dê̤ṳng,zy7 dyng7,converted,to conduct oneself with dignity; to be self-possessed; to be dignified
自強,cê̤ṳ-giòng,zy7 giong5,converted,to strive for self-improvement
聚會,cê̤ṳ-huôi,zy7 huoi7,converted,to gather together; to meet
自然,cê̤ṳ-iòng,zy7 iong5,converted,nature; the natural world
自由,cê̤ṳ-iù,zy7 iu5,converted,free; unconstrained
自來火,cê̤ṳ-lài-huōi,zy7 lai5 huoi2,converted,(dated) match fire-making device
自願,cê̤ṳ-nguông,zy7 nguong7,converted,to volunteer (to do something); to do (something) voluntarily
自殺,cê̤ṳ-sák,zy7 sak4,converted,(intransitive) to commit suicide; to kill oneself; to take one's own life
自身,cê̤ṳ-sĭng,zy7 sing1,converted,self; oneself; one's own
情況,cìng-huóng,zing5 huong3,converted,situation; status; circumstances
最近,còi-gê̤ṳng,zoi5 gyng7,converted,recently; lately; of late
裁縫尺,còi-pùng-chióh,zoi5 pung5 cioh4,converted,ruler for tailoring
存意,còng-é,zong5 i3,converted,(usually in negative sentences) intentionally; deliberately
詛喙,có-chói,zu3 cui3,converted,"to swear (oath), to vow"
鑽囝,cóng-giāng,zung3 giang2,converted,auger
做田儂,có̤-chèng-nè̤ng,zo3 ceng5 noeng5,converted,farmer; agriculturist
做七,có̤-chék,zo3 cik4,converted,"to perform Buddhist or Taoist rituals every seven days after a person's death, till the 49th day"
做節,có̤-cáik,zo3 zek4,converted,to celebrate a holiday; to celebrate a festival
做事,có̤-dâi,zo3 dai7,converted,to do things; to handle matters
做𧼨,có̤-giák,zo3 giak4,converted,"put on airs, make a fuss, make a scene"
做工,có̤-gĕ̤ng,zo3 goeng1,converted,to work with one's hands; to do manual work
做風颱,có̤-hŭng-tăi,zo3 hung1 tai1,converted,to have a typhoon
做愆,có̤-kiĕng,zo3 kieng1,converted,"to sin, to do evil"
做溪水,có̤-kă̤-cūi,zo3 ke1 zui2,converted,to be flooded; to be inundated
做月利,có̤-nguŏk-lê,zo3 nguok8 li7,converted,"to go through yuezi, the traditional Chinese form of postpartum recovery that lasts for one month after childbirth, sometimes referred to in English as confinement or lying-in"
做旱,có̤-âng,zo3 ang7,converted,to have a drought
最少,có̤i-ciēu,zoi3 zieu2,converted,the least; the minimum; lower limit
罪犯,cô̤i-huâng,zoi7 huang7,converted,(countable) criminal; offender; culprit
罪惡,cô̤i-áuk,zoi7 ok4,converted,crime; evil; sin
早起頭,cā-kī-tàu,za2 ki2 tau5,converted,early morning
早頭,cā-tàu,za2 tau5,converted,early morning
早頭好,cā-tàu hō̤,za2 tau5 ho2,converted,good morning
紙鷂,cāi-iêu,zai2 ieu7,converted,kite toy
彩霓,cāi-ngà̤,zai2 nge5,converted,neon lamp; neon light
指縫,cāi-póng,zai2 pung3,converted,(anatomy) space between fingers
宰相,cāi-sióng,zai2 siong3,converted,"(historical, government) Chancellor of State"
走馬燈,cāu-mā-dĭng,zau2 ma2 ding1,converted,lantern adorned with paper horses which revolve in a circle
栽培,căi-buòi,zai1 buoi5,converted,to cultivate (plants); to grow
栽菜,căi-chái,zai1 cai3,converted,to grow vegetables
災難,căi-nâng,zai1 nang7,converted,"disaster; calamity; catastrophe (classifier: 場, 次)"
雜誌,căk-cé,zak8 zi3,converted,"magazine (classifier: 本, 份, 期)"
雜種,căk-cṳ̄ng,zak8 zyng2,converted,crossbreed; hybrid
雜貨店,căk-huó-dáing,zak8 huo3 deng3,converted,grocery; grocery store; sundry store; general store; convenience store
青衣,căng-ĭ,zang1 i1,converted,(historical) clothes worn by the emperor and his concubines during the spring
齋友,că̤-iēu,ze1 ieu2,converted,friend with which one abstains from meat and prays to Buddha together
筅堂,cēng-dòng,zeng2 dong5,converted,long broom for cleaning high places
鳥巢,cēu-càu,zeu2 zau5,converted,bird's nest
鳥仔,cēu-giāng,zeu2 giang2,converted,bird
鳥籠,cēu-lè̤ng,zeu2 loeng5,converted,birdcage
鳥媒,cēu-muòi,zeu2 muoi5,converted,decoy bird used by hunters to lure game
鳥宿,cēu-siéu,zeu2 sieu3,converted,bird's nest
鳥獸,cēu-séu,zeu2 siu3,converted,birds and beasts; fauna
鳥窩,cēu-uŏ,zeu2 uo1,converted,bird's nest
只所,cē̤-nē̤,zoe2 noe2,converted,here
棕樹,cĕ̤ng-chéu,zoeng1 ciu3,converted,palm tree
棕色,cĕ̤ng-sáik,zoeng1 sek4,converted,brown color
棕蓑,cĕ̤ng-săi,zoeng1 sai1,converted,raincoat woven from palm fiber often worn by peasants in ancient China
棕衣,cĕ̤ng-ĭ,zoeng1 i1,converted,raincoat woven from palm fiber often worn by peasants in ancient China
只幫,cī-bōng,zi2 bong2,converted,recently; lately; of late
只隻,cī-ciáh,zi2 ziah4,converted,this; this one
子子,cī-cī,zi2 zi2,converted,seed
只裡,cī-diē,zi2 die2,converted,here
指點,cī-diēng,zi2 dieng2,converted,to point at; to indicate
只塊,cī-dó̤i,zi2 doi3,converted,here
只久,cī-gū,zi2 gu2,converted,"now, at present"
只回,cī-huòi,zi2 huoi5,converted,this time
只兩幫,cī-lâng-bōng,zi2 lang7 bong2,converted,recently; lately; of late
只滿,cī-māng,zi2 mang2,converted,so; such modifies adjectives
指示,cī-sê,zi2 si7,converted,to show clearly; to point out; to indicate; to demonstrate
指使,cī-sṳ̄,zi2 sy2,converted,"to prompt someone to do something, usually bad; to incite; to instigate"
旨意,cī-é,zi2 i3,converted,intent; purpose; will
真主,cĭng-ciō,zing1 zio2,converted,preordained emperor
真珠,cĭng-ciŏ,zing1 zio1,converted,alternative form of 珍珠 (pearl)
真理,cĭng-lī,zing1 li2,converted,truth
箴言,cĭng-ngiòng,zing1 ngiong5,converted,admonition; exhortation; maxim
精神,cĭng-sìng,zing1 sing5,converted,spirit; soul; will
真實,cĭng-sĭk,zing1 sik8,converted,real; true; genuine
左手,cō̤-chiū,zo2 ciu2,converted,(anatomy) left hand
左右,cō̤-iêu,zo2 ieu7,converted,left and right
尊重,cŏng-dáe̤ng,zong1 doeng3,converted,to respect (someone); to hold in high esteem
妝奩,cŏng-lièng,zong1 lieng5,converted,trousseau; dowry
村驢,cŏng-lè̤,zong1 loe5,converted,(derogatory) country bumpkin; hick; villager; bogan; redneck; yokel; rube
村驢婆,cŏng-lè̤-bò̤,zong1 loe5 bo5,converted,(derogatory) female village; woman of a village
莊嚴,cŏng-ngièng,zong1 ngieng5,converted,solemn; dignified; stately
蒼頭,cŏng-tàu,zong1 tau5,converted,"(dated, derogatory) servant; lackey"
祖厝,cū-chió,zu2 cio3,converted,ancestral home
組織,cū-cék,zu2 zik4,converted,to organize; to arrange
祖母,cū-mū,zu2 mu2,converted,(formal) paternal grandmother
水酒,cūi-ciū,zui2 ziu2,converted,very weak alcohol
水井,cūi-cāng,zui2 zang2,converted,(countable) well for collecting water
水災,cūi-căi,zui2 zai1,converted,flood usually disastrous overflow from a body of water
水族,cūi-cŭk,zui2 zuk8,converted,"Sui people ethnic group in Guizhou, China"
水道,cūi-dô̤,zui2 do7,converted,canal; ditch
水雞,cūi-giĕ,zui2 gie1,converted,frog
水管,cūi-guāng,zui2 guang2,converted,water pipe; hose
水膠,cūi-gă,zui2 ga1,converted,glue
水溝,cūi-gău,zui2 gau1,converted,ditch; trench
水庫,cūi-kó,zui2 ku3,converted,reservoir natural or artificial lake used to store water
水仙,cūi-siĕng,zui2 sieng1,converted,paperwhite; Chinese sacred lily (Narcissus tazetta species)
水師,cūi-sṳ̆,zui2 sy1,converted,(dated) navy
水桶,cūi-tūng,zui2 tung2,converted,(literally) bucket container used to hold and carry liquids
準備,cūng-bê,zung2 bi7,converted,to prepare; to get ready
準字謎,cūng-cê-mê,zung2 zi7 mi7,converted,to guess a riddle
總款,cūng-kuāng,zung2 kuang2,converted,this way
總統,cūng-tūng,zung2 tung2,converted,president of a republic
嚽塊,cŭ-uái,zu1 uai3,converted,here
族長,cŭk-diōng,zuk8 diong2,converted,clan elder; head of a clan
族譜,cŭk-puō,zuk8 puo2,converted,kin register; genealogy book
宗教,cŭng-gáu,zung1 gau3,converted,religion; the sacred
慈悲,cṳ̀-pĭ,zy5 pi1,converted,"(originally, Buddhism) merciful; benevolent; pitying"
磁鐵,cṳ̀-tiék,zy5 tiek4,converted,magnet piece of material that attracts some metals by magnetism
滋陰,cṳ̀-ĭng,zy5 ing1,converted,(TCM) to treat yin deficiency by enriching body fluids and nourishing the blood
煮飯,cṳ̄-buông,zy2 buong7,converted,to cook
子彈,cṳ̄-dàng,zy2 dang5,converted,(countable) bullet
水餃,cṳ̄-giĕu,zy2 gieu1,converted,boiled jiaozi dumpling
水銀,cṳ̄-ngṳ̀ng,zy2 ngyng5,converted,mercury; quicksilver
資本,cṳ̆-buōng,zy1 buong2,converted,"(economics, business, finance) capital"
資本主義,cṳ̆-buōng-ciō-ngiê,zy1 buong2 zio2 ngie7,converted,capitalism
書包,cṳ̆-bău,zy1 bau1,converted,(countable) schoolbag; bookbag; backpack
書冊,cṳ̆-cháik,zy1 cek4,converted,book (classifier: 本)
書札,cṳ̆-cák,zy1 zak4,converted,letter; written message; correspondence
書齋,cṳ̆-că̤,zy1 ze1,converted,(formal) study room
書店,cṳ̆-dáing,zy1 deng3,converted,bookshop; bookstore
書桌,cṳ̆-dó̤h,zy1 doh4,converted,desk for reading and studying
書呆,cṳ̆-dăi,zy1 dai1,converted,"(;, pejorative) book nerd; pedant"
書院,cṳ̆-iêng,zy1 ieng7,converted,(archaic) academy of classical learning
書友,cṳ̆-iēu,zy1 ieu2,converted,friend with which one studies together
諸娘,cṳ̆-niòng,zy1 niong5,converted,(dated) woman
諸娘人,cṳ̆-niòng-nè̤ng,zy1 niong5 noeng5,converted,(dated) woman
諸娘囝,cṳ̆-nè̤ng-giāng,zy1 noeng5 giang2,converted,daughter
書皮,cṳ̆-puòi,zy1 puoi5,converted,book cover
書信,cṳ̆-séng,zy1 sing3,converted,(formal) letter; epistle; written message
書生,cṳ̆-sĕng,zy1 seng1,converted,scholar; intellectual
終身,cṳ̆ng-sĭng,zyng1 sing1,converted,all one's life; one's lifetime
定居,diâng-gṳ̆,diang7 gy1,converted,"(transitive, intransitive) to settle down; to take up residence; to make one's home"
定蟲,diâng-tè̤ng,diang7 toeng5,converted,lazy
纏絆,dièng-buáng,dieng5 buang3,converted,"muddled in thought, verbose in speech, and repetitive in behavior"
調節,dièu-ciék,dieu5 ziek4,converted,to adjust; to regulate; to calibrate
調查,dièu-că,dieu5 za1,converted,to investigate; to probe
朝聖,dièu-séng,dieu5 sing3,converted,to make a pilgrimage
釣魚,diéu-ngṳ̀,dieu3 ngy5,converted,to fish; to angle
釣魚竿,diéu-ngṳ̀-găng,dieu3 ngy5 gang1,converted,fishing rod; fishing pole
釣魚鉤,diéu-ngṳ̀-gău,dieu3 ngy5 gau1,converted,hook for fishing; fishhook
蠣餅,diê-biāng,die7 biang2,converted,"oyster pie, cockle fritters a local delicacy in Fuzhou, China"
地兜,diê-dău,die7 dau1,converted,on the ground
底人,diê-nè̤ng,die7 noeng5,converted,who; whom
弟新婦,diê-sĭng-bô,die7 sing1 bu7,converted,sister-in-law younger brother's wife
電報,diêng-bó̤,dieng7 bo3,converted,(uncountable) telegraphy electric telegraphy
電磁,diêng-cṳ̀,dieng7 zy5,converted,electromagnetism
電磁波,diêng-cṳ̀-pŏ̤,dieng7 zy5 po1,converted,(physics) electromagnetic wave
電子,diêng-cṳ̄,dieng7 zy2,converted,electron (classifier: 粒)
電臺,diêng-dài,dieng7 dai5,converted,broadcasting station
電燈,diêng-dĕng,dieng7 deng1,converted,(electric) light; lamp
電光泡,diêng-guŏng-pâu,dieng7 guong1 pau7,converted,light bulb
電光線,diêng-guŏng-siáng,dieng7 guong1 siang3,converted,electrical wire
電戲,diêng-hié,dieng7 hie3,converted,"(Bangkok, dated) film; motion picture; movie"
電腦,diêng-nō̤,dieng7 no2,converted,(countable) computer electronic device
電扇,diêng-siéng,dieng7 sieng3,converted,(countable) electric fan
電視,diêng-sê,dieng7 si7,converted,television; TV; the small screen (the broadcasting medium)
電視劇,diêng-sê-kiŏk,dieng7 si7 kiok8,converted,(countable) television drama
電話,diêng-uâ,dieng7 ua7,converted,(countable) telephone; phone
電油,diêng-ìu,dieng7 iu5,converted,battery device producing electricity
電影,diêng-īng,dieng7 ing2,converted,(countable) film; motion picture; movie
傳道,diòng-dô,diong5 du7,converted,to preach
傳教,diòng-gáu,diong5 gau3,converted,to proselytize; to preach; to do missionary work
傳教士,diòng-gáu-sê̤ṳ,diong5 gau3 sy7,converted,missionary; preacher
傳講,diòng-gōng,diong5 gong2,converted,to preach
傳染,diòng-niēng,diong5 nieng2,converted,to infect; to carry a contagion; to transmit
丈人,diòng-nè̤ng,diong5 noeng5,converted,father-in-law wife's father
丈儂,diòng-nè̤ng,diong5 noeng5,converted,alternative form of 丈人 (father-in-law wife's father)
傳統,diòng-tūng,diong5 tung2,converted,"(countable, uncountable) tradition (classifier: 個)"
長安,diòng-ăng,diong5 ang1,converted,(figurative) capital city
賬房,dióng-bùng,diong3 bung5,converted,(dated) accountant's office
丈夫,diông-hŭ,diong7 hu1,converted,man; (adult) male
鼎邊,diāng-biĕng,diang2 bieng1,converted,short for 鼎邊糊
鼎邊糊,diāng-biĕng-gù,diang2 bieng1 gu5,converted,a kind of rice cake popular in Fuzhou and surrounding areas
糴米,diăh-mī,diah8 mi2,converted,to buy rice
底塊,diē-dó̤i,die2 doi3,converted,where
底所,diē-nē̤,die2 noe2,converted,where
裡勢,diē-sié,die2 sie3,converted,(Bendihua) inside
典當,diēng-dáung,dieng2 dong3,converted,to mortgage; to pawn
點燈,diēng-dĭng,dieng2 ding1,converted,to light a lamp
點心,diēng-sĭng,dieng2 sing1,converted,snack; light refreshment
碟碟,diĕk-diĕk,diek8 diek8,converted,small dish; plate
貯飯,diō-buông,dio2 buong7,converted,to put (cooked) rice in a bowl
轉厝,diōng-chió,diong2 cio3,converted,to go home; to return home
轉潤,diōng-nóng,diong2 nung3,converted,warm and humid weather in the rainy season in Fujian
轉潤天,diōng-nóng-tiĕng,diong2 nung3 tieng1,converted,warm and humid weather in the rainy season in Fujian
丈奶,diōng-nā̤,diong2 ne2,converted,mother-in-law wife's mother
轉彎,diōng-uăng,diong2 uang1,converted,to make a turn; to turn (a corner); to get around (a bend)
著痧,diŏh-să,dioh8 sa1,converted,(medicine) to suffer from heatstroke or sunstroke
刁皮,diŭ-pì,diu1 pi5,converted,"(of a child) naughty, badly behaved"
大腹肚,duái-bók-lō̤,duai3 buk4 lo2,converted,(euphemistic) to be pregnant
鍛鍊,duáng-liêng,duang3 lieng7,converted,to do physical exercise; to work out
大半日,duâi-buáng-nĭk,duai7 buang3 nik8,converted,most of the day; most of the daytime in a day
大部分,duâi-buô-hông,duai7 buo7 hung7,converted,the majority; most; the greater part; the bulk
大伯,duâi-bák,duai7 bak4,converted,"paternal uncle father's elder brother, especially his eldest brother"
大邊,duâi-bĕng,duai7 beng1,converted,right side; the right
大指,duâi-cāi,duai7 zai2,converted,thumb
大總統,duâi-cūng-tūng,duai7 zung2 tung2,converted,(dated) president of a republic
大膽,duâi-dāng,duai7 dang2,converted,bold; daring; defiant
大囝,duâi-giāng,duai7 giang2,converted,eldest son
大胲,duâi-găi,duai7 gai1,converted,(diseases) goitre
大街,duâi-gă̤,duai7 ge1,converted,main street; avenue
大姑,duâi-gŭ,duai7 gu1,converted,father's oldest sister
大公,duâi-gŭng,duai7 gung1,converted,grand duke
大鬍鬚,duâi-hù-sṳ̆,duai7 hu5 sy1,converted,whiskers; sideburns
大風,duâi-hŭng,duai7 hung1,converted,windstorm; strong winds
大𡳞脬,duâi-lĭng-pă,duai7 ling1 pa1,converted,"(diseases, vulgar) hernia"
大媽,duâi-mā,duai7 ma2,converted,paternal aunt father's elder brother's wife
大拇哥,duâi-mŏ̤-gŏ̤,duai7 mo1 go1,converted,thumb
大拇拇,duâi-mŏ̤-mŏ̤,duai7 mo1 mo1,converted,thumb
大月,duâi-nguŏk,duai7 nguok8,converted,"“big or long month”, particularly"
大牙,duâi-ngà,duai7 nga5,converted,molar
大人,duâi-nè̤ng,duai7 noeng5,converted,adult; grown-up
大寫,duâi-siā,duai7 sia2,converted,capital letter; upper case
大食,duâi-siăh,duai7 siah8,converted,to gorge oneself; to pig out
大頭菜,duâi-tàu-chái,duai7 tau5 cai3,converted,root mustard Brassica juncea var. napiformis
大頭鏡,duâi-tàu-giáng,duai7 tau5 giang3,converted,magnifying glass
大人,duâi-ìng,duai7 ing5,converted,(archaic) person of high rank such as a ruler or noble
大衣,duâi-ĭ,duai7 i1,converted,overcoat; topcoat
大型,duăi-hìng,duai1 hing5,converted,(attributive) large-scale; large; major
躲懶,duō-lāng,duo2 lang2,converted,to lie down on the job; to shirk one's duties; to goldbrick; to slack off
茶亭,dà-dìng,da5 ding5,converted,tea booth
茶粕,dà-pó̤h,da5 poh4,converted,tea dregs; tea leaves remaining after brewing tea
臺中,dài-dŏng,dai5 dong1,converted,middle; centre
彈琴,dàng-kìng,dang5 king5,converted,"(music) to play certain musical instruments that can be described as 琴, such as some stringed instruments (guzheng, guqin, etc.), or a keyboard instrument (piano, electric piano, accordion, pipe organ, etc.)"
投水,dàu-cūi,dau5 zui2,converted,to commit suicide by jumping into a body of water
投降,dàu-hòng,dau5 hong5,converted,to surrender; to capitulate
凍水,dáe̤ng-cūi,doeng3 zui2,converted,cold water
矺紙,dáh-cāi,dah4 zai2,converted,to visit a grave to honor the memory of the dead
矺驚,dáh-giăng,dah4 giang1,converted,"to help someone get over a shock; to help comfort someone frightened by treating to food and drink, etc."
硩歲錢,dáh-huói-cièng,dah4 huoi3 zieng5,converted,"money given to children during the Chinese New Year, usually in a red envelope"
壓落,dáh-lŏ̤h,dah4 loh8,converted,to humiliate; to embarrass; to disgrace
帶身,dái-sĭng,dai3 sing1,converted,to be pregnant
得疾,dáik-cĭk,dek4 zik8,converted,"to be obsessed, to have a special interest, to be engrossed in a hobby"
得救,dáik-géu,dek4 giu3,converted,to be saved; to be rescued
吊死,dáiu sī,deu3 si2,converted,to hang by the neck; to hang oneself
搭船,dák sùng,dak4 sung5,converted,to take a boat
搭棚,dák-bàng,dak4 bang5,converted,"to erect construct, build a matshed"
答應,dák-éng,dak4 ing3,converted,to answer; to respond
但是,dáng-sê,dang3 si7,converted,but; however
當店,dáung-dáing,dong3 deng3,converted,pawnshop
當票,dáung-piéu,dong3 pieu3,converted,pawnticket
帝國,dá̤-guók,de3 guok4,converted,empire
重價,dâe̤ng-gá,doeng7 ga3,converted,high price
代表,dâi-biēu,dai7 bieu2,converted,"to represent to stand or act in place of, or be a political representative"
代筆,dâi-bék,dai7 bik4,converted,to ghostwrite
大腸,dâi-diòng,dai7 diong5,converted,large intestine; bowel; colon
臺中指,dâi-dŏng-cāi,dai7 dong1 zai2,converted,middle finger
事計,dâi-gié,dai7 gie3,converted,thing; matter
大家人,dâi-gă-nè̤ng,dai7 ga1 noeng5,converted,everyone; everybody; all of us
大學,dâi-hŏk,dai7 hok8,converted,university; college
大洋,dâi-iòng,dai7 iong5,converted,ocean; sea as a whole
大陸,dâi-lṳ̆k,dai7 lyk8,converted,continent; landmass
豆渣,dâu-că,dau7 za1,converted,soybean dregs; okara
豆乾,dâu-guăng,dau7 guang1,converted,dougan; dried tofu
豆角,dâu-gáe̤k,dau7 goek4,converted,pod of legumes
脰骨,dâu-gáuk,dau7 gok4,converted,neck
豆腐,dâu-hô,dau7 hu7,converted,tofu; bean curd
豆腐漿,dâu-hô-ciŏng,dau7 hu7 ziong1,converted,soy milk
脰領,dâu-liāng,dau7 liang2,converted,collar of a shirt
豆豉,dâu-siê,dau7 sie7,converted,"douchi, a food product made from salted, fermented black soybeans"
盪晡時,dâung-buŏ-sì,dong7 buo1 si5,converted,to have a thunder shower usually on summer afternoons
斷奶,dâung-nèng,dong7 neng5,converted,to wean a baby
盪雹,dâung-pĕ̤k,dong7 poek8,converted,to hail
盪雪,dâung-siók,dong7 siok4,converted,to snow
盪雨,dâung-ṳ̄,dong7 y2,converted,to rain
第八,dâ̤-báik,de7 bek4,converted,eighthly
第七,dâ̤-chék,de7 cik4,converted,seventhly
第九,dâ̤-gāu,de7 gau2,converted,ninthly
第六,dâ̤-lĕ̤k,de7 loek8,converted,sixth
第五,dâ̤-ngô,de7 ngu7,converted,fifth
第二,dâ̤-nê,de7 ni7,converted,second
第二次,dâ̤-nê-ché̤ṳ,de7 ni7 cy3,converted,second time; second; number two
第四,dâ̤-sé,de7 si3,converted,fourth
第三,dâ̤-săng,de7 sang1,converted,third
第十,dâ̤-sĕk,de7 sek8,converted,tenthly
第一,dâ̤-ék,de7 ik4,converted,"(literally, figuratively) first; 1st"
第一次,dâ̤-ék-ché̤ṳ,de7 ik4 cy3,converted,(literally) first time
條約,dèu-iók,deu5 iok4,converted,pact; treaty
條件,dèu-iông,deu5 iong7,converted,condition; term
智慧,dé-hiê,di3 hie7,converted,wisdom; intelligence
桎梏,dék-gók,dik4 guk4,converted,(figurative) shackles; fetters and handcuffs
鎮紙,déng-cāi,ding3 zai2,converted,paperweight
訂婚,déng-huŏng,ding3 huong1,converted,to get engaged; to be betrothed
鎮壓,déng-ák,ding3 ak4,converted,to suppress; to repress; to inhibit; to stifle; to put down
竹篙,dé̤ṳk-gŏ̤,dyk4 go1,converted,bamboo pole
竹夫人,dé̤ṳk-hŭ-ìng,dyk4 hu1 ing5,converted,bamboo wife
竹篾,dé̤ṳk-miĕk,dyk4 miek8,converted,thin bamboo strip
竹箬,dé̤ṳk-niŏh,dyk4 nioh8,converted,bamboo leaf
竹筍,dé̤ṳk-sūng,dyk4 sung2,converted,bamboo shoots
竹頭,dé̤ṳk-tàu,dyk4 tau5,converted,𥫗
中風,dé̤ṳng-hŭng,dyng3 hung1,converted,(pathology) stroke; apoplexy; palsy
地支,dê-ciĕ,di7 zie1,converted,An earthly branch: one of the twelve terms used in East Asian cultures to represent
地主,dê-ciō,di7 zio2,converted,"(pejorative, historical) owner of real estate; landowner; landlord"
地質,dê-cék,di7 zik4,converted,geological features
地質學,dê-cék-hŏk,di7 zik4 hok8,converted,geology science that studies the structure of the earth
地震,dê-cīng,di7 zing2,converted,earthquake
地動,dê-dâe̤ng,di7 doeng7,converted,(of the Earth/earth) to move; to quake
地圖,dê-dù,di7 du5,converted,"map visual representation of an area (classifier: 張, 本)"
地球儀,dê-giù-ngì,di7 giu5 ngi5,converted,globe model of Earth
地瓜,dê-guă,di7 gua1,converted,sweet potato
地方,dê-huŏng,di7 huong1,converted,"(countable, uncountable) place; region; area"
地區,dê-kṳ̆,di7 ky1,converted,area; region
地理,dê-lī,di7 li2,converted,geography
地理學,dê-lī-hŏk,di7 li2 hok8,converted,geography discipline
地龍,dê-lṳ̀ng,di7 lyng5,converted,dragon on land; terrestrial dragon
地名學,dê-mìng-hŏk,di7 ming5 hok8,converted,toponymy
地鐵,dê-tiék,di7 tiek4,converted,subway; metro; underground railway; the underground
地窨,dê-áng,di7 ang3,converted,cellar
定義,dêng-ngiê,ding7 ngie7,converted,definition
重要,dê̤ṳng-iéu,dyng7 ieu3,converted,important; significant; major
藤牌,dìng-bà̤,ding5 be5,converted,rattan shield
藤椅,dìng-iē,ding5 ie2,converted,rattan chair
丈夫,dòng-buŏ,dong5 buo1,converted,husband
丈夫囝,dòng-buŏ-giāng,dong5 buo1 giang2,converted,(Yongchun) boy
丈夫人,dòng-buŏ-nè̤ng,dong5 buo1 noeng5,converted,man adult male
長頸鹿,dòng-gêng-lĕ̤k,dong5 ging7 loek8,converted,giraffe
堂兄,dòng-hĭng,dong5 hing1,converted,cousin father's brother's son older than oneself
鴕鳥,dò̤-nēu,do5 neu2,converted,ostrich
倒彈,dó̤-dàng,do3 dang5,converted,to reflect light
桌布,dó̤h-buó,doh4 buo3,converted,tablecloth
桌跤,dó̤h-kă,doh4 ka1,converted,table leg
桌頭,dó̤h-tàu,doh4 tau5,converted,top of a table or desk; tabletop
對不住,dó̤i-bók-cê̤ṳ,doi3 buk4 zy7,converted,to be unfair to; to let someone down
對不起,dó̤i-bók-kī,doi3 buk4 ki2,converted,sorry; excuse me
對比,dó̤i-bī,doi3 bi2,converted,to compare; to contrast
對手,dó̤i-chiū,doi3 ciu2,converted,opponent; adversary
對質,dó̤i-cé,doi3 zi3,converted,(legal) to cross-examine
對證,dó̤i-céng,doi3 zing3,converted,to check; to verify
對聯,dó̤i-lièng,doi3 lieng5,converted,"(rhetoric, Chinese linguistics) duilian; antithetical couplet (classifier: 副, 幅, 句, 對)"
對面,dó̤i-méng,doi3 ming3,converted,opposite
對面風,dó̤i-méng-hŭng,doi3 ming3 hung1,converted,adverse wind; headwind
杜墊,dô-dâing,du7 deng7,converted,lizard
動作,dông-cáuk,dung7 zok4,converted,(of part of one's body) movement; action; motion; move
動畫,dông-uâ,dung7 ua7,converted,animation; cartoon
動物,dông-ŭk,dung7 uk8,converted,"animal; creature (classifier: 群, 個)"
道士,dô̤-dâi,do7 dai7,converted,"daoshi, a Taoist priest"
道路,dô̤-lô,do7 lu7,converted,"(literally, figuratively) road"
多𬂌,dô̤-nèng,do7 neng5,converted,(botany) rose myrtle (Rhodomyrtus tomentosa species)
圖章,dù-ciŏng,du5 ziong1,converted,"seal; chop; stamp device for stamping designs, or indentation or imprint made by stamping"
圖書館,dù-cṳ̆-guāng,du5 zy1 guang2,converted,library
圖謀,dù-mèu,du5 meu5,converted,plot; scheme
同在,dùng-câi,dung5 zai7,converted,to be with
同志,dùng-cé,dung5 zi3,converted,someone sharing similar interests or aspirations; kindred spirit
同居,dùng-gṳ̆,dung5 gy1,converted,to live together; to cohabitate; to cohabit
同化,dùng-huá,dung5 hua3,converted,(ergative) to make similar
同學,dùng-hŏk,dung5 hok8,converted,schoolmate; classmate
同性,dùng-séng,dung5 sing3,converted,same-sex
同性戀,dùng-séng-luông,dung5 sing3 luong7,converted,(uncountable) homosexuality
同事,dùng-sê̤ṳ,dung5 sy7,converted,coworker; colleague
打字,dā-cê,da2 zi7,converted,"to type put text on paper using a typewriter, or enter text into a computer using a keyboard"
膽囊,dāng-nòng,dang2 nong5,converted,(anatomy) gall bladder
斗笠,dāu-lĭk,dau2 lik8,converted,Asian conical hat
踏斗,dăk-dāu,dak8 dau2,converted,stairs; staircase made of wood
單字,dăng-cê,dang1 zi7,converted,individual Chinese character in Chinese
耽擱,dăng-gó̤h,dang1 goh4,converted,to stop over
單目墘,dăng-mĕ̤k-gièng,dang1 moek8 gieng5,converted,single eyelid; monolid; upper eyelid without a crease
單眼,dăng-ngāng,dang1 ngang2,converted,(attributive) one-eyed
單數,dăng-só,dang1 su3,converted,(positive) odd number
單身哥,dăng-sĭng-gŏ̤,dang1 sing1 go1,converted,single man; bachelor
單重墘,dăng-tṳ̀ng-gièng,dang1 tyng5 gieng5,converted,single eyelid; monolid; upper eyelid without a crease
單位,dăng-ôi,dang1 ui7,converted,unit of measure; unit of measurement; unit (classifier: 個)
點鐘,dēng-cṳ̆ng,deng2 zyng1,converted,o'clock
等等,dēng-dēng,deng2 deng2,converted,et cetera (etc.); and so on
點名,dēng-miàng,deng2 miang5,converted,to call the roll; to roll call
等級,dēng-ngék,deng2 ngik4,converted,grade; level; rank; ranking; class
特別,dĕk-biék,dek8 biek4,converted,special
特指,dĕk-cī,dek8 zi2,converted,to refer in particular to; to refer specifically to
特大,dĕk-duâi,dek8 duai7,converted,of an exceptionally large size or scale; extra large; mega-; catastrophic
特區,dĕk-kṳ̆,dek8 ky1,converted,special zone; special area
特級,dĕk-ngék,dek8 ngik4,converted,(attributive) top quality; superior grade; superfine
登高,dĕng-gŏ̤,deng1 go1,converted,to ascend a height; to climb to a high place
燈籠,dĕng-lè̤ng,deng1 loeng5,converted,Chinese lantern (classifier: 盞)
登岸,dĕng-ngâng,deng1 ngang7,converted,to go ashore
冬節,dĕ̤ng-cáik,doeng1 zek4,converted,冬至 winter solstice
冬至,dĕ̤ng-cé,doeng1 zi3,converted,"winter solstice (one of the solar terms, around the 22nd of December)"
冬瓜,dĕ̤ng-guă,doeng1 gua1,converted,winter melon; ash gourd; wax gourd; tallow gourd (Benincasa hispida species)
冬筍,dĕ̤ng-sūng,doeng1 sung2,converted,winter bamboo shoots
頂針,dīng-cĕng,ding2 zeng1,converted,thimble a protective cap for the finger
𫪦咑,dĭ-dă,di1 da1,converted,(musical instrument) suona traditional Chinese woodwind instrument
知識,dĭ-sék,di1 sik4,converted,knowledge
知音,dĭ-ĭng,di1 ing1,converted,friend keenly appreciative of one's talents; bosom friend; intimate friend; soul mate
值錢,dĭk-cièng,dik8 zieng5,converted,valuable; costly
特特,dĭk-dĭk,dik8 dik8,converted,specially
直轄,dĭk-hăk,dik8 hak8,converted,(of the central government) to directly administer
直轄市,dĭk-hăk-chê,dik8 hak8 ci7,converted,(countable) municipality directly under the central government
特意,dĭk-é,dik8 i3,converted,specially; purposely
珍珠,dĭng-ciŏ,ding1 zio1,converted,pearl gem (classifier: 粒)
砧板,dĭng-pēng,ding1 peng2,converted,chopping board; cutting board or block
短褲,dōi-kó,doi2 ku3,converted,shorts trousers that do not go lower than the knees (classifier: 條)
盾牌,dōng-bà̤,dong2 be5,converted,shield
讜論,dōng-lâung,dong2 long7,converted,upright words
斷臍,dōng-sài,dong2 sai5,converted,to cut the umbilical cord
黨羽,dōng-ṳ̄,dong2 y2,converted,(derogatory) members of a clique; adherents; henchmen
倒手,dō̤-chiū,do2 ciu2,converted,to shift from one hand to another
倒手拐,dō̤-chiū-guāi,do2 ciu2 guai2,converted,left-hander
倒灶,dō̤-cáu,do2 zau3,converted,to collapse; to fall; to decline (in status or wealth)
倒泅,dō̤-sièu,do2 sieu5,converted,backstroke a swimming stroke swum on one's back
當真,dŏng-cĭng,dong1 zing1,converted,truly; indeed
中晝,dŏng-dáu,dong1 dau3,converted,noon
驐雞,dŏng-giĕ,dong1 gie1,converted,(Jiangxi) to castrate a chicken
當歸,dŏng-gŭi,dong1 gui1,converted,(TCM) Chinese angelica; dong quai (Angelica sinensis species)
當面,dŏng-méng,dong1 ming3,converted,to somebody's face; in somebody's presence; face to face
刀喙,dŏ̤-chói,do1 cui3,converted,edge of a knife; knife blade
刀枕,dŏ̤-cīng,do1 zing2,converted,back of a knife blade
刀囝,dŏ̤-giāng,do1 giang2,converted,(countable) small knife; pocketknife (classifier: 把)
刀蓮,dŏ̤-lièng,do1 lieng5,converted,alternative form of 多𬂌
多元,dŏ̤-nguòng,do1 nguong5,converted,pluralistic (poly-); multielement (multi-)
沰價,dŏ̤h-gá,doh8 ga3,converted,to fall in price; to become cheaper
賭博,dū-báuk,du2 bok4,converted,to gamble; to bet money
賭錢,dū-cièng,du2 zieng5,converted,to gamble
賭錢場,dū-cièng-duòng,du2 zieng5 duong5,converted,casino; gambling house
堵堵,dū-dū,du2 du2,converted,by chance; by coincidence; as it happens
堵堵好,dū-dū-hō̤,du2 du2 ho2,converted,by chance; as it happens
都市,dŭ-chê,du1 ci7,converted,metropolis; major city
獨立,dŭk-lĭk,duk8 lik8,converted,to be independent; to stand on one's own
獨眼龍,dŭk-ngāng-lṳ̀ng,duk8 ngang2 lyng5,converted,(humorous) person blind in one eye
除去,dṳ̀-kó̤,dy5 ko3,converted,to remove; to eliminate
豬腸,dṳ̆-dòng,dy1 dong5,converted,pig intestines
豬肚,dṳ̆-dô,dy1 du7,converted,pork tripe; hog maw; pig stomach
豬囝,dṳ̆-giāng,dy1 giang2,converted,piglet
豬角,dṳ̆-gáe̤k,dy1 goek4,converted,boar
豬肝,dṳ̆-găng,dy1 gang1,converted,pork liver
豬哥,dṳ̆-gŏ̤,dy1 go1,converted,licentious and lecherous man
豬血,dṳ̆-háik,dy1 hek4,converted,pig blood either liquid or solidified
豬欄,dṳ̆-làng,dy1 lang5,converted,pigsty
豬母,dṳ̆-mō̤,dy1 mo2,converted,female pig; sow
豬母菜,dṳ̆-mō̤-chái,dy1 mo2 cai3,converted,chard Beta vulgaris subsp. vulgaris
豬肉,dṳ̆-nṳ̆k,dy1 nyk8,converted,pork
豬頭瘴,dṳ̆-tàu-cióng,dy1 tau5 ziong3,converted,mumps
豬豚囝,dṳ̆-tòng-giāng,dy1 tong5 giang2,converted,half-grown pig weighing about 40 to 45 kg
逐日,dṳ̆k-nĭk,dyk8 nik8,converted,every day; daily
中保,dṳ̆ng-bō̤,dyng1 bo2,converted,guarantor
中秋,dṳ̆ng-chiŭ,dyng1 ciu1,converted,"mid-autumn, especially the eighth month of the Chinese lunar calendar"
中秋餅,dṳ̆ng-chiŭ-biāng,dyng1 ciu1 biang2,converted,mooncake
中子,dṳ̆ng-cṳ̄,dyng1 zy2,converted,(physics) neutron
中間,dṳ̆ng-găng,dyng1 gang1,converted,middle; midway (of a distance); center (of an area)
中古漢語,dṳ̆ng-gū háng-ngṳ̄,dyng1 gu2 hang3 ngy2,converted,Middle Chinese
中央,dṳ̆ng-iŏng,dyng1 iong1,converted,"centre (of all sides, ends, surfaces, etc.); middle (of a road)"
中午,dṳ̆ng-ngū,dyng1 ngu2,converted,noon; midday
中人,dṳ̆ng-ìng,dyng1 ing5,converted,middleman; go-between; intermediary; mediator
行房,giàng-bùng,giang5 bung5,converted,"(euphemism, of a couple) to have sex; to make love"
行星,giàng-sĭng,giang5 sing1,converted,(astronomy) planet
墘角,gièng-gáe̤k,gieng5 goek4,converted,"details, minutiae"
蕎麥,gièu-mĕk,gieu5 mek8,converted,buckwheat
計策,gié-cháik,gie3 cek4,converted,plan; stratagem
桂花,gié-huă,gie3 hua1,converted,sweet osmanthus Osmanthus fragrans species
計算機,gié-sáung-gĭ,gie3 song3 gi1,converted,computer electronic device
繼續,gié-sṳ̆k,gie3 syk8,converted,to continue; to persist
結黨,giék-dōng,giek4 dong2,converted,to form a faction
結囝,giék-giāng,giek4 giang2,converted,to bear fruit
結果,giék-guōi,giek4 guoi2,converted,result; outcome (classifier: 個)
結婚,giék-huŏng,giek4 huong1,converted,(intransitive) to get married; to marry
見面禮,giéng-méng-lā̤,gieng3 ming3 le2,converted,present given upon first meeting
舅公,giê-gŭng,gie7 gung1,converted,great-uncle brother of one's grandmother
雞氣,giê-ké,gie7 ki3,converted,chicken pest
轎車,giêu-chiă,gieu7 cia1,converted,(automotive) passenger car; sedan US; saloon UK
茄白菜,giò-băh-chái,gio5 bah8 cai3,converted,eggplant; aubergine
茄囝,giò-giāng,gio5 giang2,converted,eggplant; aubergine
強姦,giòng-găng,giong5 gang1,converted,(transitive) to rape to force sexual intercourse upon someone
強迫,giòng-páe̤k,giong5 poek4,converted,to coerce; to force; to compel
強逼,giòng-páe̤k,giong5 poek4,converted,to compel; to force
決定,giók-dêng,giok4 ding7,converted,to decide; to make a decision
腳色,giók-sáik,giok4 sek4,converted,"character in a story, video game, etc.; role in a play, film, etc."
建築,gióng-dé̤ṳk,giong3 dyk4,converted,"(literally, figuratively, transitive) to build; to construct; to erect buildings and structures"
建國,gióng-guók,giong3 guok4,converted,to found a country; to establish a nation-state; to build a nation
建設,gióng-siék,giong3 siek4,converted,(transitive) to build; to construct; to establish; to set up
健康,giông-kŏng,giong7 kong1,converted,(of a person) healthy free from disease or disorder; good; well
囝兒,giāng-niè,giang2 nie5,converted,sons and daughters; children
囝孫,giāng-sŏng,giang2 song1,converted,children and grandchildren
驚慌,giăng-huòng,giang1 huong5,converted,alarmed; scared; panicked
雞櫥,giĕ-dièu,gie1 dieu5,converted,chicken coop; henhouse; roost
雞仔,giĕ-giāng,gie1 giang2,converted,chicken
雞囝,giĕ-giāng,gie1 giang2,converted,chick
雞髻,giĕ-guói,gie1 guoi3,converted,cockscomb the crest of a rooster
雞髻花,giĕ-guói-huă,gie1 guoi3 hua1,converted,"(botany) cockscomb Celosia argentea var. cristata variety, syn. Celosia cristata species"
雞角,giĕ-gáe̤k,gie1 goek4,converted,cock; rooster
雞角指,giĕ-gáe̤k-cāi,gie1 goek4 zai2,converted,index finger; forefinger
雞肣,giĕ-gêng,gie1 ging7,converted,chicken gizzard
雞胲,giĕ-găi,gie1 gai1,converted,crop of a chicken
雞血,giĕ-háik,gie1 hek4,converted,chicken blood
雞形,giĕ-hìng,gie1 hing5,converted,sodomy; anal sex; buggery
雞跤,giĕ-kă,gie1 ka1,converted,chicken feet
雞籠,giĕ-lè̤ng,gie1 loeng5,converted,chicken coop; henhouse
雞肋,giĕ-lĕk,gie1 lek8,converted,(literal) chicken ribs
雞毛,giĕ-mò̤,gie1 mo5,converted,chicken feather
雞毛拂,giĕ-mò̤-hók,gie1 mo5 huk4,converted,feather duster
雞母指,giĕ-mō̤-cāi,gie1 mo2 zai2,converted,(humorous) index finger; forefinger
今年暝,giĕ-nièng-màng,gie1 nieng5 mang5,converted,(Xianyou) this year
雞肉,giĕ-nṳ̆k,gie1 nyk8,converted,chicken meat
雞宿,giĕ-séu,gie1 siu3,converted,chicken coop; henhouse
雞翼骨,giĕ-sĭk-gáuk,gie1 sik8 gok4,converted,(skeleton) shoulder blade; scapula
雞豚囝,giĕ-tòng-giāng,gie1 tong5 giang2,converted,half-grown chick weighing about half a kilogram
肩頭,giĕng-tàu,gieng1 tau5,converted,(formal) on the shoulders
薑母,giŏng-mō̤,giong1 mo2,converted,(in general) ginger
韭菜,giū-chái,giu2 cai3,converted,garlic chive; Chinese chive; Chinese leek (Allium tuberosum species)
冠狀,guáng-cáung,guang3 zong3,converted,(attributive) crown-like
冠狀病毒,guáng-cáung bêng-dŭk,guang3 zong3 bing7 duk8,converted,coronavirus; 屬 ⟨historical⟩ Coronavirus
冠詞,guáng-sṳ̀,guang3 sy5,converted,(part of speech) article such as the words “the” and “a/an”
顴骨,guòng-gáuk,guong5 gok4,converted,(skeleton) zygomatic bone; cheekbone
權利,guòng-lé,guong5 li3,converted,power and wealth
過水,guó-cuōi,guo3 zuoi2,converted,to dunk hot noodles in cool water before serving them
過雲雨,guó-hùng-ṳ̄,guo3 hung5 y2,converted,rain shower
過去,guó-kó̤,guo3 ko3,converted,past
過世,guó-sié,guo3 sie3,converted,to die; to pass away
過後,guó-âu,guo3 au7,converted,afterwards; later
鱖魚,guói-ngṳ̀,guoi3 ngy5,converted,Chinese perch; mandarin fish (Siniperca chuatsi)
國際,guók-cié,guok4 zie3,converted,(attributive) international; global
國旗,guók-gì,guok4 gi5,converted,national flag
國家,guók-gă,guok4 ga1,converted,country (with sovereignty); nation; (nation-)state (classifier: 個)
國家法,guók-gă-huák,guok4 ga1 huak4,converted,national laws; the law of the state
國家社會主義,guók-gă-siâ-huôi-ciō-ngiê,guok4 ga1 sia7 huoi7 zio2 ngie7,converted,National Socialism
國歌,guók-gŏ̤,guok4 go1,converted,national anthem (classifier: 首)
國徽,guók-hŭi,guok4 hui1,converted,national emblem
國民,guók-mìng,guok4 ming5,converted,citizen; national; people
國語,guók-ngṳ̄,guok4 ngy2,converted,national language; language specific to or of official usage in a nation
國泰民安,guók-tái-mìng-ăng,guok4 tai3 ming5 ang1,converted,the country flourishes and the people are living in peace
國王,guók-uòng,guok4 uong5,converted,king
國威,guók-ŭi,guok4 ui1,converted,national prestige; national power and influence
管理,guāng-lī,guang2 li2,converted,to manage; to administer; to supervise; to regulate; to oversee
管閒事,guāng-èng-dâi,guang2 eng5 dai7,converted,to poke one's nose into other people's business; to meddle
瓜子,guă-cī,gua1 zi2,converted,melon seed
乖巧,guăi-kiēu,guai1 kieu2,converted,clever; smart usually of a child
棺材,guăng-chài,guang1 cai5,converted,coffin
官銜,guăng-gàng,guang1 gang5,converted,title; rank of an official
關係,guăng-hiê,guang1 hie7,converted,"(countable, uncountable) relation; relationship; connection; tie (classifier: 個, 段)"
觀念,guăng-niêng,guang1 nieng7,converted,notion; mindset; thought; concept; sense
關心,guăng-sĭng,guang1 sing1,converted,(transitive) to be concerned about; to care for; to put first
官署,guăng-sṳ̄,guang1 sy2,converted,(archaic) government office
官司,guăng-sṳ̆,guang1 sy1,converted,(legal) lawsuit
官話,guăng-uâ,guang1 ua7,converted,Mandarin; Guanhua group of Northern Chinese dialects including Putonghua (Standard Chinese)
粿粞,guōi-chá̤,guoi2 ce3,converted,food made from flour
果子,guōi-cī,guoi2 zi2,converted,fruit
果子樹,guōi-cī-chéu,guoi2 zi2 ciu3,converted,fruit tree
捲尺,guōng-chióh,guong2 cioh4,converted,tape measure; measuring tape made of metal or steel
廣場,guōng-diòng,guong2 diong5,converted,square public square of a city; plaza (classifier: 個)
廣東話,guōng-dĕ̤ng-uâ,guong2 doeng1 ua7,converted,Yue; Cantonese language
廣告,guōng-gó̤,guong2 go3,converted,"(countable) advertisement notice promoting a product, service, etc. (classifier: 個, 則, 項, 條)"
鍋鍋,guŏ-guŏ,guo1 guo1,converted,"(neologism, Internet slang, humorous, cute-sounding) alternative form of 哥哥 (elder brother; big brother)"
鍋貼,guŏ-táik,guo1 tek4,converted,(food) potsticker a Chinese-style pan-fried dumpling
光餅,guŏng-biāng,guong1 biang2,converted,kompyang; kompia a bread product popular in Fujian
光棍,guŏng-góng,guong1 gung3,converted,gangster; hoodlum; thug; ruffian
光臨,guŏng-lìng,guong1 ling5,converted,"(honorific, polite, of a guest) to come to an event or a place; to patronise"
關門,guŏng-muòng,guong1 muong5,converted,to close the door
光陰,guŏng-ĭng,guong1 ing1,converted,(figurative) time the limited time available in a person's life
猴蚓,gà-gūng,ga5 gung2,converted,earthworm
銜恨,gàng-hâung,gang5 hong7,converted,to nurse a grievance; to bear a grudge; to harbor resentment
猴囝,gàu-giāng,gau5 giang2,converted,monkey
珓杯,gá-buŏi,ga3 buoi1,converted,moon blocks
價錢,gá-cièng,ga3 zieng5,converted,price amount of money needed to pay for something (classifier: 個)
價值,gá-dĭk,ga3 dik8,converted,value
角角,gáe̤k-gáe̤k,goek4 goek4,converted,horn
角黍,gáe̤k-sé̤ṳ,goek4 sy3,converted,"zongzi sticky rice dumpling, originally made with glutinous millet instead of glutinous rice"
戒尺,gái-chióh,gai3 cioh4,converted,(Buddhism) clapper
芥菜,gái-chái,gai3 cai3,converted,Chinese mustard
介計,gái-gié,gai3 gie3,converted,why
芥藍菜,gái-làng-chái,gai3 lang5 cai3,converted,kailan; Chinese kale
介紹,gái-siêu,gai3 sieu7,converted,to introduce
革命,gáik-mêng,gek4 ming7,converted,to revolt; to start a revolution
隔食,gáik-sĭk,gek4 sik8,converted,(dated) esophageal cancer
更更,gáing-gáing,geng3 geng3,converted,even more; additionally
慣勢,gáing-sié,geng3 sie3,converted,to be accustomed to; to be in the habit of
㪠碗,gáing-uāng,geng3 uang2,converted,gaiwan
甲子,gák-cṳ̄,gak4 zy2,converted,"The first term of the Chinese sexagenary cycle, sometimes glossed as ""wood"
割禮,gák-lā̤,gak4 le2,converted,circumcision as a ritual
教堂,gáu-dòng,gau3 dong5,converted,"ecclesiastical building, especially a church or chapel"
教皇,gáu-huòng,gau3 huong5,converted,(exonym) pope; pontiff
教會,gáu-huôi,gau3 huoi7,converted,(Christianity) church house of worship or religious organization
教區,gáu-kṳ̆,gau3 ky1,converted,diocese
教室,gáu-sék,gau3 sik4,converted,(countable) classroom (classifier: 間)
教師,gáu-sṳ̆,gau3 sy1,converted,teacher; instructor
教育,gáu-ṳ̆k,gau3 yk8,converted,education; instruction; schooling
教育部,gáu-ṳ̆k-buô,gau3 yk8 buo7,converted,Ministry of Education
骨骨,gáuk-gáuk,gok4 gok4,converted,bone
骨灰,gáuk-huŏi,gok4 huoi1,converted,ashes human remains after cremation; bone ash
各樣,gáuk-iông,gok4 iong7,converted,(archaic) different
各儂,gáuk-nè̤ng,gok4 noeng5,converted,everyone; all the people
各人,gáuk-nè̤ng,gok4 noeng5,converted,each person; everyone
鋼筆,gáung-bék,gong3 bik4,converted,ink pen; fountain pen
降班,gáung-băng,gong3 bang1,converted,(education) to repeat a grade
槓槓疵,gáung-gáung-chṳ̀,gong3 gong3 cy5,converted,rock paper scissors game
降乩,gáung-gĭ,gong3 gi1,converted,(religion) to be possessed by spiritual entities and start dancing and prophesying of a spirit medium
鋼筋,gáung-gṳ̆ng,gong3 gyng1,converted,rebar steel reinforcement bar
鋼琴,gáung-kìng,gong3 king5,converted,piano
虼蚻,gâ-săk,ga7 sak8,converted,cockroach
共……講,gâe̤ng gōng,goeng7 gong2,converted,to tell (someone)
縣長,gâing-diōng,geng7 diong2,converted,head of a county; county magistrate; county governor
鹹菜,gèng-chái,geng5 cai3,converted,salted vegetable; pickle
懸頂,gèng-dēng,geng5 deng2,converted,above; on top
記錄,gé-liŏh,gi3 lioh8,converted,to record; to take down; to take notes; to keep minutes; to document
記時,gé-sì,gi3 si5,converted,ability to remember; memory as opposed to what is remembered
吉凶,gék-hṳ̆ng,gik4 hyng1,converted,good or bad luck
敬奉,géng-hông,ging3 hung7,converted,to worship piously
敬畏,géng-ói,ging3 ui3,converted,to revere; to hold in awe; to fear
救兵,géu-bĭng,giu3 bing1,converted,"(literally, military, figuratively) reinforcement; relief force; relief troops"
救主,géu-ciō,giu3 zio2,converted,saviour
救援,géu-uông,giu3 uong7,converted,(transitive) to rescue; to come to someone's rescue; to come to someone's aid; to provide relief
鋸齒,gé̤ṳ-kī,gy3 ki2,converted,sawtooth
鋸鑢,gé̤ṳ-ló̤,gy3 lo3,converted,file hand tool
巨人,gé̤ṳ-ìng,gy3 ing5,converted,"(literal, figurative) giant"
菊花,gé̤ṳk-huă,gyk4 hua1,converted,chrysanthemum plant or flower
妓館,gê-guāng,gi7 guang2,converted,brothel; whorehouse
妓女,gê-nṳ̄,gi7 ny2,converted,female prostitute
忌辰,gê-sìng,gi7 sing5,converted,anniversary of a death; death anniversary
技師,gê-sṳ̆,gi7 sy1,converted,technician; technical expert; technologist; engineer
共總,gê̤ṳng-cūng,gyng7 zung2,converted,altogether; in total; in all; in sum
共計,gê̤ṳng-gié,gyng7 gie3,converted,to sum up; to total
共享,gê̤ṳng-hiōng,gyng7 hiong2,converted,to enjoy together; to share
共和,gê̤ṳng-huò,gyng7 huo5,converted,republicanism; republic
共和國,gê̤ṳng-huò-guók,gyng7 huo5 guok4,converted,republic (country)
近視,gê̤ṳng-sé,gyng7 si3,converted,(pathology) myopia; nearsightedness; shortsightedness
共產,gê̤ṳng-sāng,gyng7 sang2,converted,(attributive) communist
共產主義,gê̤ṳng-sāng ciō-ngiê,gyng7 sang2 zio2 ngie7,converted,communism
共產黨,gê̤ṳng-sāng-dōng,gyng7 sang2 dong2,converted,communist party
棋盤,gì-buàng,gi5 buang5,converted,chessboard
棋盤箔,gì-buàng-bŏ̤h,gi5 buang5 boh8,converted,"large square sheets of foil-paper, burnt to idols."
旗袍,gì-bò̤,gi5 bo5,converted,qipao; cheongsam body-hugging one-piece Chinese dress for woman
棋子,gì-cī,gi5 zi2,converted,board game piece (classifier: 枚)
祈求,gì-giù,gi5 giu5,converted,to pray for; to appeal; to supplicate
旗囝,gì-giāng,gi5 giang2,converted,small triangular flag
葵花,gì-huă,gi5 hua1,converted,sunflower
葵花籽,gì-huă-cī,gi5 hua1 zi2,converted,sunflower seed
麒麟,gì-lìng,gi5 ling5,converted,(Chinese mythology) qilin propitious mythological beast
麒麟鹿,gì-lìng-lĕ̤k,gi5 ling5 loek8,converted,giraffe
祈夢,gì-máe̤ng,gi5 moeng3,converted,pray for a prophetic dream
其他,gì-tă,gi5 ta1,converted,other; else
其餘,gì-ṳ̀,gi5 y5,converted,the rest; the others; the remaining; the remainder
㾸𤶁,gò̤-lō̤,go5 lo2,converted,scabies
故此,gó-chṳ̄,gu3 cy2,converted,(formal) because of this; consequently; therefore; hence
故載,gó-cái,gu3 zai3,converted,would rather; better
痼𤶁,gó-lō̤,gu3 lo2,converted,leprosy
故土,gó-tù,gu3 tu5,converted,native land; native place; birthplace; hometown
骨頭,gók-tàu,guk4 tau5,converted,(anatomy) bone
告別,gó̤-biĕk,go3 biek8,converted,to bid farewell; to take one's leave from
個郎,gó̤-lòng,go3 long5,converted,whole; entire
告訴,gó̤-só,go3 su3,converted,to tell; to inform
舊底,gô-dā̤,gu7 de2,converted,in former times; in the olden days; previously
拳頭,gùng-tàu,gung5 tau5,converted,"fist (classifier: 隻, 雙)"
拳頭母,gùng-tàu-mō̤,gung5 tau5 mo2,converted,fist
群體,gùng-tā̤,gung5 te2,converted,group; community; collective especially one whose members have a common purpose
虼蚤,gā-cāu,ga2 zau2,converted,flea
假若,gā-iŏk,ga2 iok8,converted,if; supposing
橄欖,gā-lāng,ga2 lang2,converted,Chinese olive (Canarium album)
假使,gā-sṳ̄,ga2 sy2,converted,if; in case
假如,gā-ṳ̀,ga2 y5,converted,if; in case; supposing
改變,gāi-biéng,gai2 bieng3,converted,(intransitive) to change (by itself)
解毒藥,gāi-dŭk-iŏh,gai2 duk8 ioh8,converted,antidote
解放,gāi-huóng,gai2 huong3,converted,(ergative) to liberate; to emancipate; to free
解放軍,gāi-huóng-gŭng,gai2 huong3 gung1,converted,(non-idiomatic) army mobilised for the purpose of liberating a political entity
解釋,gāi-sék,gai2 sik4,converted,to explain; to elucidate
感動,gāng-dông,gang2 dung7,converted,(ergative) to move; to touch emotionally
簡單,gāng-dăng,gang2 dang1,converted,simple; uncomplicated; easy
感覺,gāng-gáuk,gang2 gok4,converted,to feel; to sense; to have a feeling that
趕緊,gāng-gīng,gang2 ging2,converted,quickly; hurriedly; immediately; without delay; right away
感冒,gāng-mô̤,gang2 mo7,converted,(disease) cold common viral illness; common cold
感謝,gāng-siâ,gang2 sia7,converted,to thank; to be grateful; to be appreciative; to appreciate; thank you to; thank you for
柬帖,gāng-táik,gang2 tek4,converted,invitation
感恩,gāng-ŏng,gang2 ong1,converted,to have gratitude for; to feel grateful
九點,gāu-dēng,gau2 deng2,converted,nine o'clock
九月,gāu-nguŏk,gau2 nguok8,converted,September
九十,gāu-sĕk,gau2 sek8,converted,ninety; 90
九十九,gāu-sĕk-gāu,gau2 sek8 gau2,converted,ninety-nine; 99
鉸布,gă-buó,ga1 buo3,converted,to buy cloth
家姐,gă-ciā,ga1 zia2,converted,(honorific) my elder sister
家叔,gă-cé̤ṳk,ga1 zyk4,converted,paternal uncle father's younger brother
家族,gă-cŭk,ga1 zuk8,converted,family; household; clan
鉸刀,gă-dŏ̤,ga1 do1,converted,reamer
鉸刀剪,gă-dŏ̤-cēng,ga1 do1 zeng2,converted,scissors
鉸刀囝,gă-dŏ̤-giāng,ga1 do1 giang2,converted,small scissors
加法,gă-huák,ga1 huak4,converted,(arithmetic) addition
家法,gă-huák,ga1 huak4,converted,(archaic) rod or stick for punishing servants or younger family members
家賄,gă-huōi,ga1 huoi2,converted,family property
家父,gă-hô,ga1 hu7,converted,(humble) my father
咖啡,gă-pĭ,ga1 pi1,converted,coffee (classifier: 杯)
咖啡店,gă-pĭ-dáing,ga1 pi1 deng3,converted,coffee shop; café
袈裟,gă-să,ga1 sa1,converted,(Buddhism) kasaya the robes of fully ordained Buddhist monks and nuns
家嬸,gă-sīng,ga1 sing2,converted,paternal aunt wife of father's younger brother
家私花,gă-sĭ-huă,ga1 si1 hua1,converted,tool; utensil
茭筍,gă-sūng,ga1 sung2,converted,edible wild rice stem (galls formed on young stems of Zizania latifolia species after parasitism by the fungus Ustilago esculenta as a kind of vegetable)
家庭,gă-tìng,ga1 ting5,converted,"family; household (classifier: 戶, 個)"
加油,gă-ìu,ga1 iu5,converted,(literally) to oil; to lubricate
佳音,gă-ĭng,ga1 ing1,converted,good news
該載,găi-cái,gai1 zai3,converted,undoubtedly; certainly
該當,găi-dŏng,gai1 dong1,converted,should; ought to
該死,găi-sī,gai1 si2,converted,to deserve death or some adverse outcome; to be damned
監囚,găng-chiù,gang1 ciu5,converted,prisoner
甘草,găng-chō̤,gang1 co2,converted,"licorice Glycyrrhiza uralensis, whose root often used in traditional Chinese medicine to improve qi"
甘蔗,găng-ciá,gang1 zia3,converted,sugar cane
姦詐,găng-cá,gang1 za3,converted,treacherous; devious; crafty
肝臟,găng-câung,gang1 zong7,converted,liver
菅菁,găng-cĭng,gang1 zing1,converted,common reed
尷尬,găng-gái,gang1 gai3,converted,(of a situation or person) awkward; embarrassing; uncomfortable
監犯,găng-huâng,gang1 huang7,converted,(archaic) prisoner
粳米,găng-mī,gang1 mi2,converted,"polished, round-grained, non-glutinous rice; grains of japonica rice (Oryza sativa species subsp. japonica)"
甘願,găng-nguông,gang1 nguong7,converted,to be willing; to be ready
甘心,găng-sĭng,gang1 sing1,converted,to be willing; to be glad to do something
乾旱,găng-âng,gang1 ang7,converted,drought
姦淫,găng-ìng,gang1 ing5,converted,to sexually violate; to rape; to molest
交插,gău-chák,gau1 cak4,converted,to have dealings with; to have contact with
交察,gău-chák,gau1 cak4,converted,to have contact with; to have dealings with
交代,gău-dâi,gau1 dai7,converted,to hand over
交關,gău-guăng,gau1 guang1,converted,related
交付,gău-hó,gau1 hu3,converted,to hand over; to deliver
郊區,gău-kṳ̆,gau1 ky1,converted,(countable) suburb
蛟龍,gău-lṳ̀ng,gau1 lyng5,converted,(countable) jiaolong an aquatic dragon in Chinese mythology
鉤耳爿,gău-ngê-bèng,gau1 ngi7 beng5,converted,阝 on either side of the character.
交通,gău-tŭng,gau1 tung1,converted,transportation; transport; traffic
街扒,gă̤-bà,ge1 ba5,converted,pickpocket
街道,gă̤-dô̤,ge1 do7,converted,street; road (classifier: 條)
街中,gă̤-dŏng,ge1 dong1,converted,on the street
減法,gēng-huák,geng2 huak4,converted,(arithmetic) subtraction
夾尿,gĕk-niêu,gek8 nieu7,converted,"to help with urinating of a child, invalid, etc.; to hold a baby while it urinates"
夾屎,gĕk-sāi,gek8 sai2,converted,"to help with defecating of a child, invalid, etc.; to hold a baby while it defecates"
更加,gĕng-gă,geng1 ga1,converted,more; even more
庚帖,gĕng-táik,geng1 tek4,converted,(dated) card with the horoscope of a boy or girl sent as a proposal for betrothal
工尺譜,gĕ̤ng-chiĕ-puō,goeng1 cie1 puo2,converted,"(music) gongche notation a system of musical notation using Chinese characters, used in traditional Chinese music"
工錢,gĕ̤ng-cièng,goeng1 zieng5,converted,wages; money charged for a service especially labour work
工具,gĕ̤ng-gê̤ṳ,goeng1 gy7,converted,(literally) tool; instrument; implement
工工,gĕ̤ng-gĕ̤ng,goeng1 goeng1,converted,every day
功夫,gĕ̤ng-hŭ,goeng1 hu1,converted,"time available, required, or spent doing something"
工夫茶,gĕ̤ng-hŭ-dà,goeng1 hu1 da5,converted,"congou a kind of black tea common in Chaoshan, South Fujian and Taiwan"
工頭,gĕ̤ng-tàu,goeng1 tau5,converted,foreman; overseer
工人,gĕ̤ng-ìng,goeng1 ing5,converted,worker; laborer
警察,gīng-chák,ging2 cak4,converted,(uncountable) police; police force
錦囊,gīng-nòng,ging2 nong5,converted,"(historical) silk brocade bag for storing draft poems, classified documents, and other precious items"
景致,gīng-té,ging2 ti3,converted,scenery; landscape; view; scene
基本,gĭ-buōng,gi1 buong2,converted,basis; root; fundament
基礎,gĭ-chū,gi1 cu2,converted,(literally) foundation; base of a structure
機場,gĭ-diòng,gi1 diong5,converted,airport; airfield
期待,gĭ-dâi,gi1 dai7,converted,to look forward to; to await
機會,gĭ-huôi,gi1 huoi7,converted,opportunity; chance
機械,gĭ-huôi,gi1 huoi7,converted,machine; machinery
機緣,gĭ-iòng,gi1 iong5,converted,good luck; lucky chance
機器,gĭ-ké,gi1 ki3,converted,machine
機器梯,gĭ-ké-tăi,gi1 ki3 tai1,converted,elevator; lift
飢餓,gĭ-ngô̤,gi1 ngo7,converted,(formal) hungry; starving
肌肉,gĭ-nṳ̆k,gi1 nyk8,converted,(anatomy) muscle
機票,gĭ-piéu,gi1 pieu3,converted,airline ticket; plane ticket
及格,gĭk-gáik,gik8 gek4,converted,"(intransitive) to meet the minimum standard; to pass (a test, exam, etc.)"
今晡,gĭng-buŏ,ging1 buo1,converted,tonight; this evening
經手,gĭng-chīu,ging1 ciu2,converted,to handle; to deal with
金錢,gĭng-cièng,ging1 zieng5,converted,money; currency
經濟,gĭng-cá̤,ging1 ze3,converted,economy
經濟學,gĭng-cá̤-hŏk,ging1 ze3 hok8,converted,economics as a field of study
經籍,gĭng-cĭk,ging1 zik8,converted,classic books; classic texts
今旦,gĭng-dáng,ging1 dang3,converted,(literally) this morning
今旦晡,gĭng-dáng-buŏ,ging1 dang3 buo1,converted,tonight; this evening
今旦日,gĭng-dáng-nĭk,ging1 dang3 nik8,converted,today
金豆,gĭng-dâu,ging1 dau7,converted,golden bean kumquat
驚堂木,gĭng-dòng-mŭk,ging1 dong5 muk8,converted,(dated) wooden block used by a magistrate to strike the table in calling for attention or order
金瓜,gĭng-guă,ging1 gua1,converted,Gymnopetalum chinense
金龜,gĭng-guŏi,ging1 guoi1,converted,golden turtle
京戲,gĭng-hié,ging1 hie3,converted,Beijing opera; Peking opera (classifier: 齣)
京劇,gĭng-kiŏk,ging1 kiok8,converted,Peking opera; Beijing opera
今暝,gĭng-màng,ging1 mang5,converted,tonight
今暝晡,gĭng-màng-buŏ,ging1 mang5 buo1,converted,tonight; this evening
鯨魚,gĭng-ngṳ̀,ging1 ngy5,converted,(countable) whale
今年,gĭng-nièng,ging1 nieng5,converted,this year
金鐲,gĭng-sŏk,ging1 sok8,converted,gold bracelet
金屬,gĭng-sṳ̆k,ging1 syk8,converted,metal shiny and opaque substance that can conduct heat and electricity
講評話,gōng-bìng-uâ,gong2 bing5 ua7,converted,to tell a story in the folk art of pingshu―“storytelling”
講親,gōng-chĭng,gong2 cing1,converted,to be a matchmaker or go-between between prospective marriage partners
講症,gōng-céng,gong2 zing3,converted,to chat
講打,gōng-dā,gong2 da2,converted,eloquence
講價,gōng-gá,gong2 ga3,converted,to bargain; to haggle
講話,gōng-uâ,gong2 ua7,converted,to talk; to speak
缸母,gŏng mō̤,gong1 mo2,converted,very big bowl
缸婆,gŏng-bò̤,gong1 bo5,converted,very big bowl
豇豆,gŏng-dâu,gong1 dau7,converted,cowpea; black-eyed pea
根據,gŏng-gé̤ṳ,gong1 gy3,converted,according to; based on
根基,gŏng-gĭ,gong1 gi1,converted,foundations of a building
肛門,gŏng-muòng,gong1 muong5,converted,(anatomy) anus
歌手,gŏ̤-chiū,go1 ciu2,converted,singer; vocalist; artist recording artist
高甲戲,gŏ̤-gák-hié,go1 gak4 hie3,converted,"(opera) Gaojia opera a type of Chinese opera originating in Quanzhou, Fujian"
高級,gŏ̤-gék,go1 gik4,converted,(attributive) high-grade; high-level; high-class; advanced; senior
高粱,gŏ̤-liòng,go1 liong5,converted,sorghum
歌詞,gŏ̤-sṳ̀,go1 sy5,converted,(music) lyrics
高壓鍋,gŏ̤-ák-guŏ,go1 ak4 guo1,converted,pressure cooker
股川,gū-chiŏng,gu2 ciong1,converted,(anatomy) buttocks; butt
股川空,gū-chiŏng-kĕ̤ng,gu2 ciong1 koeng1,converted,anus
股川髀,gū-chiŏng-pā̤,gu2 ciong1 pe2,converted,(anatomy) buttocks; butt
古早,gū-cā,gu2 za2,converted,antiquity; ancient times; long ago
古董,gū-dūng,gu2 dung2,converted,antique; curio
古怪,gū-guái,gu2 guai3,converted,eccentric; odd; strange
鼓勵,gū-lâ̤,gu2 le7,converted,to encourage
古樹,gū-sê̤ṳ,gu2 sy7,converted,old tree
幾點鐘,gūi-dēng-cṳ̆ng,gui2 deng2 zyng1,converted,(at) what time (o'clock)
鬼怪,gūi-guái,gui2 guai3,converted,(literally) ghosts; monsters
幾歲,gūi-huói,gui2 huoi3,converted,how old
鬼佬,gūi-lō̤,gui2 lo2,converted,"(pejorative, offensive, ethnic slur) gweilo; ""foreign devil""; Caucasian; whitey"
滾湯,gūng-tŏng,gung2 tong1,converted,boiling soup
姑婆,gŭ-bò̤,gu1 bo5,converted,husband's paternal aunt sister of a woman's father-in-law
姑丈,gŭ-diông,gu1 diong7,converted,uncle husband of one's father's sister
姑爹,gŭ-diă,gu1 dia1,converted,paternal uncle husband of one's father's sister
孤單,gŭ-dăng,gu1 dang1,converted,lonely; lonesome; solitary; desolate
辜負,gŭ-hô,gu1 hu7,converted,to disappoint; to fall short of others' expectations; to fail to live up to
姑爺,gŭ-iè,gu1 ie5,converted,son-in-law used by wife's family
姑娘,gŭ-niòng,gu1 niong5,converted,girl; maiden; unmarried woman
孤孀,gŭ-sŏng,gu1 song1,converted,widow
歸西,gŭi-să̤,gui1 se1,converted,(euphemistic) to die
公尺,gŭng-chióh,gung1 cioh4,converted,(dated) metre/meter SI unit
公主,gŭng-ciō,gung1 zio2,converted,daughter of a monarch; princess
君主,gŭng-ciō,gung1 zio2,converted,monarch; sovereign; king; ruler
工作,gŭng-cáuk,gung1 zok4,converted,to work to be engaged in a mental or physical activity
君子,gŭng-cṳ̄,gung1 zy2,converted,junzi; man of virtue; high-minded person; noble person; superior person
功德,gŭng-dáik,gung1 dek4,converted,merits and virtues
軍隊,gŭng-dôi,gung1 dui7,converted,"(collective, military) army; troops; forces (classifier: 支, 個)"
公共,gŭng-gê̤ṳng,gung1 gyng7,converted,(attributive) public; communal
公交,gŭng-gău,gung1 gau1,converted,short for 公共交通
公交車,gŭng-gău-chiă,gung1 gau1 cia1,converted,(mainland) bus
公園,gŭng-huòng,gung1 huong5,converted,park
公開,gŭng-kăi,gung1 kai1,converted,open; public; publicly available
公里,gŭng-lī,gung1 li2,converted,kilometre/kilometer SI unit
公民,gŭng-mìng,gung1 ming5,converted,citizen
功能,gŭng-nèng,gung1 neng5,converted,function; feature; capability; competence
軍事,gŭng-sê̤ṳ,gung1 sy7,converted,military matters
公司,gŭng-sĭ,gung1 si1,converted,"(finance, business) company; firm; corporation (classifier: 個, 家, 間)"
軍人,gŭng-ìng,gung1 ing5,converted,soldier; serviceman; officer serving in the armed forces
公務,gŭng-ô,gung1 u7,converted,official business; public duty; official duty
公務員,gŭng-ô-uòng,gung1 u7 uong5,converted,civil servant; government official; functionary
公安,gŭng-ăng,gung1 ang1,converted,"public security, public safety"
籧篨,gṳ̀-dṳ̀,gy5 dy5,converted,large coarse reed or bamboo mat
莒光,gṳ̄-guŏng,gy2 guong1,converted,"the spirit of recovering a lost country following the example of Tian Dan when he recovered the state of Qi from the small base area of Ju; the spirit of building a hardworking, thrifty military to carry forward the mission of the recovery of lost territory"
居家,gṳ̆-gă,gy1 ga1,converted,to stay at home; to live at home
居民,gṳ̆-mìng,gy1 ming5,converted,resident; inhabitant
恭敬,gṳ̆ng-géng,gyng1 ging3,converted,respectful; deferential
恭賀,gṳ̆ng-hô̤,gyng1 ho7,converted,to congratulate respectfully
恭賀新禧,gṳ̆ng-hô̤-sĭng-hĭ,gyng1 ho7 sing1 hi1,converted,(referring to the Chinese New Year) Happy New Year
恭喜,gṳ̆ng-hī,gyng1 hi2,converted,to congratulate
恭喜發財,gṳ̆ng-hī huák-cài,gyng1 hi2 huak4 zai5,converted,Happy New Year congratulations and best wishes for a prosperous Chinese New Year
筋肉,gṳ̆ng-nṳ̆k,gyng1 nyk8,converted,muscle
戲棚,hié-bàng,hie3 bang5,converted,open-air stage
戲臺,hié-dài,hie3 dai5,converted,(informal) stage
肺癆病,hié-lò̤-bâng,hie3 lo5 bang7,converted,"(diseases, TCM) pulmonary tuberculosis"
廢人,hié-ìng,hie3 ing5,converted,(derogatory) cripple; disabled person
吸石,hiék-siŏk,hiek4 siok8,converted,magnet
吸鐵,hiék-tiék,hiek4 tiek4,converted,magnet
慧眼,hiê-ngāng,hie7 ngang2,converted,(Buddhism) mind which perceives both past and future; an all-seeing mind
現在,hiêng-câi,hieng7 zai7,converted,now; the present time; the present moment; the current time
現代,hiêng-dâi,hieng7 dai7,converted,modern times
現金,hiêng-gĭng,hieng7 ging1,converted,cash money in the form of notes and coins
現世,hiêng-sié,hieng7 sie3,converted,this life
現時,hiêng-sṳ̀,hieng7 sy5,converted,now; present
歇涼,hiók-liòng,hiok4 liong5,converted,to relax in a cool place
獻策,hióng-cháik,hiong3 cek4,converted,to offer advice; to make suggestions
憲法,hióng-huák,hiong3 huak4,converted,constitution
向日葵,hióng-nĭh-gì,hiong3 nih8 gi5,converted,sunflower
兄弟,hiăng-diê,hiang1 die7,converted,(literal) brother
兄弟姐妹,hiăng-diê ciā-muói,hiang1 die7 zia2 muoi3,converted,"(collective) elder brother, younger brother, elder sister and younger sister; brothers and sisters; siblings"
兄弟囝,hiăng-diê-giāng,hiang1 die7 giang2,converted,(Yongchun) brothers
兄弟哥,hiăng-niê-gŏ̤,hiang1 nie7 go1,converted,brothers
顯微鏡,hiēng-mì-giáng,hieng2 mi5 giang3,converted,microscope
顯示,hiēng-sê,hieng2 si7,converted,to display; to show; to manifest; to demonstrate
協會,hiĕk-huôi,hiek8 huoi7,converted,association; society; organization especially non-profit
香肥豬,hiŏng-buòi-dṳ̆,hiong1 buoi5 dy1,converted,an old form of scented soap
香蕉,hiŏng-ciĕu,hiong1 zieu1,converted,banana fruit
香水,hiŏng-cūi,hiong1 zui2,converted,perfume
香腸,hiŏng-dòng,hiong1 dong5,converted,sausage
香港跤,hiŏng-gē̤ng-kă,hiong1 goeng2 ka1,converted,athlete's foot
香菇,hiŏng-gŭ,hiong1 gu1,converted,shiitake mushroom
香櫞,hiŏng-iòng,hiong1 iong5,converted,citron herb used in traditional Chinese medicine to regulate qi
香煙,hiŏng-iĕng,hiong1 ieng1,converted,incense smoke burned as a sacrifice to worship one's ancestors
香氣,hiŏng-ké,hiong1 ki3,converted,fragrance; aroma; perfume; bouquet pleasant smell; incense
香料,hiŏng-lâiu,hiong1 leu7,converted,"spice (classifier: 種, 份)"
鄉下,hiŏng-â,hiong1 a7,converted,the countryside; the country; rural area
鄉下佬,hiŏng-â-lē̤,hiong1 a7 loe2,converted,(derogatory) country bumpkin; yokel
香胰皂,hiŏng-ì-cô̤,hiong1 i5 zo7,converted,scented soap
朽腐,hiū-bô,hiu2 bu7,converted,to rot; to decay
華僑,huà-gièu,hua5 gieu5,converted,(law) Chinese national who lives outside of China
懷孕,huài-êng,huai5 ing7,converted,to be pregnant
橫直,huàng-dĭk,huang5 dik8,converted,might as well
化化,huá-huá,hua3 hua3,converted,myna bird
化學,huá-hŏk,hua3 hok8,converted,chemistry
化石,huá-siŏh,hua3 sioh8,converted,fossil
髮菜,huák-chái,huak4 cai3,converted,"hair moss; fat choy (the terrestrial cyanobacterium Nostoc flagelliforme, which is eaten as a vegetable in Chinese cuisine)"
發財,huák-cài,huak4 zai5,converted,to make a fortune
發財票,huák-cài-piéu,huak4 zai5 pieu3,converted,lottery ticket
發展,huák-diēng,huak4 dieng2,converted,(ergative) to develop; to expand; to grow
發現,huák-hiêng,huak4 hieng7,converted,to discover; to find; to find out
法院,huák-iêng,huak4 ieng7,converted,(legal) court; court of law; tribunal
發熱,huák-iĕk,huak4 iek8,converted,to give out or generate heat
發溪水,huák-kă̤-cūi,huak4 ke1 zui2,converted,to be flooded; to be inundated
法輪,huák-lùng,huak4 lung5,converted,(Buddhism) dharmachakra; wheel of the dharma (law); the eternal wheel of life
法老,huák-lō̤,huak4 lo2,converted,pharaoh supreme ruler of ancient Egypt
法律,huák-lŭk,huak4 luk8,converted,law body of binding rules and regulations
法門,huák-muòng,huak4 muong5,converted,(Buddhism) gateway for entry into the dharma
發明,huák-mìng,huak4 ming5,converted,to invent
法眼,huák-ngāng,huak4 ngang2,converted,"(Buddhism) ""eye of the law"" either ""mind which perceives both past and future"" or ""insight into the dharma"""
發怒,huák-nô,huak4 nu7,converted,to become angry; to fly into a rage
發票,huák-piéu,huak4 pieu3,converted,receipt; invoice; fapiao
發燒,huák-siĕu,huak4 sieu1,converted,(medical sign) to have a fever; to have a high body temperature
發生,huák-sĕng,huak4 seng1,converted,to happen; to occur; to take place
法身,huák-sĭng,huak4 sing1,converted,(Buddhism) dharmakaya
法庭,huák-tìng,huak4 ting5,converted,(legal) court; court of law; tribunal
發音,huák-ĭng,huak4 ing1,converted,pronunciation
犯罪,huâng-cô̤i,huang7 zoi7,converted,(intransitive) to commit a crime
犯罪學,huâng-cô̤i-hŏk,huang7 zoi7 hok8,converted,criminology
犯人,huâng-nè̤ng,huang7 noeng5,converted,criminal
和平,huò-bìng,huo5 bing5,converted,peace state free of war or animosity
和藹,huò-āi,huo5 ai2,converted,kind; nice; amiable
和藹可親,huò-āi-kō̤-chĭng,huo5 ai2 ko2 cing1,converted,affable; approachable
回鍋肉,huòi-guŏ-nṳ̆k,huoi5 guo1 nyk8,converted,twice-cooked pork a Chinese dish
茴香,huòi-hiŏng,huoi5 hiong1,converted,fennel
回頭是岸,huòi-tàu-sê-ngiâng,huoi5 tau5 si7 ngiang7,converted,Repentance is salvation.
皇帝,huòng-dá̤,huong5 de3,converted,"emperor any monarch ruling an empire, irrespective of gender"
園地,huòng-dê,huong5 di7,converted,garden plot
惶恐,huòng-kṳ̄ng,huong5 kyng2,converted,terrified; scared; frightened
貨幣,huó-bê,huo3 bi7,converted,"(economics, finance) money or other item used to facilitate transactions; currency"
貨輪,huó-lùng,huo3 lung5,converted,freighter; cargo ship
囫圇,huók-lùng,huok4 lung5,converted,complete; whole
放出,huóng-chók,huong3 cuk4,converted,to release; to emit; to let out
放置,huóng-dé,huong3 di3,converted,(transitive) to put in a certain place; to lay; to place; to set aside; to shelve
放膽,huóng-dāng,huong3 dang2,converted,to pluck up courage; to act boldly
放棄,huóng-ké,huong3 ki3,converted,to give up; to renounce; to abandon
放肆,huóng-sé̤ṳ,huong3 sy3,converted,impudent; wanton; unbridled
會眾,huôi-cé̤ṳng,huoi7 zyng3,converted,(religion) congregation
會堂,huôi-dòng,huoi7 dong5,converted,hall; meeting hall; assembly hall
會館,huôi-guāng,huoi7 guang2,converted,institution set up in a capital city or other domestic or overseas city by people from the same hometown or operating the same business; guildhall; clan association; kongsi
會赴,huôi-hó,huoi7 hu3,converted,to (be able to) make it; to do something on time
會意,huôi-é,huoi7 i3,converted,"(Chinese character classification) compound ideographs, one of the six classifications of Chinese characters (六書)"
反對,huāng-dó̤i,huang2 doi3,converted,to oppose; to be opposed; to be against; to fight; to combat
反映,huāng-ióng,huang2 iong3,converted,(literally) to reflect; to mirror
反應,huāng-éng,huang2 ing3,converted,to react; to respond
花錢,huă cièng,hua1 zieng5,converted,to spend money
花盆,huă-buòng,hua1 buong5,converted,flowerpot
花菜,huă-chái,hua1 cai3,converted,cauliflower
花茶,huă-dà,hua1 da5,converted,flowering tea
花旦,huă-dáng,hua1 dang3,converted,"(opera) one of the main divisions of the *旦 or female role in traditional opera (traditionally the role of a woman of questionable morals, notably a coquettish maidservant or an amorous young woman, bold, seductive, and charming; great emphasis being placed on acting)"
花轎,huă-giêu,hua1 gieu7,converted,bridal sedan chair (in traditional Chinese weddings)
花捲,huă-guōng,hua1 guong2,converted,Mandarin roll; flower roll steamed bun with a twisted shape
花園,huă-huòng,hua1 huong5,converted,flower garden; garden
花蕊,huă-nūi,hua1 nui2,converted,(botany) stamen and gynoecium
花片,huă-piéng,hua1 pieng3,converted,falling petal
花圃,huă-puō,hua1 puo2,converted,flowerbed
花師,huă-să,hua1 sa1,converted,person who is good at cultivating flowers and trees
花生,huă-sĕng,hua1 seng1,converted,peanut (Arachis hypogaea species)
花生油,huă-sĕng-iù,hua1 seng1 iu5,converted,peanut oil
花生仁,huă-sĕng-nìng,hua1 seng1 ning5,converted,shelled peanut; peanut kernel
花心,huă-sĭng,hua1 sing1,converted,centre of a flower; stamens and gynoecium
花紋,huă-ùng,hua1 ung5,converted,decorative design
罰錢,huăk-cièng,huak8 zieng5,converted,to fine; to impose a fine
罰酒,huăk-ciū,huak8 ziu2,converted,to make someone drink as a forfeit; to drink as a result of losing a bet
罰款,huăk-kuāng,huak8 kuang2,converted,fine; penalty
番邦,huăng-băng,huang1 bang1,converted,(dated) foreign country especially from Southeast Asia
番椒,huăng-ciĕu,huang1 zieu1,converted,"Capsicum annuum species, a capsicum chilli, including chili pepper and bell pepper"
番囝,huăng-giāng,huang1 giang2,converted,"(Guangdong) foreigner, especially a Westerner"
番囝哥,huăng-giāng-gŏ̤,huang1 giang2 go1,converted,"foreigner, especially a Westerner"
番囝薯,huăng-giāng-sṳ̀,huang1 giang2 sy5,converted,potato
番國,huăng-guók,huang1 guok4,converted,"(historical, dated) foreign country"
歡喜,huăng-hī,huang1 hi2,converted,joyful; happy; delighted
番客,huăng-káh,huang1 kah4,converted,(including) a foreigner or a non-Han person who resides in China during the Tang and Song dynasties
番柿,huăng-kê,huang1 ki7,converted,"(Fujian, Changting) tomato"
歡迎,huăng-ngìng,huang1 nging5,converted,to welcome
歡迎光臨,huăng-ngìng guŏng-lìng,huang1 nging5 guong1 ling5,converted,welcome said to a customer entering a shop
番人,huăng-nè̤ng,huang1 noeng5,converted,(Classical) foreigner
番儂,huăng-nè̤ng,huang1 noeng5,converted,alternative form of 番人
番檨,huăng-siông,huang1 siong7,converted,mango
番石榴,huăng-siŏh-liù,huang1 sioh8 liu5,converted,guava
番薯,huăng-sṳ̀,huang1 sy5,converted,sweet potato
番話,huăng-uâ,huang1 ua7,converted,(dated) foreign language usually a Western language
翻譯,huăng-ĭk,huang1 ik8,converted,to translate to change spoken words or written text from one language to another
火盆,huōi-buòng,huoi2 buong5,converted,brazier
火爿,huōi-bèng,huoi2 beng5,converted,火
火把,huōi-bā,huoi2 ba2,converted,torch stick with a flame on one end
火車,huōi-chiă,huoi2 cia1,converted,train
火箸,huōi-dê̤ṳ,huoi2 dy7,converted,fire tongs
火雞,huōi-giĕ,huoi2 gie1,converted,turkey Meleagris genus
火鉗,huōi-kìng,huoi2 king5,converted,fire tongs
火籠,huōi-lè̤ng,huoi2 loeng5,converted,handwarmer
火燒厝,huōi-siĕu-chió,huoi2 sieu1 cio3,converted,(of a house) to be on fire
火山,huōi-săng,huoi2 sang1,converted,volcano (classifier: 座)
方便,huŏng-biêng,huong1 bieng7,converted,convenient
方才,huŏng-chài,huong1 cai5,converted,just now
方今,huŏng-gĭng,huong1 ging1,converted,now; at present; nowadays; today; in our time; in this day and age; the present day
方向,huŏng-hióng,huong1 hiong3,converted,direction; orientation
方言,huŏng-ngiòng,huong1 ngiong5,converted,(linguistics) dialect; topolect; regionalect; local language; regional language variety
方程,huŏng-tiàng,huong1 tiang5,converted,"(math, chemistry) equation"
婚姻,huŏng-ĭng,huong1 ing1,converted,marriage; matrimony
蝦油,hà-iù,ha5 iu5,converted,fish sauce
蝦蛄,hà-kŭ,ha5 ku1,converted,stomatopod; mantis shrimp
蝦卵,hà-lâung,ha5 long7,converted,shrimp roe
蛤蟆,hà-mà,ha5 ma5,converted,frog; toad order Anura (classifier: 隻)
骸骨,hài-gáuk,hai5 gok4,converted,skeleton bones; skeletal remains usually of a corpse
硋器,hài-ké,hai5 ki3,converted,pottery; earthenware
孩兒,hài-ì,hai5 i5,converted,child
韓國人,hàng-guók-nè̤ng,hang5 guok4 noeng5,converted,(south) Korean person
寒士,hàng-sê̤ṳ,hang5 sy7,converted,poor scholar
銜頭,hàng-tàu,hang5 tau5,converted,"title as a sign of rank, profession, etc."
孝杖,há-tiông,ha3 tiong7,converted,staff in former times used by the son of the deceased in a funeral procession to show filial piety
黑板,háik-bēng,hek4 beng2,converted,blackboard (classifier: 個)
血母,háik-mō̤,hek4 mo2,converted,womb; uterus
黑死病,háik-sṳ̄-bêng,hek4 sy2 bing7,converted,(historical) plague; the Black Plague; the Black Death
血糖,háik-tòng,hek4 tong5,converted,"(medicine, physiology) blood sugar; glucose"
莧菜,háing-chái,heng3 cai3,converted,edible amaranth Amaranthus tricolor species
嗄嗄聲,hák-hák-siăng,hak4 hak4 siang1,converted,having a hoarse voice
漢字,háng-cê,hang3 zi7,converted,Chinese character; Han character; hanzi
漢字文化圈,háng-cê ùng-huá-kuŏng,hang3 zi7 ung5 hua3 kuong1,converted,Chinese character cultural sphere; Sinosphere
漢族,háng-cŭk,hang3 zuk8,converted,Han Chinese (the largest ethnic group indigenous to China)
汗國,háng-guók,hang3 guok4,converted,khanate
漢人,háng-ìng,hang3 ing5,converted,Han Chinese (the largest ethnic group indigenous to China); Han Chinese person
鱟桸,háu-giĕ,hau3 gie1,converted,ladle made of horseshoe crab carapace
孝感,háu-gāng,hau3 gang2,converted,response brought on by filial piety
鱟桸碗,háu-hiĕ-uāng,hau3 hie1 uang2,converted,Asiatic pennywort (Centella asiatica species)
孝男,háu-nàng,hau3 nang5,converted,man who is respectful and obedient to his parents
孝順,háu-sông,hau3 sung7,converted,to show filial piety; to be obedient to one's parents or other senior relatives
桁桁,háung-háung,hong3 hong3,converted,(architecture) purlin; crossbeams of a roof
夏至,hâ-cé,ha7 zi3,converted,"summer solstice (one of the solar terms, around June 21st)"
下棋,hâ-gì,ha7 gi5,converted,to play chess
邂逅,hâi-hâiu,hai7 heu7,converted,to run into somebody by chance usually pleasantly; to encounter coincidentally
亥時,hâi-sì,hai7 si5,converted,the hours of the pig (9:00pm to 11:00pm)
幸福,hâing-hók,heng7 huk4,converted,"(of one's life, circumstances, etc.) blessed and satisfactory; consummate; joyful; ⟨of a person⟩ living a blessed and contented life"
杏仁,hâing-ìng,heng7 ing5,converted,apricot kernel kernel of the fruit produced by Prunus armeniaca species
汗衫,hâng-săng,hang7 sang1,converted,undershirt; singlet
後生,hâu-săng,hau7 sang1,converted,young person; young generation
後生囝,hâu-săng-giāng,hau7 sang1 giang2,converted,young person (classifier: 個)
巷囝,hâung-giāng,hong7 giang2,converted,(Yongchun) alley; lane
巷巷,hâung-hâung,hong7 hong7,converted,"alley, lane, hutong"
行政,hèng-céng,heng5 zing3,converted,administration; administration of government
行動,hèng-dông,heng5 dung7,converted,to act; to take action
行李,hèng-lī,heng5 li2,converted,belongings one carries for travelling; luggage; baggage
行人,hèng-ìng,heng5 ing5,converted,one who walks; pedestrian; foot passenger; passerby
行人道,hèng-ìng-dô̤,heng5 ing5 do7,converted,sidewalk
行為,hèng-òi,heng5 oi5,converted,"(countable, uncountable) behavior; comportment; conduct"
眩車,hìng-chiă,hing5 cia1,converted,to become carsick
眩船,hìng-sùng,hing5 sung5,converted,to become seasick
痕跡,hòng-ciáh,hong5 ziah4,converted,trace; mark; evidence; vestige; trail
何等,hò̤-dēng,ho5 deng2,converted,what kind; what sort
豪豬,hò̤-dṳ̆,ho5 dy1,converted,porcupine
豪傑,hò̤-giĕk,ho5 giek8,converted,man of outstanding ability
荷花,hò̤-huă,ho5 hua1,converted,lotus Nelumbo nucifera species
蠔油,hò̤-iù,ho5 iu5,converted,oyster sauce
喉嚨,hò̤-lè̤ng,ho5 loeng5,converted,throat; larynx and pharynx
負責任,hó cáik-êng,hu3 zek4 ing7,converted,to be responsible for; to be in charge of
付出,hó-chók,hu3 cuk4,converted,to pay; to expend
富饒,hó-ngièu,hu3 ngieu5,converted,richly endowed; fertile; abundant
翡翠,hói-chói,hui3 cui3,converted,jadeite
福州戲,hók-ciŭ-hié,huk4 ziu1 hie3,converted,Min opera
福氣,hók-ké,huk4 ki3,converted,good fortune
複習,hók-sĭk,huk4 sik8,converted,"to review; to revise information acquired, class notes, etc."
福音,hók-ĭng,huk4 ing1,converted,(Christianity) gospel
俸金,hóng-gĭng,hung3 ging1,converted,(archaic) salary of an official
俸祿,hóng-lṳ̆k,hung3 lyk8,converted,"(archaic, sarcastic) salary of an official"
負債,hô-cái,hu7 zai3,converted,to owe a debt
腐箸,hô-dê̤ṳ,hu7 dy7,converted,dried beancurd strips in sticks or rolls
互相,hô-siōng,hu7 siong2,converted,mutually; each other; one another
奉教,hông-gáu,hung7 gau3,converted,to receive instructions; to accept guidance
奉教堂,hông-gáu-dòng,hung7 gau3 dong5,converted,church
湖鰍,hù-chiŭ,hu5 ciu1,converted,loach
胡椒,hù-ciĕu,hu5 zieu1,converted,"pepper, especially black pepper both the plant and the spice"
胡椒餅,hù-ciĕu-biāng,hu5 zieu1 biang2,converted,hujiao bing; pepper bun a Chinese snack
蝴蝶,hù-diĕk,hu5 diek8,converted,butterfly (classifier: 隻)
符號,hù-hô̤,hu5 ho7,converted,mark; symbol; sign
呼籲,hù-iŏh,hu5 ioh8,converted,to appeal; to call for something to be done
狐狸,hù-lì,hu5 li5,converted,fox
狐狸精,hù-lì-ciăng,hu5 li5 ziang1,converted,(Chinese mythology) hulijing; fox spirit
葫蘆,hù-lù,hu5 lu5,converted,瓜 bottle gourd; calabash
葫蘆瓠,hù-lù-bù,hu5 lu5 bu5,converted,bottle gourd; calabash
呼吸,hù-ngék,hu5 ngik4,converted,"to breathe; to exhale and inhale; ⟨sometimes, specifically⟩ to breathe in; to inhale"
和尚,hù-siông,hu5 siong7,converted,(Buddhism) preceptor; high priest; head monk
湖色,hù-sáik,hu5 sek4,converted,light green
芙蓉,hù-ṳ̀ng,hu5 yng5,converted,lotus Nelumbo nucifera species
洪災,hùng-căi,hung5 zai1,converted,flood usually disastrous overflow from a body of water
渾化,hùng-huá,hung5 hua3,converted,"careless, sloppy, lackadaisical"
焚化,hùng-huá,hung5 hua3,converted,to cremate; to incinerate a body
墳墓,hùng-muó,hung5 muo3,converted,grave; tomb (classifier: 座)
雲霄,hùng-siĕu,hung5 sieu1,converted,(poetic) sky; heavens
海冰,hāi-bĭng,hai2 bing1,converted,sea ice
海賊,hāi-chĕk,hai2 cek8,converted,pirate
海水,hāi-cūi,hai2 zui2,converted,seawater; ocean water
海帶,hāi-dái,hai2 dai3,converted,kelp; seaweed (Saccharina japonica)
海底摸針,hāi-dā̤-muŏ-cĕng,hai2 de2 muo1 zeng1,converted,to look for a needle in a haystack
海墘,hāi-gièng,hai2 gieng5,converted,seashore; beach; waterfront
海角,hāi-gáe̤k,hai2 goek4,converted,(landforms) cape; promontory
海軍航空兵,hāi-gŭng hòng-kŭng bĭng,hai2 gung1 hong5 kung1 bing1,converted,navy aircraft pilot; naval aviator
海防,hāi-huòng,hai2 huong5,converted,coastal defense
海亂,hāi-lóng,hai2 lung3,converted,tsunami
海灘,hāi-lăng,hai2 lang1,converted,beach on a coast
海馬,hāi-mā,hai2 ma2,converted,sea horse
海外,hāi-nguôi,hai2 nguoi7,converted,overseas; abroad
海陂,hāi-piĕk,hai2 piek8,converted,beach on a coast
海苔,hāi-tì,hai2 ti5,converted,"nori Pyropia yezoensis, especially in its dried and processed form"
海碗,hāi-uāng,hai2 uang2,converted,very big bowl
海味,hāi-ê,hai2 i7,converted,seafood especially delicacies
合掌瓜,hăk-ciōng-guă,hak8 ziong2 gua1,converted,chayote
合金,hăk-gĭng,hak8 ging1,converted,alloy metal combined of two or more elements
哮喘,hău-chuāng,hau1 cuang2,converted,(diseases) asthma
或者,hĕ̤k-ciā,hoek8 zia2,converted,or
烘火,hĕ̤ng-huōi,hoeng1 huoi2,converted,to warm oneself by a fire
許隻,hī-ciáh,hi2 ziah4,converted,that; that one
許塊,hī-dó̤i,hi2 doi3,converted,there
喜筵,hī-iòng,hi2 iong5,converted,banquet for a happy event typically a wedding feast
喜樂,hī-lŏk,hi2 lok8,converted,joyful; cheerful
許𣆯,hī-òng,hi2 ong5,converted,at that time; in those days; back then
嘻哈,hĭ-hă,hi1 ha1,converted,(music) hip-hop
嬉遊,hĭ-iù,hi1 iu5,converted,to amuse oneself; to play; to have fun
希望,hĭ-uông,hi1 uong7,converted,hope; wish feeling of desire for something to happen
興化巾,hĭng-huá-gṳ̆ng,hing1 hua3 gyng1,converted,a traditional woven hand towel produced in Putian formerly Xinghua Prefecture
興化兄,hĭng-huá-hiăng,hing1 hua3 hiang1,converted,(jocular) a person from Putian formerly Xinghua Prefecture
好朋友,hō̤-bèng-īu,ho2 beng5 iu2,converted,good friend; best friend
好看,hō̤-káng,ho2 kang3,converted,good-looking; beautiful; pretty
好命,hō̤-miâng,ho2 miang7,converted,having a fortunate life; having a lucky life
好疼,hō̤-tiáng,ho2 tiang3,converted,very painful
好天,hō̤-tiĕng,ho2 tieng1,converted,fine day; day of lovely weather
學堂,hŏk-dòng,hok8 dong5,converted,(historical) old-style private school
學費,hŏk-hié,hok8 hie3,converted,tuition fee; tuition
學校,hŏk-hâu,hok8 hau7,converted,(countable) school
學名,hŏk-miàng,hok8 miang5,converted,(biology) scientific name Latinised name given to a species according to the rules of binomial nomenclature
學生,hŏk-sĕng,hok8 seng1,converted,student; pupil
學習,hŏk-sĭk,hok8 sik8,converted,to study; to learn; to acquire knowledge
核桃,hŏk-tò̤,hok8 to5,converted,walnut nut
學位,hŏk-ôi,hok8 ui7,converted,academic degree
薰筒,hŏng-dè̤ng,hong1 doeng5,converted,tobacco pouch; long-stemmed pipe
薰囝,hŏng-giāng,hong1 giang2,converted,cigarette
薰囝灰,hŏng-giāng-hŭ,hong1 giang2 hu1,converted,cigarette ash
薰囝盒,hŏng-giāng-ăk,hong1 giang2 ak8,converted,cigarette case
薰具,hŏng-gê̤ṳ,hong1 gy7,converted,tools for smoking tobacco products
薰膏,hŏng-gŏ̤,hong1 go1,converted,prepared opium paste
薰油,hŏng-ièu,hong1 ieu5,converted,tobacco or cigarette tar
薰癮,hŏng-ngiéng,hong1 ngieng3,converted,urge to smoke cigarettes; one's cigarette habit; tobacco addiction
薰箬,hŏng-niŏh,hong1 nioh8,converted,tobacco leaf
薰屎,hŏng-sāi,hong1 sai2,converted,cigarette ash
琥珀,hū-páe̤k,hu2 poek4,converted,amber
誹謗,hūi-báung,hui2 bong3,converted,to slander; to vilify; to libel; to defame
哄騙,hūng-piéng,hung2 pieng3,converted,to dupe; to hoodwink; to take someone for a ride
粉絲,hūng-sĭ,hung2 si1,converted,cellophane noodles; Chinese vermicelli transparent noodle made from starch
夫妻,hŭ-chă̤,hu1 ce1,converted,husband and wife; married couple (classifier: 對)
佛祖,hŭk-cū,huk8 zu2,converted,(Buddhism) founder of a Buddhist sect
佛教,hŭk-gáu,huk8 gau3,converted,Buddhism
佛法,hŭk-huák,huk8 huak4,converted,Buddhist doctrine; dharma; Buddha's teachings; Buddha-dharma
服事,hŭk-sê̤ṳ,huk8 sy7,converted,alternative form of 服侍 (to wait on; to attend to)
佛跳牆,hŭk-tiéu-chiòng,huk8 tieu3 ciong5,converted,"Buddha Jumps Over the Wall, a type of shark fin soup from Fujian cuisine"
復活,hŭk-uăk,huk8 uak8,converted,(ergative) to come back to life; to bring back to life; to revive; to resurrect
服務,hŭk-ô,huk8 u7,converted,"(countable, uncountable) service"
分別,hŭng-biék,hung1 biek4,converted,to part; to leave each other
分佈,hŭng-buó,hung1 buo3,converted,(intransitive) to be distributed; to be dispersed; to be scattered
風水,hŭng-cūi,hung1 zui2,converted,(literally) wind and water; wind and rain
分鐘,hŭng-cṳ̆ng,hung1 zyng1,converted,minute
豐澤,hŭng-dĕk,hung1 dek8,converted,abundant rainfall
風囝,hŭng-giāng,hung1 giang2,converted,breeze
風景,hŭng-gīng,hung1 ging2,converted,scenery; landscape; view; scene
分享,hŭng-hiōng,hung1 hiong2,converted,"to share information, benefits, rights, joy, etc."
風蚊,hŭng-muòng,hung1 muong5,converted,mosquito
豐饒,hŭng-ngièu,hung1 ngieu5,converted,rich and fertile; fruitful; productive
風軟,hŭng-niōng,hung1 niong2,converted,(pathology) to suffer from paralysis; to be paralyzed
風篷,hŭng-pùng,hung1 pung5,converted,sail
風扇,hŭng-siéng,hung1 sieng3,converted,(historical) human-powered fan made of cloth
風箱,hŭng-suŏng,hung1 suong1,converted,bellows
分析,hŭng-sék,hung1 sik4,converted,to analyze; to review
風俗,hŭng-sṳ̆k,hung1 syk8,converted,social custom; practice; cultural habit
雄性,hṳ̀ng-séng,hyng5 sing3,converted,male gender
許願,hṳ̄-nguông,hy2 nguong7,converted,to make a vow to the gods
胸部,hṳ̆ng-buô,hyng1 buo7,converted,(anatomy) chest; thorax
胸膛,hṳ̆ng-dòng,hyng1 dong5,converted,chest; thorax
椰子,ià-cī,ia5 zi2,converted,coconut
夜班,iâ-băng,ia7 bang1,converted,night shift
移動,iè-dông,ie5 dung7,converted,mobile; movable
圓桌,ièng-dó̤h,ieng5 doh4,converted,round table
炎炎,ièng-ièng,ieng5 ieng5,converted,flaming; burning
炎熱,ièng-iĕk,ieng5 iek8,converted,(of weather) extremely hot; blistering hot; scorching; blazing; sweltering
燕皮,iéng puòi,ieng3 puoi5,converted,yanpi a wonton wrapper made out of ground meat and starch
燕鳥,iéng-cēu,ieng3 zeu2,converted,swallow bird
要緊,iéu-gīng,ieu3 ging2,converted,important; pressing; urgent
䆊種,iê-cṳ̄ng,ie7 zyng2,converted,to sow seeds
鉛筆,iòng-bék,iong5 bik4,converted,"pencil; lead pencil (classifier: 枝, 支, 根)"
鉛筆𢯽,iòng-bék-chó̤,iong5 bik4 co3,converted,"eraser, rubber"
蠟燭,iòng-ciók,iong5 ziok4,converted,candle
羊角,iòng-gáe̤k,iong5 goek4,converted,ram's horns
羊公,iòng-gē̤ng,iong5 goeng2,converted,ram; male goat
羊眩,iòng-hìng,iong5 hing5,converted,(medicine) epilepsy
洋灰,iòng-hŭi,iong5 hui1,converted,(dated) cement
洋油,iòng-iù,iong5 iu5,converted,(dated) kerosene
楊梅,iòng-muòi,iong5 muoi5,converted,"yangmei, Chinese bayberry, red bayberry, yumberry, waxberry, Chinese strawberry Myrica rubra species ⇒ Morella rubra species, a Chinese fruit"
楊梅瘡,iòng-mùi-chŏng,iong5 mui5 cong1,converted,syphilis
羊母,iòng-mō̤,iong5 mo2,converted,ewe
洋船,iòng-sùng,iong5 sung5,converted,(dated) steamship; steamer
筵席,iòng-sĭk,iong5 sik8,converted,mat for sitting
楊桃,iòng-tò̤,iong5 to5,converted,carambola (Averrhoa carambola species)
然後,iòng-âu,iong5 au7,converted,then; after that; afterwards; and
樣式,iông-sék,iong7 sik4,converted,type; style; pattern
油漆,iù-chék,iu5 cik4,converted,paint
油甜苞,iù-diĕng-báu,iu5 dieng1 bau3,converted,corn; maize
郵件,iù-giông,iu5 giong7,converted,"mail; item of post (classifier: 封, 件, 個)"
郵局,iù-guŏk,iu5 guok8,converted,post office
遊戲,iù-hié,iu5 hie3,converted,"game playful or competitive activity, except sport"
魷魚,iù-ngṳ̀,iu5 ngy5,converted,squid (classifier: 隻)
郵票,iù-piéu,iu5 pieu3,converted,(countable) postage stamp
油船,iù-sùng,iu5 sung5,converted,tanker vessel
油污,iù-ŭ,iu5 u1,converted,greasy dirt
野囝,iā-giāng,ia2 giang2,converted,naughty child
野講,iā-gōng,ia2 gong2,converted,"to tell a lie, to lie"
野燕,iā-iéng,ia2 ieng3,converted,bat small flying mammal of order Chiroptera order
野貓,iā-mà,ia2 ma5,converted,wildcat
野濟,iā-sâ̤,ia2 se7,converted,many; a lot
野獸,iā-séu,ia2 siu3,converted,wild animal; wild beast
野行,iā-òng,ia2 ong5,converted,for a long time
椅囝,iē-giāng,ie2 giang2,converted,chair
椅靠,iē-kó̤,ie2 ko3,converted,back of a chair; backrest
椅𩩍,iē-piăng,ie2 piang1,converted,back of a chair; backrest
椅頭,iē-tàu,ie2 tau5,converted,small seat; stool; bench
演化,iēng-huá,ieng2 hua3,converted,to evolve
熱水器,iĕk-cūi-ké,iek8 zui2 ki3,converted,hot water heater for domestic use; geyser
熱水壺,iĕk-cūi-ù,iek8 zui2 u5,converted,thermos; vacuum flask
熱天,iĕk-tiĕng,iek8 tieng1,converted,hot day
煙筒,iĕng-dè̤ng,ieng1 doeng5,converted,chimney; stovepipe; smokestack
閹人,iĕng-ìng,ieng1 ing5,converted,(derogatory) castrated person; castrate
腰子,iĕu-chī,ieu1 ci2,converted,"kidney especially of an animal, used as food"
腰帶,iĕu-dái,ieu1 dai3,converted,(waist) belt; girdle
藥店,iŏh-dáing,ioh8 deng3,converted,chemist store; drugstore; pharmacy
藥粉,iŏh-hūng,ioh8 hung2,converted,medicinal powder
若是,iŏk-sê,iok8 si7,converted,if; supposing
騎背,kià-buôi,kia5 buoi7,converted,out of luck; in an unlucky situation
騎馬,kià-mā,kia5 ma2,converted,to ride a horse; to be on horseback
䀹相,kiák-sióng,kiak4 siong3,converted,to take a picture; to photograph
䀹相機,kiák-sióng-gĭ,kiak4 siong3 gi1,converted,camera
契弟,kié-diê,kie3 die7,converted,(literally) blood brother; sworn brother
契囝,kié-giāng,kie3 giang2,converted,godson
契哥,kié-gŏ̤,kie3 go1,converted,blood brother; sworn (elder) brother
企業,kié-ngiĕk,kie3 ngiek8,converted,enterprise; firm; company; business; corporate
企鵝,kié-ngò̤,kie3 ngo5,converted,penguin
缺喙,kiék-chói,kiek4 cui3,converted,harelip
缺嘴,kiék-chói,kiek4 cui3,converted,harelip
欠債,kiéng-cái,kieng3 zai3,converted,to be in debt; to owe a debt
欠數,kiéng-só,kieng3 su3,converted,to owe debt
徛裡,kiê-diē,kie7 die2,converted,"modest, self-effacing, conservative"
奇日,kiă-nĭk,kia1 nik8,converted,odd-numbered day in the traditional Chinese calendar
啟明,kiē-mìng,kie2 ming5,converted,enlightened; intelligent; open-minded; understanding
丘八,kiŭ-báik,kiu1 bek4,converted,"(slang, derogatory) soldier"
環境,kuàng-gīng,kuang5 ging2,converted,"environment place in which people, animals and plants live; surroundings"
快熟麵,kuái-sṳ̆k-miêng,kuai3 syk8 mieng7,converted,instant noodle
瘸跤,kuò-kă,kuo5 ka1,converted,lame; crippled
楻齋,kuòng-că̤,kuong5 ze1,converted,manage a school
狂眠,kuòng-mìng,kuong5 ming5,converted,to talk in one's sleep; to sleeptalk
楻桶,kuòng-tē̤ng,kuong5 toeng2,converted,"large wooden barrel, used for threshing or grain storage"
課本,kuó-buōng,kuo3 buong2,converted,textbook
曲尺,kuóh-chióh,kuoh4 cioh4,converted,carpenter's square
曲蹄,kuóh-dà̤,kuoh4 de5,converted,"(ethnic slur) Fuzhou Tanka, Fuzhou boat people traditionally boat-dwelling people in Fuzhou"
勸酒,kuóng-ciū,kuong3 ziu2,converted,to urge somebody to drink alcoholic beverage (at a banquet etc)
勸世文,kuóng-sié-ùng,kuong3 sie3 ung5,converted,(Buddhism) admonitions for the age; moral essay
誇喙,kuă-chói,kua1 cui3,converted,to brag; to boast; to talk big
寬心,kuăng-sĭng,kuang1 sing1,converted,to relieve anxieties; to put one's mind at rest
曠野,kuōng-iā,kuong2 ia2,converted,wilderness
蝌蚪,kuŏ-dēu,kuo1 deu2,converted,tadpole toad or frog larva
科舉,kuŏ-gṳ̄,kuo1 gy2,converted,(historical) Chinese imperial examination
科學,kuŏ-hŏk,kuo1 hok8,converted,(uncountable) science
盔甲,kuŏi-gák,kuoi1 gak4,converted,armour; body armour and helmet
客佻,káh-dièu,kah4 dieu5,converted,to play
客佻乇,káh-dièu-nó̤h,kah4 dieu5 noh4,converted,toy
客店,káh-dáing,kah4 deng3,converted,inn; tavern; roadhouse
拾囝婆,káh-giāng-bò̤,kah4 giang2 bo5,converted,midwife female only
客家,káh-gă,kah4 ga1,converted,(attributive) Hakka
客氣,káh-ké,kah4 ki3,converted,to be polite; to behave in a courteous manner
客話,káh-uâ,kah4 ua7,converted,Cantonese Chinese lect
看見,káng-giéng,kang3 gieng3,converted,(transitive) to see; to sight
看脈,káng-măh,kang3 mah8,converted,to take someone's pulse
確實,káuk-sĭk,kok4 sik8,converted,certain; true; real
炕床,káung-chòng,kong3 cong5,converted,northern Chinese-style heatable brick bed
睏晝,káung-dáu,kong3 dau3,converted,to take an afternoon nap; to take a nap after lunch
困窮,káung-gṳ̀ng,kong3 gyng5,converted,impoverished; destitute; poverty-stricken
睏𣍐著,káung-mâ̤-duŏk,kong3 me7 duok8,converted,to be unable to sleep
睏眠,káung-mìng,kong3 ming5,converted,sleep
睏衣裳,káung-ĭ-siòng,kong3 i1 siong5,converted,pyjamas; pajamas
傒勢,ká̤-sié,ke3 sie3,converted,why; for what reason
氣死,ké sī,ki3 si2,converted,(intransitive) to be extremely annoyed; to be angry; to be mad
汽車,ké-chiă,ki3 cia1,converted,automobile; motor vehicle; car
汽車路,ké-chiă-luô,ki3 cia1 luo7,converted,highway; road
氣球,ké-giù,ki3 giu5,converted,balloon
器官,ké-guăng,ki3 guang1,converted,"(medicine, biology) organ"
棄嫌,ké-hièng,ki3 hieng5,converted,to avoid and dislike; to cold-shoulder; to shun
氣候,ké-hâiu,ki3 heu7,converted,climate an area's typical weather pattern
氣體,ké-tā̤,ki3 te2,converted,gas matter in an intermediate state between liquid and plasma
汽油,ké-ìu,ki3 iu5,converted,petrol; gasoline
吃虧,kék-kŭi,kik4 kui1,converted,to suffer losses
柿餅,kê-biāng,ki7 biang2,converted,dried persimmon; persimmon cake
傾酒,kìng-ciēu,king5 zieu2,converted,to pour an alcoholic beverage
傾茶,kìng-dà,king5 da5,converted,to pour tea
鉗囝,kìng-giāng,king5 giang2,converted,pliers; pincers
褲跤,kó-kă,ku3 ka1,converted,pant leg; trouser leg either of the legs of a pair of trousers
褲頭,kó-tàu,ku3 tau5,converted,underpants; undershorts
控告,kóng-gó̤,kung3 go3,converted,to accuse (somebody of doing something); to make a complaint (regarding someone's behaviour); to charge (someone) with an offence; to formally accuse (someone of a crime); to indict; to prosecute; to sue (someone); to bring a lawsuit (against someone)
𣹇淺,kó̤-chiēng,ko3 cieng2,converted,to run aground; to be stranded
砍樹,kāng-chéu,kang2 ciu3,converted,to chop down trees; to chop wood
檻門,kāng-muòng,kang2 muong5,converted,window
檻門窗,kāng-muòng-chŏng,kang2 muong5 cong1,converted,window
檻門囝,kāng-muòng-giāng,kang2 muong5 giang2,converted,window
檻門囟,kāng-muòng-séng,kang2 muong5 sing3,converted,fontanelle
檻囟,kāng-séng,kang2 sing3,converted,fontanelle
跤腹頭,kă-bók-tàu,ka1 buk4 tau5,converted,knee
跤手,kă-chiū,ka1 ciu2,converted,hands and feet
跤跡,kă-ciáh,ka1 ziah4,converted,footprint; footmark; track
跤掌甲,kă-ciēng-gák,ka1 zieng2 gak4,converted,toenail
跤指,kă-cāi,ka1 zai2,converted,toe
跤爪,kă-cāu,ka1 zau2,converted,claw; paw
跤踏車,kă-dăk-chiă,ka1 dak8 cia1,converted,bicycle
跤肚,kă-dū,ka1 du2,converted,calf of the leg
跤肚囝,kă-dū-giāng,ka1 du2 giang2,converted,calf of the leg
跤鏡,kă-giáng,ka1 giang3,converted,(skeleton) kneecap; patella
跤球,kă-giù,ka1 giu5,converted,football; soccer
跤甲,kă-gák,ka1 gak4,converted,toenail
跤面,kă-méng,ka1 ming3,converted,instep part of the foot
跤蹬,kă-tăng,ka1 tang1,converted,(anatomy) heel
跤腿,kă-tōi,ka1 toi2,converted,leg
跤後蹬,kă-âu-tăng,ka1 au7 tang1,converted,(anatomy) heel
開水,kăi-cūi,kai1 zui2,converted,boiled water
開始,kăi-sṳ̄,kai1 sy2,converted,to start; to begin; to commence
摳氣,kău-ké,kau1 ki3,converted,"annoying, bothersome, troublesome"
溪水,kă̤-cūi,ke1 zui2,converted,creek water; creek
溪墘,kă̤-gièng,ke1 gieng5,converted,riverside; riverbank
犬囝,kēng-giāng,keng2 giang2,converted,puppy
犬囝囝,kēng-giāng-giāng,keng2 giang2 giang2,converted,extremely young puppy
犬角,kēng-gáe̤k,keng2 goek4,converted,male dog
犬公,kēng-gē̤ng,keng2 goeng2,converted,male dog
犬港,kēng-gē̤ng,keng2 goeng2,converted,male dog
犬雄,kēng-hṳ̀ng,keng2 hyng5,converted,male dog
犬尾秮,kēng-muōi-dăi,keng2 muoi2 dai1,converted,foxtail millet Setaria italica species
犬母,kēng-mō̤,keng2 mo2,converted,female dog
犬宿,kēng-siéu,keng2 sieu3,converted,kennel; doghouse
犬豚囝,kēng-tòng-giāng,keng2 tong5 giang2,converted,half-grown puppy that has been raised for a while after weaning
口罩,kēu-dáu,keu2 dau3,converted,surgical mask; gauze mask worn over nose and mouth (classifier: 個)
口訣,kēu-giók,keu2 giok4,converted,(religion) orally transmitted esoteric teachings in Buddhism and Taoism
口角,kēu-gáe̤k,keu2 goek4,converted,corner of the mouth
牽手,kĕng-chiū,keng1 ciu2,converted,to hold hands; to lead by the hand
牽連,kĕng-lièng,keng1 lieng5,converted,to involve in trouble; to implicate
牽絲爿,kĕng-sĭ-bèng,keng1 si1 beng5,converted,(Xianyou) 糹
起手,kī-chiēu,ki2 cieu2,converted,to put one's hand to; to set about
起厝,kī-chuó,ki2 cuo3,converted,to build a house
齒座,kī-cô̤,ki2 zo7,converted,gum flesh around teeth
起早,kī-cā,ki2 za2,converted,to wake up early
起早頭,kī-cā-tàu,ki2 za2 tau5,converted,early morning
起動,kī-dâe̤ng,ki2 doeng7,converted,"to start (a machine, an engine etc.); to boot; to switch on (a system)"
起花光,kī-huă-guŏng,ki2 hua1 guong1,converted,to become angry; to fly into a rage
起跤動手,kī-kă-daê̤ng-chiū,ki2 ka1 doeng7 ciu2,converted,to come to blows
起五更早,kī-ngô-găng-cā,ki2 ngu7 gang1 za2,converted,to get up very early; to wake up very early
起先,kī-sĕng,ki2 seng1,converted,initially; from the outset; at first
起始,kī-sṳ̄,ki2 sy2,converted,to originate; to stem from; to initiate
起頭,kī-tàu,ki2 tau5,converted,to take the lead; to show initiative; to be the first; to set an example
起頭先,kī-tàu-sĕng,ki2 tau5 seng1,converted,beginning
崎嶇,kĭ-kṳ̆,ki1 ky1,converted,"(of terrain, road, etc.) rugged; craggy; uneven"
欺騙,kĭ-piéng,ki1 pieng3,converted,(transitive) to deceive; to cheat; to swindle; to defraud
輕賤,kĭng-ciêng,king1 zieng7,converted,mean and worthless; humble; lowly
輕浮,kĭng-pèu,king1 peu5,converted,frivolous; flippant
慷慨,kōng-kái,kong2 kai3,converted,impassioned; vehement; fervent
可惡,kō̤ ó,ko2 u3,converted,repulsive; vile; abominable
考書,kō̤-cṳ̆,ko2 zy1,converted,to take a test; to sit for an examination
考場,kō̤-diòng,ko2 diong5,converted,examination hall; test room
考卷,kō̤-guóng,ko2 guong3,converted,examination paper; exam paper
可靠,kō̤-kó̤,ko2 ko3,converted,dependable; reliable
可憐,kō̤-lèng,ko2 leng5,converted,to have pity on; to pity
可樂,kō̤-lŏ̤h,ko2 loh8,converted,"cola, including coke and pepsi kind of soft drink"
可能,kō̤-nèng,ko2 neng5,converted,possible; probable; likely
可惜,kō̤-sék,ko2 sik4,converted,regrettable; too bad; a pity; a shame
考試,kō̤-sé̤ṳ,ko2 sy3,converted,test (of a person's proficiency or knowledge); examination; exam
可以,kō̤-ī,ko2 i2,converted,can; may
康健,kŏng-giông,kong1 giong7,converted,(of a person) healthy free from disease or disorder; good; well
昆蟲,kŏng-tṳ̀ng,kong1 tyng5,converted,insect
苦瓜,kū-guă,ku2 gua1,converted,bitter melon; bitter gourd
孔毛,kūng-mò̤,kung2 mo5,converted,fine human body hair; down
開齋,kŭi-că̤,kui1 ze1,converted,(religion) to resume a meat diet
開斗,kŭi-dāu,kui1 dau2,converted,open crotch in pants
開斗褲,kŭi-dāu-kó,kui1 dau2 ku3,converted,open-crotch pants (usually for toddlers)
開花,kŭi-huă,kui1 hua1,converted,to blossom; to bloom; to flower
開票,kŭi-piéu,kui1 pieu3,converted,to open ballot boxes; to count votes
開聲,kŭi-siăng,kui1 siang1,converted,to utter; to start speaking
空調,kŭng-dièu,kung1 dieu5,converted,"(mainland, countable) air conditioner"
空虛,kŭng-hṳ̆,kung1 hy1,converted,hollow; empty
空氣,kŭng-ké,kung1 ki3,converted,(meteorology) air
芹菜,kṳ̀ng-chái,kyng5 cai3,converted,"celery, especially the Chinese celery (Apium graveolens var. secalinum)"
勤儉,kṳ̀ng-giêng,kyng5 gieng7,converted,hardworking and thrifty
恐怖,kṳ̄ng-buó,kyng2 buo3,converted,terrifying; dreadful; horrific; frightening
恐龍,kṳ̄ng-lṳ̀ng,kyng2 lyng5,converted,dinosaur animal of the clade Dinosauria
區區,kṳ̆-kṳ̆,ky1 ky1,converted,insignificant; trifling; small; negligible
區域,kṳ̆-ṳ̆k,ky1 yk8,converted,zone; region; area; district (classifier: 片)
亮線,liáng-siáng,liang3 siang3,converted,lightning
離間,liè-gáng,lie5 gang3,converted,to sow discord; to drive a wedge between; to set one party against another
聯邦,lièng-băng,lieng5 bang1,converted,federal state; federation; commonwealth; union array of states unified under one central authority
連坐,lièng-cô̤,lieng5 zo7,converted,to be punished for being related to or friendly with somebody who has committed an offense; to implement collective punishment; to implement punishment by association
蓮子,lièng-cī,lieng5 zi2,converted,lotus seed
鐮刀,lièng-dŏ̤,lieng5 do1,converted,sickle
蓮花,lièng-huă,lieng5 hua1,converted,lotus Nelumbo nucifera species
聯合,lièng-hăk,lieng5 hak8,converted,to unite; to forge an alliance; to team up; to band together
連刻,lièng-káik,lieng5 kek4,converted,just; just now; a moment ago
聯絡,lièng-lŏk,lieng5 lok8,converted,to get in touch with; to contact
聯盟,lièng-mèng,lieng5 meng5,converted,union; alliance; coalition; league
連眼,lièng-ngāng,lieng5 ngang2,converted,just; just now; a moment ago
蓮蓬,lièng-pùng,lieng5 pung5,converted,lotus seedpod (the receptacle of lotus)
連勢,lièng-sié,lieng5 sie3,converted,incidentally; conveniently; in passing
連讀,lièng-tĕ̤k,lieng5 toek8,converted,"(linguistics) to read two or more words or syllables together, especially as a contraction"
荔枝,lié-ciĕ,lie3 zie1,converted,lychee Litchi chinensis species
詈罵,lié-má,lie3 ma3,converted,to scold; to shout curses; to hurl abuses
離別,liê-biĕk,lie7 biek8,converted,to leave; to go away from; to part with; to part; to separate
糧草,liòng-chō̤,liong5 co2,converted,rations; provisions
涼茶,liòng-dà,liong5 da5,converted,Chinese herb tea; medicinal herb tea
涼風,liòng-hŭng,liong5 hung1,converted,cool breeze
龍船,liòng-sùng,liong5 sung5,converted,dragon boat
琉璃,liù-liè,liu5 lie5,converted,"(originally) a kind of blue and translucent natural precious stone, probably lapis lazuli (however, lapis lazuli is opaque)"
領針,liāng-cĕng,liang2 zeng1,converted,(safety) pin
領事,liāng-sê̤ṳ,liang2 sy7,converted,"(countable, diplomacy) consul"
領事館,liāng-sê̤ṳ-guāng,liang2 sy7 guang2,converted,consulate
領頭,liāng-tàu,liang2 tau5,converted,to take the lead; to show initiative; to be the first; to set an example
兩敗俱傷,liōng-bài-gê̤ṳ-siŏng,liong2 bai5 gy7 siong1,converted,both sides suffer; everyone loses; neither side wins
兩儀,liōng-ngì,liong2 ngi5,converted,(Chinese philosophy) heaven and earth
綠色,luŏh-sáik,luoh8 sek4,converted,the color green
鯪鯉,là-lī,la5 li2,converted,pangolin
雷公,lài-gŭng,lai5 gung1,converted,(Chinese mythology) god of thunder
雷公響,lài-gŭng hiōng,lai5 gung1 hiong2,converted,to rumble with thunder; to thunder
來往,lài-uōng,lai5 uong2,converted,to come and go
兩晡頭,làng-buŏ-tàu,lang5 buo1 tau5,converted,evening; night
籃球,làng-giù,lang5 giu5,converted,basketball sport in which two opposing teams of five players strive to put a ball through a hoop
欄杆,làng-găng,lang5 gang1,converted,railing; handrail; banister
蘭花,làng-huă,lang5 hua1,converted,"orchid, especially cymbidium"
蘭學,làng-hŏk,lang5 hok8,converted,"(historical) rangaku, the Japanese study of Western knowledge."
襤褸,làng-lṳ̄,lang5 ly2,converted,(of clothes) tattered; ragged; shabby
藍尾星,làng-muōi-sĭng,lang5 muoi2 sing1,converted,firefly
藍色,làng-sáik,lang5 sek4,converted,blue color
樓頂,làu-dīng,lau5 ding2,converted,rooftop of a (tall) building
流汗,làu-gâng,lau5 gang7,converted,(intransitive) to sweat to emit sweat; to perspire
樓梯,làu-tăi,lau5 tai1,converted,stairs; staircase
樓下,làu-â,lau5 a7,converted,downstairs
弄弊,lâe̤ng-bê,loeng7 bi7,converted,to practice fraud; to cheat
弄弄,lâe̤ng-lâe̤ng,loeng7 loeng7,converted,"alley, small lane, hutong"
弄頭,lâe̤ng-tàu,loeng7 tau5,converted,"alley, lane, hutong"
料酒,lâiu-ciū,leu7 ziu2,converted,"liaojiu a low grade of Chinese huangjiu, which often contains additional ingredients such as spices and salt, and is often used for cooking"
濫𡞟,lâng-buâng,lang7 buang7,converted,"dirty of clothes, etc."
兩點,lâng-dēng,lang7 deng2,converted,two o'clock
兩個聲,lâng-gá-siăng,lang7 ga3 siang1,converted,"A non-native Fuzhounese person, or someone who is unable to speak Fuzhou dialect natively/fluently."
爛泥,lâng-nà̤,lang7 ne5,converted,mud; slush; ooze; mire
老公,lâu-gŭng,lau7 gung1,converted,husband
老公媽,lâu-gŭng-mā,lau7 gung1 ma2,converted,husband and wife; married couple
老虎,lâu-hū,lau7 hu2,converted,tiger
老虎囝,lâu-hū-giāng,lau7 hu2 giang2,converted,silkworm chrysalis
老虎母,lâu-hū-mō̤,lau7 hu2 mo2,converted,tigress
老媽,lâu-mā,lau7 ma2,converted,(endearing) mum; mother; my old mum
老人,lâu-nè̤ng,lau7 noeng5,converted,old person; the old; the elderly
老婆,lâu-pò̤,lau7 po5,converted,wife
老蛇,lâu-siè,lau7 sie5,converted,snake; serpent
卵包,lâung-bău,long7 bau1,converted,poached egg; fried egg (without breaking yolk)
卵清,lâung-cĭng,long7 zing1,converted,(archaic) egg white
論壇,lâung-dàng,long7 dang5,converted,forum place for discussion; tribune
卵糕,lâung-gŏ̤,long7 go1,converted,cake
卵黃,lâung-uòng,long7 uong5,converted,egg yolk
論文,lâung-ùng,long7 ung5,converted,thesis; dissertation; paper
菱角,lèng-gáe̤k,leng5 goek4,converted,water caltrop
龍眼,lèng-ngēng,leng5 ngeng2,converted,longan
驢囝,lè̤-giāng,loe5 giang2,converted,donkey foal
驢港,lè̤-gē̤ng,loe5 goeng2,converted,male donkey
驢母,lè̤-mō̤,loe5 mo2,converted,female donkey
利錢,lé-cièng,li3 zieng5,converted,(finance) interest on an investment
仂滴,lék-dék,lik4 dik4,converted,a little
楞蟶,léng-dĕng,ling3 deng1,converted,naughty; mischievous
利害,lê-hâi,li7 hai7,converted,profits and losses
𡳞核,lêng-hŏk,ling7 hok8,converted,testicle
𡳞脬,lêng-pă,ling7 pa1,converted,scrotum
狸貓,lì-mà,li5 ma5,converted,leopard cat (Prionailurus bengalensis species)
靈牌,lìng-bà̤,ling5 be5,converted,spirit tablet
林地蘑菇,lìng-dê-mò̤-gŭ,ling5 di7 mo5 gu1,converted,scaly wood mushroom (Agaricus silvaticus)
靈魂,lìng-hùng,ling5 hung5,converted,soul; spirit
羚羊,lìng-iòng,ling5 iong5,converted,antelope (classifier: 隻)
伶俐,lìng-lê,ling5 li7,converted,clever; bright; smart
伶落,lìng-lŏ̤h,ling5 loh8,converted,diligent; hardworking
䐯鳥,lòi-cēu,loi5 zeu2,converted,penis; dick
螺絲,lòi-sĭ,loi5 si1,converted,screw construction accessory
螺絲絞,lòi-sĭ-gā,loi5 si1 ga2,converted,screwdriver
癆病,lò̤-bâng,lo5 bang7,converted,tuberculosis especially pulmonary tuberculosis
勞動,lò̤-dông,lo5 dung7,converted,physical work; toil
勞工,lò̤-gĕ̤ng,lo5 goeng1,converted,laborer; manual worker
牢牢,lò̤-lò̤,lo5 lo5,converted,firm
撈麵,lò̤-miêng,lo5 mieng7,converted,to blanch noodles
羅馬字,lò̤-mā-cê,lo5 ma2 zi7,converted,the Latin alphabet; roman letters
露水,ló-cūi,lu3 zui2,converted,dew
鷺鷥,lô-sĭ,lu7 si1,converted,little egret Egretta garzetta species
蘆筍,lô-sūng,lu7 sung2,converted,reed shoot
類別,lôi-biék,lui7 biek4,converted,category; sort; kind; class
蘆草,lù-chāu,lu5 cau2,converted,common reed Phragmites genus
鸕鶿,lù-cṳ̀,lu5 zy5,converted,cormorant
輪子,lùng-cṳ̄,lung5 zy2,converted,wheel
輪輪,lùng-lùng,lung5 lung5,converted,wheel
喇叭,lā-pá,la2 pa3,converted,(musical instrument) horn; trumpet
瀾遮,lāng-ciă,lang2 zia1,converted,bib item of clothing for babies
懶漢,lāng-háng,lang2 hang3,converted,lazybones; lazy person; sluggard; idler
懶露,lāng-lô,lang2 lu7,converted,"dirty of clothes, etc."
懶屍,lāng-sĭ,lang2 si1,converted,lazy; unwilling to work
禮拜,lā̤-bái,le2 bai3,converted,(religion) service; prayer; salat
禮拜六,lā̤-bái-lĕ̤k,le2 bai3 loek8,converted,Saturday
禮拜五,lā̤-bái-ngô,le2 bai3 ngu7,converted,Friday
禮拜二,lā̤-bái-nê,le2 bai3 ni7,converted,Tuesday
禮拜日,lā̤-bái-nĭk,le2 bai3 nik8,converted,Sunday
禮拜四,lā̤-bái-sé,le2 bai3 si3,converted,Thursday
禮拜三,lā̤-bái-săng,le2 bai3 sang1,converted,Wednesday
禮拜一,lā̤-bái-ék,le2 bai3 ik4,converted,Monday
禮儀,lā̤-ngì,le2 ngi5,converted,ceremony; etiquette; rituals; rites; protocol; decorum
禮數,lā̤-só,le2 su3,converted,courtesy; etiquette; rites
禮物,lā̤-ŭk,le2 uk8,converted,"gift; present (classifier: 件, 份, 個)"
垃渣,lă-că,la1 za1,converted,dirty
辣椒,lăk-ciĕu,lak8 zieu1,converted,chili pepper; red pepper
辣椒醬,lăk-ciĕu-cuóng,lak8 zieu1 zuong3,converted,red pepper paste; chili sauce
辣椒粉,lăk-ciĕu-hūng,lak8 zieu1 hung2,converted,chili powder; paprika
肋條骨,lĕ̤k-dèu-gáuk,loek8 deu5 gok4,converted,(skeleton) rib
六點,lĕ̤k-dēng,loek8 deng2,converted,six o'clock
鹿角,lĕ̤k-gáe̤k,loek8 goek4,converted,(TCM) deer antler
六分儀,lĕ̤k-hŭng-ngì,loek8 hung1 ngi5,converted,(nautical) sextant
六月,lĕ̤k-nguŏk,loek8 nguok8,converted,June
六十,lĕ̤k-sĕk,loek8 sek8,converted,sixty; 60
理治,lī-dê,li2 di7,converted,to govern; to rule; to preside over
鯉魚,lī-ngṳ̀,li2 ngy5,converted,"carp, especially the common carp Cyprinus carpio species"
理想,lī-siōng,li2 siong2,converted,ideal; dream
理事,lī-sê̤ṳ,li2 sy7,converted,member of a council; director
理事會,lī-sê̤ṳ-huôi,li2 sy7 huoi7,converted,council
立志,lĭk-cé,lik8 zi3,converted,to be resolved; to be determined
力量,lĭk-liông,lik8 liong7,converted,strength of body or mind
歷史,lĭk-sṳ̄,lik8 sy2,converted,(uncountable) history the study of past events
歷史學,lĭk-sṳ̄-hŏk,lik8 sy2 hok8,converted,historiography the study of the discipline and practice of history
老辦,lō̤-bâing,lo2 beng7,converted,seasoned; experienced
老闆,lō̤-bēng,lo2 beng2,converted,shop owner; business proprietor
老闆嫂,lō̤-bēng-sō̤,lo2 beng2 so2,converted,proprietress; boss's wife; female boss
老鼠,lō̤-chṳ̄,lo2 cy2,converted,(countable) mouse and rat in general
老鼠趼,lō̤-chṳ̄-nĕng,lo2 cy2 neng1,converted,(pathology) wart
老大公,lō̤-duâi-gŭng,lo2 duai7 gung1,converted,great-great-grandfather the father of someone's great-grandparent
老具,lō̤-gê̤ṳ,lo2 gy7,converted,walking stick; cane
老小,lō̤-siēu,lo2 sieu2,converted,the young and the old
老昨年,lō̤-sŏ̤h-nièng,lo2 soh8 nieng5,converted,three years ago
老昨日,lō̤-sŏ̤h-nĭk,lo2 soh8 nik8,converted,three days ago
老師,lō̤-sṳ̆,lo2 sy1,converted,"teacher (classifier: 個, 位, 名)"
老丈,lō̤-tuông,lo2 tuong7,converted,old sir; venerable sir
老鴉,lō̤-uă,lo2 ua1,converted,crow; raven
老後年,lō̤-âu-nièng,lo2 au7 nieng5,converted,three years from now
駱駝,lŏk-dò̤,lok8 do5,converted,camel beast of burden
樂園,lŏk-huòng,lok8 huong5,converted,(Christianity) heaven
老後日,lŏ̤-âu-nĭk,lo1 au7 nik8,converted,(Hengyang) three days from now
落薄,lŏ̤h bŏk,loh8 bok8,converted,down and out; destitute
落敗,lŏ̤h-bài,loh8 bai5,converted,to suffer a defeat; to fail
落班,lŏ̤h-băng,loh8 bang1,converted,to finish work; to get off work
落車,lŏ̤h-chiă,loh8 cia1,converted,to get out of a carriage or chariot; to exit a vehicle
落地,lŏ̤h-dê,loh8 di7,converted,to fall to the ground
落堂,lŏ̤h-dòng,loh8 dong5,converted,to finish class
落冬,lŏ̤h-dĕ̤ng,loh8 doeng1,converted,to begin the winter season
落價,lŏ̤h-gá,loh8 ga3,converted,to fall in price; to become cheaper
落膈,lŏ̤h-gă̤h,loh8 geh8,converted,feeling comfortable from food entering the digestive tract
落來,lŏ̤h-lì,loh8 li5,converted,to come down
落露,lŏ̤h-ló,loh8 lu3,converted,(impersonal) to have fog or mist appear
落瀉,lŏ̤h-siá,loh8 sia3,converted,to have diarrhea
落雪,lŏ̤h-siók,loh8 siok4,converted,to snow
鹵素,lū-só,lu2 su3,converted,(chemical element) halogen
轆轆架,lŭk-lŭk-gá,luk8 luk8 ga3,converted,swing suspended seat; swing stand
律詩,lŭk-sĭ,luk8 si1,converted,(poetry) regulated verse
律師,lŭk-sṳ̆,luk8 sy1,converted,lawyer; attorney
龍燈,lṳ̀ng-dĭng,lyng5 ding1,converted,lantern shaped like a dragon
龍捲風,lṳ̀ng-guōng-hŭng,lyng5 guong2 hung1,converted,(weather) tornado; cyclone; twister; hurricane
龍王廟,lṳ̀ng-uòng-miêu,lyng5 uong5 mieu7,converted,(religion) temple that worships the Dragon King
龍文,lṳ̀ng-ùng,lyng5 ung5,converted,pattern of the scales of a dragon
旅店,lṳ̄-dáing,ly2 deng3,converted,motel; inn; hostel
旅館,lṳ̄-guāng,ly2 guang2,converted,hotel
旅社,lṳ̄-siâ,ly2 sia7,converted,hotel; hostel; inn
陸地,lṳ̆k-dê,lyk8 di7,converted,(geography) dry land; land; landmass
名字,miàng-cê,miang5 zi7,converted,name
名聲,miàng-siăng,miang5 siang1,converted,reputation; fame; name
名譽,miàng-ê̤ṳ,miang5 y7,converted,fame; reputation
明旦晡,mièng-dáng-buŏ,mieng5 dang3 buo1,converted,tomorrow night
棉花,mièng-huă,mieng5 hua1,converted,cotton
綿羊,mièng-iòng,mieng5 iong5,converted,sheep
棉被,mièng-puôi,mieng5 puoi7,converted,cotton-wadded quilt
棉桃,mièng-tò̤,mieng5 to5,converted,cotton boll
麵包,miêng-bău,mieng7 bau1,converted,bread
麵粉,miêng-hūng,mieng7 hung2,converted,flour
廟祝,miêu-cé̤ṳk,mieu7 zyk4,converted,temple attendant in charge of incense and candles; acolyte
妙計,miêu-gié,mieu7 gie3,converted,brilliant scheme; excellent plan; wonderful idea
勉強,miēng-giōng,mieng2 giong2,converted,forced; inadequate; grudging; reluctant
⿰禾𰢫,miēu,mieu2,converted,"(bacteriology, obsolete) bacteria"
渺茫,miēu-mòng,mieu2 mong5,converted,vague; indistinct; remote
蔑稱,miĕk-chĭng,miek8 cing1,converted,derogatory term of address; insult; pejorative name
麻油,muài-ièu,muai5 ieu5,converted,sesame oil
麻油醬,muài-ièu-cuóng,muai5 ieu5 zuong3,converted,sesame paste
蔓菁,muàng-cĭng,muang5 zing1,converted,turnip
玫瑰,muòi-gói,muoi5 gui3,converted,(botany) rugosa rose (Rosa rugosa species)
梅花鹿,muòi-huă-lĕ̤k,muoi5 hua1 loek8,converted,sika deer (Cervus nippon species)
媒人,muòi-nè̤ng,muoi5 noeng5,converted,matchmaker
媒儂,muòi-nè̤ng,muoi5 noeng5,converted,alternative form of 媒人
媒人媽,muòi-nè̤ng-mā,muoi5 noeng5 ma2,converted,female matchmaker
門墊,muòng-dâing,muong5 deng7,converted,doormat
門徒,muòng-dù,muong5 du5,converted,disciple; follower; protégé
門戶,muòng-hô,muong5 hu7,converted,door
妹夫,muói-hŭ,muoi3 hu1,converted,brother-in-law younger sister's husband
戊戌,muô-sáe̤k,muo7 soek4,converted,"The thirty-fifth term of the Chinese sexagenary cycle, sometimes glossed as ""earth"
每日暝晡,muōi nĭk màng-buŏ,muoi2 nik8 mang5 buo1,converted,every night; nightly; night after night
尾掌指,muōi-chiēng-cāi,muoi2 cieng2 zai2,converted,little finger
尾指,muōi-cāi,muoi2 zai2,converted,little finger
尾囝,muōi-giāng,muoi2 giang2,converted,youngest son
尾尾,muōi-muōi,muoi2 muoi2,converted,tail
每月,muōi-nguŏk,muoi2 nguok8,converted,every month; monthly
每日晡,muōi-nĭk buŏ,muoi2 nik8 buo1,converted,every night; nightly; night after night
莓薺,muōi-sì,muoi2 si5,converted,Chinese water chestnut (Eleocharis dulcis species)
摸脈,muŏ-măh,muo1 mah8,converted,(TCM) to take someone's pulse
麻雀,mà-chiók,ma5 ciok4,converted,"sparrow (any member of the Passer genus), especially the tree sparrow (Passer montanus species)"
麻竹,mà-dé̤ṳk,ma5 dyk4,converted,Taiwan giant bamboo (Dendrocalamus latiflorus)
貓仔,mà-giāng,ma5 giang2,converted,kitten
貓囝,mà-giāng,ma5 giang2,converted,cat
麻煩,mà-huàng,ma5 huang5,converted,involving a hassle; troublesome; annoying
貓熊,mà-hṳ̀ng,ma5 hyng5,converted,panda; giant panda (classifier: 隻)
貓雄,mà-hṳ̀ng,ma5 hyng5,converted,male cat; tomcat
貓狸,mà-lì,ma5 li5,converted,leopard cat (Prionailurus bengalensis species)
貓母,mà-mō̤,ma5 mo2,converted,tabby; female cat
貓王,mà-uòng,ma5 uong5,converted,short for 貓王鳥
貓王鳥,mà-uòng-cēu,ma5 uong5 zeu2,converted,owl
埋葬,mài-cáung,mai5 zong3,converted,to bury (the dead); to inter
埋藏,mài-còng,mai5 zong5,converted,to bury
埋伏,mài-hŭk,mai5 huk8,converted,to set up an ambush; to ambush
埋名,mài-miàng,mai5 miang5,converted,to have one's identity concealed; to be stifled
埋沒,mài-mŭk,mai5 muk8,converted,(literally) to bury put or hide underground
埋怨,mài-uóng,mai5 uong3,converted,to blame; to grumble about; to complain
暝晡,màng-buŏ,mang5 buo1,converted,evening; night
暝晡頭,màng-buŏ-tàu,mang5 buo1 tau5,converted,evening; night
螃蟹,màng-hâ,mang5 ha7,converted,crab
明年,màng-nièng,mang5 nieng5,converted,next year
明年暝,màng-nièng-màng,mang5 nieng5 mang5,converted,next year
饅頭,màng-tàu,mang5 tau5,converted,Chinese steamed bun without filling; mantou
矛盾,màu-dōng,mau5 dong2,converted,contradiction; inconsistency; disagreement; incongruity
貿易,mâiu-ĭk,meu7 ik8,converted,trade
𣍐仈,mâ̤-báik,me7 bek4,converted,to not know; to have no idea of; to be ignorant of
賣國,mâ̤-guók,me7 guok4,converted,to betray one's country; to commit treason; to quisle
賣官,mâ̤-guăng,me7 guang1,converted,(archaic) to take bribes in exchange for granting an official title
𣍐記,mâ̤-gé,me7 gi3,converted,to forget
𣍐赴,mâ̤-hó,me7 hu3,converted,to not to (be able to) make it; to not be able to do something on time
𣍐合,mâ̤-hăk,me7 hak8,converted,"should not, must not"
𣍐使,mâ̤-sāi,me7 sai2,converted,may not; cannot
面子,méng-cṳ̄,ming3 zy2,converted,outer part; outside; face
面囝,méng-giāng,ming3 giang2,converted,face
面前,méng-sèng,ming3 seng5,converted,in front of one's face; in front
面桶,méng-tūng,ming3 tung2,converted,washbowl; washbasin
沬水,mê-cuī,mi7 zui2,converted,to dive; to be under water
迷彩服,mì-chāi-hŭk,mi5 cai2 huk8,converted,(military) camouflage uniform
維基,mì-gĭ,mi5 gi1,converted,wiki
眉毛,mì-mò̤,mi5 mo5,converted,eyebrow
眉毛月,mì-mò̤-nguŏk,mi5 mo5 nguok8,converted,crescent moon
微波,mì-pŏ̤,mi5 po1,converted,(physics) microwave
微波爐,mì-pŏ̤-lù,mi5 po1 lu5,converted,microwave oven oven using microwave energy
迷信,mì-séng,mi5 sing3,converted,"(transitive, intransitive) to be superstitious; to hold superstitious beliefs"
維生素,mì-sĕng-só,mi5 seng1 su3,converted,vitamin
眉頭,mì-tàu,mi5 tau5,converted,brows ridge over the eyes
明白,mìng-bĕk,ming5 bek8,converted,to understand; to know
眠床頭,mìng-chòng-tàu,ming5 cong5 tau5,converted,head of a bed; bedhead
名稱,mìng-chĭng,ming5 cing1,converted,name of a thing or organisation; designation; title; appellation
民主,mìng-ciō,ming5 zio2,converted,democracy
民主主義,mìng-ciō-ciō-ngiê,ming5 zio2 zio2 ngie7,converted,democracy
民眾,mìng-cé̤ṳng,ming5 zyng3,converted,the people; the general populace
民族,mìng-cŭk,ming5 zuk8,converted,people; nation; nationality; ethnic group; minority; ethnos (classifier: 個)
明旦,mìng-dáng,ming5 dang3,converted,dawn; sunrise
明旦早,mìng-dáng-cā,ming5 dang3 za2,converted,tomorrow morning
閩東語,mìng-dĕ̤ng-ngṳ̄,ming5 doeng1 ngy2,converted,Eastern Min; Min Dong (branch of Chinese widely spoken in and around Fuzhou)
民國,mìng-guók,ming5 guok4,converted,republic
閩劇,mìng-kiŏk,ming5 kiok8,converted,Min opera a type of Chinese opera originating in the region around Fuzhou
名利,mìng-lé,ming5 li3,converted,fame and fortune
明月,mìng-nguŏk,ming5 nguok8,converted,"bright moon (classifier: 輪, 彎)"
閩南語,mìng-nàng-ngṳ̄,ming5 nang5 ngy2,converted,Southern Min; Min Nan a branch of Min Chinese
民事,mìng-sê̤ṳ,ming5 sy7,converted,"(legal, attributive) of or relating to civil law; civil"
冥衣,mìng-ĭ,ming5 i1,converted,paper clothes given to cadavers for cremation; grave or burial clothes
芒果,mòng-guō,mong5 guo2,converted,mango
無去,mò̤ kó̤,mo5 ko3,converted,to disappear; to be lost; to be misplaced
無插,mò̤-chák,mo5 cak4,converted,to not care; to ignore
無大無細,mò̤-duâi-mò̤-sá̤,mo5 duai7 mo5 se3,converted,to have no sense of who is senior and who is junior; to show no respect to elders
無事,mò̤-dâi,mo5 dai7,converted,to have nothing to do; to be free
毛管,mò̤-guōng,mo5 guong2,converted,pore (in skin)
魔鬼,mò̤-gūi,mo5 gui2,converted,"(literally, figuratively) devil; demon; fiend; an embodiment of evil"
蘑菇,mò̤-gŭ,mo5 gu1,converted,mushroom
毛巾,mò̤-gṳ̆ng,mo5 gyng1,converted,towel
無要緊,mò̤-iéu-gīng,mo5 ieu3 ging2,converted,no problem; it doesn't matter; never mind
無名指,mò̤-miàng-cāi,mo5 miang5 zai2,converted,ring finger
無名信,mò̤-miàng-séng,mo5 miang5 sing3,converted,anonymous letter
毛毛,mò̤-mò̤,mo5 mo5,converted,fine hair
無能耐,mò̤-niĕng-nài,mo5 nieng1 nai5,converted,to not be able to; cannot
無奶囝,mò̤-nā̤-giāng,mo5 ne2 giang2,converted,orphan
摩托,mò̤-táuk,mo5 tok4,converted,motor
摩托車,mò̤-táuk-chiă,mo5 tok4 cia1,converted,motorcycle; motorbike
無閒,mò̤-èng,mo5 eng5,converted,busy; having no free time
磨房,mô̤-bùng,mo7 bung5,converted,mill
帽墘,mô̤-gièng,mo7 gieng5,converted,brim of a hat
馬路,mā-diô,ma2 dio7,converted,(archaic) wide road used for horses and horse-drawn carriages
馬囝,mā-giāng,ma2 giang2,converted,foal
馬褂,mā-guá,ma2 gua3,converted,makwa; magua a style of jacket popular during the Qing Dynasty
螞蝴,mā-hù,ma2 hu5,converted,dragonfly
螞蜞,mā-kì,ma2 ki5,converted,leech
馬尾,mā-muōi,ma2 muoi2,converted,horse's tail
馬母,mā-mō̤,ma2 mo2,converted,female horse; mare
螞蟻,mā-ngiê,ma2 ngie7,converted,ant
瑪瑙,mā-nō̤,ma2 no2,converted,(mineralogy) agate
馬上,mā-siông,ma2 siong7,converted,at once; immediately; without delay; in a minute; soon
碼頭,mā-tàu,ma2 tau5,converted,pier; wharf; dock; quay
馬桶,mā-tē̤ng,ma2 toeng2,converted,sitting toilet
摣晬,mă-có̤i,ma1 zoi3,converted,Zhuazhou an East Asian ritual held at a child's first birthday party
媽媽,mă-mă,ma1 ma1,converted,(informal) mum (mom); mama
麥針,măh-cĕng,mah8 zeng1,converted,awn of wheat
麥芽,măh-ngà,mah8 nga5,converted,malt
目睭,mĕk-ciŭ,mek8 ziu1,converted,eye
目睭仁,mĕk-ciŭ-nìng,mek8 ziu1 ning5,converted,eyeball
密斗,mĕk-dāu,mek8 dau2,converted,crotch without a slit
目滓,mĕ̤k-cāi,moek8 zai2,converted,tears
墨斗,mĕ̤k-dāu,moek8 dau2,converted,carpenter's ink marker inked cord stretched tight then lowered onto timber
茉莉,mĕ̤k-lê,moek8 li7,converted,Arabian jasmine (Jasminum sambac species)
茉莉花,mĕ̤k-lê-huă,moek8 li7 hua1,converted,Arabian jasmine flower Jasminum sambac species
茉莉花茶,mĕ̤k-lê-huă-dà,moek8 li7 hua1 da5,converted,jasmine tea
目尾,mĕ̤k-muōi,moek8 muoi2,converted,(anatomy) lateral canthus; outer corner of the eye
目皮,mĕ̤k-puòi,moek8 puoi5,converted,eyelid
木蝨,mĕ̤k-sáik,moek8 sek4,converted,woodlouse
目屎,mĕ̤k-sāi,moek8 sai2,converted,sleep; eye booger; rheum in the eye substance found in the eyes after waking
目眨,mĕ̤k-tiák,moek8 tiak4,converted,eyelash
墨盒,mĕ̤k-ăk,moek8 ak8,converted,ink box for calligraphy or painting
米酒,mī-ciū,mi2 ziu2,converted,mijiu; rice wine
米粉,mī-hūng,mi2 hung2,converted,rice vermicelli
美女,mī-nṳ̄,mi2 ny2,converted,beautiful woman; beauty; lovely lady
米蟲,mī-tè̤ng,mi2 toeng5,converted,rice weevil
米篩,mī-tăi,mi2 tai1,converted,sieve used for rice
眯囝,mĭ-giāng,mi1 giang2,converted,(childish) kitten
眯眯,mĭ-mĭ,mi1 mi1,converted,(derogatory) myopic person
蜜餞,mĭk-ciéng,mik8 zieng3,converted,to preserve fruits in syrup or honey
蜜餞砒霜,mĭk-ciéng-piĕ-sŏng,mik8 zieng3 pie1 song1,converted,sugarcoated poison; the flattering words of a vicious person
蜜月,mĭk-nguŏk,mik8 nguok8,converted,honeymoon
蜜蜂,mĭk-pŭng,mik8 pung1,converted,bee; honeybee
莫細膩,mŏ̤h-sá̤-nê,moh8 se3 ni7,converted,you're welcome
姆婆,mū-bò̤,mu2 bo5,converted,grandaunt; great-aunt wife of paternal grandfather's elder brother
姆姆,mū-mū,mu2 mu2,converted,(archaic) wife of husband's elder brother
母語,mū-ngṳ̄,mu2 ngy2,converted,mother tongue; native language; first language
姆嬸,mū-sīng,mu2 sing2,converted,wives of brothers; sisters-in-law
木屐,mŭk-kiăh,muk8 kiah8,converted,clogs
目錄,mŭk-liŏh,muk8 lioh8,converted,table of contents
木耳,mŭk-mī,muk8 mi2,converted,"wood ear; tree ear; black fungus (Auricularia genus, especially Auricularia heimuer)"
牧師,mŭk-sṳ̆,muk8 sy1,converted,"(Protestantism) pastor (usually ordained); minister; Reverend; clergyman; priest; chaplain (classifier: 個, 位)"
目標,mṳ̆ng-biĕu,myng1 bieu1,converted,target
眼眶,mṳ̆ng-kuông,myng1 kuong7,converted,eye socket
迎神,ngiàng-sìng,ngiang5 sing5,converted,to welcome the gods
鵝掌風,ngiè-cuōng-hŭng,ngie5 zuong2 hung1,converted,(medicine) tinea manuum
鵝囝,ngiè-giāng,ngie5 giang2,converted,gosling
鵝角,ngiè-gáe̤k,ngie5 goek4,converted,gander
鵝母,ngiè-mō̤,ngie5 mo2,converted,female goose
嚴厲,ngièng-lâ̤,ngieng5 le7,converted,strict; stern; severe; harsh
嚴肅,ngièng-sé̤ṳk,ngieng5 syk4,converted,solemn; stately; serious
艾菜,ngié-cái,ngie3 zai3,converted,garland chrysanthemum; crown daisy (Glebionis coronaria species)
艾草,ngié-cáu,ngie3 zau3,converted,Chinese mugwort
義親,ngiê-chĭng,ngie7 cing1,converted,nominal kinship
外大公,ngiê-duâi-gŭng,ngie7 duai7 gung1,converted,maternal great-grandfather the grandfather of one's mother
外大媽,ngiê-duâi-mā,ngie7 duai7 ma2,converted,maternal great-grandmother the grandmother of one's mother
義囝,ngiê-giāng,ngie7 giang2,converted,godson
外家孫,ngiê-gă-sŏng,ngie7 ga1 song1,converted,wife's brother's son
外江人,ngiê-gŏng-nè̤ng,ngie7 gong1 noeng5,converted,one who is not born in the area; non-local; stranger; outsider; out-of-towner
外公,ngiê-gŭng,ngie7 gung1,converted,maternal grandfather
義校,ngiê-hâu,ngie7 hau7,converted,(dated) tuition-free school from private funding or public welfare funds
義郎爸,ngiê-lòng-bâ,ngie7 long5 ba7,converted,adoptive father
外媽,ngiê-mā,ngie7 ma2,converted,"(Dunmyj, Dungan) maternal grandmother the mother of one's mother"
外語,ngiê-ngṳ̄,ngie7 ngy2,converted,(countable) foreign language (classifier: 門)
義娘奶,ngiê-nòng-nā̤,ngie7 nong5 ne2,converted,godmother; (nominally) adoptive mother
義奶,ngiê-nā̤,ngie7 ne2,converted,godmother; (nominally) adoptive mother
義女,ngiê-nṳ̄,ngie7 ny2,converted,(nominally) adoptive daughter; goddaughter
外首,ngiê-sāu,ngie7 sau2,converted,(dated) outside; exterior
外首勢,ngiê-sāu-sié,ngie7 sau2 sie3,converted,outside; exterior
外甥,ngiê-sĕng,ngie7 seng1,converted,sororal nephew sister's son
外甥女,ngiê-sĕng-nṳ̄,ngie7 seng1 ny2,converted,sororal niece sister's daughter
外甥孫,ngiê-sĕng-sŏng,ngie7 seng1 song1,converted,(Yanjiang) grandson daughter's son
外甥孫婿,ngiê-sĕng-sŏng-sái,ngie7 seng1 song1 sai3,converted,grandson-in-law daughter's son-in-law
外甥人,ngiê-sĕng-ìng,ngie7 seng1 ing5,converted,niece-in-law sister's daughter-in-law
藝術,ngiê-sŭk,ngie7 suk8,converted,art; art form
驗屍,ngiêng-sĭ,ngieng7 si1,converted,to perform an autopsy; to conduct a postmortem examination
眼鏡,ngiāng-giáng,ngiang2 giang3,converted,glasses; eyeglasses; spectacles
額頭,ngiăh-tàu,ngiah8 tau5,converted,(anatomy) forehead
研究,ngiĕng-géu,ngieng1 giu3,converted,"(intransitive, transitive) to research; to study"
玩譽,nguâng-ê̤ṳ,nguang7 y7,converted,to trifle with life; to do dishonorable and scandalous things
元寶,nguòng-bō̤,nguong5 bo2,converted,"(historical, numismatics) sycee; yuanbao various gold and silver ingots used as currency in imperial China"
原子,nguòng-cṳ̄,nguong5 zy2,converted,"(countable, physics, chemistry) atom"
元旦,nguòng-dáng,nguong5 dang3,converted,the first day of a year
原來,nguòng-lài,nguong5 lai5,converted,the beginning; the past
原配,nguòng-puói,nguong5 puoi3,converted,first wife
元宵,nguòng-siĕu,nguong5 sieu1,converted,night of the fifteenth day of the first lunar month; Lantern Festival
元宵節,nguòng-siĕu-cáik,nguong5 sieu1 zek4,converted,Lantern Festival
元帥,nguòng-só̤i,nguong5 soi3,converted,marshal; general of the army
原始,nguòng-sṳ̄,nguong5 sy2,converted,"(attributive, of a source, document, etc.) original; first-hand"
原始閩語,nguòng-sṳ̄ mìng-ngṳ̄,nguong5 sy2 ming5 ngy2,converted,Proto-Min
源頭,nguòng-tàu,nguong5 tau5,converted,source of a river; headwaters; headspring; fountainhead
原因,nguòng-ĭng,nguong5 ing1,converted,(countable) cause; reason for something happening
誤犯,nguô-huâng,nguo7 huang7,converted,"to unintentionally violate (a rule, etc.)"
外水,nguôi-cūi,nguoi7 zui2,converted,extra money earned on the side
外國,nguôi-guók,nguoi7 guok4,converted,foreign country
我各儂,nguāi gáuk-nè̤ng,nguai2 gok4 noeng5,converted,we; us
月食,nguŏk sék,nguok8 sik4,converted,lunar eclipse
月熄,nguŏk sék,nguok8 sik4,converted,lunar eclipse
月餅,nguŏk-biāng,nguok8 biang2,converted,mooncake a Chinese pastry traditionally eaten during the Mid-Autumn Festival
月大,nguŏk-duâi,nguok8 duai7,converted,“big or long month”
月光,nguŏk-guŏng,nguok8 guong1,converted,moonlight
月經,nguŏk-gĭng,nguok8 ging1,converted,menstruation; period
月利,nguŏk-lê,nguok8 li7,converted,monthly interest
月暈,nguŏk-uông,nguok8 uong7,converted,(meteorology) lunar halo
牙箸,ngà-dê̤ṳ,nga5 dy7,converted,ivory chopsticks
衙門,ngà-muòng,nga5 muong5,converted,(historical) yamen
岩漿,ngàng-ciŏng,ngang5 ziong1,converted,magma
顏料,ngàng-lâiu,ngang5 leu7,converted,pigment; coloring
顏色,ngàng-sáik,ngang5 sek4,converted,color
鱷魚,ngáuk-ngṳ̀,ngok4 ngy5,converted,"crocodilian (crocodile, alligator, gavial)"
硬朗,ngâing-lōng,ngeng7 long2,converted,hale and hearty; robust; healthy
雁鵝,ngâng-ngò̤,ngang7 ngo5,converted,a brown or grey Chinese goose
戇囝,ngâung-giāng,ngong7 giang2,converted,stupid child affectionate term used by parents
耳扒,ngê-bà,ngi7 ba5,converted,earpick
耳扒囝,ngê-bà-giāng,ngi7 ba5 giang2,converted,earpick
耳墜,ngê-duôi,ngi7 duoi7,converted,earring; eardrop
耳囝,ngê-giāng,ngi7 giang2,converted,(Yongchun) ear
耳環,ngê-kuàng,ngi7 kuang5,converted,earring
耳空,ngê-kĕ̤ng,ngi7 koeng1,converted,earhole
耳聾,ngê-lè̤ng,ngi7 loeng5,converted,deaf
耳臍,ngê-sài,ngi7 sai5,converted,earlobe
耳屎,ngê-sāi,ngi7 sai2,converted,earwax
儀容,ngì-ṳ̀ng,ngi5 yng5,converted,looks of a person; appearance
熬眠,ngò̤-mìng,ngo5 ming5,converted,to stay up late or all night
五點,ngô-dēng,ngu7 deng2,converted,five o'clock
五毛,ngô-mò̤,ngu7 mo5,converted,"(neologism, derogatory, disparaging) shill of the Communist Party of China; wumao"
五月,ngô-nguŏk,ngu7 nguok8,converted,May
五十,ngô-sĕk,ngu7 sek8,converted,fifty; 50
五十二,ngô-sĕk-nê,ngu7 sek8 ni7,converted,fifty-two; 52
五十一,ngô-sĕk-ék,ngu7 sek8 ik4,converted,fifty-one; 51
牛喙舌,ngù-ché̤ṳ-siĕk,ngu5 cy3 siek8,converted,ox tongue food
牛肚,ngù-dô,ngu5 du7,converted,tripe; cow stomach
梧桐,ngù-dùng,ngu5 dung5,converted,樹 Chinese parasol tree (Firmiana simplex)
牛囝,ngù-giāng,ngu5 giang2,converted,(Yongchun) calf young cow or bull
牛囝褲,ngù-giāng-kó,ngu5 giang2 ku3,converted,jeans; blue jeans
牛犅,ngù-gē̤ng,ngu5 goeng2,converted,bull
牛筋,ngù-gṳ̆ng,ngu5 gyng1,converted,tendon or ligament of cattle (often as food)
牛母,ngù-mō̤,ngu5 mo2,converted,female cow
牛母牛囝,ngù-mō̤-ngù-giāng,ngu5 mo2 ngu5 giang2,converted,snail
牛奶,ngù-nèng,ngu5 neng5,converted,cow's milk
牛奶膏,ngù-nèng-gŏ̤,ngu5 neng5 go1,converted,condensed milk
牛奶油,ngù-nèng-ièu,ngu5 neng5 ieu5,converted,butter
牛肉,ngù-nṳ̆k,ngu5 nyk8,converted,beef
牛舌,ngù-siĕk,ngu5 siek8,converted,ox tongue
牛屎龜,ngù-sāi-gŭi,ngu5 sai2 gui1,converted,dung beetle
蚜蟲,ngā-tè̤ng,nga2 toeng5,converted,aphid
牙齒,ngāi,ngai2,converted,(anatomy) tooth
牙蛀,ngāi ciéu,ngai2 zieu3,converted,dental caries; tooth decay
牙齪,ngāi-ché̤ṳk,ngai2 cyk4,converted,(anatomy) dental plaque
牙醬,ngāi-cuóng,ngai2 zuong3,converted,(old-style) toothpaste
牙座,ngāi-cô̤,ngai2 zo7,converted,gum flesh around teeth
牙罐,ngāi-guáng,ngai2 guang3,converted,mug for mouth-rinsing or tooth-cleaning; tooth mug
牙膏,ngāi-gŏ̤,ngai2 go1,converted,toothpaste
牙齦,ngāi-ngṳ̀ng,ngai2 ngyng5,converted,(anatomy) gum
牙刷,ngāi-sáuk,ngai2 sok4,converted,toothbrush
偶像,ngēu-chiông,ngeu2 ciong7,converted,idol; statuette
凝結,ngĭk-giék,ngik8 giek4,converted,to coagulate; to condense; to congeal; to curdle
逆風,ngĭk-hŭng,ngik8 hung1,converted,to go against the wind
逆來順受,ngĭk-lài-sông-sêu,ngik8 lai5 sung7 siu7,converted,"to meekly submit to oppression, maltreatment, etc.; to resign oneself to adversity"
我等,ngō̤-dēng,ngo2 deng2,converted,(archaic) we
我國,ngō̤-guók,ngo2 guok4,converted,my country; our country
我們,ngō̤-muòng,ngo2 muong5,converted,"(academic writing) we; us referring to the author(s) of the paper, even if the paper has only one author"
五穀,ngū-gók,ngu2 guk4,converted,the Five Grains or Five Cereals
五加皮,ngū-gă-puòi,ngu2 ga1 puoi5,converted,"(TCM) bark of Eleutherococcus a herb used in traditional Chinese medicine to eliminate ""wind-dampness"""
五香,ngū-hiŏng,ngu2 hiong1,converted,"five spices fennel, cinnamon, clove, star aniseed and prickly ash"
五方,ngū-huŏng,ngu2 huong1,converted,"the five positions north, south, east, west, and centre"
五行,ngū-hèng,ngu2 heng5,converted,wuxing the five elements of traditional Chinese cosmology
五湖四海,ngū-hù-sé̤ṳ-hāi,ngu2 hu5 sy3 hai2,converted,all regions; all corners of the country or world; all places
五鹵,ngū-lô,ngu2 lu7,converted,dirty
魚膠,ngṳ̀ gă,ngy5 ga1,converted,fish glue; ichthyocolla; isinglass
魚子,ngṳ̀-cī,ngy5 zi2,converted,roe eggs of fish
魚種,ngṳ̀-cṳ̄ng,ngy5 zyng2,converted,fish fry; newly hatched fish
魚肚,ngṳ̀-dô,ngy5 du7,converted,fish maw a food product made from the swim bladder of a fish
魚竿,ngṳ̀-găng,ngy5 gang1,converted,fishing rod; fishing pole
魚鉤,ngṳ̀-gău,ngy5 gau1,converted,hook for fishing; fishhook
魚鱗,ngṳ̀-lìng,ngy5 ling5,converted,(fish) scale
漁𦁧,ngṳ̀-maê̤ng,ngy5 moeng7,converted,fishing net
魚苗,ngṳ̀-mièu,ngy5 mieu5,converted,fish fry; newly hatched fish
魚紹,ngṳ̀-siêu,ngy5 sieu7,converted,milt
漁船,ngṳ̀-sùng,ngy5 sung5,converted,"(countable) fishing boat (classifier: 條, 艘)"
魚丸,ngṳ̀-uòng,ngy5 uong5,converted,fishball
銀行,ngṳ̀ng-òng,ngyng5 ong5,converted,bank financial institution
語支,ngṳ̄-ciĕ,ngy2 zie1,converted,(linguistics) language group
語族,ngṳ̄-cŭk,ngy2 zuk8,converted,(linguistics) a rank in linguistic taxonomy which is one level below family; language branch
語系,ngṳ̄-hiê,ngy2 hie7,converted,(linguistics) language family
語法,ngṳ̄-huák,ngy2 huak4,converted,grammar system of rules and principles for speaking and writing a language
語言,ngṳ̄-ngiòng,ngy2 ngiong5,converted,"(countable, uncountable) language"
語言聯盟,ngṳ̄-ngiòng lièng-mèng,ngy2 ngiong5 lieng5 meng5,converted,(linguistics) sprachbund
語言學,ngṳ̄-ngiòng-hŏk,ngy2 ngiong5 hok8,converted,linguistics
兒囝囝,niè-giāng-giāng,nie5 giang2 giang2,converted,baby; infant
兒婿,niè-sái,nie5 sai3,converted,son-in-law
年號,nièng-hô̤,nieng5 ho7,converted,era name subdivision in the reign of an emperor; regnal period; regnal year
年輕,nièng-kĭng,nieng5 king1,converted,"(of a person, country, organization, etc.) young"
年齡,nièng-lìng,nieng5 ling5,converted,"age (of a person, plant, heavenly body, etc.)"
年暝,nièng-màng,nieng5 mang5,converted,end of the year
年頭,nièng-tàu,nieng5 tau5,converted,year (classifier: 個)
廿八,niék-báik,niek4 bek4,converted,twenty-eight; 28
廿七,niék-chék,niek4 cik4,converted,twenty-seven; 27
廿九,niék-gāu,niek4 gau2,converted,twenty-nine; 29
廿六,niék-lĕ̤k,niek4 loek8,converted,twenty-six; 26
廿五,niék-ngô,niek4 ngu7,converted,twenty-five; 25
廿二,niék-nê,niek4 ni7,converted,twenty-two; 22
廿四,niék-sé,niek4 si3,converted,twenty-four; 24
廿三,niék-săng,niek4 sang1,converted,twenty-three; 23
廿一,niék-ék,niek4 ik4,converted,twenty-one; 21
兒囝,niê-giāng,nie7 giang2,converted,child; kid
兒囝蒂,niê-giāng-dé,nie7 giang2 di3,converted,youngster of around six to seven years old
兒囝哥,niê-giāng-gŏ̤,nie7 giang2 go1,converted,child; kid
兒囝痞,niê-giāng-pī,nie7 giang2 pi2,converted,toddler of around two to three years old
兒囝豚,niê-giāng-tòng,nie7 giang2 tong5,converted,youngster of around thirteen to fourteen years old
娘妗,niòng-gêng,niong5 ging7,converted,maternal aunt wife of mother's brother
娘嬭囝,niòng-nā̤-giāng,niong5 ne2 giang2,converted,mother and child
染色體,niēng-sáik-tā̤,nieng2 sek4 te2,converted,"(cytology, genetics) chromosome"
箬箬,niŏh-niŏh,nioh8 nioh8,converted,leaf
若夥,niŏh-uâi,nioh8 uai7,converted,how many; how much
拉尿,nà-niêu,na5 nieu7,converted,to pee
男囝,nàng-giāng,nang5 giang2,converted,boy
南國,nàng-guók,nang5 guok4,converted,"(historical, obsolete) states along the Yangtze and Han rivers"
南瓜,nàng-guă,nang5 gua1,converted,pumpkin; winter squash (plant of the genus Cucurbita genus or its fruit)
男界,nàng-gái,nang5 gai3,converted,man; male
男形母相,nàng-hìng mū-sióng,nang5 hing5 mu2 siong3,converted,to be sissy
男形女相,nàng-hìng nṳ̄-sióng,nang5 hing5 ny2 siong3,converted,to be sissy
南風,nàng-hŭng,nang5 hung1,converted,southerly; south wind a persistent wind from the south
南風天,nàng-hŭng-tiĕng,nang5 hung1 tieng1,converted,warm and humid weather in the rainy season in Fujian
南面,nàng-miêng,nang5 mieng7,converted,the south side
男性,nàng-séng,nang5 sing3,converted,(attributive) the male sex; male
男人,nàng-ìng,nang5 ing5,converted,man
男巫,nàng-ŭ,nang5 u1,converted,wizard; warlock; sorcerer
納稅,nák-suói,nak4 suoi3,converted,to pay tax
儷挃,nâ-dĭk,na7 dik8,converted,as long as; provided; so long as
儷是,nâ-sê,na7 si7,converted,if
念經,nâing-gĭng,neng7 ging1,converted,(Buddhism) to chant or recite sutras
鬧鐘,nâu-cṳ̆ng,nau7 zyng1,converted,alarm clock
鬧熱,nâu-iĕk,nau7 iek8,converted,bustling; thronged; noisy
嫩碗,nâung-uāng,nong7 uang2,converted,small bowl
儂家,nè̤ng-gă,noeng5 ga1,converted,I; me
人客,nè̤ng-káh,noeng5 kah4,converted,guest; visitor
仂囝,nék-giāng,nik4 giang2,converted,a little
仂暅,nék-òng,nik4 ong5,converted,a little while; a short period of time
二月,nê-nguŏk,ni7 nguok8,converted,February
二婿,nê-sái,ni7 sai3,converted,lazy
二十,nê-sĕk,ni7 sek8,converted,twenty; 20
二十八,nê-sĕk-báik,ni7 sek8 bek4,converted,twenty-eight; 28
二十七,nê-sĕk-chék,ni7 sek8 cik4,converted,twenty-seven; 27
二十九,nê-sĕk-gāu,ni7 sek8 gau2,converted,twenty-nine; 29
二十六,nê-sĕk-lĕ̤k,ni7 sek8 loek8,converted,twenty-six; 26
二十五,nê-sĕk-ngô,ni7 sek8 ngu7,converted,twenty-five; 25
二十二,nê-sĕk-nê,ni7 sek8 ni7,converted,twenty-two; 22
二十四,nê-sĕk-sé,ni7 sek8 si3,converted,twenty-four; 24
二十三,nê-sĕk-săng,ni7 sek8 sang1,converted,twenty-three; 23
二十一,nê-sĕk-ék,ni7 sek8 ik4,converted,twenty-one; 21
認識,nêng-sék,ning7 sik4,converted,to recognize (somebody or something)
檸檬,nìng-mùng,ning5 mung5,converted,"lemon fruit, tree"
檸檬水,nìng-mùng-cūi,ning5 mung5 zui2,converted,lemonade
檸檬酸,nìng-mùng-sŏng,ning5 mung5 song1,converted,(carboxylic acid) citric acid
郎爸,nòng-bâ,nong5 ba7,converted,(non-face-to-face) father
娘舅,nòng-gêu,nong5 giu7,converted,maternal uncle mother's brother
娘嬭,nòng-nā̤,nong5 ne2,converted,(non-face-to-face) mother
郎爸囝,nông-bâ-giāng,nung7 ba7 giang2,converted,father and son
閏年,nông-nièng,nung7 nieng5,converted,leap year
內容,nô̤i-ṳ̀ng,noi7 yng5,converted,"(countable, uncountable) content; contents; substance; detail (classifier: 個, 項)"
奴婢,nù-bê,nu5 bi7,converted,(archaic) servants and maid-servants as a combined category
奴才,nù-chài,nu5 cai5,converted,slave; servant; flunkey
奴家,nù-gă,nu5 ga1,converted,"(archaic, women's speech, humble) I; me"
農曆,nùng-lĭk,nung5 lik8,converted,Chinese calendar the traditional lunisolar calendar of East Asia
農民,nùng-mìng,nung5 ming5,converted,farmer; peasant
儂家各儂,nē̤ng-gă-gáuk-nè̤ng,noeng2 ga1 gok4 noeng5,converted,we
儂家儂,nē̤ng-gă-nè̤ng,noeng2 ga1 noeng5,converted,we
入味,nĭh-ê,nih8 i7,converted,(of seasoning) to be absorbed into the food after prolonged cooking or seasoning; ⟨of food⟩ to be tasty
日熄,nĭk sék,nik8 sik4,converted,solar eclipse
日食,nĭk sék,nik8 sik4,converted,solar eclipse
日本語,nĭk-buōng-ngṳ̄,nik8 buong2 ngy2,converted,Japanese language
日子,nĭk-cī,nik8 zi2,converted,date; day
日晝,nĭk-dáu,nik8 dau3,converted,noon
日中,nĭk-dŏng,nik8 dong1,converted,noon
日腳,nĭk-giók,nik8 giok4,converted,sunlight breaking through the clouds
日曆,nĭk-lĭk,nik8 lik8,converted,(daily) calendar
日月星辰,nĭk-nguŏk-sĭng-sìng,nik8 nguok8 sing1 sing5,converted,"the sun, the moon and the stars; the heavenly bodies"
日日,nĭk-nĭk,nik8 nik8,converted,(formal) daily; every day; day by day
日頭,nĭk-tàu,nik8 tau5,converted,sun
農業,nŭng-ngiĕk,nung1 ngiek8,converted,agriculture; farming
汝各儂,nṳ̄ gáuk-nè̤ng,ny2 gok4 noeng5,converted,you plural
你好,nṳ̄ hō̤,ny2 ho2,converted,hello; hi
汝好,nṳ̄ hō̤,ny2 ho2,converted,(literal) you OK
女囝,nṳ̄-giāng,ny2 giang2,converted,girl
女界,nṳ̄-gái,ny2 gai3,converted,(obsolete) woman; female; especially women in a collective sense (“womankind; women's world”)
旅遊,nṳ̄-iù,ny2 iu5,converted,to travel away from one's home for a particular purpose; to tour
汝儂,nṳ̄-nè̤ng,ny2 noeng5,converted,"(;, ;, ;) you plural"
女神,nṳ̄-sìng,ny2 sing5,converted,(religion) goddess
女人,nṳ̄-ìng,ny2 ing5,converted,woman; adult female (classifier: 個)
女巫,nṳ̄-ŭ,ny2 u1,converted,witch; sorceress
肉絨坯,nṳ̆k ṳ̀ng-puŏi,nyk8 yng5 puoi1,converted,rousong; meat floss
肉包,nṳ̆k-bău,nyk8 bau1,converted,baozi with meat filling
肉燕,nṳ̆k-iéng,nyk8 ieng3,converted,rouyan a type of wonton found in Fujian and Taiwan
肉臚,nṳ̆k-lê̤ṳ,nyk8 ly7,converted,quality of skin; ability for skin to heal
肉片,nṳ̆k-piéng,nyk8 pieng3,converted,sliced meat; meat slice often pork
肉皮,nṳ̆k-puòi,nyk8 puoi5,converted,pork skin
肉身,nṳ̆k-sĭng,nyk8 sing1,converted,flesh body; physical body; corporeal body
肉柱,nṳ̆k-têu,nyk8 tiu7,converted,acne; pimple
肉絨,nṳ̆k-ṳ̀ng,nyk8 yng5,converted,rousong; meat floss
瓢羹,pièu-gĕng,pieu5 geng1,converted,(dated) spoon
騙局,piéng-guŏk,pieng3 guok8,converted,(countable) fraud; hoax; scam
竮跤,piāng-kă,piang2 ka1,converted,lame; crippled
批紙,piĕ-cāi,pie1 zai2,converted,letter paper
批殼,piĕ-káe̤k,pie1 koek4,converted,envelope
批肉,piĕ-nṳ̆k,pie1 nyk8,converted,written letter inside an envelope
砒霜,piĕ-sŏng,pie1 song1,converted,(chemistry) arsenic trioxide
偏見,piĕng-giéng,pieng1 gieng3,converted,prejudice; bias
飄蕩,piĕu-dâung,pieu1 dong7,converted,to flutter in the wind; to sway; to float on the water; to drift
漂洋過海,piĕu-iòng-guó-hāi,pieu1 iong5 guo3 hai2,converted,to sail across the sea to a foreign land; to travel across the sea; to go abroad
漂亮,piĕu-liông,pieu1 liong7,converted,pretty; beautiful; handsome
漂流,piĕu-liù,pieu1 liu5,converted,to drift about on water; to float; to be adrift
飄零,piĕu-lìng,pieu1 ling5,converted,to fall and wither; to fade and fall
破病,puái-bâng,puai3 bang7,converted,to fall ill; to catch a disease; to contract an illness
判決,puáng-giók,puang3 giok4,converted,(legal) to make a judgement; to reach a decision in court; to find of a judge
碰撞,puâng-dùng,puang7 dung5,converted,to collide; to run into; to hit; to impact
皮帶,puòi-dái,puoi5 dai3,converted,belt band around waist
皮膚,puòi-hŭ,puoi5 hu1,converted,skin; dermis
皮卵,puòi-lâung,puoi5 long7,converted,century egg
皮鞋,puòi-à̤,puoi5 e5,converted,leather shoe; dress shoe
簿簿,puô-puô,puo7 puo7,converted,notebook (book in which notes are written)
伐桶,puăk-tē̤ng,puak8 toeng2,converted,"well-bucket, river-bucket"
普遍,puō-piéng,puo2 pieng3,converted,common; widespread; universal; pervasive; general; ubiquitous
斧頭,puō-tàu,puo2 tau5,converted,axe tool
普通,puō-tŭng,puo2 tung1,converted,"ordinary, plain, average, nothing special, general"
菠薐,puŏ-lìng,puo1 ling5,converted,(archaic) spinach
菠薐菜,puŏ-lìng-chái,puo1 ling5 cai3,converted,spinach
曝日頭,puŏh-nĭk-tàu,puoh8 nik8 tau5,converted,to bask in the sun; to sunbathe; to sunbake
蟛蜞,pàng-kì,pang5 ki5,converted,Sesarma (species of sesarmid crabs)
跑馬,pàu-mā,pau5 ma2,converted,to ride a horse; to gallop on a horse
拍腹寒,páh-bók-gàng,pah4 buk4 gang5,converted,to contract malaria
拍銃,páh-ché̤ṳng,pah4 cyng3,converted,to fire a gun
拍針,páh-cĕng,pah4 zeng1,converted,to give or receive an injection
拍逿,páh-dâung,pah4 dong7,converted,to lose; to misplace
拍逿去,páh-dâung kó̤,pah4 dong7 ko3,converted,to lose; to misplace
拍球,páh-giù,pah4 giu5,converted,"(Suzhounese, intransitive) to play a ball game"
拍官司,páh-guăng-sṳ̆,pah4 guang1 sy1,converted,(law) to engage in a lawsuit; to sue somebody
拍鼾,páh-hàng,pah4 hang5,converted,to snore
拍飛機,páh-hĭ-gĭ,pah4 hi1 gi1,converted,(of a man) to beat off; to masturbate
拍門,páh-muòng,pah4 muong5,converted,to knock on a door
拍無,páh-mò̤,pah4 mo5,converted,to lose; to misplace
拍無去,páh-mò̤ kó̤,pah4 mo5 ko3,converted,to lose; to misplace
拍麻雀,páh-mā-chuóh,pah4 ma2 cuoh4,converted,to play mahjong
拍馬屁,páh-mā-pé,pah4 ma2 pi3,converted,"(idiomatic, intransitive) to brown-nose; to kiss someone's ass; to suck up to"
拍算,páh-sáung,pah4 song3,converted,to plan; to intend
拍鐵師傅,páh-tiék să-hô,pah4 tiek4 sa1 hu7,converted,blacksmith person who forges iron
拍亮線,pák-liáng-siáng,pak4 liang3 siang3,converted,to have lightning
冇粟,páng-chiók,pang3 ciok4,converted,blighted grain; abortive grain; immature grain
泡茶,páu-dà,pau3 da5,converted,to make (infuse) tea
鮑魚,páu-ngṳ̀,pau3 ngy5,converted,abalone
炮仗,páu-tuông,pau3 tuong7,converted,firecracker
蜉蝣,pèu-iù,peu5 iu5,converted,mayfly
鼻水,pé-cūi,pi3 zui2,converted,nasal mucus usually more watery
鼻花,pé-huă,pi3 hua1,converted,(anatomy) bridge bony ridge of the nose
鼻薰,pé-hŏng,pi3 hong1,converted,snuff fine-ground tobacco
鼻空,pé-kĕ̤ng,pi3 koeng1,converted,nostril
鼻空跤,pé-kĕ̤ng-kă,pi3 koeng1 ka1,converted,wing of the nose; ala of the nose
鼻毛,pé-mò̤,pi3 mo5,converted,(anatomy) nasal hair; nose hair; vibrissa
鼻腦,pé-nō̤,pi3 no2,converted,tip of the nose
鼻屎,pé-sāi,pi3 sai2,converted,booger; hardened snot
鼻頭,pé-tàu,pi3 tau5,converted,tip of the nose
霹靂,pék-lĭk,pik4 lik8,converted,thunderbolt; thunderclap
聘金,péng-gĭng,ping3 ging1,converted,betrothal gifts from the bridegroom's to the bride's family; bride price
噴嚏,póng-té,pung3 ti3,converted,sneeze
破壞,pó̤-huâi,po3 huai7,converted,to damage; to destroy; to ruin; to vandalize; to sabotage; to contaminate
篷船,pùng-sùng,pung5 sung5,converted,sailboat; junk
痞囝,pāi-giāng,pai2 giang2,converted,"hooligan, rascal"
痞神氣,pāi-sìng-ké,pai2 sing5 ki3,converted,"nasty, disgraceful"
攀講,păng-gōng,pang1 gong2,converted,to chat
攀援,păng-uòng,pang1 uong5,converted,alternative form of 攀緣 (to climb; to clamber; to scale)
拋物,pău-ŭk,pau1 uk8,converted,to throw objects
拋物線,pău-ŭk-siáng,pau1 uk8 siang3,converted,(geometry) parabola
譬如,pī-ṳ̀,pi2 y5,converted,to take for example; for example; for instance; such as
譬如講,pī-ṳ̀ gōng,pi2 y5 gong2,converted,for example
乒乓,pĭng-pŏng,ping1 pong1,converted,(onomatopoeia) sound
拼音,pĭng-ĭng,ping1 ing1,converted,romanisation system; transcription system
波長,pŏ̤-diòng,po1 diong5,converted,(physics) wavelength
普通話,pū-tŭng-uâ,pu2 tung1 ua7,converted,common language
噗噗車,pŭk-pŭk-chiă,puk8 puk8 cia1,converted,motorcycle
蜂鳥,pŭng-cēu,pung1 zeu2,converted,hummingbird
蜂蜜,pŭng-mĭk,pung1 mik8,converted,honey sweet fluid produced from plant nectar by bees
蜂宿,pŭng-siéu,pung1 sieu3,converted,honeycomb structure of cells made by bees
蜂窩,pŭng-uŏ,pung1 uo1,converted,honeycomb structure of cells made by bees
斜視,sià-sê,sia5 si7,converted,to look sideways; to cast a sidelong glance
城牆,siàng-chiòng,siang5 ciong5,converted,"city wall (classifier: 堵, 面)"
城市,siàng-chê,siang5 ci7,converted,"city; town (classifier: 個, 座)"
城廂,siàng-siŏng,siang5 siong1,converted,city proper and peripheral areas
成色,siàng-sáik,siang5 sek4,converted,"purity of gold, silver, etc."
瀉藥,siá-iŏh,sia3 ioh8,converted,cathartic; laxative
聖杯,siáng-buŏi,siang3 buoi1,converted,Holy Grail
聖珓,siáng-gá,siang3 ga3,converted,good result in divination using moon blocks showing with one block flat and another block round
線頭,siáng-tàu,siang3 tau5,converted,end of a thread
線襪,siáng-uăk,siang3 uak8,converted,cotton socks
謝罪,siâ-cô̤i,sia7 zoi7,converted,to acknowledge one's error and seek forgiveness
社會主義,siâ-huôi-ciō-ngiê,sia7 huoi7 zio2 ngie7,converted,socialism
謝願,siâ-nguông,sia7 nguong7,converted,to redeem a vow to a deity (to express gratitude)
謝謝,siâ-siâ,sia7 sia7,converted,thanks; thank you
嬋娟,sièng-giŏng,sieng5 giong1,converted,(of posture) fair; graceful; elegant
禪寺,sièng-sê,sieng5 si7,converted,Buddhist temple
禪師,sièng-sṳ̆,sieng5 sy1,converted,"(Buddhism, honorific, usually as a title) Buddhist monk"
世代,sié-dô̤i,sie3 doi7,converted,era; age; period; epoch
世界,sié-gái,sie3 gai3,converted,world
世界大戰,sié-gái dâi-ciéng,sie3 gai3 dai7 zieng3,converted,world war
世紀,sié-gī,sie3 gi2,converted,century period of 100 years
什乇,sié-nó̤h,sie3 noh4,converted,what
什乇名,sié-nó̤h-miàng,sie3 noh4 miang5,converted,what
世事,sié-sê̤ṳ,sie3 sy7,converted,secular affairs; worldly affairs
褻瀆,siék-dŭk,siek4 duk8,converted,to blaspheme; to profane; to desecrate
設計,siék-gié,siek4 gie3,converted,to design; to plan
褻語,siék-ngṳ̄,siek4 ngy2,converted,"profane or obscene language; vulgar, disrespectful or indecent words"
誓約,siê-iók,sie7 iok4,converted,oath; vow; pledge; promise
豉油,siê-iù,sie7 iu5,converted,(Guangdong) soy sauce
洩尿,siê-niêu,sie7 nieu7,converted,to wet the bed
壽公,siêu-gŭng,sieu7 gung1,converted,man celebrating his birthday usually of elderly people
受氣,siêu-ké,sieu7 ki3,converted,to be bullied; to be mistreated
壽媽,siêu-mā,sieu7 ma2,converted,woman celebrating her birthday usually of elderly people
嘗試,siòng-sé̤ṳ,siong5 sy3,converted,to attempt; to try
雪地,siók-dê,siok4 di7,converted,ground covered in snow; snowfield
相簿,sióng-buó,siong3 buo3,converted,photo album
相片,sióng-piéng,siong3 pieng3,converted,photo; photograph
上菜,siông-chái,siong7 cai3,converted,to serve the dishes; to serve the dishes on the table
上齋,siông-că̤,siong7 ze1,converted,to go to school
上晝,siông-dáu,siong7 dau3,converted,morning
上僮,siông-dè̤ng,siong7 doeng5,converted,sorcerer's dance in a trance as possessed by spirits or gods
上堂,siông-dòng,siong7 dong5,converted,to attend court
上古漢語,siông-gū háng-ngṳ̄,siong7 gu2 hang3 ngy2,converted,Old Chinese
上好,siông-hō̤,siong7 ho2,converted,finest; first-class
上岸,siông-ngiâng,siong7 ngiang7,converted,to go ashore; to climb ashore
上癮,siông-ngiéng,siong7 ngieng3,converted,to be addicted to something
上岸,siông-ngâng,siong7 ngang7,converted,palate; upper jaw; maxilla (of vertebrates)
泅水,siù-cūi,siu5 zui2,converted,to swim
寫批,siā piĕ,sia2 pie1,converted,to write a letter
賒數,siă-só,sia1 su3,converted,to buy or sell on credit
食飽未,siăh bā muôi,siah8 ba2 muoi7,converted,(figurative) how are (you)?
食𡅏未,siăh lō̤ muôi,siah8 lo2 muoi7,converted,how are you?
食飯,siăh-buông,siah8 buong7,converted,to eat
食菜,siăh-chái,siah8 cai3,converted,to live on a vegetarian diet; to be a vegetarian
食早,siăh-cā,siah8 za2,converted,to have breakfast
食晝,siăh-dáu,siah8 dau3,converted,to have lunch
食雞,siăh-giĕ,siah8 gie1,converted,to visit a prostitute
食藥,siăh-iŏh,siah8 ioh8,converted,to take medication
食暝,siăh-màng,siah8 mang5,converted,to have dinner
聲音,siăng-ĭng,siang1 ing1,converted,sound; noise; voice (classifier: 個)
小邊,siēu-bĕng,sieu2 beng1,converted,left side; the left
小彩,siēu-chāi,sieu2 cai2,converted,tip; gratuity
小腸氣,siēu-diòng-ké,sieu2 diong5 ki3,converted,(disease) hernia (whose content is a loop of bowel)
小姑,siēu-gŭ,sieu2 gu1,converted,youngest paternal aunt father's youngest sister
小禮,siēu-lā̤,sieu2 le2,converted,to be embarrassed; to be shy
小米,siēu-mī,sieu2 mi2,converted,hulled grain of foxtail millet (Setaria italica species)
小說,siēu-siók,sieu2 siok4,converted,"(literature) fiction including novels, novellas, short story (classifier: 本, 部)"
小寫,siēu-siā,sieu2 sia2,converted,lower case
小時,siēu-sì,sieu2 si5,converted,hour
小提琴,siēu-tì-kìng,sieu2 ti5 king5,converted,(musical instruments) violin
小人,siēu-ìng,sieu2 ing5,converted,scoundrel; villain; vile character
折本,siĕk-buōng,siek8 buong2,converted,to lose money in business
舌囝,siĕk-giāng,siek8 giang2,converted,uvula appendage that hangs from the palate
舌苔,siĕk-tăi,siek8 tai1,converted,tongue coating; fur
仙鶴,siĕng-hŏk,sieng1 hok8,converted,(Chinese mythology) crane that is raised and ridden by an immortal
仙遊,siĕng-iù,sieng1 iu5,converted,(euphemistic) to die; to pass away
仙人掌,siĕng-ìng-ciōng,sieng1 ing5 ziong2,converted,"cactus, especially prickly pear cactus"
燒酒,siĕu-ciū,sieu1 ziu2,converted,a type of alcoholic beverage during the Tang dynasty
消災,siĕu-căi,sieu1 zai1,converted,to avoid calamities; to be rid of calamities
燒香,siĕu-hiŏng,sieu1 hiong1,converted,(religion) to burn incense before an altar of an idol or an ancestor
逍遙,siĕu-ièu,sieu1 ieu5,converted,to stroll relaxingly; to walk leisurely; to wander in a carefree manner; to saunter about
燒賣,siĕu-mâi,sieu1 mai7,converted,shumai
消息,siĕu-sék,sieu1 sik4,converted,"(countable, uncountable) message; news; information (classifier: 條, 個)"
一百,siŏh-báh,sioh8 bah4,converted,one hundred; a hundred
石板,siŏh-bēng,sioh8 beng2,converted,slab of stone; slabstone; flagstone
一千,siŏh-chiĕng,sioh8 cieng1,converted,one thousand
射箭,siŏh-ciéng,sioh8 zieng3,converted,to shoot an arrow; to let loose an arrow
一滴囝,siŏh-dék-giāng,sioh8 dik4 giang2,converted,a little
一堆,siŏh-dŏi,sioh8 doi1,converted,"a lot(of), many"
石灰,siŏh-huŏi,sioh8 huoi1,converted,(mineral) lime
石榴,siŏh-lìu,sioh8 liu5,converted,pomegranate
石棉,siŏh-mièng,sioh8 mieng5,converted,asbestos
一日,siŏh-nĭk,sioh8 nik8,converted,one day
一世,siŏh-sié,sioh8 sie3,converted,throughout one's life
石獅,siŏh-săi,sioh8 sai1,converted,"(architecture) foo dog a stone guardian lion traditionally placed at the entrances of imperial palaces and tombs, temples, etc."
石頭,siŏh-tàu,sioh8 tau5,converted,stone; rock
石頭卵,siŏh-tàu-lâung,sioh8 tau5 long7,converted,cobblestone; pebble
一萬,siŏh-uâng,sioh8 uang7,converted,ten thousand
商店,siŏng-dáing,siong1 deng3,converted,shop; store establishment that sells goods
商號,siŏng-hô̤,siong1 ho7,converted,shop; store
傷風,siŏng-hŭng,siong1 hung1,converted,"(TCM, diseases) cold; common cold"
商量,siŏng-liòng,siong1 liong5,converted,to consult; to discuss; to talk over
相拍,siŏng-páh,siong1 pah4,converted,to fight
商品,siŏng-pīng,siong1 ping2,converted,good; commodity
箱箱,siŏng-siŏng,siong1 siong1,converted,"any large rectangular container such as a box, case, crate or chest"
相信,siŏng-séng,siong1 sing3,converted,to believe in; to trust; to have faith in
相思,siŏng-sṳ̆,siong1 sy1,converted,to yearn for; to pine for; to miss each other
首都,siū-dŭ,siu2 du1,converted,capital; capital city of a country (classifier: 個)
首日封,siū-nĭk-hŭng,siu2 nik8 hung1,converted,first day cover
首位,siū-ôi,siu2 ui7,converted,first place; the leading position
收冬,siŭ-dĕ̤ng,siu1 doeng1,converted,harvest season
上水,suông-cuōi,suong7 zuoi2,converted,"to add water (to a kettle, field, etc.)"
想念,suōng-niêng,suong2 nieng7,converted,to miss; to think of; to yearn for; to reminisce
輸贏,suŏ-iàng,suo1 iang5,converted,victory or defeat
𠚺汝奶,sá-nṳ̄-nā̤,sa3 ny2 ne2,converted,"(vulgar, offensive) fuck your mother; fuck you"
送親,sáe̤ng-chĭng,soeng3 cing1,converted,to escort the bride to the groom's home or the wedding hall of the bride's kinsfolk
送葬,sáe̤ng-cáung,soeng3 zong3,converted,to attend a burial; to take part in a funeral procession
送客,sáe̤ng-káh,soeng3 kah4,converted,to see a visitor out
送禮,sáe̤ng-lā̤,soeng3 le2,converted,(intransitive) to give a gift
色盲,sáik-màng,sek4 mang5,converted,color blindness
蝨母,sáik-mō̤,sek4 mo2,converted,louse
掃帚,sáu-chiū,sau3 ciu2,converted,broom
掃帚星,sáu-chiū-sĭng,sau3 ciu2 sing1,converted,(astronomy) comet
索寞,sáuk-mŏk,sok4 mok8,converted,crestfallen; downcast; in low spirits
算盤,sáung-buàng,song3 buang5,converted,(mathematics) abacus
算盤子,sáung-buàng-cī,song3 buang5 zi2,converted,abacus bead
算打,sáung-dā,song3 da2,converted,plan; project
算學,sáung-hŏk,song3 hok8,converted,(dated) mathematics
算命,sáung-miâng,song3 miang7,converted,to tell someone's fortune
算命先生,sáung-miâng sĭng-săng,song3 miang7 sing1 sang1,converted,fortune-teller
蒜苗,sáung-mièu,song3 mieu5,converted,(tender) garlic scape
蒜帕,sáung-pá,song3 pa3,converted,clove of garlic
蒜頭,sáung-tàu,song3 tau5,converted,head of garlic; bulb of garlic
蒜頭醬,sáung-tàu-cuóng,song3 tau5 zuong3,converted,mashed garlic
細胞,sá̤-bàu,se3 bau5,converted,"(biology, cytology, countable) cell"
細姐,sá̤-ciā,se3 zia2,converted,(Dongguan) concubine
細叔,sá̤-cé̤ṳk,se3 zyk4,converted,brother-in-law husband's younger brother
細姑,sá̤-gŭ,se3 gu1,converted,sister-in-law (husband's younger sister)
細膩,sá̤-nê,se3 ni7,converted,"(of writing, speech, etc.) exquisite; fine"
細姨,sá̤-ì,se3 i5,converted,sister-in-law wife's younger sister
前首邊,sèng-sāu-biĕng,seng5 sau2 bieng1,converted,in front; ahead
前首勢,sèng-sāu-sié,seng5 sau2 sie3,converted,in front; ahead
辰候,sèng-âu,seng5 au7,converted,"time the time of day; the moment in time, as indicated by a clock or similar device"
稠稠,sèu-sèu,seu5 seu5,converted,(of solutions) thick
四平八穩,sé-bìng-báik-ṳ̄ng,si3 bing5 bek4 yng2,converted,very stable and steady; completely stable and safe
四點,sé-dēng,si3 deng2,converted,four o'clock
四點水,sé-dēng-cūi,si3 deng2 zui2,converted,(proscribed) 灬
四月,sé-nguŏk,si3 nguok8,converted,April
四色,sé-sáik,si3 sek4,converted,four color cards
四色牌,sé-sáik-bà̤,si3 sek4 be5,converted,four color cards
四十,sé-sĕk,si3 sek8,converted,forty; 40
四十八,sé-sĕk-báik,si3 sek8 bek4,converted,forty-eight; 48
四十九,sé-sĕk-gāu,si3 sek8 gau2,converted,forty-nine; 49
四十五,sé-sĕk-ngô,si3 sek8 ngu7,converted,forty-five; 45
四十四,sé-sĕk-sé,si3 sek8 si3,converted,forty-four; 44
四十一,sé-sĕk-ék,si3 sek8 ik4,converted,forty-one; 41
失禮,sék-lā̤,sik4 le2,converted,to lack manners; to be impolite; to breach etiquette
蟋蟀,sék-sáuk,sik4 sok4,converted,cricket insect
性別,séng-biék,sing3 biek4,converted,sex; gender
性侵,séng-chĭng,sing3 cing1,converted,to sexually assault; to interfere with
性質,séng-cék,sing3 zik4,converted,character; nature; intrinsic quality; essence
聖旨,séng-cī,sing3 zi2,converted,(historical) imperial edict (classifier: 道)
聖誕,séng-dáng,sing3 dang3,converted,"birth of a sage, saint, god, emperor, etc."
信徒,séng-dù,sing3 du5,converted,believer; follower
性格,séng-gáik,sing3 gek4,converted,personality; nature; temperament; disposition
性交,séng-gău,sing3 gau1,converted,to have sex; to have sexual intercourse
聖經,séng-gĭng,sing3 ging1,converted,"classics of sages, especially Confucian classics"
姓名,séng-mìng,sing3 ming5,converted,full name of a person
信仰,séng-ngiōng,sing3 ngiong2,converted,"to believe in an ideology, faith or religion; to have faith in"
信息,séng-sék,sing3 sik4,converted,information
姓氏,séng-sê,sing3 si7,converted,family name; surname
迅速,séng-sók,sing3 suk4,converted,rapid; quick
信心,séng-sĭng,sing3 sing1,converted,confidence
信任,séng-êng,sing3 ing7,converted,to trust; to have confidence in
聖人,séng-ìng,sing3 ing5,converted,sage; wise man
秀才,séu-cài,siu3 zai5,converted,(historical) licentiate scholar who has passed the entry-level examination to study at a college
使徒,sé̤ṳ-dù,sy3 du5,converted,"(Protestantism, Eastern Orthodoxy) apostle"
四季,sé̤ṳ-gié,sy3 gie3,converted,the four seasons
賜福,sé̤ṳ-hók,sy3 huk4,converted,to bless
使命,sé̤ṳ-miâng,sy3 miang7,converted,"(diplomatic, figuratively) mission; set task; assignment"
賜予,sé̤ṳ-ṳ̄,sy3 y2,converted,(formal) to present as a gift; to bestow; to grant
示範,sê-huâng,si7 huang7,converted,to set an example; to demonstrate; to model
寺廟,sê-miêu,si7 mieu7,converted,temple
視死如歸,sê-sṳ̄-ṳ̀-gŭi,si7 sy2 y5 gui1,converted,(simile) to be courageous and not fear death; to not fear sacrificing oneself for a greater cause
示威,sê-ŭi,si7 ui1,converted,to show power; to show one's might; to show one's state of being intimidating
腎囊,sêng-nòng,sing7 nong5,converted,(TCM) scrotum
受暑,sêu-sṳ̄,siu7 sy2,converted,(medicine) to suffer from heatstroke or sunstroke
士兵,sê̤ṳ-bĭng,sy7 bing1,converted,"soldier (classifier: 個, 名, 位)"
事情,sê̤ṳ-cìng,sy7 zing5,converted,(countable) matter; affair; something; business; thing; stuff (classifier: 件)
事件,sê̤ṳ-giông,sy7 giong7,converted,event; incident; occurrence
事故,sê̤ṳ-gó,sy7 gu3,converted,accident; mishap
事奉,sê̤ṳ-hông,sy7 hung7,converted,to serve
樹林,sê̤ṳ-lìng,sy7 ling5,converted,(collective) forest; woods; grove
樹木,sê̤ṳ-mŭk,sy7 muk8,converted,(collective) tree
事實,sê̤ṳ-sĭk,sy7 sik8,converted,"(countable, uncountable) fact; truth (classifier: 個)"
士師,sê̤ṳ-sṳ̆,sy7 sy1,converted,(historical) government official responsible for prohibitions and punishment during the Zhou dynasty
事務,sê̤ṳ-ô,sy7 u7,converted,routine work
時鐘,sì-cṳ̆ng,si5 zyng1,converted,clock
時道,sì-dô̤,si5 do7,converted,"fate; destiny of a person, country, business, etc."
時間,sì-găng,si5 gang1,converted,(uncountable) time the inevitable passing of events from past to present then future
時候,sì-hâiu,si5 heu7,converted,period of time
時辰,sì-sìng,si5 sing5,converted,"double-hour one of the 12 two-hour periods into which the day was formerly divided before the Western chronology, each being the name of one of the 12 Earthly Branches"
時運,sì-ông,si5 ung7,converted,luck; fortune
神主,sìng-cṳ̄,sing5 zy2,converted,spirit tablet; ancestral tablet tablet with the name of an ancestor inscribed on it
神主牌,sìng-cṳ̄-bà̤,sing5 zy2 be5,converted,spirit tablet; ancestral tablet tablet with the name of an ancestor inscribed on it
成長,sìng-diòng,sing5 diong5,converted,to grow up; to grow to maturity
承諾,sìng-dák,sing5 dak4,converted,to promise; to pledge; to vow; to undertake to do something
檐墘,sìng-gièng,sing5 gieng5,converted,eaves
檐墘頭,sìng-gièng-tàu,sing5 gieng5 tau5,converted,eaves
神經,sìng-gĭng,sing5 ging1,converted,(anatomy) nerve bundle of neurons
神經病,sìng-gĭng-bâng,sing5 ging1 bang7,converted,(medicine) neurological disorder; neuropathy
成功,sìng-gŭng,sing5 gung1,converted,to succeed; to achieve success; to be successful
乘法,sìng-huák,sing5 huak4,converted,(arithmetic) multiplication
神父,sìng-hô,sing5 hu7,converted,"(Catholicism, Eastern Orthodoxy) father; priest"
神學,sìng-hŏk,sing5 hok8,converted,"theology study of God, or a god, or gods"
誠懇,sìng-kōng,sing5 kong2,converted,honest; sincere
神媽,sìng-mā,sing5 ma2,converted,witch; sorceress
承認,sìng-nêng,sing5 ning7,converted,to admit; to concede; to acknowledge; to confess
神聖,sìng-séng,sing5 sing3,converted,sacred; holy
辰時,sìng-sì,sing5 si5,converted,the hours of the dragon (7:00am to 9:00am)
誠實,sìng-sĭk,sing5 sik8,converted,honest; genuine
成熟,sìng-sṳ̆k,sing5 syk8,converted,(botany) to ripen; to ripe
神話,sìng-uâ,sing5 ua7,converted,myth; fairy tale; mythology
新人,sìng-ìng,sing5 ing5,converted,newly married couple; newlyweds; bride and groom
新人轎,sìng-ìng-giêu,sing5 ing5 gieu7,converted,bridal sedan chair (in traditional Chinese weddings)
神韻,sìng-ông,sing5 ung7,converted,charm; grace in art or poetry
數簿,só-buô,su3 buo7,converted,account book
數房,só-bùng,su3 bung5,converted,accountant's office
素菜,só-chái,su3 cai3,converted,vegetable dish; vegetarian dish
數據,só-gé̤ṳ,su3 gy3,converted,data organized information
數學,só-hŏk,su3 hok8,converted,mathematics
數學家,só-hŏk-gă,su3 hok8 ga1,converted,mathematician
塑料,só-lâiu,su3 leu7,converted,plastic material
訴訟,só-sê̤ṳng,su3 syng7,converted,to file a lawsuit; to litigate; to sue
睡衣,sói-ĭ,sui3 i1,converted,pyjamas; pajamas
索麵,só̤h-miêng,soh4 mieng7,converted,"misua a very thin variety of salted noodles made from wheat flour from Fujian, China"
順風順水,sông-hŭng sông-cūi,sung7 hung1 sung7 zui2,converted,smooth; without obstacles or difficulties
順風耳,sông-hŭng-ngī,sung7 hung1 ngi2,converted,"(figuratively) ""Radar-ears"": any person with a good sense of hearing"
坐墊,sô̤i-dâing,soi7 deng7,converted,seat cushion
坐禪,sô̤i-sièng,soi7 sieng5,converted,(Buddhism) to sit in meditation
隨便,sùi-biêng,sui5 bieng7,converted,casual; informal
船家,sùng gă,sung5 ga1,converted,boatperson
船主,sùng-ciō,sung5 zio2,converted,shipowner
船墘,sùng-gièng,sung5 gieng5,converted,side of a boat
船民,sùng-mìng,sung5 ming5,converted,boat person; boat people ethnic group that live on boats
使田,sāi-chèng,sai2 ceng5,converted,"to plough and harrow a field, to work the land"
產品,sāng-pīng,sang2 ping2,converted,"product; produce (classifier: 個, 件, 款)"
洗車,sā̤-chiă,se2 cia1,converted,(intransitive) to wash a car
洗手,sā̤-chiū,se2 ciu2,converted,to wash one's hands
洗牙,sā̤-ngāi,se2 ngai2,converted,(of a dentist or dental hygienist) to clean the teeth; to perform teeth scaling
洗身,sā̤-sĭng,se2 sing1,converted,to take a shower; to take a bath
洗湯,sā̤-tŏng,se2 tong1,converted,to take a shower or bath (in hot water)
師父,să-hâu,sa1 hau7,converted,master; teacher (usually for martial arts)
師傅,să-hô,sa1 hu7,converted,teacher; master; sifu; shifu usually of a trade
沙漠,să-mŏk,sa1 mok8,converted,desert barren area
鯊魚,săi-ngṳ̀,sai1 ngy5,converted,shark scaleless cartilaginous fish
生去,săng kó̤,sang1 ko3,converted,to give birth (to a child)
舢板,săng-bēng,sang1 beng2,converted,sampan flat-bottomed Chinese wooden boat propelled by two oars
杉柴,săng-chà,sang1 ca5,converted,"Chinese fir tree Cunninghamia lanceolata, of the cypress family; wood of Chinese fir"
三字經,săng-cê-gĭng,sang1 zi7 ging1,converted,(idiomatic) swear words
生鉎,săng-cĭng,sang1 zing1,converted,to rust; to get rusty; to corrode; to oxidise
三點,săng-dēng,sang1 deng2,converted,three o'clock
山東粉,săng-dĕ̤ng-hūng,sang1 doeng1 hung2,converted,vermicelli cellophane noodles historically made from mung bean starch from Shandong
生囝,săng-giāng,sang1 giang2,converted,to give birth (to a child)
三角形,săng-gáe̤k-hìng,sang1 goek4 hing5,converted,(geometry) triangle polygon
三番兩次,săng-huăng-lâng-ché̤ṳ,sang1 huang1 lang7 cy3,converted,again and again; time and again
三番五次,săng-huăng-ngô-ché̤ṳ,sang1 huang1 ngu7 cy3,converted,again and again; time and again
生分,săng-hông,sang1 hung7,converted,to grow apart; to become estranged
珊瑚,săng-hù,sang1 hu5,converted,coral
山羊,săng-iòng,sang1 iong5,converted,goat animal
山腳,săng-kă,sang1 ka1,converted,foot of a mountain or hill; foothill
山坑,săng-kăng,sang1 kang1,converted,(Jixi) valley; gully; ravine; gorge
三明,săng-mìng,sang1 ming5,converted,"three heavenly bodies: sun, moon and stars"
三月,săng-nguŏk,sang1 nguok8,converted,"March, the third month of the Gregorian solar calendar."
生日,săng-nĭk,sang1 nik8,converted,birthday
三十,săng-sĕk,sang1 sek8,converted,thirty; 30
三十八,săng-sĕk-báik,sang1 sek8 bek4,converted,thirty-eight; 38
三十七,săng-sĕk-chék,sang1 sek8 cik4,converted,thirty-seven; 37
三十九,săng-sĕk-gāu,sang1 sek8 gau2,converted,thirty-nine; 39
三十六,săng-sĕk-lĕ̤k,sang1 sek8 loek8,converted,thirty-six; 36
三十五,săng-sĕk-ngô,sang1 sek8 ngu7,converted,thirty-five; 35
三十二,săng-sĕk-nê,sang1 sek8 ni7,converted,thirty-two; 32
三十四,săng-sĕk-sé,sang1 sek8 si3,converted,thirty-four; 34
三十三,săng-sĕk-săng,sang1 sek8 sang1,converted,thirty-three; 33
三十一,săng-sĕk-ék,sang1 sek8 ik4,converted,thirty-one; 31
三位一體,săng-ôi-ék-tā̤,sang1 ui7 ik4 te2,converted,three in one; trinity; three forming an organic whole
西裝,să̤-cŏng,se1 zong1,converted,Western-style clothing especially referring to a formal or business suit
西國,să̤-guók,se1 guok4,converted,(historical) feudal lords of western states
西瓜,să̤-guă,se1 gua1,converted,watermelon
㾪肉,sēng-nṳ̆k,seng2 nyk8,converted,lean meat (especially pork)
十八,sĕk-báik,sek8 bek4,converted,eighteen; 18
十七,sĕk-chék,sek8 cik4,converted,seventeen; 17
十絕哥,sĕk-ciŏk-gŏ̤,sek8 ziok8 go1,converted,miser
十字架,sĕk-cê-gá,sek8 zi7 ga3,converted,cross; crucifix
十點,sĕk-dēng,sek8 deng2,converted,ten o'clock
十九,sĕk-gāu,sek8 gau2,converted,nineteen; 19
十六,sĕk-lĕ̤k,sek8 loek8,converted,sixteen; 16
十月,sĕk-nguŏk,sek8 nguok8,converted,October
十五,sĕk-ngô,sek8 ngu7,converted,fifteen; 15
十二,sĕk-nê,sek8 ni7,converted,twelve; 12
十二點,sĕk-nê-dēng,sek8 ni7 deng2,converted,twelve o'clock
十二月,sĕk-nê-nguŏk,sek8 ni7 nguok8,converted,December
十四,sĕk-sé,sek8 si3,converted,fourteen; 14
十三,sĕk-săng,sek8 sang1,converted,thirteen; 13
十萬,sĕk-uâng,sek8 uang7,converted,hundred thousand
十一,sĕk-ék,sek8 ik4,converted,eleven; 11
十一點,sĕk-ék-dēng,sek8 ik4 deng2,converted,eleven o'clock
十一月,sĕk-ék-nguŏk,sek8 ik4 nguok8,converted,November
生去,sĕng kó̤,seng1 ko3,converted,(euphemistic) to die; to pass away
牲畜,sĕng-hé̤ṳk,seng1 hyk4,converted,livestock; domestic animals
森林,sĕng-lìng,seng1 ling5,converted,(countable) forest; trees
生理,sĕng-lī,seng1 li2,converted,physiology; normal functioning of living organisms and their parts
生命,sĕng-mêng,seng1 ming7,converted,"(countable, uncountable) life characteristic of living beings, state of being alive"
森森,sĕng-sĕng,seng1 seng1,converted,"(ideophonic, of trees) dense; lush"
生態學,sĕng-tái-hŏk,seng1 tai3 hok8,converted,ecology
生活,sĕng-uăk,seng1 uak8,converted,life activities in life
生意,sĕng-é,seng1 i3,converted,business; trade (classifier: 筆)
生物,sĕng-ŭk,seng1 uk8,converted,(biology) organism; living being; lifeform (classifier: 個)
生育,sĕng-ṳ̆k,seng1 yk8,converted,to give birth; to procreate; to have children
雙字姓,sĕ̤ng-cê-sáng,soeng1 zi7 sang3,converted,two-character Chinese surname; Chinese compound surname
雙徛人,sĕ̤ng-kiê-nè̤ng,soeng1 kie7 noeng5,converted,"(;, ;, ;) 彳"
雙生,sĕ̤ng-săng,soeng1 sang1,converted,(attributive) twin
雙生囝,sĕ̤ng-săng-giāng,soeng1 sang1 giang2,converted,twin
死假眼,sī-gā-ngāng,si2 ga2 ngang2,converted,someone with eyeglasses
死貨,sī-huó,si2 huo3,converted,(offensive) devil
死命,sī-miâng,si2 miang7,converted,as if one's life depended on it; desperately
死人,sī-nè̤ng,si2 noeng5,converted,dead person
死屍,sī-sĭ,si2 si1,converted,dead body (of a person); corpse
死心,sī-sĭng,si2 sing1,converted,to give up on; to drop
審案,sīng-áng,sing2 ang3,converted,(law) to try a case; to handle a case
絲綢,sĭ-dièu,si1 dieu5,converted,silk as cloth or fabric
詩句,sĭ-guó,si1 guo3,converted,(poetry) verse; line of a poem
詩學,sĭ-hŏk,si1 hok8,converted,poetics
詩篇,sĭ-piĕng,si1 pieng1,converted,(literal) poetry
絲蟲,sĭ-tè̤ng,si1 toeng5,converted,filaria; filarial worm
尸位素餐,sĭ-ôi-só-chuăng,si1 ui7 su3 cuang1,converted,"(derogatory, humble) hold one's position and live without doing anything"
食醋,sĭk-chó,sik8 cu3,converted,table vinegar
實際,sĭk-cié,sik8 zie3,converted,actual; real; concrete
習慣,sĭk-guáng,sik8 guang3,converted,to be accustomed to; to be in the habit of
食品,sĭk-pīng,sik8 ping2,converted,food; foodstuff
植物,sĭk-ŭk,sik8 uk8,converted,(botany) plant; vegetation; flora
食物,sĭk-ŭk,sik8 uk8,converted,food
心煞,sĭng sák,sing1 sak4,converted,cruel; ruthless; merciless; heartless
星星,sĭng sĭng,sing1 sing1,converted,(figurative) salt-and-pepper; grizzled
星搬厝,sĭng-buăng-chió,sing1 buang1 cio3,converted,(astronomy) meteor; shooting star
新婦,sĭng-bô,sing1 bu7,converted,bride
新婦囝,sĭng-bô-giāng,sing1 bu7 giang2,converted,(Yongchun) tongyangxi; girl adopted into a family as future daughter-in-law; child bride
心臟,sĭng-câung,sing1 zong7,converted,(anatomy) heart (classifier: 個)
身材,sĭng-còi,sing1 zoi5,converted,stature; figure; build (height and weight); body type
星座,sĭng-cô̤,sing1 zo7,converted,(astronomy) constellation
聲調,sĭng-diêu,sing1 dieu7,converted,tone; note
心肝,sĭng-găng,sing1 gang1,converted,(figurative) conscience
新型,sĭng-hìng,sing1 hing5,converted,(attributive) new-style; new-type; new
身份,sĭng-hông,sing1 hung7,converted,status of a person; identity
辛苦,sĭng-kū,sing1 ku2,converted,laborious; hard; miserable; exhausting
新郎,sĭng-lòng,sing1 long5,converted,bridegroom (man about to be married)
新郎官,sĭng-lòng-guăng,sing1 long5 guang1,converted,bridegroom
新郎婿,sĭng-lòng-sái,sing1 long5 sai3,converted,bridegroom
身坯,sĭng-puŏi,sing1 puoi1,converted,one's build or physique
身上,sĭng-siông,sing1 siong7,converted,(literally) one's body; one's health
心性,sĭng-sáng,sing1 sang3,converted,disposition; temperament; nature
星宿,sĭng-séu,sing1 siu3,converted,"(archaic, astronomy) constellation"
心事,sĭng-sê̤ṳ,sing1 sy7,converted,something on one's mind; worry; vexation
身頌,sĭng-sê̤ṳng,sing1 syng7,converted,clothes; clothing
先生,sĭng-săng,sing1 sang1,converted,mister; sir; gentleman
猩猩,sĭng-sĭng,sing1 sing1,converted,"An unspecified kind of ape; generally assumed to be gibbons or orangutans, since they are the only ones geographically possible. (classifier: 隻)"
身體,sĭng-tā̤,sing1 te2,converted,(anatomy) body of a human or animal (classifier: 個)
申冤,sĭng-uŏng,sing1 uong1,converted,to redress an injustice
心意,sĭng-é,sing1 i3,converted,one's feelings
新人房,sĭng-ìng-bùng,sing1 ing5 bung5,converted,bridal chamber
新人伴,sĭng-ìng-puâng,sing1 ing5 puang7,converted,bridesmaid usually done by an unmarried woman
新聞,sĭng-ùng,sing1 ung5,converted,"(countable, uncountable) news reports of current events"
損症,sōng-céng,song2 zing3,converted,any illness that causes one's body to decline or to be emaciated
選舉,sōng-gṳ̄,song2 gy2,converted,to elect to choose someone by voting
爽快,sōng-kuái,song2 kuai3,converted,frank; open; outright; straightforward
孫女婿,sōng-nṳ̄-sái,song2 ny2 sai3,converted,grandson-in-law granddaughter's husband
損折,sōng-siĕk,song2 siek8,converted,to lose
孫婿,sōng-sái,song2 sai3,converted,(Jiading) grandson-in-law granddaughter's husband
爽適,sōng-sék,song2 sik4,converted,comfortable; cozy; snug
鎖匙,sō̤-siè,so2 sie5,converted,key
桑樹,sŏng-chéu,song1 ciu3,converted,mulberry tree
相爭,sŏng-căng,song1 zang1,converted,to conflict; to contend; to fight each other for
孫囝,sŏng-giāng,song1 giang2,converted,grandson
孀居,sŏng-gṳ̆,song1 gy1,converted,to remain a widow; to live in widowhood
孀居儂,sŏng-gṳ̆-nè̤ng,song1 gy1 noeng5,converted,widow
相好,sŏng-hō̤,song1 ho2,converted,to be on intimate terms
喪亂,sŏng-luâng,song1 luang7,converted,death and disorder; disturbance and bloodshed
桑蘿子,sŏng-lài-cī,song1 lai5 zi2,converted,fruit of the mulberry
相罵,sŏng-má,song1 ma3,converted,to exchange insults
桑箬,sŏng-niŏh,song1 nioh8,converted,mulberry leaf
孫女,sŏng-nṳ̄,song1 ny2,converted,granddaughter one's son's daughter
宣判,sŏng-puáng,song1 puang3,converted,(legal) to pronounce judgment
喪事,sŏng-sê̤ṳ,song1 sy7,converted,funeral; funeral arrangements
孫新婦,sŏng-sĭng-bô,song1 sing1 bu7,converted,granddaughter-in-law grandson's wife
桑頭子,sŏng-tàu-cī,song1 tau5 zi2,converted,fruit of the mulberry
昨暝,sŏ̤h-màng,soh8 mang5,converted,yesterday
昨暝晡,sŏ̤h-màng-buŏ,soh8 mang5 buo1,converted,last night
昨年,sŏ̤h-nièng,soh8 nieng5,converted,last year
昨年暝,sŏ̤h-nièng-màng,soh8 nieng5 mang5,converted,the year before last
所在,sū-câi,su2 zai7,converted,place; location
所有,sū-iū,su2 iu2,converted,all
所以,sū-ī,su2 i2,converted,therefore; so; consequently
筍乾,sūng-găng,sung2 gang1,converted,dried bamboo shoots
筍殼,sūng-káe̤k,sung2 koek4,converted,sheath of bamboo shoots
秫米,sŭk-mī,suk8 mi2,converted,husked sorghum
殉葬,sŭng-cáung,sung1 zong3,converted,to be buried with the dead (especially alive)
殉情,sŭng-cìng,sung1 zing5,converted,to die for love; to die together in the name of love
殉難,sŭng-nâng,sung1 nang7,converted,"to sacrifice one's life for country, community, religion etc.; to die for a just cause"
辭職,sṳ̀-cék,sy5 zik4,converted,(intransitive) to resign from a job
詞典,sṳ̀-diēng,sy5 dieng2,converted,"dictionary (classifier: 本, 部)"
時代,sṳ̀-dâi,sy5 dai7,converted,times; age; epoch; era; period of time in history
祠堂,sṳ̀-dòng,sy5 dong5,converted,ancestral shrine; ancestral hall; ancestral temple; lineage temple
松柏子,sṳ̀ng-báh-cī,syng5 bah4 zi2,converted,pine nut
松柏卵,sṳ̀ng-báh-lâung,syng5 bah4 long7,converted,pinecone
松鼠,sṳ̀ng-chṳ̄,syng5 cy2,converted,squirrel
松子,sṳ̀ng-cī,syng5 zi2,converted,pine nut
松明,sṳ̀ng-miāng,syng5 miang2,converted,pine torch
松毛鬚,sṳ̀ng-mò̤-chiĕu,syng5 mo5 cieu1,converted,pine needle
松毛針,sṳ̀ng-mò̤-cĕng,syng5 mo5 zeng1,converted,pine needle
松毛卵,sṳ̀ng-mò̤-lâung,syng5 mo5 long7,converted,pinecone
史冊,sṳ̄-cháik,sy2 cek4,converted,(historiography) annals
始祖,sṳ̄-cū,sy2 zu2,converted,(literally) earliest ancestor; primogenitor; progenitor
暑假,sṳ̄-gá,sy2 ga3,converted,summer holiday; summer vacation
暑氣,sṳ̄-ké,sy2 ki3,converted,summer heat
暑天,sṳ̄-tiĕng,sy2 tieng1,converted,hot summer days; dog days
師大,sṳ̆-dâi,sy1 dai7,converted,short for 師範大學
司法,sṳ̆-huák,sy1 huak4,converted,"(government, legal) administration of justice; judiciary; judicature"
師兄,sṳ̆-hĭng,sy1 hing1,converted,"male senior fellow student or apprentice especially in a Chinese martial arts school where the seniority is not based on the student's age or level of skill, but on the chronological order of following a particular sifu"
需要,sṳ̆-iéu,sy1 ieu3,converted,to need; to require
思量,sṳ̆-luòng,sy1 luong5,converted,to reckon; to consider; to weigh; to speculate; to turn over in one's mind
思想,sṳ̆-siōng,sy1 siong2,converted,idea; intention; thought
私生子,sṳ̆-sáing-cṳ̄,sy1 seng3 zy2,converted,illegitimate child usually a boy; bastard child; child born out of wedlock; love child
私人,sṳ̆-ìng,sy1 ing5,converted,(attributive) private as opposed to public; personal
須臾,sṳ̆-ṳ̀,sy1 y5,converted,an instant
贖價,sṳ̆k-gá,syk8 ga3,converted,(Christianity) ransom
熟語,sṳ̆k-ngṳ̄,syk8 ngy2,converted,idiom
俗語話,sṳ̆k-ngṳ̄-uâ,syk8 ngy2 ua7,converted,common saying; adage
拆開,tiáh-kŭi,tiah4 kui1,converted,to take apart; to dismantle
鰨鯊,tiák-săi,tiak4 sai1,converted,(Dongguan Yue) flatfish (der Pleuronectiformes order)
啼嘛,tiè-mà,tie5 ma5,converted,to cry; to weep
跇帶,tié-dái,tie3 dai3,converted,incidentally; conveniently; in passing
剃刀,tié-dŏ̤,tie3 do1,converted,razor
跇了,tié-lāu,tie3 lau2,converted,all along; always; constantly
剃頭,tié-tàu,tie3 tau5,converted,to have one's hair shaved
剃頭店,tié-tàu-dáing,tie3 tau5 deng3,converted,hairdresser's; barber shop
剃頭師傅,tié-tàu-să-hô,tie3 tau5 sa1 hu7,converted,barber
跇頭,tié-tāu,tie3 tau2,converted,all along; always; constantly; entirely
鐵路,tiék-diô,tiek4 dio7,converted,railroad; railway (classifier: 條)
鐵墿,tiék-diô,tiek4 dio7,converted,railroad; railway
鐵砧,tiék-dōng,tiek4 dong2,converted,anvil
鐵觀音,tiék-guăng-ĭng,tiek4 guang1 ing1,converted,Tieguanyin tea a variety of oolong tea
鐵錘,tiék-tùi,tiek4 tui5,converted,hammer
跳落水,tiéu lŏ̤h-cūi,tieu3 loh8 zui2,converted,to commit suicide by jumping into the sea
跳班,tiéu-băng,tieu3 bang1,converted,(of a student) to skip a year; to skip a grade
跳大橋,tiéu-duâi-giò,tieu3 duai7 gio5,converted,to commit suicide by jumping into the sea
跳躍,tiéu-iŏk,tieu3 iok8,converted,to jump; to prance; to leap
跳框,tiéu-kuŏng,tieu3 kuong1,converted,to play hopscotch
糶米,tiéu-mī,tieu3 mi2,converted,to sell rice
跳索,tiéu-só̤h,tieu3 soh4,converted,jump rope; skip rope
躊躇,tiù-tṳ̀,tiu5 ty5,converted,to walk back and forth
聽喙,tiăng-chói,tiang1 cui3,converted,to obey; to behave; to be obedient; to be well-disciplined
聽見,tiăng-giéng,tiang1 gieng3,converted,(transitive) to hear
扯擘,tiē-báh,tie2 bah4,converted,to rip; to tear
諂諛,tiēng-ṳ̀,tieng2 y5,converted,to toady; to flatter
天主堂,tiĕng-ciō-dòng,tieng1 zio2 dong5,converted,(Catholicism) Catholic church
天井,tiĕng-cāng,tieng1 zang2,converted,courtyard atrium; patio; small inner yard
天堂,tiĕng-dòng,tieng1 dong5,converted,(religion) heaven
天頂,tiĕng-dīng,tieng1 ding2,converted,sky
天光,tiĕng-guŏng,tieng1 guong1,converted,daylight
天干,tiĕng-găng,tieng1 gang1,converted,heavenly stem: one of the ten terms used in East Asian cultures to represent
天狗食月,tiĕng-gēu siăh-nguŏk,tieng1 geu2 siah8 nguok8,converted,lunar eclipse
天狗食日,tiĕng-gēu siăh-nĭk,tieng1 geu2 siah8 nik8,converted,solar eclipse
天花,tiĕng-huă,tieng1 hua1,converted,"(Buddhism) flower of the sky; divine flower, stated in the Lotus Sutra as of four kinds, two white and two red"
天下,tiĕng-hâ,tieng1 ha7,converted,(figurative) the world; everything under the sky; all under heaven
天然,tiĕng-iòng,tieng1 iong5,converted,(attributive) natural produced by nature
天氣,tiĕng-ké,tieng1 ki3,converted,weather
天空,tiĕng-kŭng,tieng1 kung1,converted,sky; heavens; firmament
天門,tiĕng-muòng,tieng1 muong5,converted,(Chinese mythology) gate to the Heavenly Palace
天晴,tiĕng-sàng,tieng1 sang5,converted,sunny day; clear weather; fine weather
天使,tiĕng-sé̤ṳ,tieng1 sy3,converted,angel
天星,tiĕng-sĭng,tieng1 sing1,converted,star (in the sky)
天文,tiĕng-ùng,tieng1 ung5,converted,astronomy
挑土爿,tiĕu-tū-bèng,tieu1 tu2 beng5,converted,土
橢圓,tiō-uòng,tio2 uong5,converted,(geometry) ellipse
橢圓形,tiō-uòng-hìng,tio2 uong5 hing5,converted,oval shape
拖把,tuă-bà,tua1 ba5,converted,mop
刣雞教猴,tài-giĕ-gá-gàu,tai5 gie1 ga3 gau5,converted,to make a public demonstration of punishing a wrongdoer in order to deter innocents who might mimic the example of the wrongdoer
刣人,tài-nè̤ng,tai5 noeng5,converted,to kill someone
刣死,tài-sī,tai5 si2,converted,(transitive) to kill
刣頭,tài-tàu,tai5 tau5,converted,to behead; to decapitate
痰盆,tàng-puòng,tang5 puong5,converted,spittoon
頭整,tàu-cīng,tau5 zing2,converted,outline of a face
頭回,tàu-huòi,tau5 huoi5,converted,first time
頭髮,tàu-huók,tau5 huok4,converted,hair on the head
頭眩,tàu-hìng,tau5 hing5,converted,(symptom) to feel dizzy; to be giddy
頭輪,tàu-lùng,tau5 lung5,converted,first round
頭名,tàu-miàng,tau5 miang5,converted,"first place in examinations, contests, etc."
頭腦,tàu-nō̤,tau5 no2,converted,head
頭首,tàu-siū,tau5 siu2,converted,head
頭牲,tàu-săng,tau5 sang1,converted,livestock; domestic animals
頭先,tàu-sĕng,tau5 seng1,converted,most importantly
頭梳,tàu-sĕ̤,tau5 soe1,converted,comb
頭疼,tàu-tiáng,tau5 tiang3,converted,(symptom) to have a headache pain in the head
頭頭,tàu-tàu,tau5 tau5,converted,head; chief; boss
頭胎,tàu-tŏi,tau5 toi1,converted,firstborn child or first pregnancy
頭碗骨,tàu-uāng-gók,tau5 uang2 guk4,converted,cranium; skull
澈潔,táh-gáik,tah4 gek4,converted,clean; neat and tidy
太平,tái-bàng,tai3 bang5,converted,peaceful and tranquil
太監,tái-gáng,tai3 gang3,converted,"(historical, Qing dynasty) eunuch of a palace or court; imperial eunuch"
太極,tái-gĭk,tai3 gik8,converted,"taiji ""The Absolute""; the condition as it existed before the creation of the world"
太后,tái-hâiu,tai3 heu7,converted,empress dowager
太陽,tái-iòng,tai3 iong5,converted,sun; the Sun
太空,tái-kŭng,tai3 kung1,converted,outer space
太太,tái-tái,tai3 tai3,converted,"An honorific for adults, usually conferred on married women following the surname of their husband: Mrs"
太陰,tái-ĭng,tai3 ing1,converted,lunar
透日,táu-nĭk,tau3 nik8,converted,the whole day; all day long; all the time
脫輪,táuk-lùng,tok4 lung5,converted,to dislocate a joint
褪骨,táung-gáuk,tong3 gok4,converted,to dislocate a joint
褪孝,táung-há,tong3 ha3,converted,to take off mourning clothes at the end of the mourning period
褪環,táung-kuàng,tong3 kuang5,converted,be done for; be finished or destroyed; gone for the dogs; curtains for someone
褪殼,táung-káe̤k,tong3 koek4,converted,to shed skin; to cast off an old skin or shell
褪輪,táung-lùng,tong3 lung5,converted,to dislocate a joint
褪毛,táung-mò̤,tong3 mo5,converted,to lose hair or feathers
褪跣跤,táung-siēng-kă,tong3 sieng2 ka1,converted,to be barefoot
褪鞋,táung-à̤,tong3 e5,converted,"to take off one's, or someone else's shoes"
替身,tá̤-séng,te3 sing3,converted,scapegoat; whipping boy
蟲囝,tè̤ng-giāng,toeng5 giang2,converted,insect
蟲蟻,tè̤ng-ngiê,toeng5 ngie7,converted,insects; bugs
堤壩,té-bá,ti3 ba3,converted,dam; dyke; embankment
踢毽,ték-gióng,tik4 giong3,converted,to play jianzi
敕令,ték-lêng,tik4 ling7,converted,"(historical) to issue an imperial order, edict or rescript"
提督,tì-dók,ti5 duk4,converted,(historical) provincial military commander (in imperial China)
提琴,tì-kìng,ti5 king5,converted,violin family of musical instruments
沉淪,tìng-lùng,ting5 lung5,converted,"to sink into; to fall into vice, depravity, degradation, etc."
豚囝,tòng-giāng,tong5 giang2,converted,half-grown animal or child
糖粿,tòng-guōi,tong5 guoi2,converted,nian gao a Chinese New Year's cake made of glutinous rice flour
糖尿病,tòng-niêu-bâng,tong5 nieu7 bang7,converted,(disease) diabetes mellitus; diabetes
退熱,tó̤i-iĕk,toi3 iek8,converted,"(transitive) to bring down a fever; to allay a fever; ⟨of a fever, intransitive⟩ to abate"
退休,tó̤i-siŭ,toi3 siu1,converted,to retire stop working on a permanent basis
土地,tù-dê,tu5 di7,converted,ground; soil; land
土地廟,tù-dê-miêu,tu5 di7 mieu7,converted,(religion) temple of Tudigong
塗粉,tù-hūng,tu5 hung2,converted,dust
體積,tā̤-cék,te2 zik4,converted,volume; bulk
體育,tā̤-ṳ̆k,te2 yk8,converted,physical education
體育館,tā̤-ṳ̆k guāng,te2 yk8 guang2,converted,gymnasium; gym venue used for sports and competitions
苔蘚,tăi-siēng,tai1 sieng2,converted,moss plants of the division Bryophyta
貪婪,tăng-làng,tang1 lang5,converted,rapacious; avaricious; greedy; avid
灘塗,tăng-tù,tang1 tu5,converted,tidal flat
偷看,tău-káng,tau1 kang3,converted,to steal a glance at; to peek
蟶埕,tĕng-diàng,teng1 diang5,converted,razor clam farm on the seaside
蟶乾,tĕng-găng,teng1 gang1,converted,dried razor clam food product
讀書,tĕ̤k-cṳ̆,toek8 zy1,converted,to read books
讀音,tĕ̤k-ĭng,toek8 ing1,converted,pronunciation especially of a Chinese character
通朧,tĕ̤ng-lè̤ng,toeng1 loeng5,converted,"bright, brightly lit"
蜘蛛,tĭ-tṳ̆,ti1 ty1,converted,spider
蜘蛛鞔,tĭ-tṳ̆-măng,ti1 ty1 mang1,converted,spiderweb net-like construct of a spider
蜘蛛網,tĭ-tṳ̆-uōng,ti1 ty1 uong2,converted,spiderweb net-like construct of a spider
聽差,tĭng-chă̤,ting1 ce1,converted,"manservant, footman, office attendant"
聽候,tĭng-hâiu,ting1 heu7,converted,"to wait for a decision, settlement, etc. from higher authorities"
倘若,tōng-iŏk,tong2 iok8,converted,(formal) if; supposing that
討報仇,tō̤-bó̤-siù,to2 bo3 siu5,converted,to retaliate; to take revenge
討親,tō̤-chĭng,to2 cing1,converted,to take a wife
討錢,tō̤-cièng,to2 zieng5,converted,to demand the payment of one's debt
討債,tō̤-cái,to2 zai3,converted,to demand the payment of one's debt; to demand repayment
討價,tō̤-gá,to2 ga3,converted,to bargain; to haggle
討海,tō̤-hāi,to2 hai2,converted,to make one's living from the sea
討厭,tō̤-iéng,to2 ieng3,converted,annoying; troublesome; repulsive; disagreeable; uncouth
討論,tō̤-lâung,to2 long7,converted,to discuss; to talk over
討魚,tō̤-ngṳ̀,to2 ngy5,converted,to fish; to catch fish
討食,tō̤-siĕh,to2 sieh8,converted,to beg for food
討數,tō̤-só,to2 su3,converted,to demand the payment of one's debt; to demand repayment
討死,tō̤-sī,to2 si2,converted,to court death
湯池,tŏng-diè,tong1 die5,converted,(historical) city moat; impregnable fortress of a city
吞忍,tŏng-nūng,tong1 nung2,converted,to restrain oneself; to be tolerant; to exercise patience or restraint
湯丸,tŏng-uòng,tong1 uong5,converted,alternative form of 湯圓
土藥,tū-iŏh,tu2 ioh8,converted,(dated) opium manufactured in China
土匪,tū-pī,tu2 pi2,converted,bandit; brigand; outlaw
通書,tŭng-cṳ̆,tung1 zy1,converted,almanac; ephemeris
通知,tŭng-dĭ,tung1 di1,converted,(transitive) to notify; to inform
通用,tŭng-ê̤ṳng,tung1 yng7,converted,to be in common use
通用拼音,tŭng-ê̤ṳng pĭng-ĭng,tung1 yng7 ping1 ing1,converted,Tongyong Pinyin a romanization system for Mandarin Chinese used in Taiwan (the ROC)
通用語,tŭng-ê̤ṳng-ngṳ̄,tung1 yng7 ngy2,converted,(linguistics) common language; lingua franca
鋤頭,tṳ̀-tàu,ty5 tau5,converted,(countable) hoe
話語,uâ-ngṳ̄,ua7 ngy2,converted,utterance; spoken words; speech; discourse
話頭,uâ-tàu,ua7 tau5,converted,starting portion of one's speech
圍棋,uòi-gì,uoi5 gi5,converted,(board game) go
圍巾,uòi-gṳ̆ng,uoi5 gyng1,converted,scarf
黃鼠,uòng-chṳ̄,uong5 cy2,converted,Daurian ground squirrel (Spermophilus dauricus)
黃鼠狼,uòng-chṳ̄-lòng,uong5 cy2 long5,converted,Siberian weasel (Mustela sibirica species)
完全,uòng-ciòng,uong5 ziong5,converted,completely; absolutely; entirely
黃彈,uòng-dâng,uong5 dang7,converted,wampee Clausena lansium
王國,uòng-guók,uong5 guok4,converted,kingdom
黃瓜,uòng-guă,uong5 gua1,converted,cucumber
忘記,uòng-gé,uong5 gi3,converted,to forget; to be forgotten
王法,uòng-huák,uong5 huak4,converted,law of the land or the state
黃連,uòng-lièng,uong5 lieng5,converted,Chinese goldthread (Coptis chinensis)
黃梨,uòng-lài,uong5 lai5,converted,pineapple
王梨,uòng-lì,uong5 li5,converted,pineapple
黃芽韭,uòng-ngà-giū,uong5 nga5 giu2,converted,hotbed chives; yellow chives
黃牛,uòng-ngù,uong5 ngu5,converted,ox; cattle
黃蜂,uòng-pŭng,uong5 pung1,converted,wasp
黃色,uòng-sáik,uong5 sek4,converted,yellow
完身,uòng-sĭng,uong5 sing1,converted,body of a human or animal
沃雨,uóh-ṳ̄,uoh4 y2,converted,to get wet in the rain
芋粿,uô-guōi,uo7 guoi2,converted,taro cake
未來,uôi-lài,uoi7 lai5,converted,future
衛生,uôi-sĕng,uoi7 seng1,converted,hygiene; sanitation; health
碗囝,uāng-giāng,uang2 giang2,converted,small bowl
碗帽,uāng-mô̤,uang2 mo7,converted,watermelon cap Qing-era skullcap worn by men
娃娃,uă-uă,ua1 ua1,converted,baby
活動,uăk-dông,uak8 dung7,converted,to move; to move about
活命,uăk-miâng,uak8 miang7,converted,to eke out an existence; to scrape a living
賄賂,uōi-lô,uoi2 lu7,converted,(transitive) to bribe
網誌,uōng-cé,uong2 zi3,converted,blog
往年暝,uōng-nièng-màng,uong2 nieng5 mang5,converted,previous years
遠視,uōng-sé,uong2 si3,converted,(pathology) hyperopia; farsightedness
往往,uōng-uōng,uong2 uong2,converted,usually; generally; often; tend to
倭寇,uŏ-káiu,uo1 keu3,converted,(historical) wokou pirates from a mixture of ethnicities who raided the coastlines of China and Korea from the 13th to 16th centuries
萵筍,uŏ-sūng,uo1 sung2,converted,celtuce; asparagus lettuce (Lactuca sativa var. augustana)
冤家,uŏng-gă,uong1 ga1,converted,enemy; foe; opponent
鴛鴦,uŏng-iŏng,uong1 iong1,converted,(literal) mandarin duck
冤屈,uŏng-kók,uong1 kuk4,converted,to treat unjustly; to wrong; to receive unjust treatment
鞋拔,à̤-bĕk,e5 bek8,converted,shoehorn
鞋靸,à̤-siák,e5 siak4,converted,slippers
鞋師,à̤-să,e5 sa1,converted,shoemaker; cobbler
鞋拖屐,à̤-tō̤-kiăk,e5 to2 kiak8,converted,clogs
愛情,ái-cìng,ai3 zing5,converted,love of a romantic nature
艾滋病,ái-cṳ̆-bâng,ai3 zy1 bang7,converted,AIDS
鴨囝,ák-giāng,ak4 giang2,converted,duckling
鴨囝囝,ák-giāng-giāng,ak4 giang2 giang2,converted,duckling
鴨角,ák-gáe̤k,ak4 goek4,converted,drake used for breeding
押金,ák-gĭng,ak4 ging1,converted,bond; security deposit
鴨雄,ák-hṳ̀ng,ak4 hyng5,converted,drake
鴨雄聲,ák-hṳ̀ng-siăng,ak4 hyng5 siang1,converted,gruff voice
鴨豚囝,ák-tòng-giāng,ak4 tong5 giang2,converted,half-grown duckling weighing about half a kilogram
暗記,áng-gé,ang3 gi3,converted,to learn by heart; to commit to memory; to memorize in silence
齷齪,áuk-cháuk,ok4 cok4,converted,filthy; dirty
䁐厝,áung-chió,ong3 cio3,converted,to look after the house; to watch over a house
䁐水,áung-cūi,ong3 zui2,converted,to manage water in a farmland to drain or add water when needed
䁐羊,áung-iòng,ong3 iong5,converted,to graze sheep
䁐牛,áung-ngù,ong3 ngu5,converted,to graze cattle; to put cattle out to pasture
䁐松柏樹,áung-sṳ̀ng-báh-chéu,ong3 syng5 bah4 ciu3,converted,"(euphemistic, humorous) to pass away; to die"
䁐松柏,áung-sṳ̀ng-bák,ong3 syng5 bak4,converted,"(euphemistic, humorous) to pass away; to die"
下巴,â-bà,a7 ba5,converted,chin
下晝,â-dáu,a7 dau3,converted,afternoon
下年,â-nièng,a7 nieng5,converted,next year
下南鬼,â-nàng-gūi,a7 nang5 gui2,converted,(derogatory) Hokkien person
下日,â-nĭk,a7 nik8,converted,another day in the future
後伯,âu-bák,au7 bak4,converted,stepfather
後斗,âu-dāu,au7 dau2,converted,at the back; the rear; the back
後斗邊,âu-dāu-biĕng,au7 dau2 bieng1,converted,at the back; the rear; the back
後斗勢,âu-dāu-sié,au7 dau2 sie3,converted,at the back; the rear; the back
後郎爸,âu-lòng-bâ,au7 long5 ba7,converted,stepfather
後郎奶,âu-lòng-nā̤,au7 long5 ne2,converted,stepmother
後尾,âu-muōi,au7 muoi2,converted,last part; end
後年暝,âu-nièng-màng,au7 nieng5 mang5,converted,the year after next
後奶,âu-nā̤,au7 ne2,converted,stepmother
會曉,â̤-hiēu,e7 hieu2,converted,to know; to understand
會使,â̤-sāi,e7 sai2,converted,to be able to do something; can
紅酒,è̤ng-ciū,oeng5 ziu2,converted,red wine made from grapes
紅糟,è̤ng-cău,oeng5 zau1,converted,red fermented rice lees
紅茶,è̤ng-dà,oeng5 da5,converted,black tea
紅蚣,è̤ng-gŭng,oeng5 gung1,converted,centipede
紅綠燈,è̤ng-liŏh-dĕng,oeng5 lioh8 deng1,converted,traffic light
紅毛,è̤ng-mò̤,oeng5 mo5,converted,red hair (on animals)
紅色,è̤ng-sáik,oeng5 sek4,converted,the color red
紅糖,è̤ng-tòng,oeng5 tong5,converted,brown sugar
意見,é-giéng,i3 gieng3,converted,opinion; idea; proposal; suggestion; view; advice
薏米,é-mī,i3 mi2,converted,seed of Job's tears Coix lacryma-jobi species
意義,é-ngiê,i3 ngie7,converted,meaning; sense
意外,é-nguôi,i3 nguoi7,converted,unexpected; unforeseen; surprising
意思,é-sé̤ṳ,i3 sy3,converted,"meaning of words, symbols, or concepts; significance"
一定,ék-diâng,ik4 diang7,converted,fixed; specific; regular
蔭凍,éng-dáe̤ng,ing3 doeng3,converted,cool and shaded; pleasantly cool
幼稚,éu-dê,iu3 di7,converted,very young
味道,ê-dô̤,i7 do7,converted,flavor; taste
未羊,ê-iòng,i7 iong5,converted,lamb (*羊) of Chinese zodiac
未時,ê-sì,i7 si5,converted,the hours of the goat (1:00pm to 3:00pm)
味素,ê-só,i7 su3,converted,monosodium glutamate
任何,êng-hò̤,ing7 ho5,converted,any; all
妊娠,êng-sĭng,ing7 sing1,converted,(formal) to gestate; to be pregnant
任務,êng-ô,ing7 u7,converted,task; assignment; job; mission
孕育,êng-ṳ̆k,ing7 yk8,converted,to be pregnant and produce offspring
右手,êu-chiū,iu7 ciu2,converted,(anatomy) right hand
用戶,ê̤ṳng-hô,yng7 hu7,converted,user; consumer; customer; subscriber
胰皂,ì-cô̤,i5 zo7,converted,soap
胰皂子,ì-cô̤-cī,i5 zo7 zi2,converted,seed of Chinese honey locust used to wash clothes
胰皂子樹,ì-cô̤-cī chéu,i5 zo7 zi2 ciu3,converted,Chinese honey locust tree
姨丈,ì-diông,i5 diong7,converted,maternal uncle husband of mother's sister
姨公,ì-gŭng,i5 gung1,converted,great-uncle husband of father's mother's sister
姨夫,ì-hŭ,i5 hu1,converted,maternal uncle husband of mother's sister
姨媽,ì-mā,i5 ma2,converted,great-aunt grandmother's sister
姨娘,ì-niòng,i5 niong5,converted,father's concubine
貽順,ì-sông,i5 sung7,converted,stingy; miserly
貽順哥,ì-sông-gŏ̤,i5 sung7 go1,converted,scrooge; miser
姨太,ì-tái,i5 tai3,converted,short for 姨太太
人才,ìng-cài,ing5 zai5,converted,talent; abilities that make one an asset
人情,ìng-cìng,ing5 zing5,converted,human sentiment; natural human feelings; inherent goodness of human nature
人情世事,ìng-cìng-sié-sê̤ṳ,ing5 zing5 sie3 sy7,converted,the ways of the world; traditional code of conduct; worldly wisdom
人子,ìng-cṳ̄,ing5 zy2,converted,child son or daughter
人種,ìng-cṳ̄ng,ing5 zyng2,converted,race; ethnicity (classifier: 個)
人口,ìng-kēu,ing5 keu2,converted,population people living within a political or geographical boundary
淫亂,ìng-luâng,ing5 luang7,converted,to be promiscuous; to be licentious
人類,ìng-lôi,ing5 lui7,converted,(collective) humanity; humans; humankind; the human race; hominid
人類學,ìng-lôi-hŏk,ing5 lui7 hok8,converted,anthropology
人力車,ìng-lĭk-chiă,ing5 lik8 cia1,converted,rickshaw
人民,ìng-mìng,ing5 ming5,converted,"people collectively, as members of society"
人民共和國,ìng-mìng gê̤ṳng-huò-guók,ing5 ming5 gyng7 huo5 guok4,converted,people's republic
淫語,ìng-ngṳ̄,ing5 ngy2,converted,dirty talk
人參,ìng-sĕng,ing5 seng1,converted,"ginseng any of several plants, of the genus Panax genus"
人心,ìng-sĭng,ing5 sing1,converted,people's thoughts; public feeling
人心不足蛇吞象,ìng-sĭng bók cé̤ṳk siè tŏng chiông,ing5 sing1 buk4 zyk4 sie5 tong1 ciong7,converted,Being discontent is like a snake swallowing an elephant.
蹂躪,ìu-lêng,iu5 ling7,converted,(literally) to trample on
行戶,òng-hô,ong5 hu7,converted,trading company; commercial firm
熨斗,ók-dāu,uk4 dau2,converted,iron for pressing clothes
蕹菜,óng-chái,ung3 cai3,converted,water spinach Ipomoea aquatica species
愛挃,ó̤i-dĭk,oi3 dik8,converted,to like to have; to want; to wish for
有無,ô mò̤,u7 mo5,converted,existence; presence or absence
有名,ô-miàng,u7 miang5,converted,famous; well-known; noted; renowned
有心,ô-sĭng,u7 sing1,converted,to have the intention (of doing something)
有閒,ô-èng,u7 eng5,converted,to have the time; to be available; to have extra free time
位處,ôi-ché̤ṳ,ui7 cy3,converted,place; location
衛星,ôi-sĭng,ui7 sing1,converted,(astronomy) satellite; moon
胃酸,ôi-sŏng,ui7 song1,converted,(biochemistry) gastric acid
運轉,ông-diōng,ung7 diong2,converted,(intransitive) to revolve; to orbit; to turn on an axis
問題,ông-dà̤,ung7 de5,converted,question; query (classifier: 個)
運動,ông-dông,ung7 dung7,converted,to exercise; to move about
運動會,ông-dông-huôi,ung7 dung7 huoi7,converted,sports event; games
韻母,ông-mō̤,ung7 mo2,converted,(Chinese phonetics) final the part of a syllable excluding the initial consonant
運數,ông-só,ung7 su3,converted,fate; fortune; luck
運河,ông-ò̤,ung7 o5,converted,canal
無知,ù-dĭ,u5 di1,converted,to be ignorant
無故,ù-gó,u5 gu3,converted,for no reason; without a reason
無妨,ù-huòng,u5 huong5,converted,would have no harm; there is no harm (in); might as well
無花果,ù-huă-guō,u5 hua1 guo2,converted,fig
無禮,ù-lā̤,u5 le2,converted,(formal) to lack courtesy; to show disrespect
無數,ù-só,u5 su3,converted,innumerable; countless
無心,ù-sĭng,u5 sing1,converted,without the desire or intention; unwitting
桅杆,ùi-găng,ui5 gang1,converted,mast
文章,ùng-ciŏng,ung5 ziong1,converted,"essay; composition; article in a newspaper, magazine, on the Internet, etc. (classifier: 篇)"
文字,ùng-cê,ung5 zi7,converted,"written symbols; writing; script; text; characters (classifier: 種, 個)"
文旦,ùng-dáng,ung5 dang3,converted,wendan pomelo a kind of pomelo
文化,ùng-huá,ung5 hua3,converted,"(countable, uncountable) culture (classifier: 個, 種)"
文學,ùng-hŏk,ung5 hok8,converted,literature written works considered of superior merit
文理,ùng-lī,ung5 li2,converted,unity and coherence in writing
文明,ùng-mìng,ung5 ming5,converted,civilization
文言,ùng-ngiòng,ung5 ngiong5,converted,Literary Chinese literary language used from the fall of the Han dynasty (220) to the early 20th century
文套,ùng-tó̤,ung5 to3,converted,"airs and graces, empty formalities, insincere courtesy"
文讀,ùng-tĕ̤k,ung5 toek8,converted,literary reading of a Chinese character
阿拉伯,Ā-lá-báik,a2 la3 bek4,converted,(attributive) Arabian; Arabic
亞鉛,ā-iòng,a2 iong5,converted,(dated) zinc
倚傍,āi-bâung,ai2 bong7,converted,to rely on; to depend on
倚靠,āi-kó̤,ai2 ko3,converted,to lean on or against; to rest on or against
矮嫩,ā̤-nâung,e2 nong7,converted,short and small; undersized
阿爸,Ăk-bă,ak8 ba1,converted,(Christianity) Abba
阿肥,ă-buòi,a1 buoi5,converted,fat person; fatty; fatso
阿肥豬,ă-buòi-dṳ̆,a1 buoi5 dy1,converted,(derogatory) fat person; fatty; fatso
阿蛦,ă-cì,a1 zi5,converted,cicada
丫鬟,ă-kuàng,a1 kuang5,converted,(literally) fork-shaped bun (of women)
鴉片,ă-piéng,a1 pieng3,converted,opium
鴉片館,ă-piéng-guāng,a1 pieng3 guang2,converted,opium shop
鴉片鬼,ă-piéng-gūi,a1 pieng3 gui2,converted,opium addict
鴉片癮,ă-piéng-ngiéng,a1 pieng3 ngieng3,converted,urge to smoke opium
哀歌,ăi-gŏ̤,ai1 go1,converted,mournful song; elegy
盒盒,ăk-ăk,ak8 ak8,converted,box; case
安排,ăng-bà̤,ang1 be5,converted,to arrange; to plan; to make arrangements
安全,ăng-ciòng,ang1 ziong5,converted,safe; secure
安靜,ăng-cêng,ang1 zing7,converted,quiet; peaceful; tranquil
鵪鶉,ăng-sùng,ang1 sung5,converted,quail
安心,ăng-sĭng,ang1 sing1,converted,to be relieved; to feel at ease
歐洲,Ĕu-ciŭ,eu1 ziu1,converted,"(neologism, slang, in gacha games) of good luck"
鸚哥,ĕng-gŏ̤,eng1 go1,converted,parrot; parakeet
櫻桃,ĕng-tò̤,eng1 to5,converted,cherry plant and fruit
鸚鵡,ĕng-ū,eng1 u2,converted,parrot
紅蟻,ĕ̤ng-ngiê,oeng1 ngie7,converted,red ant
以早,ī-cā,i2 za2,converted,earlier times; before a certain point in time
以懸,ī-gèng,i2 geng5,converted,above; more than; over
已經,ī-gĭng,i2 ging1,converted,already; anymore
以前,ī-sèng,i2 seng5,converted,earlier times; formerly; previously
飲料,īng-lâiu,ing2 leu7,converted,beverage; drink
永生,īng-sĕng,ing2 seng1,converted,to live forever; to be immortal
飲食,īng-sĭk,ing2 sik8,converted,food and drink
永遠,īng-uōng,ing2 uong2,converted,forever; always; permanently
英文,Ĭng-ùng,ing1 ung5,converted,English language (especially written)
伊各儂,ĭ gáuk-nè̤ng,i1 gok4 noeng5,converted,they; them
依伯,ĭ-báh,i1 bah4,converted,paternal uncle father's elder brother
依婆,ĭ-bò̤,i1 bo5,converted,(face-to-face) grandaunt; great-aunt wife of paternal grandfather's elder brother
依婆母,ĭ-bò̤-mū,i1 bo5 mu2,converted,old woman
依爸,ĭ-bă,i1 ba1,converted,(face-to-face) daddy
依闆,ĭ-bēng,i1 beng2,converted,(derogatory) boss; chief; superior
依賓,ĭ-bĭng,i1 bing1,converted,"(intimate, humorous) cousin mother's sibling's or father's sister's son older than oneself"
依厝,ĭ-chió,i1 cio3,converted,(dated) women brothel-keeper; procuress; madam
依姐,ĭ-ciā,i1 zia2,converted,(face-to-face) older sister
依志,ĭ-cé,i1 zi3,converted,"(intimate, humorous) comrade"
依志哥,ĭ-cé gŏ̤,i1 zi3 go1,converted,"(intimate, humorous) comrade"
依弟,ĭ-diê,i1 die7,converted,(face-to-face) younger brother
依爹,ĭ-diĕ,i1 die1,converted,(face-to-face) daddy
依大,ĭ-duâi,i1 duai7,converted,(dated) women brothel-keeper; procuress; madam
依大頭,ĭ-duâi-tàu,i1 duai7 tau5,converted,(dated) women brothel-keeper; procuress; madam
醫館,ĭ-guāng,i1 guang2,converted,(dated) hospital
依乖,ĭ-guăi,i1 guai1,converted,little dear; darling said to a child
依妗,ĭ-gêng,i1 ging7,converted,(face-to-face) maternal aunt wife of mother's brother
依舅,ĭ-gêu,i1 giu7,converted,(face-to-face) maternal uncle mother's brother
依家,ĭ-gă,i1 ga1,converted,(face-to-face) paternal uncle father's younger brother
依哥,ĭ-gŏ̤,i1 go1,converted,(face-to-face address term) elder brother
依姑,ĭ-gŭ,i1 gu1,converted,paternal aunt father's younger sister
依公,ĭ-gŭng,i1 gung1,converted,paternal grandfather one's father's father
醫學,ĭ-hŏk,i1 hok8,converted,medicine the academic discipline; medical science
衣服,ĭ-hŭk,i1 huk8,converted,clothing; clothes; laundry
依爺,ĭ-iè,i1 ie5,converted,"(face-to-face, dated) father"
醫院,ĭ-iêng,i1 ieng7,converted,hospital; polyclinic; general hospital
依缺,ĭ-kiék,i1 kiek4,converted,person with a harelip
衣裳囝,ĭ-luòng-giāng,i1 luong5 giang2,converted,baby clothes
依命,ĭ-miâng,i1 miang7,converted,little dear; darling said to a child
依妹,ĭ-muói,i1 muoi3,converted,(face-to-face address term) younger sister
依媽,ĭ-mā,i1 ma2,converted,paternal grandmother
依媽,ĭ-mă,i1 ma1,converted,"(informal, face-to-face address term) mum; mummy"
依姆,ĭ-mū,i1 mu2,converted,(face-to-face) paternal aunt wife of father's elder brother
依奶,ĭ-nā̤,i1 ne2,converted,"(informal, face-to-face address term) mum; mummy"
依竮,ĭ-piāng,i1 piang2,converted,(derogatory) cripple; lame person
衣線,ĭ-siáng,i1 siang3,converted,thread for sewing clothes
衣裳,ĭ-siòng,i1 siong5,converted,clothes; clothing
衣裳車,ĭ-siòng-chiă,i1 siong5 cia1,converted,sewing machine
醫生,ĭ-sĕng,i1 seng1,converted,doctor; physician and surgeon; medical practitioner
醫生姐,ĭ-sĕng-ciā,i1 seng1 zia2,converted,nurse person trained to provide care for the sick
醫生館,ĭ-sĕng-guāng,i1 seng1 guang2,converted,(dated) hospital
依嬸,ĭ-sīng,i1 sing2,converted,(face-to-face) paternal aunt wife of father's younger brother
衣食,ĭ-sĭk,i1 sik8,converted,(literally) food and clothing
依嫂,ĭ-sō̤,i1 so2,converted,(face-to-face) sister-in-law elder brother's wife
依姨,ĭ-ì,i1 i5,converted,maternal aunt mother's sister
疫苗,ĭk-mièu,ik8 mieu5,converted,vaccine; inoculation
液體,ĭk-tā̤,ik8 te2,converted,liquid; fluid
甄別,ĭng-biék,ing1 biek4,converted,to examine and distinguish; to screen; to distinguish
英雄,ĭng-hṳ̀ng,ing1 hyng5,converted,"(literally, martial arts, figuratively) hero"
陰陽,ĭng-iòng,ing1 iong5,converted,(Chinese philosophy) yin and yang (☯) two opposing forces in nature
陰謀,ĭng-mèu,ing1 meu5,converted,conspiracy; scheme; plot
音樂,ĭng-ngŏk,ing1 ngok8,converted,"(countable, uncountable) music series of sounds organized in time (classifier: 首, 段, 曲)"
英語,ĭng-ngṳ̄,ing1 ngy2,converted,(uncountable) English language
因為,ĭng-ôi,ing1 ui7,converted,because; since; as
影戲,ōng-hié,ong2 hie3,converted,shadow play; shadow puppets; leather-silhouette show
影影戲,ōng-ōng-hié,ong2 ong2 hie3,converted,(dated) silent film
阿彌陀佛,Ŏ̤-mì-tò̤-hŭk,o1 mi5 to5 huk8,converted,(Buddhism) An expression for praying to Buddha for protection or thanksgiving.
恩惠,ŏng-hiê,ong1 hie7,converted,grace; favour; kindness
恩義,ŏng-ngiê,ong1 ngie7,converted,feelings of gratitude and loyalty
阿諛,ŏ̤-ṳ̀,o1 y5,converted,to flatter; to toady
武旦,ū-dáng,u2 dang3,converted,(opera) one of the main divisions of the *旦 or female role in traditional opera traditionally the role of a female warrior or martial artist
武打,ū-dā,u2 da2,converted,acrobatic fighting in Chinese opera or dance
武夷岩茶,ū-ì-ngàng-dà,u2 i5 ngang5 da5,converted,"bohea; Wuyi rock tea a collective name for styles of tea, cultivated and processed around :w:Wuyi Mountains"
穩當,ūng-dáung,ung2 dong3,converted,reliable; trustworthy
隕石,ūng-sĭk,ung2 sik8,converted,(countable) meteorite
巫山,Ŭ-săng,u1 sang1,converted,"(figurative, euphemistic) lovemaking; sexual intercourse"
誣告,ŭ-gó̤,u1 go3,converted,to lodge a false accusation against; to bring a false charge against; to trump up a charge against
烏龜,ŭ-gŭi,u1 gui1,converted,turtle; tortoise
誣賴,ŭ-lâi,u1 lai7,converted,to falsely incriminate
烏龍茶,ŭ-lṳ̀ng-dà,u1 lyng5 da5,converted,oolong tea
誣捏,ŭ-niĕk,u1 niek8,converted,to lodge a false accusation against; to bring a false charge against; to trump up a charge against
烏鴉,ŭ-ă,u1 a1,converted,crow; raven
威脅,ŭi-hiĕk,ui1 hiek8,converted,"(literally, figuratively) to threaten; to menace; to intimidate"
威儀,ŭi-ngì,ui1 ngi5,converted,(formal) stately bearing; dignified manner
威武,ŭi-ū,ui1 u2,converted,mighty; powerful; formidable
物質,ŭk-cék,uk8 zik4,converted,matter; material; substance
儒者,ṳ̀-ciā,y5 zia2,converted,Confucian scholar
孺子,ṳ̀-cṳ̄,y5 zy2,converted,child
如果,ṳ̀-guō,y5 guo2,converted,if
儒教,ṳ̀-gáu,y5 gau3,converted,Confucianism
儒家,ṳ̀-gă,y5 ga1,converted,Confucianism; Ruism
儒學,ṳ̀-hŏk,y5 hok8,converted,Confucianism
如來,ṳ̀-lài,y5 lai5,converted,(Buddhism) tathagata
如常,ṳ̀-siòng,y5 siong5,converted,to be as usual
逾越,ṳ̀-uŏk,y5 uok8,converted,to exceed; to go beyond
如意,ṳ̀-é,y5 i3,converted,to be as one wishes; to be satisfactory
容積,ṳ̀ng-cék,yng5 zik4,converted,capacity; volume
溶液,ṳ̀ng-ĭk,yng5 ik8,converted,chemical solution
雨遮,ṳ̄-ciă,y2 zia1,converted,rain awning
雨水,ṳ̄-cūi,y2 zui2,converted,rainwater
宇宙,ṳ̄-dêu,y2 diu7,converted,universe; cosmos; macrocosm; space
雨囝,ṳ̄-giāng,y2 giang2,converted,drizzle
雨期,ṳ̄-gĭ,y2 gi1,converted,rainy season
羽毛,ṳ̄-mò̤,y2 mo5,converted,feather; plumage
雨傘,ṳ̄-sāng,y2 sang2,converted,umbrella
勇敢,ṳ̄ng-gāng,yng2 gang2,converted,brave; courageous; undaunted
忍耐,ṳ̄ng-nâi,yng2 nai7,converted,to endure; to bear; to be patient
擁護,ṳ̆ng-hô,yng1 hu7,converted,(transitive) to support; to uphold; to endorse
