group,hanzi,romanization,ipa,audio_url,variety,notes,part_of_speech,definition_en,gloss_zh,example,example_gloss
wt:一日:0,一日,siŏh-nĭk,,,,Imported from Wiktionary (CC BY-SA 4.0): https://en.wiktionary.org/wiki/%E4%B8%80%E6%97%A5#Chinese. Mandarin: yīrì. Other readings: ék-nĭk.,noun,one day,,,
wt:一日:0,一日,siŏh-nĭk,,,,,noun,another day in the future,,,
wt:一日:0,一日,siŏh-nĭk,,,,,noun,yesterday,,,
wt:一定:0,一定,ék-diâng,,,,Imported from Wiktionary (CC BY-SA 4.0): https://en.wiktionary.org/wiki/%E4%B8%80%E5%AE%9A#Chinese. Mandarin: yīdìng.,adjective,fixed; specific; regular,,,
wt:一定:0,一定,ék-diâng,,,,,adjective,given; particular,,,
wt:一定:0,一定,ék-diâng,,,,,adjective,proper; fair; due,,,
wt:一定:0,一定,ék-diâng,,,,,adverb,definitely; certainly; surely; must,,,
wt:一世:0,一世,siŏh-sié,,,,Imported from Wiktionary (CC BY-SA 4.0): https://en.wiktionary.org/wiki/%E4%B8%80%E4%B8%96#Chinese. Mandarin: yīshì.,noun,throughout one's life,,,
wt:一世:0,一世,siŏh-sié,,,,,noun,first generation,,,
wt:一萬:0,一萬,siŏh-uâng,,,,Imported from Wiktionary (CC BY-SA 4.0): https://en.wiktionary.org/wiki/%E4%B8%80%E8%90%AC#Chinese. Mandarin: yīwàn.,numeral,ten thousand,一万,,
wt:一千:0,一千,siŏh-chiĕng,,,,Imported from Wiktionary (CC BY-SA 4.0): https://en.wiktionary.org/wiki/%E4%B8%80%E5%8D%83#Chinese. Mandarin: yīqiān.,numeral,one thousand,,,
wt:一百:0,一百,siŏh-báh,,,,Imported from Wiktionary (CC BY-SA 4.0): https://en.wiktionary.org/wiki/%E4%B8%80%E7%99%BE#Chinese. Mandarin: yībǎi.,numeral,one hundred; a hundred,,,
wt:一堆:0,一堆,siŏh-dŏi,,,,Imported from Wiktionary (CC BY-SA 4.0): https://en.wiktionary.org/wiki/%E4%B8%80%E5%A0%86#Chinese. Mandarin: yīduī.,noun,"a lot(of), many",,,
wt:一堆:0,一堆,siŏh-dŏi,,,,,adverb,together,,,
wt:一滴囝:0,一滴囝,siŏh-dék,,,,Imported from Wiktionary (CC BY-SA 4.0): https://en.wiktionary.org/wiki/%E4%B8%80%E6%BB%B4%E5%9B%9D#Chinese. Pronounced dík-giāng.,adjective,a little,,,
wt:⿰禾𰢫:0,⿰禾𰢫,miēu,,,,Imported from Wiktionary (CC BY-SA 4.0): https://en.wiktionary.org/wiki/%E2%BF%B0%E7%A6%BE%F0%B0%A2%AB#Chinese. Mandarin: miǎo.,,"(bacteriology, obsolete) bacteria",,,
wt:七月:0,七月,chék-nguŏk,,,,Imported from Wiktionary (CC BY-SA 4.0): https://en.wiktionary.org/wiki/%E4%B8%83%E6%9C%88#Chinese. Mandarin: qīyuè.,noun,July,,,
wt:七月:0,七月,chék-nguŏk,,,,,noun,The modern name of the seventh month of the Chinese lunar calendar.,,,
wt:丈人:0,丈人,diòng-nè̤ng,,,,Imported from Wiktionary (CC BY-SA 4.0): https://en.wiktionary.org/wiki/%E4%B8%88%E4%BA%BA#Chinese. Mandarin: zhàngren.,noun,father-in-law wife's father,,,
wt:丈人:0,丈人,diòng-nè̤ng,,,,,noun,(archaic) venerable old man,,,
wt:丈人:0,丈人,diòng-nè̤ng,,,,,noun,(archaic) head of a household; family head; patriarch,,,
wt:丈人:0,丈人,diòng-nè̤ng,,,,,noun,"(archaic, of a married woman) one's husband",,,
wt:丈人:0,丈人,diòng-nè̤ng,,,,,noun,(archaic) paternal grandfather one's father's father,,,
wt:三十:0,三十,săng-sĕk,,,,Imported from Wiktionary (CC BY-SA 4.0): https://en.wiktionary.org/wiki/%E4%B8%89%E5%8D%81#Chinese. Mandarin: sānshí.,numeral,thirty; 30,,,
wt:三位一體:0,三位一體,săng-ôi-ék-tā̤,,,,Imported from Wiktionary (CC BY-SA 4.0): https://en.wiktionary.org/wiki/%E4%B8%89%E4%BD%8D%E4%B8%80%E9%AB%94#Chinese. Mandarin: sānwèiyītǐ.,noun,three in one; trinity; three forming an organic whole,三位一体,,
wt:三位一體:0,三位一體,săng-ôi-ék-tā̤,,,,,noun,(Christianity) Trinity,三位一体,,
wt:上古漢語:0,上古漢語,siông-gū háng-ngṳ̄,,,,Imported from Wiktionary (CC BY-SA 4.0): https://en.wiktionary.org/wiki/%E4%B8%8A%E5%8F%A4%E6%BC%A2%E8%AA%9E#Chinese. Mandarin: shànggǔ hànyǔ.,noun,Old Chinese,上古汉语,,
wt:七十:0,七十,chék-sĕk,,,,Imported from Wiktionary (CC BY-SA 4.0): https://en.wiktionary.org/wiki/%E4%B8%83%E5%8D%81#Chinese. Mandarin: qīshí.,numeral,seventy; 70,,,
wt:七點:0,七點,chék-dēng,,,,Imported from Wiktionary (CC BY-SA 4.0): https://en.wiktionary.org/wiki/%E4%B8%83%E9%BB%9E#Chinese. Mandarin: qīdiǎn.,noun,seven o'clock,七点,,
wt:三十一:0,三十一,săng-sĕk-ék,,,,Imported from Wiktionary (CC BY-SA 4.0): https://en.wiktionary.org/wiki/%E4%B8%89%E5%8D%81%E4%B8%80#Chinese. Mandarin: sānshíyī.,numeral,thirty-one; 31,,,
wt:三十二:0,三十二,săng-sĕk-nê,,,,Imported from Wiktionary (CC BY-SA 4.0): https://en.wiktionary.org/wiki/%E4%B8%89%E5%8D%81%E4%BA%8C#Chinese. Mandarin: sānshí'èr.,numeral,thirty-two; 32,,,
wt:三十三:0,三十三,săng-sĕk-săng,,,,Imported from Wiktionary (CC BY-SA 4.0): https://en.wiktionary.org/wiki/%E4%B8%89%E5%8D%81%E4%B8%89#Chinese. Mandarin: sānshísān.,numeral,thirty-three; 33,,,
wt:三十四:0,三十四,săng-sĕk-sé,,,,Imported from Wiktionary (CC BY-SA 4.0): https://en.wiktionary.org/wiki/%E4%B8%89%E5%8D%81%E5%9B%9B#Chinese. Mandarin: sānshísì.,numeral,thirty-four; 34,,,
wt:三十五:0,三十五,săng-sĕk-ngô,,,,Imported from Wiktionary (CC BY-SA 4.0): https://en.wiktionary.org/wiki/%E4%B8%89%E5%8D%81%E4%BA%94#Chinese. Mandarin: sānshíwǔ.,numeral,thirty-five; 35,,,
wt:三十六:0,三十六,săng-sĕk-lĕ̤k,,,,Imported from Wiktionary (CC BY-SA 4.0): https://en.wiktionary.org/wiki/%E4%B8%89%E5%8D%81%E5%85%AD#Chinese. Mandarin: sānshíliù.,numeral,thirty-six; 36,,,
wt:三十七:0,三十七,săng-sĕk-chék,,,,Imported from Wiktionary (CC BY-SA 4.0): https://en.wiktionary.org/wiki/%E4%B8%89%E5%8D%81%E4%B8%83#Chinese. Mandarin: sānshíqī.,numeral,thirty-seven; 37,,,
wt:三十八:0,三十八,săng-sĕk-báik,,,,Imported from Wiktionary (CC BY-SA 4.0): https://en.wiktionary.org/wiki/%E4%B8%89%E5%8D%81%E5%85%AB#Chinese. Mandarin: sānshíbā.,numeral,thirty-eight; 38,,,
wt:三十九:0,三十九,săng-sĕk-gāu,,,,Imported from Wiktionary (CC BY-SA 4.0): https://en.wiktionary.org/wiki/%E4%B8%89%E5%8D%81%E4%B9%9D#Chinese. Mandarin: sānshíjiǔ.,numeral,thirty-nine; 39,,,
wt:丈儂:0,丈儂,diòng-nè̤ng,,,,Imported from Wiktionary (CC BY-SA 4.0): https://en.wiktionary.org/wiki/%E4%B8%88%E5%84%82#Chinese.,noun,alternative form of 丈人 (father-in-law wife's father),丈侬,,
wt:七處:0,七處,chék-ché̤ṳ,,,,Imported from Wiktionary (CC BY-SA 4.0): https://en.wiktionary.org/wiki/%E4%B8%83%E8%99%95#Chinese.,adverb,everywhere,七处,,
wt:下南鬼:0,下南鬼,â-nàng-gūi,,,,Imported from Wiktionary (CC BY-SA 4.0): https://en.wiktionary.org/wiki/%E4%B8%8B%E5%8D%97%E9%AC%BC#Chinese.,noun,(derogatory) Hokkien person,,,
wt:上僮:0,上僮,siông-dè̤ng,,,,Imported from Wiktionary (CC BY-SA 4.0): https://en.wiktionary.org/wiki/%E4%B8%8A%E5%83%AE#Chinese.,noun,sorcerer's dance in a trance as possessed by spirits or gods,,,
wt:七講八聽:0,七講八聽,chék-gōng báik-tiáng,,,,Imported from Wiktionary (CC BY-SA 4.0): https://en.wiktionary.org/wiki/%E4%B8%83%E8%AC%9B%E5%85%AB%E8%81%BD#Chinese. Other readings: chék-gōng-báik-tiáng.,verb,to talk nonsense; to talk rubbish,七讲八听,,
wt:三月:0,三月,săng-nguŏk,,,,Imported from Wiktionary (CC BY-SA 4.0): https://en.wiktionary.org/wiki/%E4%B8%89%E6%9C%88#Chinese. Mandarin: sānyuè.,noun,"March, the third month of the Gregorian solar calendar.",,,
wt:三月:0,三月,săng-nguŏk,,,,,noun,The modern name for the third month of the Chinese lunar calendar.,,,
wt:丈夫:0,丈夫,dòng-buŏ,,,,"Imported from Wiktionary (CC BY-SA 4.0): https://en.wiktionary.org/wiki/%E4%B8%88%E5%A4%AB#Chinese. Mandarin: zhàngfu,zhàngfū,2nb=Taiwan. Other readings: diông-hŭ.",noun,husband,,,
wt:丈夫:1,丈夫,diông-hŭ,,,,Imported from Wiktionary (CC BY-SA 4.0): https://en.wiktionary.org/wiki/%E4%B8%88%E5%A4%AB#Chinese. Mandarin: zhàngfū.,noun,man; (adult) male,,,
wt:丈夫:1,丈夫,diông-hŭ,,,,,noun,man of vigor; brave man,,,
wt:丈夫:2,丈夫,dòng-buŏ,,,,Imported from Wiktionary (CC BY-SA 4.0): https://en.wiktionary.org/wiki/%E4%B8%88%E5%A4%AB#Chinese.,noun,man; (adult) male,,,
wt:三字經:0,三字經,săng-cê-gĭng,,,,"Imported from Wiktionary (CC BY-SA 4.0): https://en.wiktionary.org/wiki/%E4%B8%89%E5%AD%97%E7%B6%93#Chinese. Mandarin: sānzìjīng,er=y.",noun,(idiomatic) swear words,三字经,,
wt:三角形:0,三角形,săng-gáe̤k-hìng,,,,"Imported from Wiktionary (CC BY-SA 4.0): https://en.wiktionary.org/wiki/%E4%B8%89%E8%A7%92%E5%BD%A2#Chinese. Mandarin: sānjiǎoxíng,er=2.",noun,(geometry) triangle polygon,,,
wt:上岸:0,上岸,siông-ngiâng,,,,Imported from Wiktionary (CC BY-SA 4.0): https://en.wiktionary.org/wiki/%E4%B8%8A%E5%B2%B8#Chinese. Mandarin: shàng'àn.,verb,to go ashore; to climb ashore,,,
wt:上岸:0,上岸,siông-ngiâng,,,,,verb,"(figuratively) to make it, to land to/in the civil service, graduate school, a new country, etc.",,,
wt:上岸:0,上岸,siông-ngiâng,,,,,verb,"(figuratively, slang) to leave the pornography or sex work industry and start one's life afresh",,,
wt:上岸:0,上岸,siông-ngiâng,,,,,verb,(Buddhism) to pass away,,,
wt:上岸:1,上岸,siông-ngâng,,,,Imported from Wiktionary (CC BY-SA 4.0): https://en.wiktionary.org/wiki/%E4%B8%8A%E5%B2%B8#Chinese.,noun,palate; upper jaw; maxilla (of vertebrates),,,
wt:三番五次:0,三番五次,săng-huăng-ngô-ché̤ṳ,,,,Imported from Wiktionary (CC BY-SA 4.0): https://en.wiktionary.org/wiki/%E4%B8%89%E7%95%AA%E4%BA%94%E6%AC%A1#Chinese. Mandarin: sānfānwǔcì.,phrase,again and again; time and again,,,
wt:上帝:0,上帝,Siông-dá̤,,,,Imported from Wiktionary (CC BY-SA 4.0): https://en.wiktionary.org/wiki/%E4%B8%8A%E5%B8%9D#Chinese. Mandarin: Shàngdì.,noun,(obsolete) monarch,,,
wt:上帝:0,上帝,Siông-dá̤,,,,,noun,(slang) customer; consumer,,,
wt:下巴:0,下巴,â-bà,,,,"Imported from Wiktionary (CC BY-SA 4.0): https://en.wiktionary.org/wiki/%E4%B8%8B%E5%B7%B4#Chinese. Mandarin: xiàba,xiàbā.",noun,chin,,,
wt:下巴:0,下巴,â-bà,,,,,noun,lower jaw,,,
wt:三明:0,三明,săng-mìng,,,,Imported from Wiktionary (CC BY-SA 4.0): https://en.wiktionary.org/wiki/%E4%B8%89%E6%98%8E#Chinese. Mandarin: sānmíng.,noun,"three heavenly bodies: sun, moon and stars",,,
wt:下棋:0,下棋,hâ-gì,,,,Imported from Wiktionary (CC BY-SA 4.0): https://en.wiktionary.org/wiki/%E4%B8%8B%E6%A3%8B#Chinese. Mandarin: xiàqí.,verb,to play chess,,,
wt:上晝:0,上晝,siông-dáu,,,,Imported from Wiktionary (CC BY-SA 4.0): https://en.wiktionary.org/wiki/%E4%B8%8A%E6%99%9D#Chinese. Mandarin: shàngzhòu.,noun,morning,上昼,,
wt:下晝:0,下晝,â-dáu,,,,Imported from Wiktionary (CC BY-SA 4.0): https://en.wiktionary.org/wiki/%E4%B8%8B%E6%99%9D#Chinese. Mandarin: xiàzhòu.,noun,afternoon,下昼,,
wt:上癮:0,上癮,siông-ngiéng,,,,Imported from Wiktionary (CC BY-SA 4.0): https://en.wiktionary.org/wiki/%E4%B8%8A%E7%99%AE#Chinese. Mandarin: shàngyǐn.,verb,to be addicted to something,上瘾,,
wt:丈夫囝:0,丈夫囝,dòng-buŏ-giāng,,,,Imported from Wiktionary (CC BY-SA 4.0): https://en.wiktionary.org/wiki/%E4%B8%88%E5%A4%AB%E5%9B%9D#Chinese.,noun,(Yongchun) boy,,,
wt:丈夫囝:0,丈夫囝,dòng-buŏ-giāng,,,,,noun,son,,,
wt:上好:0,上好,siông-hō̤,,,,Imported from Wiktionary (CC BY-SA 4.0): https://en.wiktionary.org/wiki/%E4%B8%8A%E5%A5%BD#Chinese. Mandarin: shànghǎo.,adjective,finest; first-class,,,
wt:上好:0,上好,siông-hō̤,,,,,noun,(PHH) alternative form of 相好 (intimate friend; best friend),,,
wt:上好:0,上好,siông-hō̤,,,,,noun,(PHH) alternative form of 相好 (significant other; girlfriend; boyfriend),,,
wt:上堂:0,上堂,siông-dòng,,,,Imported from Wiktionary (CC BY-SA 4.0): https://en.wiktionary.org/wiki/%E4%B8%8A%E5%A0%82#Chinese. Mandarin: shàngtáng.,verb,to attend court,,,
wt:上堂:0,上堂,siông-dòng,,,,,verb,"to enter a hall for holding meetings, concerts, receiving guests, etc.",,,
wt:上菜:0,上菜,siông-chái,,,,Imported from Wiktionary (CC BY-SA 4.0): https://en.wiktionary.org/wiki/%E4%B8%8A%E8%8F%9C#Chinese. Mandarin: shàngcài.,verb,to serve the dishes; to serve the dishes on the table,,,
wt:上菜:0,上菜,siông-chái,,,,,noun,best dishes,,,
wt:上水:0,上水,suông-cuōi,,,,Imported from Wiktionary (CC BY-SA 4.0): https://en.wiktionary.org/wiki/%E4%B8%8A%E6%B0%B4#Chinese. Mandarin: shàngshuǐ.,verb,"to add water (to a kettle, field, etc.)",,,
wt:上水:0,上水,suông-cuōi,,,,,verb,to sail against the current,,,
wt:上水:0,上水,suông-cuōi,,,,,verb,"to feed water to a steam engine or radiator (of a car, ship, etc.)",,,
wt:上水:0,上水,suông-cuōi,,,,,verb,to sprinkle water on vegetables or fruit,,,
wt:上水:0,上水,suông-cuōi,,,,,noun,upstream; upper reaches of a river,,,
wt:上水:0,上水,suông-cuōi,,,,,verb,to draw water from a well,,,
wt:三點:0,三點,săng-dēng,,,,Imported from Wiktionary (CC BY-SA 4.0): https://en.wiktionary.org/wiki/%E4%B8%89%E9%BB%9E#Chinese. Mandarin: sāndiǎn.,noun,three o'clock,三点,,
wt:三點:0,三點,săng-dēng,,,,,noun,(slang) the three private points on a woman's body (two nipples and the genitals),三点,,
wt:丈奶:0,丈奶,diōng-nā̤,,,,Imported from Wiktionary (CC BY-SA 4.0): https://en.wiktionary.org/wiki/%E4%B8%88%E5%A5%B6#Chinese.,noun,mother-in-law wife's mother,,,
wt:丈夫人:0,丈夫人,dòng-buŏ-nè̤ng,,,,Imported from Wiktionary (CC BY-SA 4.0): https://en.wiktionary.org/wiki/%E4%B8%88%E5%A4%AB%E4%BA%BA#Chinese.,noun,man adult male,,,
wt:下年:0,下年,â-nièng,,,,Imported from Wiktionary (CC BY-SA 4.0): https://en.wiktionary.org/wiki/%E4%B8%8B%E5%B9%B4#Chinese. Mandarin: xiànián.,adverb,next year,,,
wt:下日:0,下日,â-nĭk,,,,Imported from Wiktionary (CC BY-SA 4.0): https://en.wiktionary.org/wiki/%E4%B8%8B%E6%97%A5#Chinese.,noun,another day in the future,,,
wt:三番兩次:0,三番兩次,săng-huăng-lâng-ché̤ṳ,,,,Imported from Wiktionary (CC BY-SA 4.0): https://en.wiktionary.org/wiki/%E4%B8%89%E7%95%AA%E5%85%A9%E6%AC%A1#Chinese. Mandarin: sānfānliǎngcì.,phrase,again and again; time and again,三番两次,,
wt:不測:0,不測,bók-cháik,,,,Imported from Wiktionary (CC BY-SA 4.0): https://en.wiktionary.org/wiki/%E4%B8%8D%E6%B8%AC#Chinese. Mandarin: bùcè.,adjective,(attributive) unexpected; unpredictable,不测,,
wt:不測:0,不測,bók-cháik,,,,,noun,something unexpected; sth unpredictable,不测,,
wt:不測:0,不測,bók-cháik,,,,,noun,accident; incident; mishap,不测,,
wt:不過:0,不過,bók-guó,,,,Imported from Wiktionary (CC BY-SA 4.0): https://en.wiktionary.org/wiki/%E4%B8%8D%E9%81%8E#Chinese. Mandarin: bùguò.,adverb,only; merely,不过,,
wt:不過:0,不過,bók-guó,,,,,adverb,extremely,不过,,
wt:不過:0,不過,bók-guó,,,,,,however; but,不过,,
wt:不過:0,不過,bók-guó,,,,,verb,to not exceed,不过,,
wt:不倒翁:0,不倒翁,bók-dō̤-ŭng,,,,Imported from Wiktionary (CC BY-SA 4.0): https://en.wiktionary.org/wiki/%E4%B8%8D%E5%80%92%E7%BF%81#Chinese. Mandarin: bùdǎowēng.,noun,(literal) roly-poly toy a toy that rights itself when pushed over,,,
wt:不倒翁:0,不倒翁,bók-dō̤-ŭng,,,,,noun,(figurative) political survivor; irrepressible,,,
wt:不老:0,不老,bók-lō̤,,,,Imported from Wiktionary (CC BY-SA 4.0): https://en.wiktionary.org/wiki/%E4%B8%8D%E8%80%81#Chinese. Mandarin: bùlǎo.,noun,eternal youth; immortality,,,
wt:不啻:0,不啻,bók-siê,,,,Imported from Wiktionary (CC BY-SA 4.0): https://en.wiktionary.org/wiki/%E4%B8%8D%E5%95%BB#Chinese. Mandarin: bùchì.,verb,(chiefly for emphasis) to be no less than; to exceed,,,
wt:不啻:0,不啻,bók-siê,,,,,verb,to be no more than,,,
wt:不啻:0,不啻,bók-siê,,,,,verb,to be no different from; to be tantamount to,,,
wt:不啻:0,不啻,bók-siê,,,,,,not only,,,
wt:上齋:0,上齋,siông-că̤,,,,Imported from Wiktionary (CC BY-SA 4.0): https://en.wiktionary.org/wiki/%E4%B8%8A%E9%BD%8B#Chinese.,verb,to go to school,上斋,,
wt:世界:0,世界,sié-gái,,,,"Imported from Wiktionary (CC BY-SA 4.0): https://en.wiktionary.org/wiki/%E4%B8%96%E7%95%8C#Chinese. Mandarin: shìjiè,tl=y.",noun,world,,,
wt:世界:0,世界,sié-gái,,,,,noun,(Buddhism) realm governed by a Buddha,,,
wt:世界:0,世界,sié-gái,,,,,noun,"(Buddhism) space, universe",,,
wt:世界:0,世界,sié-gái,,,,,noun,(tarot) the World,,,
wt:世紀:0,世紀,sié-gī,,,,Imported from Wiktionary (CC BY-SA 4.0): https://en.wiktionary.org/wiki/%E4%B8%96%E7%B4%80#Chinese. Mandarin: shìjì.,noun,century period of 100 years,世纪,,
wt:世代:0,世代,sié-dô̤i,,,,Imported from Wiktionary (CC BY-SA 4.0): https://en.wiktionary.org/wiki/%E4%B8%96%E4%BB%A3#Chinese. Mandarin: shìdài.,noun,era; age; period; epoch,,,
wt:世代:0,世代,sié-dô̤i,,,,,adverb,over the course of several generations; from generation to generation; down through the generations; through successive generations,,,
wt:世代:0,世代,sié-dô̤i,,,,,verb,to pass on from one generation to the next,,,
wt:世界大戰:0,世界大戰,sié-gái dâi-ciéng,,,,Imported from Wiktionary (CC BY-SA 4.0): https://en.wiktionary.org/wiki/%E4%B8%96%E7%95%8C%E5%A4%A7%E6%88%B0#Chinese. Mandarin: shìjiè dàzhàn.,noun,world war,世界大战,,
wt:世事:0,世事,sié-sê̤ṳ,,,,Imported from Wiktionary (CC BY-SA 4.0): https://en.wiktionary.org/wiki/%E4%B8%96%E4%BA%8B#Chinese. Mandarin: shìshì.,noun,secular affairs; worldly affairs,,,
wt:丘八:0,丘八,kiŭ-báik,,,,Imported from Wiktionary (CC BY-SA 4.0): https://en.wiktionary.org/wiki/%E4%B8%98%E5%85%AB#Chinese. Mandarin: qiūbā.,noun,"(slang, derogatory) soldier",,,
wt:中人:0,中人,dṳ̆ng-ìng,,,,Imported from Wiktionary (CC BY-SA 4.0): https://en.wiktionary.org/wiki/%E4%B8%AD%E4%BA%BA#Chinese. Mandarin: zhōngrén.,noun,middleman; go-between; intermediary; mediator,,,
wt:中人:0,中人,dṳ̆ng-ìng,,,,,noun,person of average ability; average person,,,
wt:丫鬟:0,丫鬟,ă-kuàng,,,,"Imported from Wiktionary (CC BY-SA 4.0): https://en.wiktionary.org/wiki/%E4%B8%AB%E9%AC%9F#Chinese. Mandarin: yāhuan,yāhuán.",noun,(literally) fork-shaped bun (of women),,,
wt:丫鬟:0,丫鬟,ă-kuàng,,,,,noun,"(historical, metonymy) slave-girl; servant girl; maidservant",,,
wt:中保:0,中保,dṳ̆ng-bō̤,,,,Imported from Wiktionary (CC BY-SA 4.0): https://en.wiktionary.org/wiki/%E4%B8%AD%E4%BF%9D#Chinese. Mandarin: zhōngbǎo.,noun,guarantor,,,
wt:中保:0,中保,dṳ̆ng-bō̤,,,,,noun,(religion) advocate; mediator,,,
wt:中國人:0,中國人,Dṳ̆ng-guók-nè̤ng,,,,Imported from Wiktionary (CC BY-SA 4.0): https://en.wiktionary.org/wiki/%E4%B8%AD%E5%9C%8B%E4%BA%BA#Chinese. Mandarin: Zhōngguórén.,noun,Chinese person; Chinese people; the Chinese,中国人,,
wt:中文:0,中文,Dṳ̆ng-ùng,,,,Imported from Wiktionary (CC BY-SA 4.0): https://en.wiktionary.org/wiki/%E4%B8%AD%E6%96%87#Chinese. Mandarin: Zhōngwén.,noun,Chinese language,,,
wt:中央:0,中央,dṳ̆ng-iŏng,,,,Imported from Wiktionary (CC BY-SA 4.0): https://en.wiktionary.org/wiki/%E4%B8%AD%E5%A4%AE#Chinese. Mandarin: zhōngyāng.,noun,"centre (of all sides, ends, surfaces, etc.); middle (of a road)",,,
wt:中央:0,中央,dṳ̆ng-iŏng,,,,,noun,central authorities,,,
wt:中央:0,中央,dṳ̆ng-iŏng,,,,,noun,monarch; imperial government,,,
wt:中央:0,中央,dṳ̆ng-iŏng,,,,,adjective,(attributive) central,,,
wt:中風:0,中風,dé̤ṳng-hŭng,,,,Imported from Wiktionary (CC BY-SA 4.0): https://en.wiktionary.org/wiki/%E4%B8%AD%E9%A2%A8#Chinese. Mandarin: zhòngfēng.,noun,(pathology) stroke; apoplexy; palsy,中风,,
wt:中風:0,中風,dé̤ṳng-hŭng,,,,,verb,"(intransitive, pathology) to have a stroke",中风,,
wt:中風:0,中風,dé̤ṳng-hŭng,,,,,verb,"(intransitive, informal) to have apoplexy state of anger",中风,,
wt:中間:0,中間,dṳ̆ng-găng,,,,Imported from Wiktionary (CC BY-SA 4.0): https://en.wiktionary.org/wiki/%E4%B8%AD%E9%96%93#Chinese. Mandarin: zhōngjiān.,noun,middle; midway (of a distance); center (of an area),中间,,
wt:中間:0,中間,dṳ̆ng-găng,,,,,noun,midst; within; among,中间,,
wt:中晝:0,中晝,dŏng-dáu,,,,Imported from Wiktionary (CC BY-SA 4.0): https://en.wiktionary.org/wiki/%E4%B8%AD%E6%99%9D#Chinese.,noun,noon,中昼,,
wt:中午:0,中午,dṳ̆ng-ngū,,,,"Imported from Wiktionary (CC BY-SA 4.0): https://en.wiktionary.org/wiki/%E4%B8%AD%E5%8D%88#Chinese. Mandarin: zhōngwǔ,tl=y.",noun,noon; midday,,,
wt:中子:0,中子,dṳ̆ng-cṳ̄,,,,Imported from Wiktionary (CC BY-SA 4.0): https://en.wiktionary.org/wiki/%E4%B8%AD%E5%AD%90#Chinese. Mandarin: zhōngzǐ.,noun,(physics) neutron,,,
wt:中子:0,中子,dṳ̆ng-cṳ̄,,,,,noun,(archaic) middle son,,,
wt:中古漢語:0,中古漢語,dṳ̆ng-gū háng-ngṳ̄,,,,Imported from Wiktionary (CC BY-SA 4.0): https://en.wiktionary.org/wiki/%E4%B8%AD%E5%8F%A4%E6%BC%A2%E8%AA%9E#Chinese. Mandarin: zhōnggǔ hànyǔ.,noun,Middle Chinese,中古汉语,,
wt:中秋:0,中秋,dṳ̆ng-chiŭ,,,,Imported from Wiktionary (CC BY-SA 4.0): https://en.wiktionary.org/wiki/%E4%B8%AD%E7%A7%8B#Chinese. Mandarin: zhōngqiū.,noun,"mid-autumn, especially the eighth month of the Chinese lunar calendar",,,
wt:中秋:0,中秋,dṳ̆ng-chiŭ,,,,,noun,節 Mid-Autumn Festival,,,
wt:中秋餅:0,中秋餅,dṳ̆ng-chiŭ-biāng,,,,Imported from Wiktionary (CC BY-SA 4.0): https://en.wiktionary.org/wiki/%E4%B8%AD%E7%A7%8B%E9%A4%85#Chinese. Mandarin: zhōngqiūbǐng.,noun,mooncake,中秋饼,,
wt:中國儂:0,中國儂,Dṳ̆ng-guók-nè̤ng,,,,Imported from Wiktionary (CC BY-SA 4.0): https://en.wiktionary.org/wiki/%E4%B8%AD%E5%9C%8B%E5%84%82#Chinese.,noun,alternative form of 中國人,中国侬,,
wt:主人:0,主人,ciō-nè̤ng,,,,Imported from Wiktionary (CC BY-SA 4.0): https://en.wiktionary.org/wiki/%E4%B8%BB%E4%BA%BA#Chinese. Mandarin: zhǔrén.,noun,master; owner,,,
wt:主人:0,主人,ciō-nè̤ng,,,,,noun,host person who receives or entertains other people as guests,,,
wt:主人:0,主人,ciō-nè̤ng,,,,,noun,(BDSM) master/mistress dominant,,,
wt:主義:0,主義,ciō-ngiê,,,,Imported from Wiktionary (CC BY-SA 4.0): https://en.wiktionary.org/wiki/%E4%B8%BB%E7%BE%A9#Chinese. Mandarin: zhǔyì.,noun,(chiefly as a suffix) doctrine; ideology; -ism,主义,,
wt:主義:0,主義,ciō-ngiê,,,,,noun,position; stance,主义,,
wt:主義:0,主義,ciō-ngiê,,,,,verb,(Classical) to uphold righteousness,主义,,
wt:主席:0,主席,ciō-sĭk,,,,Imported from Wiktionary (CC BY-SA 4.0): https://en.wiktionary.org/wiki/%E4%B8%BB%E5%B8%AD#Chinese. Mandarin: zhǔxí.,noun,chairperson (of a meeting); leader of meeting (classifier: 位),,,
wt:主席:0,主席,ciō-sĭk,,,,,noun,"chairperson; president (of a committee, club, society or organisation) (classifier: 位)",,,
wt:主席:0,主席,ciō-sĭk,,,,,noun,chairperson (of a country or a party); chairman or chairwoman; president; premier (classifier: 位),,,
wt:主教:0,主教,ciō-gáu,,,,Imported from Wiktionary (CC BY-SA 4.0): https://en.wiktionary.org/wiki/%E4%B8%BB%E6%95%99#Chinese. Mandarin: zhǔjiào.,noun,(Christianity) bishop,,,
wt:主教:0,主教,ciō-gáu,,,,,verb,to mainly teach,,,
wt:乒乓:0,乒乓,pĭng-pŏng,,,,"Imported from Wiktionary (CC BY-SA 4.0): https://en.wiktionary.org/wiki/%E4%B9%92%E4%B9%93#Chinese. Mandarin: pīngpāng,tl=y.",noun,(onomatopoeia) sound,,,
wt:乒乓:0,乒乓,pĭng-pŏng,,,,,noun,球 table tennis; ping pong,,,
wt:乘法:0,乘法,sìng-huák,,,,Imported from Wiktionary (CC BY-SA 4.0): https://en.wiktionary.org/wiki/%E4%B9%98%E6%B3%95#Chinese. Mandarin: chéngfǎ.,noun,(arithmetic) multiplication,,,
wt:乖巧:0,乖巧,guăi-kiēu,,,,Imported from Wiktionary (CC BY-SA 4.0): https://en.wiktionary.org/wiki/%E4%B9%96%E5%B7%A7#Chinese. Mandarin: guāiqiǎo.,adjective,clever; smart usually of a child,,,
wt:乖巧:0,乖巧,guăi-kiēu,,,,,adjective,cute; adorable; lovely,,,
wt:九月:0,九月,gāu-nguŏk,,,,Imported from Wiktionary (CC BY-SA 4.0): https://en.wiktionary.org/wiki/%E4%B9%9D%E6%9C%88#Chinese. Mandarin: jiǔyuè.,noun,September,,,
wt:九月:0,九月,gāu-nguŏk,,,,,noun,The modern name for the ninth month of the Chinese lunar calendar.,,,
wt:九十:0,九十,gāu-sĕk,,,,Imported from Wiktionary (CC BY-SA 4.0): https://en.wiktionary.org/wiki/%E4%B9%9D%E5%8D%81#Chinese. Mandarin: jiǔshí.,numeral,ninety; 90,,,
wt:九點:0,九點,gāu-dēng,,,,Imported from Wiktionary (CC BY-SA 4.0): https://en.wiktionary.org/wiki/%E4%B9%9D%E9%BB%9E#Chinese. Mandarin: jiǔdiǎn.,noun,nine o'clock,九点,,
wt:九十九:0,九十九,gāu-sĕk-gāu,,,,Imported from Wiktionary (CC BY-SA 4.0): https://en.wiktionary.org/wiki/%E4%B9%9D%E5%8D%81%E4%B9%9D#Chinese. Mandarin: jiǔshíjiǔ.,numeral,ninety-nine; 99,,,
wt:事件:0,事件,sê̤ṳ-giông,,,,Imported from Wiktionary (CC BY-SA 4.0): https://en.wiktionary.org/wiki/%E4%BA%8B%E4%BB%B6#Chinese. Mandarin: shìjiàn.,noun,event; incident; occurrence,,,
wt:事件:0,事件,sê̤ṳ-giông,,,,,noun,(physics) event point in spacetime,,,
wt:事件:0,事件,sê̤ṳ-giông,,,,,noun,(computing) event action which triggers an event handler,,,
wt:事件:0,事件,sê̤ṳ-giông,,,,,noun,(probability theory) event subset of the sample space,,,
wt:乾旱:0,乾旱,găng-âng,,,,Imported from Wiktionary (CC BY-SA 4.0): https://en.wiktionary.org/wiki/%E4%B9%BE%E6%97%B1#Chinese. Mandarin: gānhàn.,noun,drought,干旱,,
wt:二月:0,二月,nê-nguŏk,,,,Imported from Wiktionary (CC BY-SA 4.0): https://en.wiktionary.org/wiki/%E4%BA%8C%E6%9C%88#Chinese. Mandarin: èryuè.,noun,February,,,
wt:二月:0,二月,nê-nguŏk,,,,,noun,The modern name for the second month of the Chinese lunar calendar.,,,
wt:二十:0,二十,nê-sĕk,,,,Imported from Wiktionary (CC BY-SA 4.0): https://en.wiktionary.org/wiki/%E4%BA%8C%E5%8D%81#Chinese. Mandarin: èrshí.,numeral,twenty; 20,,,
wt:二十:0,二十,nê-sĕk,,,,,adjective,twentieth,,,
wt:事故:0,事故,sê̤ṳ-gó,,,,Imported from Wiktionary (CC BY-SA 4.0): https://en.wiktionary.org/wiki/%E4%BA%8B%E6%95%85#Chinese. Mandarin: shìgù.,noun,accident; mishap,,,
wt:事實:0,事實,sê̤ṳ-sĭk,,,,Imported from Wiktionary (CC BY-SA 4.0): https://en.wiktionary.org/wiki/%E4%BA%8B%E5%AF%A6#Chinese. Mandarin: shìshí.,noun,"(countable, uncountable) fact; truth (classifier: 個)",事实,,
wt:事實:0,事實,sê̤ṳ-sĭk,,,,,adjective,(attributive) de facto,事实,,
wt:事情:0,事情,sê̤ṳ-cìng,,,,"Imported from Wiktionary (CC BY-SA 4.0): https://en.wiktionary.org/wiki/%E4%BA%8B%E6%83%85#Chinese. Mandarin: shìqing,shìqíng,2a=zh-shìqing.ogg,1nb=standard in Mainland and Taiwan,2nb=common variant.",noun,(countable) matter; affair; something; business; thing; stuff (classifier: 件),,,
wt:事情:0,事情,sê̤ṳ-cìng,,,,,noun,(uncountable) job; task; work,,,
wt:事情:0,事情,sê̤ṳ-cìng,,,,,noun,(uncountable) mistake; accident,,,
wt:五方:0,五方,ngū-huŏng,,,,Imported from Wiktionary (CC BY-SA 4.0): https://en.wiktionary.org/wiki/%E4%BA%94%E6%96%B9#Chinese. Mandarin: wǔfāng.,noun,"the five positions north, south, east, west, and centre",,,
wt:五方:0,五方,ngū-huŏng,,,,,noun,everywhere; far and wide; all parts,,,
wt:五十:0,五十,ngô-sĕk,,,,Imported from Wiktionary (CC BY-SA 4.0): https://en.wiktionary.org/wiki/%E4%BA%94%E5%8D%81#Chinese. Mandarin: wǔshí.,numeral,fifty; 50,,,
wt:五加皮:0,五加皮,ngū-gă-puòi,,,,Imported from Wiktionary (CC BY-SA 4.0): https://en.wiktionary.org/wiki/%E4%BA%94%E5%8A%A0%E7%9A%AE#Chinese. Mandarin: wǔjiāpí.,noun,"(TCM) bark of Eleutherococcus a herb used in traditional Chinese medicine to eliminate ""wind-dampness""",,,
wt:五加皮:0,五加皮,ngū-gă-puòi,,,,,noun,wujiapi wine a type of wine made with the bark,,,
wt:二十一:0,二十一,nê-sĕk-ék,,,,Imported from Wiktionary (CC BY-SA 4.0): https://en.wiktionary.org/wiki/%E4%BA%8C%E5%8D%81%E4%B8%80#Chinese. Mandarin: èrshíyī.,numeral,twenty-one; 21,,,
wt:事務:0,事務,sê̤ṳ-ô,,,,Imported from Wiktionary (CC BY-SA 4.0): https://en.wiktionary.org/wiki/%E4%BA%8B%E5%8B%99#Chinese. Mandarin: shìwù.,noun,routine work,事务,,
wt:事務:0,事務,sê̤ṳ-ô,,,,,noun,general affairs,事务,,
wt:事務:0,事務,sê̤ṳ-ô,,,,,noun,secular affairs; worldly affairs,事务,,
wt:事務:0,事務,sê̤ṳ-ô,,,,,noun,(computing) transaction,事务,,
wt:事奉:0,事奉,sê̤ṳ-hông,,,,Imported from Wiktionary (CC BY-SA 4.0): https://en.wiktionary.org/wiki/%E4%BA%8B%E5%A5%89#Chinese. Mandarin: shìfèng.,verb,to serve,,,
wt:事計:0,事計,dâi-gié,,,,Imported from Wiktionary (CC BY-SA 4.0): https://en.wiktionary.org/wiki/%E4%BA%8B%E8%A8%88#Chinese.,noun,thing; matter,事计,,
wt:事計:0,事計,dâi-gié,,,,,noun,job; occupation,事计,,
wt:事計:0,事計,dâi-gié,,,,,noun,responsibility; relationship,事计,,
wt:二十二:0,二十二,nê-sĕk-nê,,,,Imported from Wiktionary (CC BY-SA 4.0): https://en.wiktionary.org/wiki/%E4%BA%8C%E5%8D%81%E4%BA%8C#Chinese. Mandarin: èrshí'èr.,numeral,twenty-two; 22,,,
wt:二十三:0,二十三,nê-sĕk-săng,,,,Imported from Wiktionary (CC BY-SA 4.0): https://en.wiktionary.org/wiki/%E4%BA%8C%E5%8D%81%E4%B8%89#Chinese. Mandarin: èrshísān.,numeral,twenty-three; 23,,,
wt:二十四:0,二十四,nê-sĕk-sé,,,,Imported from Wiktionary (CC BY-SA 4.0): https://en.wiktionary.org/wiki/%E4%BA%8C%E5%8D%81%E5%9B%9B#Chinese. Mandarin: èrshísì.,numeral,twenty-four; 24,,,
wt:二十五:0,二十五,nê-sĕk-ngô,,,,Imported from Wiktionary (CC BY-SA 4.0): https://en.wiktionary.org/wiki/%E4%BA%8C%E5%8D%81%E4%BA%94#Chinese. Mandarin: èrshíwǔ.,numeral,twenty-five; 25,,,
wt:二十六:0,二十六,nê-sĕk-lĕ̤k,,,,Imported from Wiktionary (CC BY-SA 4.0): https://en.wiktionary.org/wiki/%E4%BA%8C%E5%8D%81%E5%85%AD#Chinese. Mandarin: èrshíliù.,numeral,twenty-six; 26,,,
wt:二十七:0,二十七,nê-sĕk-chék,,,,Imported from Wiktionary (CC BY-SA 4.0): https://en.wiktionary.org/wiki/%E4%BA%8C%E5%8D%81%E4%B8%83#Chinese. Mandarin: èrshíqī.,numeral,twenty-seven; 27,,,
wt:二十八:0,二十八,nê-sĕk-báik,,,,Imported from Wiktionary (CC BY-SA 4.0): https://en.wiktionary.org/wiki/%E4%BA%8C%E5%8D%81%E5%85%AB#Chinese. Mandarin: èrshíbā.,numeral,twenty-eight; 28,,,
wt:二十九:0,二十九,nê-sĕk-gāu,,,,Imported from Wiktionary (CC BY-SA 4.0): https://en.wiktionary.org/wiki/%E4%BA%8C%E5%8D%81%E4%B9%9D#Chinese. Mandarin: èrshíjiǔ.,numeral,twenty-nine; 29,,,
wt:二婿:0,二婿,nê-sái,,,,Imported from Wiktionary (CC BY-SA 4.0): https://en.wiktionary.org/wiki/%E4%BA%8C%E5%A9%BF#Chinese.,adjective,lazy,,,
wt:五十一:0,五十一,ngô-sĕk-ék,,,,Imported from Wiktionary (CC BY-SA 4.0): https://en.wiktionary.org/wiki/%E4%BA%94%E5%8D%81%E4%B8%80#Chinese. Mandarin: wǔshíyī.,numeral,fifty-one; 51,,,
wt:五十二:0,五十二,ngô-sĕk-nê,,,,Imported from Wiktionary (CC BY-SA 4.0): https://en.wiktionary.org/wiki/%E4%BA%94%E5%8D%81%E4%BA%8C#Chinese. Mandarin: wǔshí'èr.,numeral,fifty-two; 52,,,
wt:五月:0,五月,ngô-nguŏk,,,,Imported from Wiktionary (CC BY-SA 4.0): https://en.wiktionary.org/wiki/%E4%BA%94%E6%9C%88#Chinese. Mandarin: wǔyuè.,noun,May,,,
wt:五月:0,五月,ngô-nguŏk,,,,,noun,modern name for the fifth month of the Chinese lunar calendar,,,
wt:互相:0,互相,hô-siōng,,,,Imported from Wiktionary (CC BY-SA 4.0): https://en.wiktionary.org/wiki/%E4%BA%92%E7%9B%B8#Chinese. Mandarin: hùxiāng.,adverb,mutually; each other; one another,,,
wt:五香:0,五香,ngū-hiŏng,,,,Imported from Wiktionary (CC BY-SA 4.0): https://en.wiktionary.org/wiki/%E4%BA%94%E9%A6%99#Chinese. Mandarin: wǔxiāng.,noun,"five spices fennel, cinnamon, clove, star aniseed and prickly ash",,,
wt:五香:0,五香,ngū-hiŏng,,,,,noun,"ngo hiang a dish in Hokkien and Teochew cuisine, traditionally consisting of a pork filling wrapped in beancurd skin and deep-fried",,,
wt:五穀:0,五穀,ngū-gók,,,,Imported from Wiktionary (CC BY-SA 4.0): https://en.wiktionary.org/wiki/%E4%BA%94%E7%A9%80#Chinese. Mandarin: wǔgǔ.,noun,the Five Grains or Five Cereals,五谷,,
wt:五行:0,五行,ngū-hèng,,,,Imported from Wiktionary (CC BY-SA 4.0): https://en.wiktionary.org/wiki/%E4%BA%94%E8%A1%8C#Chinese. Mandarin: wǔxíng.,noun,wuxing the five elements of traditional Chinese cosmology,,,
wt:五毛:0,五毛,ngô-mò̤,,,,"Imported from Wiktionary (CC BY-SA 4.0): https://en.wiktionary.org/wiki/%E4%BA%94%E6%AF%9B#Chinese. Mandarin: wǔmáo,er=y.",noun,"(neologism, derogatory, disparaging) shill of the Communist Party of China; wumao",,,
wt:五毛:0,五毛,ngô-mò̤,,,,,noun,"(neologism, derogatory, disparaging) supporter of the Communist Party of China",,,
wt:五點:0,五點,ngô-dēng,,,,Imported from Wiktionary (CC BY-SA 4.0): https://en.wiktionary.org/wiki/%E4%BA%94%E9%BB%9E#Chinese. Mandarin: wǔdiǎn.,noun,five o'clock,五点,,
wt:五湖四海:0,五湖四海,ngū-hù-sé̤ṳ-hāi,,,,Imported from Wiktionary (CC BY-SA 4.0): https://en.wiktionary.org/wiki/%E4%BA%94%E6%B9%96%E5%9B%9B%E6%B5%B7#Chinese. Mandarin: wǔhúsìhǎi.,phrase,all regions; all corners of the country or world; all places,,,
wt:五鹵:0,五鹵,ngū-lô,,,,Imported from Wiktionary (CC BY-SA 4.0): https://en.wiktionary.org/wiki/%E4%BA%94%E9%B9%B5#Chinese.,adjective,dirty,五卤,,
wt:交通:0,交通,gău-tŭng,,,,Imported from Wiktionary (CC BY-SA 4.0): https://en.wiktionary.org/wiki/%E4%BA%A4%E9%80%9A#Chinese. Mandarin: jiāotōng.,noun,transportation; transport; traffic,,,
wt:交通:0,交通,gău-tŭng,,,,,noun,communications; liaison,,,
wt:交通:0,交通,gău-tŭng,,,,,noun,liaison person,,,
wt:交通:0,交通,gău-tŭng,,,,,verb,to be linked with,,,
wt:交通:0,交通,gău-tŭng,,,,,verb,to contact; to communicate with,,,
wt:交通:0,交通,gău-tŭng,,,,,verb,to collude with,,,
wt:京劇:0,京劇,gĭng-kiŏk,,,,Imported from Wiktionary (CC BY-SA 4.0): https://en.wiktionary.org/wiki/%E4%BA%AC%E5%8A%87#Chinese. Mandarin: jīngjù.,noun,Peking opera; Beijing opera,京剧,,
wt:交代:0,交代,gău-dâi,,,,"Imported from Wiktionary (CC BY-SA 4.0): https://en.wiktionary.org/wiki/%E4%BA%A4%E4%BB%A3#Chinese. Mandarin: jiāodài,tl=y.",verb,to hand over,,,
wt:交代:0,交代,gău-dâi,,,,,verb,to explain; to brief; to make clear; to tell about,,,
wt:交代:0,交代,gău-dâi,,,,,verb,to ask someone to do something; to order,,,
wt:交代:0,交代,gău-dâi,,,,,verb,to confess,,,
wt:交代:0,交代,gău-dâi,,,,,verb,to finish; to complete,,,
wt:交付:0,交付,gău-hó,,,,Imported from Wiktionary (CC BY-SA 4.0): https://en.wiktionary.org/wiki/%E4%BA%A4%E4%BB%98#Chinese. Mandarin: jiāofù.,verb,to hand over; to deliver,,,
wt:交付:0,交付,gău-hó,,,,,verb,(of money) to pay,,,
wt:亞鉛:0,亞鉛,ā-iòng,,,,Imported from Wiktionary (CC BY-SA 4.0): https://en.wiktionary.org/wiki/%E4%BA%9E%E9%89%9B#Chinese. Mandarin: yàqiān.,noun,(dated) zinc,亚铅,,
wt:亞鉛:0,亞鉛,ā-iòng,,,,,noun,(chemistry) lead in the +2 oxidation state,亚铅,,
wt:交關:0,交關,gău-guăng,,,,Imported from Wiktionary (CC BY-SA 4.0): https://en.wiktionary.org/wiki/%E4%BA%A4%E9%97%9C#Chinese. Mandarin: jiāoguān.,adjective,related,交关,,
wt:交關:0,交關,gău-guăng,,,,,adjective,reliable,交关,,
wt:交關:0,交關,gău-guăng,,,,,verb,to conspire; to collude,交关,,
wt:交關:0,交關,gău-guăng,,,,,verb,to mingle; to intertwine,交关,,
wt:京戲:0,京戲,gĭng-hié,,,,Imported from Wiktionary (CC BY-SA 4.0): https://en.wiktionary.org/wiki/%E4%BA%AC%E6%88%B2#Chinese. Mandarin: jīngxì.,noun,Beijing opera; Peking opera (classifier: 齣),京戏,,
wt:亥時:0,亥時,hâi-sì,,,,Imported from Wiktionary (CC BY-SA 4.0): https://en.wiktionary.org/wiki/%E4%BA%A5%E6%99%82#Chinese. Mandarin: hàishí.,noun,the hours of the pig (9:00pm to 11:00pm),亥时,,
wt:交插:0,交插,gău-chák,,,,Imported from Wiktionary (CC BY-SA 4.0): https://en.wiktionary.org/wiki/%E4%BA%A4%E6%8F%92#Chinese.,verb,to have dealings with; to have contact with,,,
wt:交察:0,交察,gău-chák,,,,Imported from Wiktionary (CC BY-SA 4.0): https://en.wiktionary.org/wiki/%E4%BA%A4%E5%AF%9F#Chinese.,verb,to have contact with; to have dealings with,,,
wt:亮線:0,亮線,liáng,,,,Imported from Wiktionary (CC BY-SA 4.0): https://en.wiktionary.org/wiki/%E4%BA%AE%E7%B7%9A#Chinese. Pronounced liāng-siáng.,noun,lightning,亮线,,
wt:人力車:0,人力車,ìng-lĭk-chiă,,,,Imported from Wiktionary (CC BY-SA 4.0): https://en.wiktionary.org/wiki/%E4%BA%BA%E5%8A%9B%E8%BB%8A#Chinese. Mandarin: rénlìchē.,noun,rickshaw,人力车,,
wt:人口:0,人口,ìng-kēu,,,,Imported from Wiktionary (CC BY-SA 4.0): https://en.wiktionary.org/wiki/%E4%BA%BA%E5%8F%A3#Chinese. Mandarin: rénkǒu.,noun,population people living within a political or geographical boundary,,,
wt:人口:0,人口,ìng-kēu,,,,,noun,number of people in a family,,,
wt:人口:0,人口,ìng-kēu,,,,,noun,mouths to feed,,,
wt:人口:0,人口,ìng-kēu,,,,,noun,people in general contexts,,,
wt:人民:0,人民,ìng-mìng,,,,Imported from Wiktionary (CC BY-SA 4.0): https://en.wiktionary.org/wiki/%E4%BA%BA%E6%B0%91#Chinese. Mandarin: rénmín.,noun,"people collectively, as members of society",,,
wt:人民:0,人民,ìng-mìng,,,,,noun,humanity; humans as a collective; humankind; the human race,,,
wt:人種:0,人種,ìng-cṳ̄ng,,,,Imported from Wiktionary (CC BY-SA 4.0): https://en.wiktionary.org/wiki/%E4%BA%BA%E7%A8%AE#Chinese. Mandarin: rénzhǒng.,noun,race; ethnicity (classifier: 個),人种,,
wt:人類:0,人類,ìng-lôi,,,,Imported from Wiktionary (CC BY-SA 4.0): https://en.wiktionary.org/wiki/%E4%BA%BA%E9%A1%9E#Chinese. Mandarin: rénlèi.,noun,(collective) humanity; humans; humankind; the human race; hominid,人类,,
wt:人情:0,人情,ìng-cìng,,,,Imported from Wiktionary (CC BY-SA 4.0): https://en.wiktionary.org/wiki/%E4%BA%BA%E6%83%85#Chinese. Mandarin: rénqíng.,noun,human sentiment; natural human feelings; inherent goodness of human nature,,,
wt:人情:0,人情,ìng-cìng,,,,,noun,friends and relationships; personal connections; people with which one has curried favor,,,
wt:人情:0,人情,ìng-cìng,,,,,noun,courtesy; etiquette; civility,,,
wt:人情:0,人情,ìng-cìng,,,,,noun,favour kind or helpful deed,,,
wt:人情:0,人情,ìng-cìng,,,,,noun,gift; present,,,
wt:人才:0,人才,ìng-cài,,,,Imported from Wiktionary (CC BY-SA 4.0): https://en.wiktionary.org/wiki/%E4%BA%BA%E6%89%8D#Chinese. Mandarin: réncái.,noun,talent; abilities that make one an asset,,,
wt:人才:0,人才,ìng-cài,,,,,noun,talented individual; skilled or trained individual in education or employment; qualified personnel,,,
wt:人才:0,人才,ìng-cài,,,,,noun,attractive appearance or looks,,,
wt:人參:0,人參,ìng-sĕng,,,,Imported from Wiktionary (CC BY-SA 4.0): https://en.wiktionary.org/wiki/%E4%BA%BA%E5%8F%83#Chinese. Mandarin: rénshēn.,noun,"ginseng any of several plants, of the genus Panax genus",人参,,
wt:人心:0,人心,ìng-sĭng,,,,Imported from Wiktionary (CC BY-SA 4.0): https://en.wiktionary.org/wiki/%E4%BA%BA%E5%BF%83#Chinese. Mandarin: rénxīn.,noun,people's thoughts; public feeling,,,
wt:人心:0,人心,ìng-sĭng,,,,,noun,moral nature,,,
wt:人心:0,人心,ìng-sĭng,,,,,noun,philtrum,,,
wt:人類學:0,人類學,ìng-lôi-hŏk,,,,Imported from Wiktionary (CC BY-SA 4.0): https://en.wiktionary.org/wiki/%E4%BA%BA%E9%A1%9E%E5%AD%B8#Chinese. Mandarin: rénlèixué.,noun,anthropology,人类学,,
wt:人客:0,人客,nè̤ng-káh,,,,Imported from Wiktionary (CC BY-SA 4.0): https://en.wiktionary.org/wiki/%E4%BA%BA%E5%AE%A2#Chinese. Mandarin: rénkè.,noun,guest; visitor,,,
wt:人客:0,人客,nè̤ng-káh,,,,,noun,intruder,,,
wt:人客:0,人客,nè̤ng-káh,,,,,noun,land renter,,,
wt:人客:0,人客,nè̤ng-káh,,,,,noun,customer,,,
wt:人客:0,人客,nè̤ng-káh,,,,,noun,traveller; tourist,,,
wt:人子:0,人子,ìng-cṳ̄,,,,Imported from Wiktionary (CC BY-SA 4.0): https://en.wiktionary.org/wiki/%E4%BA%BA%E5%AD%90#Chinese. Mandarin: rénzǐ.,noun,child son or daughter,,,
wt:人情世事:0,人情世事,ìng-cìng-sié-sê̤ṳ,,,,Imported from Wiktionary (CC BY-SA 4.0): https://en.wiktionary.org/wiki/%E4%BA%BA%E6%83%85%E4%B8%96%E4%BA%8B#Chinese.,noun,the ways of the world; traditional code of conduct; worldly wisdom,,,
wt:人心不足蛇吞象:0,人心不足蛇吞象,ìng-sĭng bók cé̤ṳk siè tŏng chiông,,,,Imported from Wiktionary (CC BY-SA 4.0): https://en.wiktionary.org/wiki/%E4%BA%BA%E5%BF%83%E4%B8%8D%E8%B6%B3%E8%9B%87%E5%90%9E%E8%B1%A1#Chinese. Mandarin: rénxīn bù zú shé tūn xiàng.,phrase,Being discontent is like a snake swallowing an elephant.,,,
wt:人民共和國:0,人民共和國,ìng-mìng gê̤ṳng-huò-guók,,,,Imported from Wiktionary (CC BY-SA 4.0): https://en.wiktionary.org/wiki/%E4%BA%BA%E6%B0%91%E5%85%B1%E5%92%8C%E5%9C%8B#Chinese. Mandarin: rénmín gònghéguó.,noun,people's republic,人民共和国,,
wt:人民共和國:0,人民共和國,ìng-mìng gê̤ṳng-huò-guók,,,,,noun,specifically People's Republic of China (中華～),人民共和国,,
wt:今年:0,今年,gĭng-nièng,,,,Imported from Wiktionary (CC BY-SA 4.0): https://en.wiktionary.org/wiki/%E4%BB%8A%E5%B9%B4#Chinese. Mandarin: jīnnián.,noun,this year,,,
wt:介紹:0,介紹,gái-siêu,,,,"Imported from Wiktionary (CC BY-SA 4.0): https://en.wiktionary.org/wiki/%E4%BB%8B%E7%B4%B9#Chinese. Mandarin: jièshào,tl=y.",verb,to introduce,介绍,,
wt:介紹:0,介紹,gái-siêu,,,,,verb,to recommend,介绍,,
wt:介紹:0,介紹,gái-siêu,,,,,verb,to explain a situation; to brief,介绍,,
wt:今旦:0,今旦,gĭng-dáng,,,,Imported from Wiktionary (CC BY-SA 4.0): https://en.wiktionary.org/wiki/%E4%BB%8A%E6%97%A6#Chinese. Mandarin: jīndàn.,noun,(literally) this morning,,,
wt:今旦:0,今旦,gĭng-dáng,,,,,noun,today,,,
wt:什乇:0,什乇,sié-nó̤h,,,,Imported from Wiktionary (CC BY-SA 4.0): https://en.wiktionary.org/wiki/%E4%BB%80%E4%B9%87#Chinese. Other readings: siéh-nó̤h.,pronoun,what,,,
wt:今晡:0,今晡,gĭng-buŏ,,,,Imported from Wiktionary (CC BY-SA 4.0): https://en.wiktionary.org/wiki/%E4%BB%8A%E6%99%A1#Chinese.,noun,tonight; this evening,,,
wt:今旦晡:0,今旦晡,gĭng-dáng-buŏ,,,,Imported from Wiktionary (CC BY-SA 4.0): https://en.wiktionary.org/wiki/%E4%BB%8A%E6%97%A6%E6%99%A1#Chinese.,noun,tonight; this evening,,,
wt:今旦日:0,今旦日,gĭng-dáng-nĭk,,,,Imported from Wiktionary (CC BY-SA 4.0): https://en.wiktionary.org/wiki/%E4%BB%8A%E6%97%A6%E6%97%A5#Chinese.,noun,today,,,
wt:今旦日:0,今旦日,gĭng-dáng-nĭk,,,,,noun,now,,,
wt:仂囝:0,仂囝,nék,,,,Imported from Wiktionary (CC BY-SA 4.0): https://en.wiktionary.org/wiki/%E4%BB%82%E5%9B%9D#Chinese. Pronounced ník-giāng.,adjective,a little,,,
wt:今暝:0,今暝,gĭng-màng,,,,Imported from Wiktionary (CC BY-SA 4.0): https://en.wiktionary.org/wiki/%E4%BB%8A%E6%9A%9D#Chinese.,noun,tonight,,,
wt:仂暅:0,仂暅,nék-òng,,,,Imported from Wiktionary (CC BY-SA 4.0): https://en.wiktionary.org/wiki/%E4%BB%82%E6%9A%85#Chinese.,noun,a little while; a short period of time,,,
wt:仂滴:0,仂滴,lék,,,,Imported from Wiktionary (CC BY-SA 4.0): https://en.wiktionary.org/wiki/%E4%BB%82%E6%BB%B4#Chinese. Pronounced lík-dék.,adjective,a little,,,
wt:什乇名:0,什乇名,sié-nó̤h-miàng,,,,Imported from Wiktionary (CC BY-SA 4.0): https://en.wiktionary.org/wiki/%E4%BB%80%E4%B9%87%E5%90%8D#Chinese.,pronoun,what,,,
wt:今暝晡:0,今暝晡,gĭng-màng-buŏ,,,,Imported from Wiktionary (CC BY-SA 4.0): https://en.wiktionary.org/wiki/%E4%BB%8A%E6%9A%9D%E6%99%A1#Chinese.,noun,tonight; this evening,,,
wt:今年暝:0,今年暝,giĕ-nièng-màng,,,,Imported from Wiktionary (CC BY-SA 4.0): https://en.wiktionary.org/wiki/%E4%BB%8A%E5%B9%B4%E6%9A%9D#Chinese.,noun,(Xianyou) this year,,,
wt:介計:0,介計,gái-gié,,,,Imported from Wiktionary (CC BY-SA 4.0): https://en.wiktionary.org/wiki/%E4%BB%8B%E8%A8%88#Chinese.,adverb,why,介计,,
wt:以前:0,以前,ī-sèng,,,,Imported from Wiktionary (CC BY-SA 4.0): https://en.wiktionary.org/wiki/%E4%BB%A5%E5%89%8D#Chinese. Mandarin: yǐqián.,noun,earlier times; formerly; previously,,,
wt:仙人掌:0,仙人掌,siĕng-ìng-ciōng,,,,Imported from Wiktionary (CC BY-SA 4.0): https://en.wiktionary.org/wiki/%E4%BB%99%E4%BA%BA%E6%8E%8C#Chinese. Mandarin: xiānrénzhǎng.,noun,"cactus, especially prickly pear cactus",,,
wt:代表:0,代表,dâi-biēu,,,,Imported from Wiktionary (CC BY-SA 4.0): https://en.wiktionary.org/wiki/%E4%BB%A3%E8%A1%A8#Chinese. Mandarin: dàibiǎo.,verb,"to represent to stand or act in place of, or be a political representative",,,
wt:代表:0,代表,dâi-biēu,,,,,verb,to embody; to represent,,,
wt:代表:0,代表,dâi-biēu,,,,,verb,on behalf of; in the name of,,,
wt:代表:0,代表,dâi-biēu,,,,,noun,representative,,,
wt:代表:0,代表,dâi-biēu,,,,,noun,delegate,,,
wt:代表:0,代表,dâi-biēu,,,,,noun,example; model,,,
wt:代筆:0,代筆,dâi-bék,,,,Imported from Wiktionary (CC BY-SA 4.0): https://en.wiktionary.org/wiki/%E4%BB%A3%E7%AD%86#Chinese. Mandarin: dàibǐ.,verb,to ghostwrite,代笔,,
wt:代筆:0,代筆,dâi-bék,,,,,noun,ghostwriter,代笔,,
wt:付出:0,付出,hó-chók,,,,Imported from Wiktionary (CC BY-SA 4.0): https://en.wiktionary.org/wiki/%E4%BB%98%E5%87%BA#Chinese. Mandarin: fùchū.,verb,to pay; to expend,,,
wt:付出:0,付出,hó-chók,,,,,verb,to invest time or energy; to put in effort,,,
wt:仙遊:0,仙遊,siĕng-iù,,,,Imported from Wiktionary (CC BY-SA 4.0): https://en.wiktionary.org/wiki/%E4%BB%99%E9%81%8A#Chinese. Mandarin: xiānyóu.,verb,(euphemistic) to die; to pass away,仙游,,
wt:以早:0,以早,ī-cā,,,,Imported from Wiktionary (CC BY-SA 4.0): https://en.wiktionary.org/wiki/%E4%BB%A5%E6%97%A9#Chinese.,noun,earlier times; before a certain point in time,,,
wt:仙鶴:0,仙鶴,siĕng-hŏk,,,,Imported from Wiktionary (CC BY-SA 4.0): https://en.wiktionary.org/wiki/%E4%BB%99%E9%B6%B4#Chinese. Mandarin: xiānhè.,noun,(Chinese mythology) crane that is raised and ridden by an immortal,仙鹤,,
wt:仙鶴:0,仙鶴,siĕng-hŏk,,,,,noun,red-crowned crane (Grus japonensis species),仙鹤,,
wt:以懸:0,以懸,ī-gèng,,,,Imported from Wiktionary (CC BY-SA 4.0): https://en.wiktionary.org/wiki/%E4%BB%A5%E6%87%B8#Chinese.,noun,above; more than; over,以悬,,
wt:企鵝:0,企鵝,kié-ngò̤,,,,Imported from Wiktionary (CC BY-SA 4.0): https://en.wiktionary.org/wiki/%E4%BC%81%E9%B5%9D#Chinese. Mandarin: 企'é.,noun,penguin,企鹅,,
wt:任務:0,任務,êng-ô,,,,"Imported from Wiktionary (CC BY-SA 4.0): https://en.wiktionary.org/wiki/%E4%BB%BB%E5%8B%99#Chinese. Mandarin: rènwù,tl=y.",noun,task; assignment; job; mission,任务,,
wt:任何:0,任何,êng-hò̤,,,,Imported from Wiktionary (CC BY-SA 4.0): https://en.wiktionary.org/wiki/%E4%BB%BB%E4%BD%95#Chinese. Mandarin: rènhé.,adjective,any; all,,,
wt:企業:0,企業,kié-ngiĕk,,,,Imported from Wiktionary (CC BY-SA 4.0): https://en.wiktionary.org/wiki/%E4%BC%81%E6%A5%AD#Chinese. Mandarin: 企yè.,noun,enterprise; firm; company; business; corporate,企业,,
wt:伓使:0,伓使,n̂g-sāi,,,,Imported from Wiktionary (CC BY-SA 4.0): https://en.wiktionary.org/wiki/%E4%BC%93%E4%BD%BF#Chinese.,adverb,"need not, there is no need to",,,
wt:伓是:0,伓是,n̂g-sê,,,,Imported from Wiktionary (CC BY-SA 4.0): https://en.wiktionary.org/wiki/%E4%BC%93%E6%98%AF#Chinese. Other readings: îng-sê.,adverb,is not,,,
wt:伓通:0,伓通,n̂g-tĕ̤ng,,,,Imported from Wiktionary (CC BY-SA 4.0): https://en.wiktionary.org/wiki/%E4%BC%93%E9%80%9A#Chinese. Other readings: nĕ̤ng.,adverb,don't (do something); do not; must not,,,
wt:伓通:0,伓通,n̂g-tĕ̤ng,,,,,adverb,do not have to (do something); should not,,,
wt:伓好:0,伓好,n̂g-hō̤,,,,Imported from Wiktionary (CC BY-SA 4.0): https://en.wiktionary.org/wiki/%E4%BC%93%E5%A5%BD#Chinese.,adjective,not good; unlucky,,,
wt:伓便:0,伓便,n̂g-biêng,,,,Imported from Wiktionary (CC BY-SA 4.0): https://en.wiktionary.org/wiki/%E4%BC%93%E4%BE%BF#Chinese.,adjective,"inconvenient, inexpedient",,,
wt:伊各儂:0,伊各儂,ĭ gáuk,,,,Imported from Wiktionary (CC BY-SA 4.0): https://en.wiktionary.org/wiki/%E4%BC%8A%E5%90%84%E5%84%82#Chinese. Pronounced gó̤k-nè̤ng.,pronoun,they; them,伊各侬,,
wt:伓啻:0,伓啻,n̂g-sié,,,,Imported from Wiktionary (CC BY-SA 4.0): https://en.wiktionary.org/wiki/%E4%BC%93%E5%95%BB#Chinese.,adverb,"not only, more than",,,
wt:伐桶:0,伐桶,puăk-tē̤ng,,,,Imported from Wiktionary (CC BY-SA 4.0): https://en.wiktionary.org/wiki/%E4%BC%90%E6%A1%B6#Chinese.,noun,"well-bucket, river-bucket",,,
wt:伯伯:0,伯伯,báh-báh,,,,"Imported from Wiktionary (CC BY-SA 4.0): https://en.wiktionary.org/wiki/%E4%BC%AF%E4%BC%AF#Chinese. Mandarin: bóbo,bǎibai,bāibai,bǒbó,1nb=standard in Mainland and Taiwan,2nb=colloquial variant in Mainland,3nb=colloquial variant in Mainland,4nb=variant in Taiwan.",noun,"(informal, affectionate) paternal uncle father's elder brother",,,
wt:伯伯:0,伯伯,báh-báh,,,,,noun,"(informal, affectionate) uncle a term of respect for someone who is older than one's father",,,
wt:伯伯:0,伯伯,báh-báh,,,,,noun,father,,,
wt:伯伯:0,伯伯,báh-báh,,,,,noun,"paternal aunt (father's sister, or wife of father's elder brother)",,,
wt:伶俐:0,伶俐,lìng-lê,,,,Imported from Wiktionary (CC BY-SA 4.0): https://en.wiktionary.org/wiki/%E4%BC%B6%E4%BF%90#Chinese. Mandarin: línglì.,adjective,clever; bright; smart,,,
wt:伯公:0,伯公,báh-gŭng,,,,Imported from Wiktionary (CC BY-SA 4.0): https://en.wiktionary.org/wiki/%E4%BC%AF%E5%85%AC#Chinese. Mandarin: bógōng.,noun,great-uncle paternal grandfather's elder brother,,,
wt:伯公:0,伯公,báh-gŭng,,,,,noun,uncle-in-law husband's father's elder brother,,,
wt:你好:0,你好,nṳ̄ hō̤,,,,Imported from Wiktionary (CC BY-SA 4.0): https://en.wiktionary.org/wiki/%E4%BD%A0%E5%A5%BD#Chinese. Mandarin: nǐ hǎo.,particle,hello; hi,,,
wt:佛教:0,佛教,hŭk-gáu,,,,Imported from Wiktionary (CC BY-SA 4.0): https://en.wiktionary.org/wiki/%E4%BD%9B%E6%95%99#Chinese. Mandarin: Fójiào.,noun,Buddhism,,,
wt:但是:0,但是,dáng-sê,,,,"Imported from Wiktionary (CC BY-SA 4.0): https://en.wiktionary.org/wiki/%E4%BD%86%E6%98%AF#Chinese. Mandarin: dànshì,tl=y.",,but; however,,,
wt:但是:0,但是,dáng-sê,,,,,adverb,merely by; just by... alone,,,
wt:作曲:0,作曲,cáuk-ké̤ṳk,,,,Imported from Wiktionary (CC BY-SA 4.0): https://en.wiktionary.org/wiki/%E4%BD%9C%E6%9B%B2#Chinese. Mandarin: zuòqǔ.,verb,(music) to compose; to write music,,,
wt:作曲:0,作曲,cáuk-ké̤ṳk,,,,,noun,(music) composition,,,
wt:何等:0,何等,hò̤-dēng,,,,Imported from Wiktionary (CC BY-SA 4.0): https://en.wiktionary.org/wiki/%E4%BD%95%E7%AD%89#Chinese. Mandarin: héděng.,pronoun,what kind; what sort,,,
wt:何等:0,何等,hò̤-dēng,,,,,adverb,how; what,,,
wt:作弊:0,作弊,cáuk-bê,,,,Imported from Wiktionary (CC BY-SA 4.0): https://en.wiktionary.org/wiki/%E4%BD%9C%E5%BC%8A#Chinese. Mandarin: zuòbì.,verb,to practice fraud; to cheat,,,
wt:佛跳牆:0,佛跳牆,hŭk-tiéu-chiòng,,,,Imported from Wiktionary (CC BY-SA 4.0): https://en.wiktionary.org/wiki/%E4%BD%9B%E8%B7%B3%E7%89%86#Chinese. Mandarin: fótiàoqiáng.,noun,"Buddha Jumps Over the Wall, a type of shark fin soup from Fujian cuisine",佛跳墙,,
wt:佛法:0,佛法,hŭk-huák,,,,Imported from Wiktionary (CC BY-SA 4.0): https://en.wiktionary.org/wiki/%E4%BD%9B%E6%B3%95#Chinese. Mandarin: fófǎ.,noun,Buddhist doctrine; dharma; Buddha's teachings; Buddha-dharma,,,
wt:佛法:0,佛法,hŭk-huák,,,,,noun,power of Buddha,,,
wt:佛祖:0,佛祖,hŭk-cū,,,,Imported from Wiktionary (CC BY-SA 4.0): https://en.wiktionary.org/wiki/%E4%BD%9B%E7%A5%96#Chinese. Mandarin: fózǔ.,noun,(Buddhism) founder of a Buddhist sect,,,
wt:佛祖:0,佛祖,hŭk-cū,,,,,noun,(Buddhism) bodhisattva,,,
wt:佈田:0,佈田,buó-chèng,,,,Imported from Wiktionary (CC BY-SA 4.0): https://en.wiktionary.org/wiki/%E4%BD%88%E7%94%B0#Chinese.,verb,to transplant rice seedlings,布田,,
wt:位處:0,位處,ôi-ché̤ṳ,,,,Imported from Wiktionary (CC BY-SA 4.0): https://en.wiktionary.org/wiki/%E4%BD%8D%E8%99%95#Chinese.,noun,place; location,位处,,
wt:伶落:0,伶落,lìng-lŏ̤h,,,,Imported from Wiktionary (CC BY-SA 4.0): https://en.wiktionary.org/wiki/%E4%BC%B6%E8%90%BD#Chinese.,adjective,diligent; hardworking,,,
wt:使命:0,使命,sé̤ṳ-miâng,,,,Imported from Wiktionary (CC BY-SA 4.0): https://en.wiktionary.org/wiki/%E4%BD%BF%E5%91%BD#Chinese. Mandarin: shǐmìng.,noun,"(diplomatic, figuratively) mission; set task; assignment",,,
wt:侏儒:0,侏儒,ciŏ-ṳ̀,,,,Imported from Wiktionary (CC BY-SA 4.0): https://en.wiktionary.org/wiki/%E4%BE%8F%E5%84%92#Chinese. Mandarin: zhūrú.,noun,dwarf; pygmy; midget,,,
wt:侏儒:0,侏儒,ciŏ-ṳ̀,,,,,noun,minor; child,,,
wt:侏儒:0,侏儒,ciŏ-ṳ̀,,,,,noun,(historical) dwarf who acts as an entertainer or musician for the officials,,,
wt:侏儒:0,侏儒,ciŏ-ṳ̀,,,,,noun,(figurative) one who caters to the officials and is in their favour,,,
wt:侏儒:0,侏儒,ciŏ-ṳ̀,,,,,noun,(obsolete) 株檽 short column on the beam,,,
wt:侏儒:0,侏儒,ciŏ-ṳ̀,,,,,noun,(obsolete) spider,,,
wt:侏儒:0,侏儒,ciŏ-ṳ̀,,,,,adjective,dwarfish; short in stature,,,
wt:侏儒:0,侏儒,ciŏ-ṳ̀,,,,,adjective,short for in stature (due to young age); little,,,
wt:侏儒:0,侏儒,ciŏ-ṳ̀,,,,,verb,(figurative) to be discontented with unfair treatment,,,
wt:依奶:0,依奶,ĭ-nā̤,,,,Imported from Wiktionary (CC BY-SA 4.0): https://en.wiktionary.org/wiki/%E4%BE%9D%E5%A5%B6#Chinese.,noun,"(informal, face-to-face address term) mum; mummy",,,
wt:依奶:0,依奶,ĭ-nā̤,,,,,noun,"(informal, face-to-face address term) wet nurse",,,
wt:依奶:0,依奶,ĭ-nā̤,,,,,particle,(vulgar) fuck; damn; shit,,,
wt:依媽:0,依媽,ĭ-mă,,,,Imported from Wiktionary (CC BY-SA 4.0): https://en.wiktionary.org/wiki/%E4%BE%9D%E5%AA%BD#Chinese.,noun,"(informal, face-to-face address term) mum; mummy",依妈,,
wt:依媽:1,依媽,ĭ-mā,,,,Imported from Wiktionary (CC BY-SA 4.0): https://en.wiktionary.org/wiki/%E4%BE%9D%E5%AA%BD#Chinese.,noun,paternal grandmother,依妈,,
wt:依家:0,依家,ĭ-gă,,,,Imported from Wiktionary (CC BY-SA 4.0): https://en.wiktionary.org/wiki/%E4%BE%9D%E5%AE%B6#Chinese.,noun,(face-to-face) paternal uncle father's younger brother,,,
wt:依妹:0,依妹,ĭ-muói,,,,Imported from Wiktionary (CC BY-SA 4.0): https://en.wiktionary.org/wiki/%E4%BE%9D%E5%A6%B9#Chinese.,noun,(face-to-face address term) younger sister,,,
wt:依妹:0,依妹,ĭ-muói,,,,,noun,little girl,,,
wt:依哥:0,依哥,ĭ-gŏ̤,,,,Imported from Wiktionary (CC BY-SA 4.0): https://en.wiktionary.org/wiki/%E4%BE%9D%E5%93%A5#Chinese.,noun,(face-to-face address term) elder brother,,,
wt:依哥:0,依哥,ĭ-gŏ̤,,,,,noun,older man of the same generation,,,
wt:依妗:0,依妗,ĭ-gêng,,,,Imported from Wiktionary (CC BY-SA 4.0): https://en.wiktionary.org/wiki/%E4%BE%9D%E5%A6%97#Chinese.,noun,(face-to-face) maternal aunt wife of mother's brother,,,
wt:依姨:0,依姨,ĭ-ì,,,,Imported from Wiktionary (CC BY-SA 4.0): https://en.wiktionary.org/wiki/%E4%BE%9D%E5%A7%A8#Chinese.,noun,maternal aunt mother's sister,,,
wt:依姨:0,依姨,ĭ-ì,,,,,noun,woman who is more or less as old as one's mother,,,
wt:依姆:0,依姆,ĭ-mū,,,,Imported from Wiktionary (CC BY-SA 4.0): https://en.wiktionary.org/wiki/%E4%BE%9D%E5%A7%86#Chinese.,noun,(face-to-face) paternal aunt wife of father's elder brother,,,
wt:依姆:0,依姆,ĭ-mū,,,,,noun,middle-aged woman,,,
wt:依姑:0,依姑,ĭ-gŭ,,,,Imported from Wiktionary (CC BY-SA 4.0): https://en.wiktionary.org/wiki/%E4%BE%9D%E5%A7%91#Chinese.,noun,paternal aunt father's younger sister,,,
wt:依嬸:0,依嬸,ĭ-sīng,,,,Imported from Wiktionary (CC BY-SA 4.0): https://en.wiktionary.org/wiki/%E4%BE%9D%E5%AC%B8#Chinese.,noun,(face-to-face) paternal aunt wife of father's younger brother,依婶,,
wt:依嬸:0,依嬸,ĭ-sīng,,,,,noun,term of address for one's stepmother,依婶,,
wt:依嬸:0,依嬸,ĭ-sīng,,,,,noun,paternal aunt wife of father's younger brother,依婶,,
wt:依嬸:0,依嬸,ĭ-sīng,,,,,noun,term of address used for one's co-sister-in-law wife of husband's younger brother,依婶,,
wt:依嬸:0,依嬸,ĭ-sīng,,,,,noun,middle-aged woman younger than oneself,依婶,,
wt:依姐:0,依姐,ĭ-ciā,,,,Imported from Wiktionary (CC BY-SA 4.0): https://en.wiktionary.org/wiki/%E4%BE%9D%E5%A7%90#Chinese.,noun,(face-to-face) older sister,,,
wt:依姐:0,依姐,ĭ-ciā,,,,,noun,young woman,,,
wt:依伯:0,依伯,ĭ-báh,,,,Imported from Wiktionary (CC BY-SA 4.0): https://en.wiktionary.org/wiki/%E4%BE%9D%E4%BC%AF#Chinese.,noun,paternal uncle father's elder brother,,,
wt:依伯:0,依伯,ĭ-báh,,,,,noun,uncle a term of respect for someone who is slightly older than one's father,,,
wt:依命:0,依命,ĭ-miâng,,,,Imported from Wiktionary (CC BY-SA 4.0): https://en.wiktionary.org/wiki/%E4%BE%9D%E5%91%BD#Chinese.,noun,little dear; darling said to a child,,,
wt:依乖:0,依乖,ĭ-guăi,,,,Imported from Wiktionary (CC BY-SA 4.0): https://en.wiktionary.org/wiki/%E4%BE%9D%E4%B9%96#Chinese.,noun,little dear; darling said to a child,,,
wt:依公:0,依公,ĭ-gŭng,,,,Imported from Wiktionary (CC BY-SA 4.0): https://en.wiktionary.org/wiki/%E4%BE%9D%E5%85%AC#Chinese.,noun,paternal grandfather one's father's father,,,
wt:依公:0,依公,ĭ-gŭng,,,,,noun,term of address for an elderly man,,,
wt:依大:0,依大,ĭ-duâi,,,,Imported from Wiktionary (CC BY-SA 4.0): https://en.wiktionary.org/wiki/%E4%BE%9D%E5%A4%A7#Chinese.,noun,(dated) women brothel-keeper; procuress; madam,,,
wt:依大頭:0,依大頭,ĭ-duâi-tàu,,,,Imported from Wiktionary (CC BY-SA 4.0): https://en.wiktionary.org/wiki/%E4%BE%9D%E5%A4%A7%E9%A0%AD#Chinese.,noun,(dated) women brothel-keeper; procuress; madam,依大头,,
wt:依厝:0,依厝,ĭ-chió,,,,Imported from Wiktionary (CC BY-SA 4.0): https://en.wiktionary.org/wiki/%E4%BE%9D%E5%8E%9D#Chinese.,noun,(dated) women brothel-keeper; procuress; madam,,,
wt:依嫂:0,依嫂,ĭ-sō̤,,,,Imported from Wiktionary (CC BY-SA 4.0): https://en.wiktionary.org/wiki/%E4%BE%9D%E5%AB%82#Chinese.,noun,(face-to-face) sister-in-law elder brother's wife,,,
wt:依嫂:0,依嫂,ĭ-sō̤,,,,,noun,middle-aged woman,,,
wt:依嫂:0,依嫂,ĭ-sō̤,,,,,noun,maid; female servant woman hired to do house chores,,,
wt:依婆:0,依婆,ĭ-bò̤,,,,Imported from Wiktionary (CC BY-SA 4.0): https://en.wiktionary.org/wiki/%E4%BE%9D%E5%A9%86#Chinese.,noun,(face-to-face) grandaunt; great-aunt wife of paternal grandfather's elder brother,,,
wt:依婆:0,依婆,ĭ-bò̤,,,,,noun,old woman,,,
wt:依婆母:0,依婆母,ĭ-bò̤-mū,,,,Imported from Wiktionary (CC BY-SA 4.0): https://en.wiktionary.org/wiki/%E4%BE%9D%E5%A9%86%E6%AF%8D#Chinese.,noun,old woman,,,
wt:使徒:0,使徒,sé̤ṳ-dù,,,,Imported from Wiktionary (CC BY-SA 4.0): https://en.wiktionary.org/wiki/%E4%BD%BF%E5%BE%92#Chinese. Mandarin: shǐtú.,noun,"(Protestantism, Eastern Orthodoxy) apostle",,,
wt:來往:0,來往,lài-uōng,,,,"Imported from Wiktionary (CC BY-SA 4.0): https://en.wiktionary.org/wiki/%E4%BE%86%E5%BE%80#Chinese. Mandarin: láiwǎng,tl=y.",verb,to come and go,来往,,
wt:來往:0,來往,lài-uōng,,,,,verb,to have contact with; to have dealings with,来往,,
wt:佳音:0,佳音,gă-ĭng,,,,Imported from Wiktionary (CC BY-SA 4.0): https://en.wiktionary.org/wiki/%E4%BD%B3%E9%9F%B3#Chinese. Mandarin: jiāyīn.,noun,good news,,,
wt:依爹:0,依爹,ĭ-diĕ,,,,Imported from Wiktionary (CC BY-SA 4.0): https://en.wiktionary.org/wiki/%E4%BE%9D%E7%88%B9#Chinese.,noun,(face-to-face) daddy,,,
wt:依爹:0,依爹,ĭ-diĕ,,,,,noun,(face-to-face) husband of wet nurse,,,
wt:依爸:0,依爸,ĭ-bă,,,,Imported from Wiktionary (CC BY-SA 4.0): https://en.wiktionary.org/wiki/%E4%BE%9D%E7%88%B8#Chinese.,noun,(face-to-face) daddy,,,
wt:依竮:0,依竮,ĭ-piāng,,,,Imported from Wiktionary (CC BY-SA 4.0): https://en.wiktionary.org/wiki/%E4%BE%9D%E7%AB%AE#Chinese.,noun,(derogatory) cripple; lame person,,,
wt:依闆:0,依闆,ĭ-bēng,,,,Imported from Wiktionary (CC BY-SA 4.0): https://en.wiktionary.org/wiki/%E4%BE%9D%E9%97%86#Chinese.,noun,(derogatory) boss; chief; superior,依板,,
wt:依賓:0,依賓,ĭ-bĭng,,,,Imported from Wiktionary (CC BY-SA 4.0): https://en.wiktionary.org/wiki/%E4%BE%9D%E8%B3%93#Chinese.,noun,"(intimate, humorous) cousin mother's sibling's or father's sister's son older than oneself",依宾,,
wt:依舅:0,依舅,ĭ-gêu,,,,Imported from Wiktionary (CC BY-SA 4.0): https://en.wiktionary.org/wiki/%E4%BE%9D%E8%88%85#Chinese.,noun,(face-to-face) maternal uncle mother's brother,,,
wt:依爺:0,依爺,ĭ-iè,,,,Imported from Wiktionary (CC BY-SA 4.0): https://en.wiktionary.org/wiki/%E4%BE%9D%E7%88%BA#Chinese.,noun,"(face-to-face, dated) father",依爷,,
wt:依弟:0,依弟,ĭ-diê,,,,Imported from Wiktionary (CC BY-SA 4.0): https://en.wiktionary.org/wiki/%E4%BE%9D%E5%BC%9F#Chinese.,noun,(face-to-face) younger brother,,,
wt:依弟:0,依弟,ĭ-diê,,,,,noun,male child,,,
wt:依志:0,依志,ĭ-cé,,,,Imported from Wiktionary (CC BY-SA 4.0): https://en.wiktionary.org/wiki/%E4%BE%9D%E5%BF%97#Chinese.,noun,"(intimate, humorous) comrade",,,
wt:依志哥:0,依志哥,ĭ-cé gŏ̤,,,,Imported from Wiktionary (CC BY-SA 4.0): https://en.wiktionary.org/wiki/%E4%BE%9D%E5%BF%97%E5%93%A5#Chinese.,noun,"(intimate, humorous) comrade",,,
wt:依缺:0,依缺,ĭ-kiék,,,,Imported from Wiktionary (CC BY-SA 4.0): https://en.wiktionary.org/wiki/%E4%BE%9D%E7%BC%BA#Chinese.,noun,person with a harelip,,,
wt:使田:0,使田,sāi-chèng,,,,Imported from Wiktionary (CC BY-SA 4.0): https://en.wiktionary.org/wiki/%E4%BD%BF%E7%94%B0#Chinese.,verb,"to plough and harrow a field, to work the land",,,
wt:信仰:0,信仰,séng-ngiōng,,,,Imported from Wiktionary (CC BY-SA 4.0): https://en.wiktionary.org/wiki/%E4%BF%A1%E4%BB%B0#Chinese. Mandarin: xìnyǎng.,verb,"to believe in an ideology, faith or religion; to have faith in",,,
wt:信仰:0,信仰,séng-ngiōng,,,,,noun,belief; faith,,,
wt:便宜:0,便宜,bèng-ngiè,,,,"Imported from Wiktionary (CC BY-SA 4.0): https://en.wiktionary.org/wiki/%E4%BE%BF%E5%AE%9C#Chinese. Mandarin: piányi,piányí,1nb=standard in Mainland, variant in Taiwan,2nb=standard in Taiwan.",adjective,cheap; inexpensive,,,
wt:便宜:0,便宜,bèng-ngiè,,,,,verb,to let somebody off lightly,,,
wt:便宜:0,便宜,bèng-ngiè,,,,,noun,advantage usually unfairly gained; opportunity,,,
wt:便宜:0,便宜,bèng-ngiè,,,,,adjective,convenient; handy,,,
wt:便宜:0,便宜,bèng-ngiè,,,,,adjective,appropriate and convenient; to be best,,,
wt:保護:0,保護,bō̤-hô,,,,Imported from Wiktionary (CC BY-SA 4.0): https://en.wiktionary.org/wiki/%E4%BF%9D%E8%AD%B7#Chinese. Mandarin: bǎohù.,verb,(transitive) to protect; to safeguard; to conserve; to preserve,保护,,
wt:信息:0,信息,séng-sék,,,,Imported from Wiktionary (CC BY-SA 4.0): https://en.wiktionary.org/wiki/%E4%BF%A1%E6%81%AF#Chinese. Mandarin: xìn息.,noun,information,,,
wt:信息:0,信息,séng-sék,,,,,noun,message information conveyed,,,
wt:信徒:0,信徒,séng-dù,,,,Imported from Wiktionary (CC BY-SA 4.0): https://en.wiktionary.org/wiki/%E4%BF%A1%E5%BE%92#Chinese. Mandarin: xìntú.,noun,believer; follower,,,
wt:信任:0,信任,séng-êng,,,,Imported from Wiktionary (CC BY-SA 4.0): https://en.wiktionary.org/wiki/%E4%BF%A1%E4%BB%BB#Chinese. Mandarin: xìnrèn.,verb,to trust; to have confidence in,,,
wt:保險:0,保險,bō̤-hiēng,,,,Imported from Wiktionary (CC BY-SA 4.0): https://en.wiktionary.org/wiki/%E4%BF%9D%E9%9A%AA#Chinese. Mandarin: bǎoxiǎn.,verb,to assure; to guarantee,保险,,
wt:保險:0,保險,bō̤-hiēng,,,,,verb,to be bound to; to be sure to,保险,,
wt:保險:0,保險,bō̤-hiēng,,,,,verb,to guard a strategic place; to defend a strategic pass,保险,,
wt:保險:0,保險,bō̤-hiēng,,,,,adjective,safe; secure,保险,,
wt:保險:0,保險,bō̤-hiēng,,,,,noun,safety mechanical device on a firearm,保险,,
wt:保險:0,保險,bō̤-hiēng,,,,,noun,"insurance; indemnity equitable transfer of the risk of a loss, from one entity to another in exchange for payment",保险,,
wt:保險:0,保險,bō̤-hiēng,,,,,adverb,certainly,保险,,
wt:保佑:0,保佑,bō̤-iêu,,,,Imported from Wiktionary (CC BY-SA 4.0): https://en.wiktionary.org/wiki/%E4%BF%9D%E4%BD%91#Chinese. Mandarin: bǎoyòu. Other readings: bō̤-ô.,verb,to bless and protect; to be safeguarded,,,
wt:信心:0,信心,séng-sĭng,,,,Imported from Wiktionary (CC BY-SA 4.0): https://en.wiktionary.org/wiki/%E4%BF%A1%E5%BF%83#Chinese. Mandarin: xìnxīn.,noun,confidence,,,
wt:信心:0,信心,séng-sĭng,,,,,noun,conviction; faith,,,
wt:俗語話:0,俗語話,sṳ̆k-ngṳ̄-uâ,,,,Imported from Wiktionary (CC BY-SA 4.0): https://en.wiktionary.org/wiki/%E4%BF%97%E8%AA%9E%E8%A9%B1#Chinese.,noun,common saying; adage,俗语话,,
wt:倘若:0,倘若,tōng-iŏk,,,,Imported from Wiktionary (CC BY-SA 4.0): https://en.wiktionary.org/wiki/%E5%80%98%E8%8B%A5#Chinese. Mandarin: tǎngruò.,,(formal) if; supposing that,,,
wt:值錢:0,值錢,dĭk-cièng,,,,Imported from Wiktionary (CC BY-SA 4.0): https://en.wiktionary.org/wiki/%E5%80%BC%E9%8C%A2#Chinese. Mandarin: zhíqián.,adjective,valuable; costly,值钱,,
wt:值錢:0,值錢,dĭk-cièng,,,,,noun,value; cost,值钱,,
wt:倭寇:0,倭寇,uŏ-káiu,,,,Imported from Wiktionary (CC BY-SA 4.0): https://en.wiktionary.org/wiki/%E5%80%AD%E5%AF%87#Chinese. Mandarin: wōkòu.,noun,(historical) wokou pirates from a mixture of ethnicities who raided the coastlines of China and Korea from the 13th to 16th centuries,,,
wt:倭寇:0,倭寇,uŏ-káiu,,,,,noun,"(ethnic slur) Japanese person, a Jap",,,
wt:借錢:0,借錢,cióh-cièng,,,,Imported from Wiktionary (CC BY-SA 4.0): https://en.wiktionary.org/wiki/%E5%80%9F%E9%8C%A2#Chinese. Mandarin: jièqián.,verb,to lend money,借钱,,
wt:借錢:0,借錢,cióh-cièng,,,,,verb,to borrow money,借钱,,
wt:俸祿:0,俸祿,hóng-lṳ̆k,,,,Imported from Wiktionary (CC BY-SA 4.0): https://en.wiktionary.org/wiki/%E4%BF%B8%E7%A5%BF#Chinese. Mandarin: fènglù.,noun,"(archaic, sarcastic) salary of an official",俸禄,,
wt:倩工:0,倩工,chiáng-gĕ̤ng,,,,Imported from Wiktionary (CC BY-SA 4.0): https://en.wiktionary.org/wiki/%E5%80%A9%E5%B7%A5#Chinese.,verb,to hire labour,,,
wt:倚靠:0,倚靠,āi-kó̤,,,,Imported from Wiktionary (CC BY-SA 4.0): https://en.wiktionary.org/wiki/%E5%80%9A%E9%9D%A0#Chinese. Mandarin: yǐkào.,verb,to lean on or against; to rest on or against,,,
wt:倚靠:0,倚靠,āi-kó̤,,,,,verb,to rely on; to depend on,,,
wt:倚靠:0,倚靠,āi-kó̤,,,,,noun,support; something or someone to rely on,,,
wt:倒手:0,倒手,dō̤-chiū,,,,Imported from Wiktionary (CC BY-SA 4.0): https://en.wiktionary.org/wiki/%E5%80%92%E6%89%8B#Chinese. Mandarin: dǎoshǒu.,verb,to shift from one hand to another,,,
wt:倒手:0,倒手,dō̤-chiū,,,,,verb,(of merchandise) to change hands,,,
wt:倒手:0,倒手,dō̤-chiū,,,,,noun,left hand,,,
wt:倒手拐:0,倒手拐,dō̤-chiū-guāi,,,,Imported from Wiktionary (CC BY-SA 4.0): https://en.wiktionary.org/wiki/%E5%80%92%E6%89%8B%E6%8B%90#Chinese.,noun,left-hander,,,
wt:倒彈:0,倒彈,dó̤-dàng,,,,Imported from Wiktionary (CC BY-SA 4.0): https://en.wiktionary.org/wiki/%E5%80%92%E5%BD%88#Chinese.,verb,to reflect light,倒弹,,
wt:倚傍:0,倚傍,āi-bâung,,,,Imported from Wiktionary (CC BY-SA 4.0): https://en.wiktionary.org/wiki/%E5%80%9A%E5%82%8D#Chinese. Mandarin: yǐbàng.,verb,to rely on; to depend on,,,
wt:倒泅:0,倒泅,dō̤-sièu,,,,Imported from Wiktionary (CC BY-SA 4.0): https://en.wiktionary.org/wiki/%E5%80%92%E6%B3%85#Chinese.,noun,backstroke a swimming stroke swum on one's back,,,
wt:俸金:0,俸金,hóng-gĭng,,,,Imported from Wiktionary (CC BY-SA 4.0): https://en.wiktionary.org/wiki/%E4%BF%B8%E9%87%91#Chinese. Mandarin: fèngjīn.,noun,(archaic) salary of an official,,,
wt:個郎:0,個郎,gó̤-lòng,,,,Imported from Wiktionary (CC BY-SA 4.0): https://en.wiktionary.org/wiki/%E5%80%8B%E9%83%8E#Chinese.,adjective,whole; entire,个郎,,
wt:倒灶:0,倒灶,dō̤-cáu,,,,Imported from Wiktionary (CC BY-SA 4.0): https://en.wiktionary.org/wiki/%E5%80%92%E7%81%B6#Chinese. Mandarin: dǎozào.,verb,to collapse; to fall; to decline (in status or wealth),,,
wt:倒灶:0,倒灶,dō̤-cáu,,,,,adjective,unlucky; out of luck,,,
wt:倒灶:0,倒灶,dō̤-cáu,,,,,noun,(derogatory) spendthrift especially female,,,
wt:偶像:0,偶像,ngēu-chiông,,,,Imported from Wiktionary (CC BY-SA 4.0): https://en.wiktionary.org/wiki/%E5%81%B6%E5%83%8F#Chinese. Mandarin: ǒuxiàng.,noun,idol; statuette,,,
wt:偶像:0,偶像,ngēu-chiông,,,,,noun,(figurative) idol admired person; icon,,,
wt:偶像:0,偶像,ngēu-chiông,,,,,noun,"idol popular performer, singer, etc",,,
wt:假使:0,假使,gā-sṳ̄,,,,Imported from Wiktionary (CC BY-SA 4.0): https://en.wiktionary.org/wiki/%E5%81%87%E4%BD%BF#Chinese. Mandarin: jiǎshǐ.,,if; in case,,,
wt:做事:0,做事,có̤-dâi,,,,"Imported from Wiktionary (CC BY-SA 4.0): https://en.wiktionary.org/wiki/%E5%81%9A%E4%BA%8B#Chinese. Mandarin: zuòshì,er=y.",verb,to do things; to handle matters,,,
wt:做事:0,做事,có̤-dâi,,,,,verb,to work; to have a job; to hold a position,,,
wt:做七:0,做七,có̤-chék,,,,Imported from Wiktionary (CC BY-SA 4.0): https://en.wiktionary.org/wiki/%E5%81%9A%E4%B8%83#Chinese. Mandarin: zuòqī.,verb,"to perform Buddhist or Taoist rituals every seven days after a person's death, till the 49th day",,,
wt:健康:0,健康,giông-kŏng,,,,Imported from Wiktionary (CC BY-SA 4.0): https://en.wiktionary.org/wiki/%E5%81%A5%E5%BA%B7#Chinese. Mandarin: jiànkāng.,adjective,(of a person) healthy free from disease or disorder; good; well,,,
wt:健康:0,健康,giông-kŏng,,,,,adjective,(of a thing) healthy without problems or defects; sound; normal; good; well,,,
wt:健康:0,健康,giông-kŏng,,,,,noun,health; physique; fitness,,,
wt:偏見:0,偏見,piĕng-giéng,,,,Imported from Wiktionary (CC BY-SA 4.0): https://en.wiktionary.org/wiki/%E5%81%8F%E8%A6%8B#Chinese. Mandarin: piānjiàn.,noun,prejudice; bias,偏见,,
wt:側耳:0,側耳,cháik-ngī,,,,Imported from Wiktionary (CC BY-SA 4.0): https://en.wiktionary.org/wiki/%E5%81%B4%E8%80%B3#Chinese. Mandarin: cè'ěr.,noun,oyster mushroom,侧耳,,
wt:側耳:0,側耳,cháik-ngī,,,,,noun,屬 Pleurotus genus a genus of mushrooms,侧耳,,
wt:側耳:0,側耳,cháik-ngī,,,,,verb,to lean in and listen; to listen carefully; to listen attentively,侧耳,,
wt:假如:0,假如,gā-ṳ̀,,,,Imported from Wiktionary (CC BY-SA 4.0): https://en.wiktionary.org/wiki/%E5%81%87%E5%A6%82#Chinese. Mandarin: jiǎrú.,,if; in case; supposing,,,
wt:假若:0,假若,gā-iŏk,,,,Imported from Wiktionary (CC BY-SA 4.0): https://en.wiktionary.org/wiki/%E5%81%87%E8%8B%A5#Chinese. Mandarin: jiǎruò.,,if; supposing,,,
wt:做工:0,做工,có̤-gĕ̤ng,,,,Imported from Wiktionary (CC BY-SA 4.0): https://en.wiktionary.org/wiki/%E5%81%9A%E5%B7%A5#Chinese. Mandarin: zuògōng.,verb,to work with one's hands; to do manual work,,,
wt:做工:0,做工,có̤-gĕ̤ng,,,,,verb,to work; to do work of any kind,,,
wt:偷看:0,偷看,tău-káng,,,,Imported from Wiktionary (CC BY-SA 4.0): https://en.wiktionary.org/wiki/%E5%81%B7%E7%9C%8B#Chinese. Mandarin: tōukàn.,verb,to steal a glance at; to peek,,,
wt:側目:0,側目,cháik-mŭk,,,,Imported from Wiktionary (CC BY-SA 4.0): https://en.wiktionary.org/wiki/%E5%81%B4%E7%9B%AE#Chinese. Mandarin: cèmù.,verb,to cast sidelong glances with fear or indignation,侧目,,
wt:做月利:0,做月利,có̤-nguŏk-lê,,,,Imported from Wiktionary (CC BY-SA 4.0): https://en.wiktionary.org/wiki/%E5%81%9A%E6%9C%88%E5%88%A9#Chinese.,verb,"to go through yuezi, the traditional Chinese form of postpartum recovery that lasts for one month after childbirth, sometimes referred to in English as confinement or lying-in",,,
wt:做旱:0,做旱,có̤-âng,,,,Imported from Wiktionary (CC BY-SA 4.0): https://en.wiktionary.org/wiki/%E5%81%9A%E6%97%B1#Chinese.,verb,to have a drought,,,
wt:做風颱:0,做風颱,có̤-hŭng-tăi,,,,Imported from Wiktionary (CC BY-SA 4.0): https://en.wiktionary.org/wiki/%E5%81%9A%E9%A2%A8%E9%A2%B1#Chinese.,verb,to have a typhoon,做风台,,
wt:做節:0,做節,có̤-cáik,,,,Imported from Wiktionary (CC BY-SA 4.0): https://en.wiktionary.org/wiki/%E5%81%9A%E7%AF%80#Chinese.,verb,to celebrate a holiday; to celebrate a festival,做节,,
wt:做田儂:0,做田儂,có̤-chèng-nè̤ng,,,,Imported from Wiktionary (CC BY-SA 4.0): https://en.wiktionary.org/wiki/%E5%81%9A%E7%94%B0%E5%84%82#Chinese.,noun,farmer; agriculturist,做田侬,,
wt:做愆:0,做愆,có̤-kiĕng,,,,Imported from Wiktionary (CC BY-SA 4.0): https://en.wiktionary.org/wiki/%E5%81%9A%E6%84%86#Chinese. Mandarin: zuòqiān.,verb,"to sin, to do evil",,,
wt:做𧼨:0,做𧼨,có̤-giák,,,,Imported from Wiktionary (CC BY-SA 4.0): https://en.wiktionary.org/wiki/%E5%81%9A%F0%A7%BC%A8#Chinese.,verb,"put on airs, make a fuss, make a scene",,,
wt:做溪水:0,做溪水,có̤-kă̤-cūi,,,,Imported from Wiktionary (CC BY-SA 4.0): https://en.wiktionary.org/wiki/%E5%81%9A%E6%BA%AA%E6%B0%B4#Chinese.,verb,to be flooded; to be inundated,,,
wt:傳統:0,傳統,diòng-tūng,,,,Imported from Wiktionary (CC BY-SA 4.0): https://en.wiktionary.org/wiki/%E5%82%B3%E7%B5%B1#Chinese. Mandarin: chuántǒng.,noun,"(countable, uncountable) tradition (classifier: 個)",传统,,
wt:傳統:0,傳統,diòng-tūng,,,,,adjective,(attributive) traditional part of a tradition; long-established,传统,,
wt:傳統:0,傳統,diòng-tūng,,,,,adjective,traditional adhering to tradition; old-fashioned or conservative,传统,,
wt:傳染:0,傳染,diòng-niēng,,,,Imported from Wiktionary (CC BY-SA 4.0): https://en.wiktionary.org/wiki/%E5%82%B3%E6%9F%93#Chinese. Mandarin: chuánrǎn.,verb,to infect; to carry a contagion; to transmit,传染,,
wt:傳染:0,傳染,diòng-niēng,,,,,verb,"(figurative) to infect with negative ideas, thoughts, etc.; to influence",传染,,
wt:傷風:0,傷風,siŏng-hŭng,,,,Imported from Wiktionary (CC BY-SA 4.0): https://en.wiktionary.org/wiki/%E5%82%B7%E9%A2%A8#Chinese. Mandarin: shāngfēng.,noun,"(TCM, diseases) cold; common cold",伤风,,
wt:傷風:0,傷風,siŏng-hŭng,,,,,verb,(TCM) to catch a cold,伤风,,
wt:傷風:0,傷風,siŏng-hŭng,,,,,verb,to offend public decency; to corrupt society's morals,伤风,,
wt:傳教士:0,傳教士,diòng-gáu-sê̤ṳ,,,,Imported from Wiktionary (CC BY-SA 4.0): https://en.wiktionary.org/wiki/%E5%82%B3%E6%95%99%E5%A3%AB#Chinese. Mandarin: chuánjiàoshì.,noun,missionary; preacher,传教士,,
wt:傳教:0,傳教,diòng-gáu,,,,Imported from Wiktionary (CC BY-SA 4.0): https://en.wiktionary.org/wiki/%E5%82%B3%E6%95%99#Chinese. Mandarin: chuánjiào.,verb,to proselytize; to preach; to do missionary work,传教,,
wt:傳道:0,傳道,diòng-dô,,,,Imported from Wiktionary (CC BY-SA 4.0): https://en.wiktionary.org/wiki/%E5%82%B3%E9%81%93#Chinese. Mandarin: chuándào.,verb,to preach,传道,,
wt:傳道:0,傳道,diòng-dô,,,,,noun,(Protestantism) preacher; pastor,传道,,
wt:傳講:0,傳講,diòng-gōng,,,,Imported from Wiktionary (CC BY-SA 4.0): https://en.wiktionary.org/wiki/%E5%82%B3%E8%AC%9B#Chinese. Mandarin: chuánjiǎng.,verb,to preach,传讲,,
wt:傒勢:0,傒勢,ká̤-sié,,,,Imported from Wiktionary (CC BY-SA 4.0): https://en.wiktionary.org/wiki/%E5%82%92%E5%8B%A2#Chinese.,adverb,why; for what reason,傒势,,
wt:傾茶:0,傾茶,kìng-dà,,,,Imported from Wiktionary (CC BY-SA 4.0): https://en.wiktionary.org/wiki/%E5%82%BE%E8%8C%B6#Chinese.,verb,to pour tea,倾茶,,
wt:傾酒:0,傾酒,kìng-ciēu,,,,Imported from Wiktionary (CC BY-SA 4.0): https://en.wiktionary.org/wiki/%E5%82%BE%E9%85%92#Chinese.,verb,to pour an alcoholic beverage,倾酒,,
wt:儒教:0,儒教,ṳ̀-gáu,,,,Imported from Wiktionary (CC BY-SA 4.0): https://en.wiktionary.org/wiki/%E5%84%92%E6%95%99#Chinese. Mandarin: rújiào.,noun,Confucianism,,,
wt:儒教:0,儒教,ṳ̀-gáu,,,,,noun,Religious Confucianism,,,
wt:價錢:0,價錢,gá-cièng,,,,"Imported from Wiktionary (CC BY-SA 4.0): https://en.wiktionary.org/wiki/%E5%83%B9%E9%8C%A2#Chinese. Mandarin: jiàqián,tl=y.",noun,price amount of money needed to pay for something (classifier: 個),价钱,,
wt:價值:0,價值,gá-dĭk,,,,Imported from Wiktionary (CC BY-SA 4.0): https://en.wiktionary.org/wiki/%E5%83%B9%E5%80%BC#Chinese. Mandarin: jiàzhí.,noun,value,价值,,
wt:價值:0,價值,gá-dĭk,,,,,noun,worth,价值,,
wt:儒家:0,儒家,ṳ̀-gă,,,,Imported from Wiktionary (CC BY-SA 4.0): https://en.wiktionary.org/wiki/%E5%84%92%E5%AE%B6#Chinese. Mandarin: rújiā.,noun,Confucianism; Ruism,,,
wt:儒家:0,儒家,ṳ̀-gă,,,,,noun,scholarly household,,,
wt:儒學:0,儒學,ṳ̀-hŏk,,,,Imported from Wiktionary (CC BY-SA 4.0): https://en.wiktionary.org/wiki/%E5%84%92%E5%AD%B8#Chinese. Mandarin: rúxué.,noun,Confucianism,儒学,,
wt:儀容:0,儀容,ngì-ṳ̀ng,,,,Imported from Wiktionary (CC BY-SA 4.0): https://en.wiktionary.org/wiki/%E5%84%80%E5%AE%B9#Chinese. Mandarin: yíróng.,noun,looks of a person; appearance,仪容,,
wt:儒者:0,儒者,ṳ̀-ciā,,,,Imported from Wiktionary (CC BY-SA 4.0): https://en.wiktionary.org/wiki/%E5%84%92%E8%80%85#Chinese. Mandarin: rúzhě.,noun,Confucian scholar,,,
wt:儒者:0,儒者,ṳ̀-ciā,,,,,noun,(by extension) any scholar or intellectual,,,
wt:儷是:0,儷是,nâ-sê,,,,Imported from Wiktionary (CC BY-SA 4.0): https://en.wiktionary.org/wiki/%E5%84%B7%E6%98%AF#Chinese.,,if,俪是,,
wt:儷是:0,儷是,nâ-sê,,,,,,only by; is only,俪是,,
wt:儂家:0,儂家,nè̤ng-gă,,,,Imported from Wiktionary (CC BY-SA 4.0): https://en.wiktionary.org/wiki/%E5%84%82%E5%AE%B6#Chinese. Mandarin: nóngjiā. Other readings: nàng-gă.,pronoun,I; me,侬家,,
wt:儂家:0,儂家,nè̤ng-gă,,,,,pronoun,"(women's speech, humble) I; me",侬家,,
wt:儂家:0,儂家,nè̤ng-gă,,,,,pronoun,"(women's speech, humble) my humble home; my humble abode",侬家,,
wt:儂家:0,儂家,nè̤ng-gă,,,,,pronoun,we; us,侬家,,
wt:儂家:0,儂家,nè̤ng-gă,,,,,pronoun,you,侬家,,
wt:儂家儂:0,儂家儂,nē̤ng-gă-nè̤ng,,,,Imported from Wiktionary (CC BY-SA 4.0): https://en.wiktionary.org/wiki/%E5%84%82%E5%AE%B6%E5%84%82#Chinese.,pronoun,we,侬家侬,,
wt:儂家各儂:0,儂家各儂,nē̤ng-gă-gáuk,,,,Imported from Wiktionary (CC BY-SA 4.0): https://en.wiktionary.org/wiki/%E5%84%82%E5%AE%B6%E5%90%84%E5%84%82#Chinese. Pronounced gó̤k-nè̤ng.,pronoun,we,侬家各侬,,
wt:儷挃:0,儷挃,nâ-dĭk,,,,Imported from Wiktionary (CC BY-SA 4.0): https://en.wiktionary.org/wiki/%E5%84%B7%E6%8C%83#Chinese.,,as long as; provided; so long as,俪挃,,
wt:兄弟:0,兄弟,hiăng-diê,,,,Imported from Wiktionary (CC BY-SA 4.0): https://en.wiktionary.org/wiki/%E5%85%84%E5%BC%9F#Chinese. Mandarin: xiōngdì.,noun,(literal) brother,,,
wt:兄弟:0,兄弟,hiăng-diê,,,,,noun,(literal) brethren; brothers and sisters; siblings,,,
wt:兄弟:0,兄弟,hiăng-diê,,,,,noun,(figurative) brothers; close friends; good friends,,,
wt:兄弟:0,兄弟,hiăng-diê,,,,,noun,"(neologism, fandom slang, masculine) term to address fellow/peer-netizens on social media platforms",,,
wt:兄弟:0,兄弟,hiăng-diê,,,,,noun,gangster,,,
wt:兄弟:0,兄弟,hiăng-diê,,,,,noun,my brother; bro (A term of address for a close friend of similar age or younger),,,
wt:兄弟:0,兄弟,hiăng-diê,,,,,pronoun,A humble term of self-address used by a man to people of the same generation.,,,
wt:先生:0,先生,sĭng-săng,,,,"Imported from Wiktionary (CC BY-SA 4.0): https://en.wiktionary.org/wiki/%E5%85%88%E7%94%9F#Chinese. Mandarin: xiānshēng,tl=y.",noun,mister; sir; gentleman,,,
wt:先生:0,先生,sĭng-săng,,,,,noun,husband,,,
wt:先生:0,先生,sĭng-săng,,,,,noun,"An honorific for a person of virtue, learning, or ability (usually conferred on males).",,,
wt:先生:0,先生,sĭng-săng,,,,,noun,"(dated) Usually placed after a profession of fortune-telling, storytelling, face reading, feng shui, or something similar.",,,
wt:先生:0,先生,sĭng-săng,,,,,noun,(dated) bookkeeper,,,
wt:先生:0,先生,sĭng-săng,,,,,noun,scholar; intellectual; man of letters,,,
wt:先生:0,先生,sĭng-săng,,,,,noun,Taoist priest,,,
wt:先生:0,先生,sĭng-săng,,,,,noun,"senior family member, especially one's father or elder brother",,,
wt:先生:0,先生,sĭng-săng,,,,,noun,"(literal, Classical) one who was born earlier",,,
wt:元旦:0,元旦,nguòng-dáng,,,,Imported from Wiktionary (CC BY-SA 4.0): https://en.wiktionary.org/wiki/%E5%85%83%E6%97%A6#Chinese. Mandarin: yuándàn.,noun,the first day of a year,,,
wt:元旦:0,元旦,nguòng-dáng,,,,,noun,(specifically) New Year's Day Gregorian calendar,,,
wt:元宵:0,元宵,nguòng-siĕu,,,,Imported from Wiktionary (CC BY-SA 4.0): https://en.wiktionary.org/wiki/%E5%85%83%E5%AE%B5#Chinese. Mandarin: yuánxiāo.,noun,night of the fifteenth day of the first lunar month; Lantern Festival,,,
wt:元宵:0,元宵,nguòng-siĕu,,,,,noun,"sticky rice dumplings (tangyuan), traditionally consumed during the Lantern Festival",,,
wt:光棍:0,光棍,guŏng-góng,,,,"Imported from Wiktionary (CC BY-SA 4.0): https://en.wiktionary.org/wiki/%E5%85%89%E6%A3%8D#Chinese. Mandarin: guānggùn,er=y.",noun,gangster; hoodlum; thug; ruffian,,,
wt:光棍:0,光棍,guŏng-góng,,,,,noun,single man; bachelor,,,
wt:光棍:0,光棍,guŏng-góng,,,,,noun,(dated) conman; swindler; trickster,,,
wt:光棍:0,光棍,guŏng-góng,,,,,noun,(Sichuan) member of Gelaohui,,,
wt:元帥:0,元帥,nguòng-só̤i,,,,Imported from Wiktionary (CC BY-SA 4.0): https://en.wiktionary.org/wiki/%E5%85%83%E5%B8%A5#Chinese. Mandarin: yuánshuài.,noun,marshal; general of the army,元帅,,
wt:元帥:0,元帥,nguòng-só̤i,,,,,noun,(archaic) supreme commander of an army,元帅,,
wt:元宵節:0,元宵節,nguòng-siĕu-cáik,,,,Imported from Wiktionary (CC BY-SA 4.0): https://en.wiktionary.org/wiki/%E5%85%83%E5%AE%B5%E7%AF%80#Chinese. Mandarin: yuánxiāojié.,noun,Lantern Festival,元宵节,,
wt:光臨:0,光臨,guŏng-lìng,,,,Imported from Wiktionary (CC BY-SA 4.0): https://en.wiktionary.org/wiki/%E5%85%89%E8%87%A8#Chinese. Mandarin: guānglín.,verb,"(honorific, polite, of a guest) to come to an event or a place; to patronise",光临,,
wt:光臨:0,光臨,guŏng-lìng,,,,,noun,"(polite) presence of a guest at an event, a place, etc.; patronage",光临,,
wt:兄弟姐妹:0,兄弟姐妹,hiăng-diê ciā-muói,,,,Imported from Wiktionary (CC BY-SA 4.0): https://en.wiktionary.org/wiki/%E5%85%84%E5%BC%9F%E5%A7%90%E5%A6%B9#Chinese. Mandarin: xiōngdì jiěmèi.,noun,"(collective) elder brother, younger brother, elder sister and younger sister; brothers and sisters; siblings",,,
wt:元寶:0,元寶,nguòng-bō̤,,,,Imported from Wiktionary (CC BY-SA 4.0): https://en.wiktionary.org/wiki/%E5%85%83%E5%AF%B6#Chinese. Mandarin: yuánbǎo.,noun,"(historical, numismatics) sycee; yuanbao various gold and silver ingots used as currency in imperial China",元宝,,
wt:元寶:0,元寶,nguòng-bō̤,,,,,noun,imitation sycee burnt as an offering as part of ancestral veneration for Tomb Sweeping Day or during the Ghost Festival,元宝,,
wt:元寶:0,元寶,nguòng-bō̤,,,,,noun,joss paper or other similar items used as a burnt offering in traditional Chinese veneration of the dead.,元宝,,
wt:光陰:0,光陰,guŏng-ĭng,,,,Imported from Wiktionary (CC BY-SA 4.0): https://en.wiktionary.org/wiki/%E5%85%89%E9%99%B0#Chinese. Mandarin: guāngyīn.,noun,(figurative) time the limited time available in a person's life,光阴,,
wt:光陰:0,光陰,guŏng-ĭng,,,,,noun,one's life; days in one's life,光阴,,
wt:光陰:0,光陰,guŏng-ĭng,,,,,noun,(Classical) circumstances; conditions,光阴,,
wt:光餅:0,光餅,guŏng-biāng,,,,Imported from Wiktionary (CC BY-SA 4.0): https://en.wiktionary.org/wiki/%E5%85%89%E9%A4%85#Chinese. Mandarin: guāngbǐng.,noun,kompyang; kompia a bread product popular in Fujian,光饼,,
wt:兄弟哥:0,兄弟哥,hiăng-niê-gŏ̤,,,,Imported from Wiktionary (CC BY-SA 4.0): https://en.wiktionary.org/wiki/%E5%85%84%E5%BC%9F%E5%93%A5#Chinese.,noun,brothers,,,
wt:兄弟哥:0,兄弟哥,hiăng-niê-gŏ̤,,,,,noun,(honorific) term of address for a male person of the same age,,,
wt:兄弟囝:0,兄弟囝,hiăng-diê-giāng,,,,Imported from Wiktionary (CC BY-SA 4.0): https://en.wiktionary.org/wiki/%E5%85%84%E5%BC%9F%E5%9B%9D#Chinese.,noun,(Yongchun) brothers,,,
wt:全部:0,全部,ciòng-buô,,,,Imported from Wiktionary (CC BY-SA 4.0): https://en.wiktionary.org/wiki/%E5%85%A8%E9%83%A8#Chinese. Mandarin: quánbù.,noun,all; everything; whole; entirety,,,
wt:全部:0,全部,ciòng-buô,,,,,adjective,(attributive) entire; whole,,,
wt:全部:0,全部,ciòng-buô,,,,,adverb,all; entirely; completely; fully; totally,,,
wt:內容:0,內容,nô̤i-ṳ̀ng,,,,Imported from Wiktionary (CC BY-SA 4.0): https://en.wiktionary.org/wiki/%E5%85%A7%E5%AE%B9#Chinese. Mandarin: nèiróng.,noun,"(countable, uncountable) content; contents; substance; detail (classifier: 個, 項)",内容,,
wt:內容:0,內容,nô̤i-ṳ̀ng,,,,,noun,(uncountable) content as opposed to form,内容,,
wt:兒囝:0,兒囝,niê-giāng,,,,Imported from Wiktionary (CC BY-SA 4.0): https://en.wiktionary.org/wiki/%E5%85%92%E5%9B%9D#Chinese.,noun,child; kid,儿囝,,
wt:兒囝:0,兒囝,niê-giāng,,,,,noun,sons and daughters; children,儿囝,,
wt:全能:0,全能,ciòng-nèng,,,,Imported from Wiktionary (CC BY-SA 4.0): https://en.wiktionary.org/wiki/%E5%85%A8%E8%83%BD#Chinese. Mandarin: quánnéng.,adjective,almighty; all-powerful; omnipotent,,,
wt:全能:0,全能,ciòng-nèng,,,,,adjective,all-round,,,
wt:全家福:0,全家福,ciòng-gă-hók,,,,Imported from Wiktionary (CC BY-SA 4.0): https://en.wiktionary.org/wiki/%E5%85%A8%E5%AE%B6%E7%A6%8F#Chinese. Mandarin: quánjiāfú.,noun,family portrait; family photograph,,,
wt:全家福:0,全家福,ciòng-gă-hók,,,,,noun,hodgepodge; hotchpotch dish,,,
wt:入味:0,入味,nĭh-ê,,,,"Imported from Wiktionary (CC BY-SA 4.0): https://en.wiktionary.org/wiki/%E5%85%A5%E5%91%B3#Chinese. Mandarin: rùwèi,er=y.",verb,(of seasoning) to be absorbed into the food after prolonged cooking or seasoning; ⟨of food⟩ to be tasty,,,
wt:入味:0,入味,nĭh-ê,,,,,verb,to be interesting; fun,,,
wt:兔囝:0,兔囝,tú-giāng,,,,Imported from Wiktionary (CC BY-SA 4.0): https://en.wiktionary.org/wiki/%E5%85%94%E5%9B%9D#Chinese.,noun,little rabbit; bunny,,,
wt:兒囝囝:0,兒囝囝,niè-giāng-giāng,,,,Imported from Wiktionary (CC BY-SA 4.0): https://en.wiktionary.org/wiki/%E5%85%92%E5%9B%9D%E5%9B%9D#Chinese. Other readings: niāng-giāng.,noun,baby; infant,儿囝囝,,
wt:兒婿:0,兒婿,niè-sái,,,,Imported from Wiktionary (CC BY-SA 4.0): https://en.wiktionary.org/wiki/%E5%85%92%E5%A9%BF#Chinese.,noun,son-in-law,儿婿,,
wt:兔母:0,兔母,tú-mō̤,,,,Imported from Wiktionary (CC BY-SA 4.0): https://en.wiktionary.org/wiki/%E5%85%94%E6%AF%8D#Chinese.,noun,female rabbit,,,
wt:兔公:0,兔公,tú-gē̤ng,,,,Imported from Wiktionary (CC BY-SA 4.0): https://en.wiktionary.org/wiki/%E5%85%94%E5%85%AC#Chinese.,noun,male rabbit,,,
wt:兒囝哥:0,兒囝哥,niê-giāng-gŏ̤,,,,Imported from Wiktionary (CC BY-SA 4.0): https://en.wiktionary.org/wiki/%E5%85%92%E5%9B%9D%E5%93%A5#Chinese. Other readings: niāng-gŏ̤.,noun,child; kid,儿囝哥,,
wt:兒囝哥:0,兒囝哥,niê-giāng-gŏ̤,,,,,noun,sons and daughters; children,儿囝哥,,
wt:兒囝豚:0,兒囝豚,niê-giāng-tòng,,,,Imported from Wiktionary (CC BY-SA 4.0): https://en.wiktionary.org/wiki/%E5%85%92%E5%9B%9D%E8%B1%9A#Chinese.,noun,youngster of around thirteen to fourteen years old,儿囝豚,,
wt:兒囝蒂:0,兒囝蒂,niê-giāng-dé,,,,Imported from Wiktionary (CC BY-SA 4.0): https://en.wiktionary.org/wiki/%E5%85%92%E5%9B%9D%E8%92%82#Chinese.,noun,youngster of around six to seven years old,儿囝蒂,,
wt:兒囝痞:0,兒囝痞,niê-giāng-pī,,,,Imported from Wiktionary (CC BY-SA 4.0): https://en.wiktionary.org/wiki/%E5%85%92%E5%9B%9D%E7%97%9E#Chinese. Other readings: niāng-pī.,noun,toddler of around two to three years old,儿囝痞,,
wt:公司:0,公司,gŭng-sĭ,,,,Imported from Wiktionary (CC BY-SA 4.0): https://en.wiktionary.org/wiki/%E5%85%AC%E5%8F%B8#Chinese. Mandarin: gōngsī.,noun,"(finance, business) company; firm; corporation (classifier: 個, 家, 間)",,,
wt:公司:0,公司,gŭng-sĭ,,,,,noun,"(dated) kongsi; clan hall benevolent organisation of overseas Chinese of the same origin (classifier: 個, 家, 間)",,,
wt:八角:0,八角,báik-gáe̤k,,,,Imported from Wiktionary (CC BY-SA 4.0): https://en.wiktionary.org/wiki/%E5%85%AB%E8%A7%92#Chinese. Mandarin: bājiǎo.,noun,octagon,,,
wt:八角:0,八角,báik-gáe̤k,,,,,noun,star anise (Illicium verum species),,,
wt:八角:0,八角,báik-gáe̤k,,,,,adjective,octagonal,,,
wt:八月:0,八月,báik-nguŏk,,,,Imported from Wiktionary (CC BY-SA 4.0): https://en.wiktionary.org/wiki/%E5%85%AB%E6%9C%88#Chinese. Mandarin: bāyuè.,noun,August,,,
wt:八月:0,八月,báik-nguŏk,,,,,noun,eighth month of the Chinese calendar,,,
wt:公園:0,公園,gŭng-huòng,,,,"Imported from Wiktionary (CC BY-SA 4.0): https://en.wiktionary.org/wiki/%E5%85%AC%E5%9C%92#Chinese. Mandarin: gōngyuán,er=y.",noun,park,公园,,
wt:八仙:0,八仙,báik-siĕng,,,,Imported from Wiktionary (CC BY-SA 4.0): https://en.wiktionary.org/wiki/%E5%85%AB%E4%BB%99#Chinese. Mandarin: bāxiān.,noun,(Chinese mythology) Eight Immortals,,,
wt:八仙:0,八仙,báik-siĕng,,,,,noun,八仙桌,,,
wt:公安:0,公安,gŭng-ăng,,,,Imported from Wiktionary (CC BY-SA 4.0): https://en.wiktionary.org/wiki/%E5%85%AC%E5%AE%89#Chinese. Mandarin: gōng'ān.,noun,"public security, public safety",,,
wt:公安:0,公安,gŭng-ăng,,,,,noun,public security officer,,,
wt:公共:0,公共,gŭng-gê̤ṳng,,,,Imported from Wiktionary (CC BY-SA 4.0): https://en.wiktionary.org/wiki/%E5%85%AC%E5%85%B1#Chinese. Mandarin: gōnggòng.,adjective,(attributive) public; communal,,,
wt:公主:0,公主,gŭng-ciō,,,,"Imported from Wiktionary (CC BY-SA 4.0): https://en.wiktionary.org/wiki/%E5%85%AC%E4%B8%BB#Chinese. Mandarin: gōngzhǔ,tl=y.",noun,daughter of a monarch; princess,,,
wt:公主:0,公主,gŭng-ciō,,,,,noun,"princess young girl or woman considered vain, spoiled or selfish",,,
wt:公主:0,公主,gŭng-ciō,,,,,noun,"(euphemistic, slang) female prostitute",,,
wt:六分儀:0,六分儀,lĕ̤k-hŭng-ngì,,,,Imported from Wiktionary (CC BY-SA 4.0): https://en.wiktionary.org/wiki/%E5%85%AD%E5%88%86%E5%84%80#Chinese. Mandarin: liùfēnyí.,noun,(nautical) sextant,六分仪,,
wt:公務:0,公務,gŭng-ô,,,,Imported from Wiktionary (CC BY-SA 4.0): https://en.wiktionary.org/wiki/%E5%85%AC%E5%8B%99#Chinese. Mandarin: gōngwù.,noun,official business; public duty; official duty,公务,,
wt:公務員:0,公務員,gŭng-ô-uòng,,,,Imported from Wiktionary (CC BY-SA 4.0): https://en.wiktionary.org/wiki/%E5%85%AC%E5%8B%99%E5%93%A1#Chinese. Mandarin: gōngwùyuán.,noun,civil servant; government official; functionary,公务员,,
wt:八卦:0,八卦,báik-guá,,,,Imported from Wiktionary (CC BY-SA 4.0): https://en.wiktionary.org/wiki/%E5%85%AB%E5%8D%A6#Chinese. Mandarin: bāguà.,noun,bagua eight divinatory trigrams of the I Ching,,,
wt:八卦:0,八卦,báik-guá,,,,,noun,(figurative) gossip; tittle-tattle; rumour,,,
wt:八卦:0,八卦,báik-guá,,,,,verb,(figurative) to gossip; to tittle-tattle,,,
wt:八卦:0,八卦,báik-guá,,,,,adjective,(figurative) prone to gossip; gossipy,,,
wt:公交車:0,公交車,gŭng-gău-chiă,,,,Imported from Wiktionary (CC BY-SA 4.0): https://en.wiktionary.org/wiki/%E5%85%AC%E4%BA%A4%E8%BB%8A#Chinese. Mandarin: gōngjiāochē.,noun,(mainland) bus,公交车,,
wt:公交車:0,公交車,gŭng-gău-chiă,,,,,noun,"(slang, derogatory) town bicycle",公交车,,
wt:公交:0,公交,gŭng-gău,,,,Imported from Wiktionary (CC BY-SA 4.0): https://en.wiktionary.org/wiki/%E5%85%AC%E4%BA%A4#Chinese. Mandarin: gōngjiāo.,noun,short for 公共交通,,,
wt:公交:0,公交,gŭng-gău,,,,,noun,short for 公交車,,,
wt:八十:0,八十,báik-sĕk,,,,Imported from Wiktionary (CC BY-SA 4.0): https://en.wiktionary.org/wiki/%E5%85%AB%E5%8D%81#Chinese. Mandarin: bāshí.,numeral,eighty,,,
wt:六十:0,六十,lĕ̤k-sĕk,,,,Imported from Wiktionary (CC BY-SA 4.0): https://en.wiktionary.org/wiki/%E5%85%AD%E5%8D%81#Chinese. Mandarin: liùshí.,numeral,sixty; 60,,,
wt:兩個聲:0,兩個聲,lâng-gá,,,,Imported from Wiktionary (CC BY-SA 4.0): https://en.wiktionary.org/wiki/%E5%85%A9%E5%80%8B%E8%81%B2#Chinese. Mandarin: liǎnggèshēng. Pronounced gā-siăng.,noun,"A non-native Fuzhounese person, or someone who is unable to speak Fuzhou dialect natively/fluently.",两个声,,
wt:八月十五:0,八月十五,báik-nguŏk-sĕk,,,,"Imported from Wiktionary (CC BY-SA 4.0): https://en.wiktionary.org/wiki/%E5%85%AB%E6%9C%88%E5%8D%81%E4%BA%94#Chinese. Mandarin: bāyuè shíwǔ,er=y. Pronounced sĕh-ngô.",noun,Mid-Autumn Festival,,,
wt:八月節:0,八月節,báik-nguŏk-cáik,,,,Imported from Wiktionary (CC BY-SA 4.0): https://en.wiktionary.org/wiki/%E5%85%AB%E6%9C%88%E7%AF%80#Chinese. Mandarin: bāyuèjié.,noun,中秋節 Mid-Autumn Festival,八月节,,
wt:兩儀:0,兩儀,liōng-ngì,,,,Imported from Wiktionary (CC BY-SA 4.0): https://en.wiktionary.org/wiki/%E5%85%A9%E5%84%80#Chinese. Mandarin: liǎngyí.,noun,(Chinese philosophy) heaven and earth,两仪,,
wt:兩儀:0,兩儀,liōng-ngì,,,,,noun,(Chinese philosophy) yin and yang,两仪,,
wt:八點:0,八點,báik-dēng,,,,Imported from Wiktionary (CC BY-SA 4.0): https://en.wiktionary.org/wiki/%E5%85%AB%E9%BB%9E#Chinese. Mandarin: bādiǎn.,noun,eight o'clock,八点,,
wt:兩點:0,兩點,lâng-dēng,,,,Imported from Wiktionary (CC BY-SA 4.0): https://en.wiktionary.org/wiki/%E5%85%A9%E9%BB%9E#Chinese. Mandarin: liǎngdiǎn.,noun,two o'clock,两点,,
wt:兩點:0,兩點,lâng-dēng,,,,,noun,(gambling) deuce; snake eyes,两点,,
wt:八十五:0,八十五,báik-sĕk-ngô,,,,Imported from Wiktionary (CC BY-SA 4.0): https://en.wiktionary.org/wiki/%E5%85%AB%E5%8D%81%E4%BA%94#Chinese. Mandarin: bāshíwǔ.,numeral,eighty-five; 85,,,
wt:八十六:0,八十六,báik-sĕk-lĕ̤k,,,,Imported from Wiktionary (CC BY-SA 4.0): https://en.wiktionary.org/wiki/%E5%85%AB%E5%8D%81%E5%85%AD#Chinese. Mandarin: bāshíliù.,numeral,eighty-six; 86,,,
wt:八角香:0,八角香,báik-gáe̤k-hiŏng,,,,Imported from Wiktionary (CC BY-SA 4.0): https://en.wiktionary.org/wiki/%E5%85%AB%E8%A7%92%E9%A6%99#Chinese.,noun,star anise (Illicium verum species),,,
wt:兩敗俱傷:0,兩敗俱傷,liōng-bài-gê̤ṳ-siŏng,,,,Imported from Wiktionary (CC BY-SA 4.0): https://en.wiktionary.org/wiki/%E5%85%A9%E6%95%97%E4%BF%B1%E5%82%B7#Chinese. Mandarin: liǎngbàijùshāng.,phrase,both sides suffer; everyone loses; neither side wins,两败俱伤,,
wt:兩晡頭:0,兩晡頭,làng-buŏ-tàu,,,,Imported from Wiktionary (CC BY-SA 4.0): https://en.wiktionary.org/wiki/%E5%85%A9%E6%99%A1%E9%A0%AD#Chinese.,noun,evening; night,两晡头,,
wt:六月:0,六月,lĕ̤k-nguŏk,,,,Imported from Wiktionary (CC BY-SA 4.0): https://en.wiktionary.org/wiki/%E5%85%AD%E6%9C%88#Chinese. Mandarin: liùyuè.,noun,June,,,
wt:六月:0,六月,lĕ̤k-nguŏk,,,,,noun,sixth month of the Chinese calendar,,,
wt:共和國:0,共和國,gê̤ṳng-huò-guók,,,,Imported from Wiktionary (CC BY-SA 4.0): https://en.wiktionary.org/wiki/%E5%85%B1%E5%92%8C%E5%9C%8B#Chinese. Mandarin: gònghéguó.,noun,republic (country),共和国,,
wt:共產黨:0,共產黨,gê̤ṳng-sāng-dōng,,,,Imported from Wiktionary (CC BY-SA 4.0): https://en.wiktionary.org/wiki/%E5%85%B1%E7%94%A2%E9%BB%A8#Chinese. Mandarin: gòngchǎndǎng.,noun,communist party,共产党,,
wt:共產主義:0,共產主義,gê̤ṳng-sāng ciō-ngiê,,,,Imported from Wiktionary (CC BY-SA 4.0): https://en.wiktionary.org/wiki/%E5%85%B1%E7%94%A2%E4%B8%BB%E7%BE%A9#Chinese. Mandarin: gòngchǎn zhǔyì.,noun,communism,共产主义,,
wt:公里:0,公里,gŭng-lī,,,,Imported from Wiktionary (CC BY-SA 4.0): https://en.wiktionary.org/wiki/%E5%85%AC%E9%87%8C#Chinese. Mandarin: gōnglǐ.,measure word,kilometre/kilometer SI unit,,,
wt:公里:0,公里,gŭng-lī,,,,,measure word,公里每小時 kilometres per hour,,,
wt:共和:0,共和,gê̤ṳng-huò,,,,Imported from Wiktionary (CC BY-SA 4.0): https://en.wiktionary.org/wiki/%E5%85%B1%E5%92%8C#Chinese. Mandarin: gònghé.,noun,republicanism; republic,,,
wt:公民:0,公民,gŭng-mìng,,,,Imported from Wiktionary (CC BY-SA 4.0): https://en.wiktionary.org/wiki/%E5%85%AC%E6%B0%91#Chinese. Mandarin: gōngmín.,noun,citizen,,,
wt:公民:0,公民,gŭng-mìng,,,,,noun,civics,,,
wt:共產:0,共產,gê̤ṳng-sāng,,,,Imported from Wiktionary (CC BY-SA 4.0): https://en.wiktionary.org/wiki/%E5%85%B1%E7%94%A2#Chinese. Mandarin: gòngchǎn.,adjective,(attributive) communist,共产,,
wt:公開:0,公開,gŭng-kăi,,,,Imported from Wiktionary (CC BY-SA 4.0): https://en.wiktionary.org/wiki/%E5%85%AC%E9%96%8B#Chinese. Mandarin: gōngkāi.,adjective,open; public; publicly available,公开,,
wt:公開:0,公開,gŭng-kăi,,,,,verb,to make public,公开,,
wt:公尺:0,公尺,gŭng-chióh,,,,Imported from Wiktionary (CC BY-SA 4.0): https://en.wiktionary.org/wiki/%E5%85%AC%E5%B0%BA#Chinese. Mandarin: gōngchǐ.,noun,(dated) metre/meter SI unit,,,
wt:共計:0,共計,gê̤ṳng-gié,,,,Imported from Wiktionary (CC BY-SA 4.0): https://en.wiktionary.org/wiki/%E5%85%B1%E8%A8%88#Chinese. Mandarin: gòngjì.,verb,to sum up; to total,共计,,
wt:共享:0,共享,gê̤ṳng-hiōng,,,,Imported from Wiktionary (CC BY-SA 4.0): https://en.wiktionary.org/wiki/%E5%85%B1%E4%BA%AB#Chinese. Mandarin: gòngxiǎng.,verb,to enjoy together; to share,,,
wt:共……講:0,共……講,gâe̤ng gōng,,,,Imported from Wiktionary (CC BY-SA 4.0): https://en.wiktionary.org/wiki/%E5%85%B1%E2%80%A6%E2%80%A6%E8%AC%9B#Chinese.,verb,to tell (someone),共……讲,,
wt:六點:0,六點,lĕ̤k-dēng,,,,Imported from Wiktionary (CC BY-SA 4.0): https://en.wiktionary.org/wiki/%E5%85%AD%E9%BB%9E#Chinese. Mandarin: liùdiǎn.,noun,six o'clock,六点,,
wt:共總:0,共總,gê̤ṳng-cūng,,,,Imported from Wiktionary (CC BY-SA 4.0): https://en.wiktionary.org/wiki/%E5%85%B1%E7%B8%BD#Chinese. Mandarin: gòngzǒng.,adverb,altogether; in total; in all; in sum,共总,,
wt:再見:0,再見,cái-giéng,,,,Imported from Wiktionary (CC BY-SA 4.0): https://en.wiktionary.org/wiki/%E5%86%8D%E8%A6%8B#Chinese. Mandarin: zàijiàn.,particle,(polite) goodbye; see you later,再见,,
wt:再見:0,再見,cái-giéng,,,,,verb,(literally) to see (a person) again; to meet again,再见,,
wt:其他:0,其他,gì-tă,,,,Imported from Wiktionary (CC BY-SA 4.0): https://en.wiktionary.org/wiki/%E5%85%B6%E4%BB%96#Chinese. Mandarin: qítā.,adjective,other; else,,,
wt:其餘:0,其餘,gì-ṳ̀,,,,Imported from Wiktionary (CC BY-SA 4.0): https://en.wiktionary.org/wiki/%E5%85%B6%E9%A4%98#Chinese. Mandarin: qíyú.,noun,the rest; the others; the remaining; the remainder,其余,,
wt:兵丁:0,兵丁,bĭng-dĭng,,,,Imported from Wiktionary (CC BY-SA 4.0): https://en.wiktionary.org/wiki/%E5%85%B5%E4%B8%81#Chinese. Mandarin: bīngdīng.,noun,(dated) soldier,,,
wt:典當:0,典當,diēng-dáung,,,,Imported from Wiktionary (CC BY-SA 4.0): https://en.wiktionary.org/wiki/%E5%85%B8%E7%95%B6#Chinese. Mandarin: diǎndàng.,verb,to mortgage; to pawn,典当,,
wt:典當:0,典當,diēng-dáung,,,,,noun,pawnshop,典当,,
wt:冇粟:0,冇粟,páng-chiók,,,,Imported from Wiktionary (CC BY-SA 4.0): https://en.wiktionary.org/wiki/%E5%86%87%E7%B2%9F#Chinese.,noun,blighted grain; abortive grain; immature grain,,,
wt:最近:0,最近,còi-gê̤ṳng,,,,Imported from Wiktionary (CC BY-SA 4.0): https://en.wiktionary.org/wiki/%E6%9C%80%E8%BF%91#Chinese. Mandarin: zuìjìn.,adverb,recently; lately; of late,,,
wt:最近:0,最近,còi-gê̤ṳng,,,,,adjective,latest; most recent,,,
wt:最近:0,最近,còi-gê̤ṳng,,,,,adjective,nearest; closest,,,
wt:冠詞:0,冠詞,guáng-sṳ̀,,,,Imported from Wiktionary (CC BY-SA 4.0): https://en.wiktionary.org/wiki/%E5%86%A0%E8%A9%9E#Chinese. Mandarin: guàncí.,noun,(part of speech) article such as the words “the” and “a/an”,冠词,,
wt:最少:0,最少,có̤i-ciēu,,,,Imported from Wiktionary (CC BY-SA 4.0): https://en.wiktionary.org/wiki/%E6%9C%80%E5%B0%91#Chinese. Mandarin: zuìshǎo.,adjective,the least; the minimum; lower limit,,,
wt:冤家:0,冤家,uŏng-gă,,,,"Imported from Wiktionary (CC BY-SA 4.0): https://en.wiktionary.org/wiki/%E5%86%A4%E5%AE%B6#Chinese. Mandarin: yuānjiā,tl=y.",noun,enemy; foe; opponent,,,
wt:冤家:0,冤家,uŏng-gă,,,,,noun,(affectionate) sweetheart; destined love,,,
wt:冤家:0,冤家,uŏng-gă,,,,,noun,(in dramas and folk songs) someone whom one cannot help loving dearly in spite of all of his/her faults; (little) devil,,,
wt:冤家:0,冤家,uŏng-gă,,,,,verb,to quarrel; to argue; to bicker,,,
wt:冠狀:0,冠狀,guáng-cáung,,,,"Imported from Wiktionary (CC BY-SA 4.0): https://en.wiktionary.org/wiki/%E5%86%A0%E7%8B%80#Chinese. Mandarin: guānzhuàng,guànzhuàng,2nb=non-standard .",adjective,(attributive) crown-like,冠状,,
wt:冤屈:0,冤屈,uŏng-kók,,,,Imported from Wiktionary (CC BY-SA 4.0): https://en.wiktionary.org/wiki/%E5%86%A4%E5%B1%88#Chinese. Mandarin: yuānqū.,verb,to treat unjustly; to wrong; to receive unjust treatment,,,
wt:冤屈:0,冤屈,uŏng-kók,,,,,adjective,wronged,,,
wt:冤屈:0,冤屈,uŏng-kók,,,,,noun,wrongful treatment; injustice,,,
wt:冥衣:0,冥衣,mìng-ĭ,,,,Imported from Wiktionary (CC BY-SA 4.0): https://en.wiktionary.org/wiki/%E5%86%A5%E8%A1%A3#Chinese. Mandarin: míngyī.,noun,paper clothes given to cadavers for cremation; grave or burial clothes,,,
wt:冠狀病毒:0,冠狀病毒,guáng-cáung bêng-dŭk,,,,"Imported from Wiktionary (CC BY-SA 4.0): https://en.wiktionary.org/wiki/%E5%86%A0%E7%8B%80%E7%97%85%E6%AF%92#Chinese. Mandarin: guānzhuàng bìngdú,guànzhuàng bìngdú,2nb=common misreading.",noun,coronavirus; 屬 ⟨historical⟩ Coronavirus,冠状病毒,,
wt:冠狀病毒:0,冠狀病毒,guáng-cáung bêng-dŭk,,,,,noun,科 ⟨virus⟩ Coronaviridae family,冠状病毒,,
wt:冰雹:0,冰雹,bĭng-pĕ̤k,,,,Imported from Wiktionary (CC BY-SA 4.0): https://en.wiktionary.org/wiki/%E5%86%B0%E9%9B%B9#Chinese. Mandarin: bīngbáo. Other readings: bĭng-pâu.,noun,(weather) hail,,,
wt:冰淇淋:0,冰淇淋,bĭng-gì-lìng,,,,"Imported from Wiktionary (CC BY-SA 4.0): https://en.wiktionary.org/wiki/%E5%86%B0%E6%B7%87%E6%B7%8B#Chinese. Mandarin: bīngqílín,tl2=y.",noun,ice cream,,,
wt:冰糖:0,冰糖,bĭng-tòng,,,,Imported from Wiktionary (CC BY-SA 4.0): https://en.wiktionary.org/wiki/%E5%86%B0%E7%B3%96#Chinese. Mandarin: bīngtáng.,noun,rock candy; rock sugar,,,
wt:冬瓜:0,冬瓜,dĕ̤ng-guă,,,,"Imported from Wiktionary (CC BY-SA 4.0): https://en.wiktionary.org/wiki/%E5%86%AC%E7%93%9C#Chinese. Mandarin: dōngguā,tl=y.",noun,winter melon; ash gourd; wax gourd; tallow gourd (Benincasa hispida species),,,
wt:冬至:0,冬至,dĕ̤ng-cé,,,,Imported from Wiktionary (CC BY-SA 4.0): https://en.wiktionary.org/wiki/%E5%86%AC%E8%87%B3#Chinese. Mandarin: dōngzhì.,noun,"winter solstice (one of the solar terms, around the 22nd of December)",,,
wt:冰箱:0,冰箱,bĭng-siŏng,,,,Imported from Wiktionary (CC BY-SA 4.0): https://en.wiktionary.org/wiki/%E5%86%B0%E7%AE%B1#Chinese. Mandarin: bīngxiāng.,noun,refrigerator,,,
wt:冬筍:0,冬筍,dĕ̤ng-sūng,,,,Imported from Wiktionary (CC BY-SA 4.0): https://en.wiktionary.org/wiki/%E5%86%AC%E7%AD%8D#Chinese. Mandarin: dōngsǔn.,noun,winter bamboo shoots,冬笋,,
wt:冰箸:0,冰箸,bĭng-dê̤ṳ,,,,Imported from Wiktionary (CC BY-SA 4.0): https://en.wiktionary.org/wiki/%E5%86%B0%E7%AE%B8#Chinese. Mandarin: bīngzhù.,noun,icicle,,,
wt:冰箸:0,冰箸,bĭng-dê̤ṳ,,,,,noun,ice popsicle; ice lolly,,,
wt:冬節:0,冬節,dĕ̤ng-cáik,,,,Imported from Wiktionary (CC BY-SA 4.0): https://en.wiktionary.org/wiki/%E5%86%AC%E7%AF%80#Chinese. Mandarin: dōngjié.,noun,冬至 winter solstice,冬节,,
wt:冬節:0,冬節,dĕ̤ng-cáik,,,,,noun,winter,冬节,,
wt:凊天:0,凊天,chéng-tiĕng,,,,Imported from Wiktionary (CC BY-SA 4.0): https://en.wiktionary.org/wiki/%E5%87%8A%E5%A4%A9#Chinese.,noun,(Chenghai) winter,,,
wt:凝結:0,凝結,ngĭk-giék,,,,Imported from Wiktionary (CC BY-SA 4.0): https://en.wiktionary.org/wiki/%E5%87%9D%E7%B5%90#Chinese. Mandarin: níngjié.,verb,to coagulate; to condense; to congeal; to curdle,凝结,,
wt:凝結:0,凝結,ngĭk-giék,,,,,verb,(figurative) to solidify; to form,凝结,,
wt:凍水:0,凍水,dáe̤ng-cūi,,,,Imported from Wiktionary (CC BY-SA 4.0): https://en.wiktionary.org/wiki/%E5%87%8D%E6%B0%B4#Chinese.,noun,cold water,冻水,,
wt:凊飯:0,凊飯,chéng-buông,,,,Imported from Wiktionary (CC BY-SA 4.0): https://en.wiktionary.org/wiki/%E5%87%8A%E9%A3%AF#Chinese.,noun,cold cooked rice,凊饭,,
wt:凊汗:0,凊汗,chéng-gâng,,,,Imported from Wiktionary (CC BY-SA 4.0): https://en.wiktionary.org/wiki/%E5%87%8A%E6%B1%97#Chinese.,noun,cold sweat,,,
wt:凊痺:0,凊痺,chéng-bé,,,,Imported from Wiktionary (CC BY-SA 4.0): https://en.wiktionary.org/wiki/%E5%87%8A%E7%97%BA#Chinese.,adjective,having numb extremities due to cold,凊痹,,
wt:出生:0,出生,chók-sĕng,,,,Imported from Wiktionary (CC BY-SA 4.0): https://en.wiktionary.org/wiki/%E5%87%BA%E7%94%9F#Chinese. Mandarin: chūshēng.,verb,to be born,,,
wt:出生:0,出生,chók-sĕng,,,,,verb,"(obsolete) to lay down one's own life, to give up one's own life",,,
wt:出口:0,出口,chók-kāu,,,,"Imported from Wiktionary (CC BY-SA 4.0): https://en.wiktionary.org/wiki/%E5%87%BA%E5%8F%A3#Chinese. Mandarin: chūkǒu,er=y.",noun,"exit including outlets, escapes, vents, highway offramps, etc.",,,
wt:出口:0,出口,chók-kāu,,,,,verb,to export,,,
wt:出口:0,出口,chók-kāu,,,,,verb,to speak; to utter,,,
wt:出口:0,出口,chók-kāu,,,,,verb,(of a ship) to leave a port,,,
wt:出世:0,出世,chók-sié,,,,Imported from Wiktionary (CC BY-SA 4.0): https://en.wiktionary.org/wiki/%E5%87%BA%E4%B8%96#Chinese. Mandarin: chūshì.,verb,to come into the world; to be born,,,
wt:出世:0,出世,chók-sié,,,,,verb,to be introduced to the world; to come out; to be published,,,
wt:出世:0,出世,chók-sié,,,,,verb,(Buddhism) to attain liberation from samsara,,,
wt:出世:0,出世,chók-sié,,,,,verb,to transcend worldliness,,,
wt:出租車:0,出租車,chók-cŭ-chiă,,,,"Imported from Wiktionary (CC BY-SA 4.0): https://en.wiktionary.org/wiki/%E5%87%BA%E7%A7%9F%E8%BB%8A#Chinese. Mandarin: chūzūchē,er=y.",noun,taxi; taxicab,出租车,,
wt:出差:0,出差,chók-chă̤,,,,Imported from Wiktionary (CC BY-SA 4.0): https://en.wiktionary.org/wiki/%E5%87%BA%E5%B7%AE#Chinese. Mandarin: chūchāi.,verb,to go away somewhere for business or other official purposes; to go away on business; to go on a business trip,,,
wt:出汗:0,出汗,chók-gâng,,,,Imported from Wiktionary (CC BY-SA 4.0): https://en.wiktionary.org/wiki/%E5%87%BA%E6%B1%97#Chinese. Mandarin: chūhàn.,verb,(intransitive) to sweat to emit sweat; to perspire,,,
wt:出自:0,出自,chók-cê̤ṳ,,,,Imported from Wiktionary (CC BY-SA 4.0): https://en.wiktionary.org/wiki/%E5%87%BA%E8%87%AA#Chinese. Mandarin: chūzì.,verb,to come from; to originate from; to stem from,,,
wt:出虹:0,出虹,chók-kê̤ṳng,,,,"Imported from Wiktionary (CC BY-SA 4.0): https://en.wiktionary.org/wiki/%E5%87%BA%E8%99%B9#Chinese. Mandarin: chūhóng,chūjiàng,chūgàng,1nb=literary,1nc=standard in Mainland and Taiwan,2nb=colloquial,2nc=standard in Mainland,3n=Beijing dialect.",verb,for a rainbow to appear,,,
wt:出喪:0,出喪,chók-sŏng,,,,Imported from Wiktionary (CC BY-SA 4.0): https://en.wiktionary.org/wiki/%E5%87%BA%E5%96%AA#Chinese. Mandarin: chūsāng.,verb,to hold a funeral procession,出丧,,
wt:刀喙:0,刀喙,dŏ̤-chói,,,,Imported from Wiktionary (CC BY-SA 4.0): https://en.wiktionary.org/wiki/%E5%88%80%E5%96%99#Chinese.,noun,edge of a knife; knife blade,,,
wt:出運:0,出運,chók-ông,,,,Imported from Wiktionary (CC BY-SA 4.0): https://en.wiktionary.org/wiki/%E5%87%BA%E9%81%8B#Chinese.,verb,to escape bad luck and have good luck,出运,,
wt:刀囝:0,刀囝,dŏ̤-giāng,,,,Imported from Wiktionary (CC BY-SA 4.0): https://en.wiktionary.org/wiki/%E5%88%80%E5%9B%9D#Chinese.,noun,(countable) small knife; pocketknife (classifier: 把),,,
wt:刁皮:0,刁皮,diŭ-pì,,,,Imported from Wiktionary (CC BY-SA 4.0): https://en.wiktionary.org/wiki/%E5%88%81%E7%9A%AE#Chinese.,adjective,"(of a child) naughty, badly behaved",,,
wt:刀枕:0,刀枕,dŏ̤-cīng,,,,Imported from Wiktionary (CC BY-SA 4.0): https://en.wiktionary.org/wiki/%E5%88%80%E6%9E%95#Chinese.,noun,back of a knife blade,,,
wt:刀蓮:0,刀蓮,dŏ̤-lièng,,,,Imported from Wiktionary (CC BY-SA 4.0): https://en.wiktionary.org/wiki/%E5%88%80%E8%93%AE#Chinese.,noun,alternative form of 多𬂌,刀莲,,
wt:出麻:0,出麻,chók-muài,,,,Imported from Wiktionary (CC BY-SA 4.0): https://en.wiktionary.org/wiki/%E5%87%BA%E9%BA%BB#Chinese.,verb,(disease) to have measles,,,
wt:出水痘:0,出水痘,chók-cūi-dâu,,,,Imported from Wiktionary (CC BY-SA 4.0): https://en.wiktionary.org/wiki/%E5%87%BA%E6%B0%B4%E7%97%98#Chinese. Mandarin: chūshuǐdòu.,verb,to get chicken pox,,,
wt:出痘:0,出痘,chók-dâu,,,,Imported from Wiktionary (CC BY-SA 4.0): https://en.wiktionary.org/wiki/%E5%87%BA%E7%97%98#Chinese.,verb,to get chicken pox,,,
wt:分析:0,分析,hŭng-sék,,,,"Imported from Wiktionary (CC BY-SA 4.0): https://en.wiktionary.org/wiki/%E5%88%86%E6%9E%90#Chinese. Mandarin: fēnxī,tl=y.",verb,to analyze; to review,,,
wt:分析:0,分析,hŭng-sék,,,,,verb,to parse,,,
wt:分析:0,分析,hŭng-sék,,,,,verb,"(Classical, literally) to separate; to divide",,,
wt:分析:0,分析,hŭng-sék,,,,,noun,analysis; review,,,
wt:分析:0,分析,hŭng-sék,,,,,noun,parsing,,,
wt:分鐘:0,分鐘,hŭng-cṳ̆ng,,,,"Imported from Wiktionary (CC BY-SA 4.0): https://en.wiktionary.org/wiki/%E5%88%86%E9%90%98#Chinese. Mandarin: fēnzhōng,tl=y.",noun,minute,分钟,,
wt:分別:0,分別,hŭng-biék,,,,Imported from Wiktionary (CC BY-SA 4.0): https://en.wiktionary.org/wiki/%E5%88%86%E5%88%A5#Chinese. Mandarin: fēnbié.,verb,to part; to leave each other,分别,,
wt:分別:0,分別,hŭng-biék,,,,,verb,to distinguish; to differentiate,分别,,
wt:分別:0,分別,hŭng-biék,,,,,adverb,separately,分别,,
wt:分別:0,分別,hŭng-biék,,,,,adverb,respectively,分别,,
wt:分別:0,分別,hŭng-biék,,,,,noun,difference,分别,,
wt:分享:0,分享,hŭng-hiōng,,,,Imported from Wiktionary (CC BY-SA 4.0): https://en.wiktionary.org/wiki/%E5%88%86%E4%BA%AB#Chinese. Mandarin: fēnxiǎng.,verb,"to share information, benefits, rights, joy, etc.",,,
wt:分佈:0,分佈,hŭng-buó,,,,Imported from Wiktionary (CC BY-SA 4.0): https://en.wiktionary.org/wiki/%E5%88%86%E4%BD%88#Chinese. Mandarin: fēnbù.,verb,(intransitive) to be distributed; to be dispersed; to be scattered,分布,,
wt:分佈:0,分佈,hŭng-buó,,,,,noun,(statistics) distribution,分布,,
wt:切切:0,切切,chiék-chiék,,,,Imported from Wiktionary (CC BY-SA 4.0): https://en.wiktionary.org/wiki/%E5%88%87%E5%88%87#Chinese. Mandarin: qièqiè.,adjective,urgent; pressing,,,
wt:切切:0,切切,chiék-chiék,,,,,adjective,earnest; sincere,,,
wt:切切:0,切切,chiék-chiék,,,,,adjective,sad,,,
wt:切切:0,切切,chiék-chiék,,,,,adjective,soft; having a small voice,,,
wt:切切:0,切切,chiék-chiék,,,,,adverb,be sure to; must,,,
wt:分開:0,分開,buŏng-kŭi,,,,Imported from Wiktionary (CC BY-SA 4.0): https://en.wiktionary.org/wiki/%E5%88%86%E9%96%8B#Chinese. Mandarin: fēnkāi.,verb,(ergative) to separate; to part,分开,,
wt:𠚺汝奶:0,𠚺汝奶,sá-nṳ̄-nā̤,,,,Imported from Wiktionary (CC BY-SA 4.0): https://en.wiktionary.org/wiki/%F0%A0%9A%BA%E6%B1%9D%E5%A5%B6#Chinese.,particle,"(vulgar, offensive) fuck your mother; fuck you",,,
wt:別人:0,別人,bĕk-nè̤ng,,,,"Imported from Wiktionary (CC BY-SA 4.0): https://en.wiktionary.org/wiki/%E5%88%A5%E4%BA%BA#Chinese. Mandarin: biérén,tl=y.",noun,others; other people,别人,,
wt:別離:0,別離,biĕk-liê,,,,Imported from Wiktionary (CC BY-SA 4.0): https://en.wiktionary.org/wiki/%E5%88%A5%E9%9B%A2#Chinese. Mandarin: biélí.,verb,to part; to separate,别离,,
wt:判決:0,判決,puáng-giók,,,,Imported from Wiktionary (CC BY-SA 4.0): https://en.wiktionary.org/wiki/%E5%88%A4%E6%B1%BA#Chinese. Mandarin: pànjué.,verb,(legal) to make a judgement; to reach a decision in court; to find of a judge,判决,,
wt:判決:0,判決,puáng-giók,,,,,verb,to judge; to decide; to determine; to predicate,判决,,
wt:判決:0,判決,puáng-giók,,,,,verb,to decide; to make a decision,判决,,
wt:判決:0,判決,puáng-giók,,,,,noun,(legal) judgement; court decision,判决,,
wt:利害:0,利害,lê-hâi,,,,Imported from Wiktionary (CC BY-SA 4.0): https://en.wiktionary.org/wiki/%E5%88%A9%E5%AE%B3#Chinese. Mandarin: lìhài.,noun,profits and losses,,,
wt:利害:0,利害,lê-hâi,,,,,adjective,alternative form of 厲害 (fierce; serious; excellent),,,
wt:利便:0,利便,lî-biêng,,,,Imported from Wiktionary (CC BY-SA 4.0): https://en.wiktionary.org/wiki/%E5%88%A9%E4%BE%BF#Chinese. Mandarin: lìbiàn.,adjective,convenient,,,
wt:別針:0,別針,biék-cĕng,,,,"Imported from Wiktionary (CC BY-SA 4.0): https://en.wiktionary.org/wiki/%E5%88%A5%E9%87%9D#Chinese. Mandarin: biézhēn,er=y.",noun,safety pin,别针,,
wt:別針:0,別針,biék-cĕng,,,,,noun,brooch,别针,,
wt:刣雞教猴:0,刣雞教猴,tài-giĕ-gá-gàu,,,,Imported from Wiktionary (CC BY-SA 4.0): https://en.wiktionary.org/wiki/%E5%88%A3%E9%9B%9E%E6%95%99%E7%8C%B4#Chinese.,phrase,to make a public demonstration of punishing a wrongdoer in order to deter innocents who might mimic the example of the wrongdoer,刣鸡教猴,,
wt:初一:0,初一,chĕ̤-ék,,,,Imported from Wiktionary (CC BY-SA 4.0): https://en.wiktionary.org/wiki/%E5%88%9D%E4%B8%80#Chinese. Mandarin: chūyī.,noun,first day of a lunar month,,,
wt:利錢:0,利錢,lé-cièng,,,,"Imported from Wiktionary (CC BY-SA 4.0): https://en.wiktionary.org/wiki/%E5%88%A9%E9%8C%A2#Chinese. Mandarin: lìqián,tl=y.",noun,(finance) interest on an investment,利钱,,
wt:刣頭:0,刣頭,tài-tàu,,,,Imported from Wiktionary (CC BY-SA 4.0): https://en.wiktionary.org/wiki/%E5%88%A3%E9%A0%AD#Chinese.,verb,to behead; to decapitate,刣头,,
wt:別塊:0,別塊,bĕk-dó̤i,,,,Imported from Wiktionary (CC BY-SA 4.0): https://en.wiktionary.org/wiki/%E5%88%A5%E5%A1%8A#Chinese.,noun,somewhere else,别块,,
wt:刣死:0,刣死,tài-sī,,,,Imported from Wiktionary (CC BY-SA 4.0): https://en.wiktionary.org/wiki/%E5%88%A3%E6%AD%BB#Chinese.,verb,(transitive) to kill,,,
wt:刣人:0,刣人,tài-nè̤ng,,,,Imported from Wiktionary (CC BY-SA 4.0): https://en.wiktionary.org/wiki/%E5%88%A3%E4%BA%BA#Chinese.,verb,to kill someone,,,
wt:剃刀:0,剃刀,tié-dŏ̤,,,,"Imported from Wiktionary (CC BY-SA 4.0): https://en.wiktionary.org/wiki/%E5%89%83%E5%88%80#Chinese. Mandarin: tìdāo,er=y.",noun,razor,,,
wt:刺激:0,刺激,ché̤ṳ-gék,,,,"Imported from Wiktionary (CC BY-SA 4.0): https://en.wiktionary.org/wiki/%E5%88%BA%E6%BF%80#Chinese. Mandarin: cìjī,tl=y.",verb,to stimulate; to excite; to spur,,,
wt:刺激:0,刺激,ché̤ṳ-gék,,,,,verb,to provoke; to upset; to irritate,,,
wt:刺激:0,刺激,ché̤ṳ-gék,,,,,adjective,exciting; stimulating; thrilling,,,
wt:刺激:0,刺激,ché̤ṳ-gék,,,,,noun,"(physiology, psychology, economics) stimulus; stimulant",,,
wt:前臂:0,前臂,cièng-bié,,,,Imported from Wiktionary (CC BY-SA 4.0): https://en.wiktionary.org/wiki/%E5%89%8D%E8%87%82#Chinese. Mandarin: qiánbì.,noun,forearm,,,
wt:前世:0,前世,cièng-sié,,,,Imported from Wiktionary (CC BY-SA 4.0): https://en.wiktionary.org/wiki/%E5%89%8D%E4%B8%96#Chinese. Mandarin: qiánshì.,noun,previous era,,,
wt:前世:0,前世,cièng-sié,,,,,noun,previous life; past life; past existence; previous incarnation,,,
wt:前世:0,前世,cièng-sié,,,,,noun,"of a VTuber, another VTuber that was portrayed by the same person; past life",,,
wt:剃頭:0,剃頭,tié-tàu,,,,Imported from Wiktionary (CC BY-SA 4.0): https://en.wiktionary.org/wiki/%E5%89%83%E9%A0%AD#Chinese. Mandarin: tìtóu.,verb,to have one's hair shaved,剃头,,
wt:剃頭:0,剃頭,tié-tàu,,,,,verb,to have one's haircut; to have a haircut,剃头,,
wt:剃頭店:0,剃頭店,tié-tàu-dáing,,,,Imported from Wiktionary (CC BY-SA 4.0): https://en.wiktionary.org/wiki/%E5%89%83%E9%A0%AD%E5%BA%97#Chinese. Mandarin: tìtóudiàn.,noun,hairdresser's; barber shop,剃头店,,
wt:剉樹:0,剉樹,chó̤i-chéu,,,,Imported from Wiktionary (CC BY-SA 4.0): https://en.wiktionary.org/wiki/%E5%89%89%E6%A8%B9#Chinese.,verb,to chop down trees; to chop wood,剉树,,
wt:剃頭師傅:0,剃頭師傅,tié,,,,"Imported from Wiktionary (CC BY-SA 4.0): https://en.wiktionary.org/wiki/%E5%89%83%E9%A0%AD%E5%B8%AB%E5%82%85#Chinese. Mandarin: tìtóu shīfu,tìtóu shīfù,1nb=Mainland,2nb=Taiwan. Pronounced tiē-tàu-să-hô.",noun,barber,剃头师傅,,
wt:刺溪:0,刺溪,chié-kă̤,,,,Imported from Wiktionary (CC BY-SA 4.0): https://en.wiktionary.org/wiki/%E5%88%BA%E6%BA%AA#Chinese.,verb,"to ridicule, make fun of",,,
wt:刺溪:0,刺溪,chié-kă̤,,,,,verb,"to swindle, cheat",,,
wt:前首勢:0,前首勢,sèng-sāu-sié,,,,Imported from Wiktionary (CC BY-SA 4.0): https://en.wiktionary.org/wiki/%E5%89%8D%E9%A6%96%E5%8B%A2#Chinese.,noun,in front; ahead,前首势,,
wt:前首邊:0,前首邊,sèng-sāu-biĕng,,,,Imported from Wiktionary (CC BY-SA 4.0): https://en.wiktionary.org/wiki/%E5%89%8D%E9%A6%96%E9%82%8A#Chinese. Pronounced bĕng.,noun,in front; ahead,前首边,,
wt:力量:0,力量,lĭk-liông,,,,"Imported from Wiktionary (CC BY-SA 4.0): https://en.wiktionary.org/wiki/%E5%8A%9B%E9%87%8F#Chinese. Mandarin: lìliàng,tl=y.",noun,strength of body or mind,,,
wt:力量:0,力量,lĭk-liông,,,,,noun,power; force; might,,,
wt:力量:0,力量,lĭk-liông,,,,,noun,ability; capability; faculty,,,
wt:力量:0,力量,lĭk-liông,,,,,noun,effect; result; outcome,,,
wt:力量:0,力量,lĭk-liông,,,,,noun,effectiveness; efficacy; potency,,,
wt:力量:0,力量,lĭk-liông,,,,,noun,(tarot) Strength,,,
wt:創造:0,創造,cháung-cô̤,,,,Imported from Wiktionary (CC BY-SA 4.0): https://en.wiktionary.org/wiki/%E5%89%B5%E9%80%A0#Chinese. Mandarin: chuàngzào.,verb,to create,创造,,
wt:創造:0,創造,cháung-cô̤,,,,,noun,creation,创造,,
wt:創建:0,創建,cháung-gióng,,,,Imported from Wiktionary (CC BY-SA 4.0): https://en.wiktionary.org/wiki/%E5%89%B5%E5%BB%BA#Chinese. Mandarin: chuàngjiàn.,verb,to found; to establish; to set up; to create,创建,,
wt:創始:0,創始,cháung-sṳ̄,,,,Imported from Wiktionary (CC BY-SA 4.0): https://en.wiktionary.org/wiki/%E5%89%B5%E5%A7%8B#Chinese. Mandarin: chuàngshǐ.,verb,to initiate; to create; to establish; to set up; to found,创始,,
wt:割禮:0,割禮,gák-lā̤,,,,Imported from Wiktionary (CC BY-SA 4.0): https://en.wiktionary.org/wiki/%E5%89%B2%E7%A6%AE#Chinese. Mandarin: gēlǐ.,noun,circumcision as a ritual,割礼,,
wt:創世:0,創世,cháung-sié,,,,Imported from Wiktionary (CC BY-SA 4.0): https://en.wiktionary.org/wiki/%E5%89%B5%E4%B8%96#Chinese. Mandarin: chuàngshì.,noun,creation of the world,创世,,
wt:創世:0,創世,cháung-sié,,,,,noun,(figurative) initial stage of foundation,创世,,
wt:功夫:0,功夫,gĕ̤ng-hŭ,,,,Imported from Wiktionary (CC BY-SA 4.0): https://en.wiktionary.org/wiki/%E5%8A%9F%E5%A4%AB#Chinese. Mandarin: gōngfu. Other readings: gŭng-hŭ.,noun,"time available, required, or spent doing something",,,
wt:功夫:0,功夫,gĕ̤ng-hŭ,,,,,noun,"effort or labor applied to an undertaking, encompassing the actual work, chores, or manpower required",,,
wt:功夫:0,功夫,gĕ̤ng-hŭ,,,,,noun,"degree of mastery, skill, or internal cultivation acquired through prolonged discipline and practice most notably referring to Chinese martial arts",,,
wt:加油:0,加油,gă-ìu,,,,"Imported from Wiktionary (CC BY-SA 4.0): https://en.wiktionary.org/wiki/%E5%8A%A0%E6%B2%B9#Chinese. Mandarin: jiāyóu,er=y.",verb,(literally) to oil; to lubricate,,,
wt:加油:0,加油,gă-ìu,,,,,verb,(literally) to refuel,,,
wt:加油:0,加油,gă-ìu,,,,,verb,(figuratively) to refuel to accelerate; to hit the gas,,,
wt:加油:0,加油,gă-ìu,,,,,verb,(figuratively) to make extra effort; to work hard,,,
wt:加油:0,加油,gă-ìu,,,,,verb,(figuratively) to cheer someone on,,,
wt:加油:0,加油,gă-ìu,,,,,particle,come on!; go for it!; go!,,,
wt:功德:0,功德,gŭng-dáik,,,,Imported from Wiktionary (CC BY-SA 4.0): https://en.wiktionary.org/wiki/%E5%8A%9F%E5%BE%B7#Chinese. Mandarin: gōngdé.,noun,merits and virtues,,,
wt:功德:0,功德,gŭng-dáik,,,,,noun,(Buddhism) charitable and pious deeds; benefaction; beneficence; works,,,
wt:功能:0,功能,gŭng-nèng,,,,Imported from Wiktionary (CC BY-SA 4.0): https://en.wiktionary.org/wiki/%E5%8A%9F%E8%83%BD#Chinese. Mandarin: gōngnéng.,noun,function; feature; capability; competence,,,
wt:加法:0,加法,gă-huák,,,,Imported from Wiktionary (CC BY-SA 4.0): https://en.wiktionary.org/wiki/%E5%8A%A0%E6%B3%95#Chinese. Mandarin: jiāfǎ.,noun,(arithmetic) addition,,,
wt:勉強:0,勉強,miēng-giōng,,,,"Imported from Wiktionary (CC BY-SA 4.0): https://en.wiktionary.org/wiki/%E5%8B%89%E5%BC%B7#Chinese. Mandarin: miǎnqiǎng,miǎnqiáng,2nb=variant in Mainland.",adjective,forced; inadequate; grudging; reluctant,勉强,,
wt:勉強:0,勉強,miēng-giōng,,,,,adjective,passable; barely acceptable,勉强,,
wt:勉強:0,勉強,miēng-giōng,,,,,adverb,reluctantly; in a forced manner; grudgingly,勉强,,
wt:勉強:0,勉強,miēng-giōng,,,,,verb,to force somebody to do something,勉强,,
wt:勉強:0,勉強,miēng-giōng,,,,,verb,to make do; to do with difficulty,勉强,,
wt:動物:0,動物,dông-ŭk,,,,"Imported from Wiktionary (CC BY-SA 4.0): https://en.wiktionary.org/wiki/%E5%8B%95%E7%89%A9#Chinese. Mandarin: dòngwù,tl=y.",noun,"animal; creature (classifier: 群, 個)",动物,,
wt:動物:0,動物,dông-ŭk,,,,,noun,(literally) moving thing,动物,,
wt:勞動:0,勞動,lò̤-dông,,,,Imported from Wiktionary (CC BY-SA 4.0): https://en.wiktionary.org/wiki/%E5%8B%9E%E5%8B%95#Chinese. Mandarin: láodòng.,noun,physical work; toil,劳动,,
wt:勞動:0,勞動,lò̤-dông,,,,,noun,labor,劳动,,
wt:勞動:0,勞動,lò̤-dông,,,,,verb,to do physical work; to do manual labour; to toil,劳动,,
wt:勞動:0,勞動,lò̤-dông,,,,,verb,to perform labor,劳动,,
wt:勞動:0,勞動,lò̤-dông,,,,,verb,(archaic) to do physical exercise,劳动,,
wt:勞動:0,勞動,lò̤-dông,,,,,verb,"(polite, dated) to bother or trouble someone; to politely request someone to do something",劳动,,
wt:勤儉:0,勤儉,kṳ̀ng-giêng,,,,Imported from Wiktionary (CC BY-SA 4.0): https://en.wiktionary.org/wiki/%E5%8B%A4%E5%84%89#Chinese. Mandarin: qínjiǎn.,adjective,hardworking and thrifty,勤俭,,
wt:勸酒:0,勸酒,kuóng-ciū,,,,Imported from Wiktionary (CC BY-SA 4.0): https://en.wiktionary.org/wiki/%E5%8B%B8%E9%85%92#Chinese. Mandarin: quànjiǔ.,verb,to urge somebody to drink alcoholic beverage (at a banquet etc),劝酒,,
wt:動畫:0,動畫,dông-uâ,,,,Imported from Wiktionary (CC BY-SA 4.0): https://en.wiktionary.org/wiki/%E5%8B%95%E7%95%AB#Chinese. Mandarin: dònghuà.,noun,animation; cartoon,动画,,
wt:勇敢:0,勇敢,ṳ̄ng-gāng,,,,Imported from Wiktionary (CC BY-SA 4.0): https://en.wiktionary.org/wiki/%E5%8B%87%E6%95%A2#Chinese. Mandarin: yǒnggǎn.,adjective,brave; courageous; undaunted,,,
wt:動作:0,動作,dông-cáuk,,,,Imported from Wiktionary (CC BY-SA 4.0): https://en.wiktionary.org/wiki/%E5%8B%95%E4%BD%9C#Chinese. Mandarin: dòngzuò.,noun,(of part of one's body) movement; action; motion; move,动作,,
wt:動作:0,動作,dông-cáuk,,,,,verb,of part of one's body to move,动作,,
wt:動作:0,動作,dông-cáuk,,,,,adjective,film genre action,动作,,
wt:勞工:0,勞工,lò̤-gĕ̤ng,,,,Imported from Wiktionary (CC BY-SA 4.0): https://en.wiktionary.org/wiki/%E5%8B%9E%E5%B7%A5#Chinese. Mandarin: láogōng.,noun,laborer; manual worker,劳工,,
wt:勞工:0,勞工,lò̤-gĕ̤ng,,,,,noun,manual work; menial labor,劳工,,
wt:勞工:0,勞工,lò̤-gĕ̤ng,,,,,noun,(historical) person forced to do hard labor,劳工,,
wt:勸世文:0,勸世文,kuóng-sié-ùng,,,,Imported from Wiktionary (CC BY-SA 4.0): https://en.wiktionary.org/wiki/%E5%8B%B8%E4%B8%96%E6%96%87#Chinese. Mandarin: quànshìwén.,noun,(Buddhism) admonitions for the age; moral essay,劝世文,,
wt:勸世文:0,勸世文,kuóng-sié-ùng,,,,,noun,"(Christianity, obsolete) tract",劝世文,,
wt:化學:0,化學,huá-hŏk,,,,Imported from Wiktionary (CC BY-SA 4.0): https://en.wiktionary.org/wiki/%E5%8C%96%E5%AD%B8#Chinese. Mandarin: huàxué.,noun,chemistry,化学,,
wt:化學:0,化學,huá-hŏk,,,,,noun,celluloid,化学,,
wt:化學:0,化學,huá-hŏk,,,,,adjective,chemical,化学,,
wt:北面:0,北面,báe̤k-miêng,,,,Imported from Wiktionary (CC BY-SA 4.0): https://en.wiktionary.org/wiki/%E5%8C%97%E9%9D%A2#Chinese. Mandarin: běimiàn.,noun,north; north side,,,
wt:北面:0,北面,báe̤k-miêng,,,,,noun,official in feudal court,,,
wt:北面:0,北面,báe̤k-miêng,,,,,verb,to face north (in deference to the emperor or one's superior),,,
wt:北面:0,北面,báe̤k-miêng,,,,,verb,(of an apprentice) to follow a master,,,
wt:化石:0,化石,huá-siŏh,,,,Imported from Wiktionary (CC BY-SA 4.0): https://en.wiktionary.org/wiki/%E5%8C%96%E7%9F%B3#Chinese. Mandarin: huàshí. Other readings: huá-sĭk.,noun,fossil,,,
wt:包菜:0,包菜,bău-chái,,,,Imported from Wiktionary (CC BY-SA 4.0): https://en.wiktionary.org/wiki/%E5%8C%85%E8%8F%9C#Chinese. Mandarin: bāocài.,noun,cabbage,,,
wt:化化:0,化化,huá-huá,,,,Imported from Wiktionary (CC BY-SA 4.0): https://en.wiktionary.org/wiki/%E5%8C%96%E5%8C%96#Chinese.,noun,myna bird,,,
wt:包墘:0,包墘,bău-gièng,,,,Imported from Wiktionary (CC BY-SA 4.0): https://en.wiktionary.org/wiki/%E5%8C%85%E5%A2%98#Chinese.,verb,"to hem, line, create an edge",,,
wt:包果:0,包果,bău-guōi,,,,Imported from Wiktionary (CC BY-SA 4.0): https://en.wiktionary.org/wiki/%E5%8C%85%E6%9E%9C#Chinese.,noun,corn; maize,,,
wt:十月:0,十月,sĕk-nguŏk,,,,Imported from Wiktionary (CC BY-SA 4.0): https://en.wiktionary.org/wiki/%E5%8D%81%E6%9C%88#Chinese. Mandarin: shíyuè.,noun,October,,,
wt:十月:0,十月,sĕk-nguŏk,,,,,noun,The modern name of the tenth month of the Chinese lunar calendar.,,,
wt:十一月:0,十一月,sĕk-ék-nguŏk,,,,Imported from Wiktionary (CC BY-SA 4.0): https://en.wiktionary.org/wiki/%E5%8D%81%E4%B8%80%E6%9C%88#Chinese. Mandarin: shíyīyuè.,noun,November,,,
wt:十一月:0,十一月,sĕk-ék-nguŏk,,,,,noun,the modern name for the eleventh month of the Chinese lunar calendar,,,
wt:十二月:0,十二月,sĕk-nê-nguŏk,,,,Imported from Wiktionary (CC BY-SA 4.0): https://en.wiktionary.org/wiki/%E5%8D%81%E4%BA%8C%E6%9C%88#Chinese. Mandarin: shí'èryuè.,noun,December,,,
wt:十二月:0,十二月,sĕk-nê-nguŏk,,,,,noun,twelfth month of the Chinese calendar,,,
wt:十一:0,十一,sĕk-ék,,,,Imported from Wiktionary (CC BY-SA 4.0): https://en.wiktionary.org/wiki/%E5%8D%81%E4%B8%80#Chinese. Mandarin: shíyī.,numeral,eleven; 11,,,
wt:十一:0,十一,sĕk-ék,,,,,numeral,one tenth,,,
wt:十一:0,十一,sĕk-ék,,,,,noun,National Day of the People's Republic of China (1 October),,,
wt:十二:0,十二,sĕk-nê,,,,Imported from Wiktionary (CC BY-SA 4.0): https://en.wiktionary.org/wiki/%E5%8D%81%E4%BA%8C#Chinese. Mandarin: shí'èr.,numeral,twelve; 12,,,
wt:十三:0,十三,sĕk-săng,,,,Imported from Wiktionary (CC BY-SA 4.0): https://en.wiktionary.org/wiki/%E5%8D%81%E4%B8%89#Chinese. Mandarin: shísān.,numeral,thirteen; 13,,,
wt:區域:0,區域,kṳ̆-ṳ̆k,,,,Imported from Wiktionary (CC BY-SA 4.0): https://en.wiktionary.org/wiki/%E5%8D%80%E5%9F%9F#Chinese. Mandarin: qūyù. Other readings: kṳ̆-mĭk.,noun,zone; region; area; district (classifier: 片),区域,,
wt:區域:0,區域,kṳ̆-ṳ̆k,,,,,noun,(analysis) domain connected open set,区域,,
wt:區域:0,區域,kṳ̆-ṳ̆k,,,,,adjective,(attributive) regional,区域,,
wt:十九:0,十九,sĕk-gāu,,,,Imported from Wiktionary (CC BY-SA 4.0): https://en.wiktionary.org/wiki/%E5%8D%81%E4%B9%9D#Chinese. Mandarin: shíjiǔ.,numeral,nineteen; 19,,,
wt:十九:0,十九,sĕk-gāu,,,,,noun,nine tenth; the majority,,,
wt:十八:0,十八,sĕk-báik,,,,Imported from Wiktionary (CC BY-SA 4.0): https://en.wiktionary.org/wiki/%E5%8D%81%E5%85%AB#Chinese. Mandarin: shíbā.,numeral,eighteen; 18,,,
wt:十字架:0,十字架,sĕk-cê-gá,,,,"Imported from Wiktionary (CC BY-SA 4.0): https://en.wiktionary.org/wiki/%E5%8D%81%E5%AD%97%E6%9E%B6#Chinese. Mandarin: shízìjià,er=y.",noun,cross; crucifix,,,
wt:十字架:0,十字架,sĕk-cê-gá,,,,,noun,(slang) Rohypnol; flunitrazepam,,,
wt:十四:0,十四,sĕk-sé,,,,Imported from Wiktionary (CC BY-SA 4.0): https://en.wiktionary.org/wiki/%E5%8D%81%E5%9B%9B#Chinese. Mandarin: shísì.,numeral,fourteen; 14,,,
wt:十五:0,十五,sĕk-ngô,,,,Imported from Wiktionary (CC BY-SA 4.0): https://en.wiktionary.org/wiki/%E5%8D%81%E4%BA%94#Chinese. Mandarin: shíwǔ.,numeral,fifteen; 15,,,
wt:十六:0,十六,sĕk-lĕ̤k,,,,Imported from Wiktionary (CC BY-SA 4.0): https://en.wiktionary.org/wiki/%E5%8D%81%E5%85%AD#Chinese. Mandarin: shíliù.,numeral,sixteen; 16,,,
wt:十七:0,十七,sĕk-chék,,,,Imported from Wiktionary (CC BY-SA 4.0): https://en.wiktionary.org/wiki/%E5%8D%81%E4%B8%83#Chinese. Mandarin: shíqī.,numeral,seventeen; 17,,,
wt:十一點:0,十一點,sĕk-ék-dēng,,,,Imported from Wiktionary (CC BY-SA 4.0): https://en.wiktionary.org/wiki/%E5%8D%81%E4%B8%80%E9%BB%9E#Chinese. Mandarin: shíyīdiǎn.,noun,eleven o'clock,十一点,,
wt:區區:0,區區,kṳ̆-kṳ̆,,,,Imported from Wiktionary (CC BY-SA 4.0): https://en.wiktionary.org/wiki/%E5%8D%80%E5%8D%80#Chinese. Mandarin: qūqū.,adjective,insignificant; trifling; small; negligible,区区,,
wt:區區:0,區區,kṳ̆-kṳ̆,,,,,adjective,sincere; devoted; genuine; solicitous,区区,,
wt:區區:0,區區,kṳ̆-kṳ̆,,,,,adjective,complacent; self-satisfied; contented,区区,,
wt:區區:0,區區,kṳ̆-kṳ̆,,,,,adjective,ordinary; clumsy; foolish,区区,,
wt:區區:0,區區,kṳ̆-kṳ̆,,,,,adjective,toiling; hard-working,区区,,
wt:區區:0,區區,kṳ̆-kṳ̆,,,,,noun,country,区区,,
wt:區區:0,區區,kṳ̆-kṳ̆,,,,,pronoun,(humble) I; me,区区,,
wt:十二點:0,十二點,sĕk-nê-dēng,,,,Imported from Wiktionary (CC BY-SA 4.0): https://en.wiktionary.org/wiki/%E5%8D%81%E4%BA%8C%E9%BB%9E#Chinese. Mandarin: shí'èrdiǎn.,noun,twelve o'clock,十二点,,
wt:千萬:0,千萬,chiĕng-uâng,,,,Imported from Wiktionary (CC BY-SA 4.0): https://en.wiktionary.org/wiki/%E5%8D%83%E8%90%AC#Chinese. Mandarin: qiānwàn.,adjective,tens of millions of,千万,,
wt:千萬:0,千萬,chiĕng-uâng,,,,,adverb,absolutely; by all means; must; ⟨when used negatively⟩ under no circumstances; don't ever; for goodness' sake please don't,千万,,
wt:十萬:0,十萬,sĕk-uâng,,,,Imported from Wiktionary (CC BY-SA 4.0): https://en.wiktionary.org/wiki/%E5%8D%81%E8%90%AC#Chinese. Mandarin: shíwàn.,noun,hundred thousand,十万,,
wt:半鹹淡:0,半鹹淡,buáng-gèng-dâng,,,,Imported from Wiktionary (CC BY-SA 4.0): https://en.wiktionary.org/wiki/%E5%8D%8A%E9%B9%B9%E6%B7%A1#Chinese.,noun,"""Half Fuzhou dialect and half Mandarin"", i.e. Fuzhou dialect spoken by a non-native, or Standard Mandarin spoken by a native Fuzhounese.",半咸淡,,
wt:半鹹淡:0,半鹹淡,buáng-gèng-dâng,,,,,noun,A person who speaks nonstandard Fuzhou dialect or Mandarin.,半咸淡,,
wt:半暝:0,半暝,buáng-màng,,,,Imported from Wiktionary (CC BY-SA 4.0): https://en.wiktionary.org/wiki/%E5%8D%8A%E6%9A%9D#Chinese.,noun,midnight,,,
wt:半暝:0,半暝,buáng-màng,,,,,noun,late at night; deep of the night; the middle of the night,,,
wt:十點:0,十點,sĕk-dēng,,,,Imported from Wiktionary (CC BY-SA 4.0): https://en.wiktionary.org/wiki/%E5%8D%81%E9%BB%9E#Chinese. Mandarin: shídiǎn.,noun,ten o'clock,十点,,
wt:十絕哥:0,十絕哥,sĕk-ciŏk,,,,Imported from Wiktionary (CC BY-SA 4.0): https://en.wiktionary.org/wiki/%E5%8D%81%E7%B5%95%E5%93%A5#Chinese. Pronounced cióh-*gŏ̤.,noun,miser,十绝哥,,
wt:千里鏡:0,千里鏡,chiĕng-lī-giáng,,,,Imported from Wiktionary (CC BY-SA 4.0): https://en.wiktionary.org/wiki/%E5%8D%83%E9%87%8C%E9%8F%A1#Chinese. Mandarin: qiānlǐjìng.,noun,(dated) telescope,千里镜,,
wt:半仙:0,半仙,buáng-siĕng,,,,Imported from Wiktionary (CC BY-SA 4.0): https://en.wiktionary.org/wiki/%E5%8D%8A%E4%BB%99#Chinese. Mandarin: bànxiān.,noun,"shaman, fortuneteller, or similar practitioner believed or claiming to possess near-supernatural powers, sometimes viewed as a charlatan",,,
wt:半仙:0,半仙,buáng-siĕng,,,,,noun,"(by extension) someone who talks mysteriously or nonsensically, lacking common sense, behaving rashly, or even mentally unstable",,,
wt:半仙:0,半仙,buáng-siĕng,,,,,noun,fortuneteller complimentary term of address,,,
wt:半晡:0,半晡,buáng-buŏ,,,,Imported from Wiktionary (CC BY-SA 4.0): https://en.wiktionary.org/wiki/%E5%8D%8A%E6%99%A1#Chinese.,noun,nightfall; toward evening; dusk,,,
wt:半暝三更:0,半暝三更,buáng-màng-săng-găng,,,,Imported from Wiktionary (CC BY-SA 4.0): https://en.wiktionary.org/wiki/%E5%8D%8A%E6%9A%9D%E4%B8%89%E6%9B%B4#Chinese.,phrase,in the middle of the night; late at night,,,
wt:半生成:0,半生成,buáng-săng chiàng,,,,Imported from Wiktionary (CC BY-SA 4.0): https://en.wiktionary.org/wiki/%E5%8D%8A%E7%94%9F%E6%88%90#Chinese.,adjective,halfway; in the middle of something,,,
wt:半男女:0,半男女,buáng-nàng-nṳ̄,,,,Imported from Wiktionary (CC BY-SA 4.0): https://en.wiktionary.org/wiki/%E5%8D%8A%E7%94%B7%E5%A5%B3#Chinese.,noun,(Xianyou) hermaphrodite; intersex person,,,
wt:半男女:0,半男女,buáng-nàng-nṳ̄,,,,,noun,someone who has characteristics associated with the opposite sex,,,
wt:半男女:0,半男女,buáng-nàng-nṳ̄,,,,,noun,man who has not grown any facial hair,,,
wt:博客:0,博客,bŏk-káh,,,,Imported from Wiktionary (CC BY-SA 4.0): https://en.wiktionary.org/wiki/%E5%8D%9A%E5%AE%A2#Chinese. Mandarin: bókè.,noun,blog,,,
wt:博客:0,博客,bŏk-káh,,,,,noun,blogger,,,
wt:博客:0,博客,bŏk-káh,,,,,noun,social media platform in general,,,
wt:博物館:0,博物館,báuk-ŭk-guāng,,,,"Imported from Wiktionary (CC BY-SA 4.0): https://en.wiktionary.org/wiki/%E5%8D%9A%E7%89%A9%E9%A4%A8#Chinese. Mandarin: bówùguǎn,er=y.",noun,(countable) museum (classifier: 間),博物馆,,
wt:博士:0,博士,báuk-sê̤ṳ,,,,"Imported from Wiktionary (CC BY-SA 4.0): https://en.wiktionary.org/wiki/%E5%8D%9A%E5%A3%AB#Chinese. Mandarin: bóshì,tl=y.",noun,doctorate; Ph.D.,,,
wt:博士:0,博士,báuk-sê̤ṳ,,,,,noun,doctor someone with a Ph.D.,,,
wt:博士:0,博士,báuk-sê̤ṳ,,,,,noun,(history) court academician (in feudal China),,,
wt:博士:0,博士,báuk-sê̤ṳ,,,,,noun,(history) master; person with a particular skill,,,
wt:博士:0,博士,báuk-sê̤ṳ,,,,,noun,(history) learned scholar; polymath,,,
wt:博士:0,博士,báuk-sê̤ṳ,,,,,noun,carpenter; woodworker,,,
wt:協會:0,協會,hiĕk-huôi,,,,Imported from Wiktionary (CC BY-SA 4.0): https://en.wiktionary.org/wiki/%E5%8D%94%E6%9C%83#Chinese. Mandarin: xiéhuì.,noun,association; society; organization especially non-profit,协会,,
wt:南面:0,南面,nàng-miêng,,,,"Imported from Wiktionary (CC BY-SA 4.0): https://en.wiktionary.org/wiki/%E5%8D%97%E9%9D%A2#Chinese. Mandarin: nánmiàn,er=y.",noun,the south side,,,
wt:南面:0,南面,nàng-miêng,,,,,verb,to be the monarch,,,
wt:南面:0,南面,nàng-miêng,,,,,verb,to be a government official,,,
wt:南瓜:0,南瓜,nàng-guă,,,,"Imported from Wiktionary (CC BY-SA 4.0): https://en.wiktionary.org/wiki/%E5%8D%97%E7%93%9C#Chinese. Mandarin: nánguā,tl=y.",noun,pumpkin; winter squash (plant of the genus Cucurbita genus or its fruit),,,
wt:博物:0,博物,báuk-ŭk,,,,Imported from Wiktionary (CC BY-SA 4.0): https://en.wiktionary.org/wiki/%E5%8D%9A%E7%89%A9#Chinese. Mandarin: bówù.,noun,every manifestation of nature; all living things,,,
wt:博物:0,博物,báuk-ŭk,,,,,noun,(dated) natural science; physical science,,,
wt:南無阿彌陀佛:0,南無阿彌陀佛,Nàng-mò̤-ŏ̤-mì-tò̤-hŭk,,,,"Imported from Wiktionary (CC BY-SA 4.0): https://en.wiktionary.org/wiki/%E5%8D%97%E7%84%A1%E9%98%BF%E5%BD%8C%E9%99%80%E4%BD%9B#Chinese. Mandarin: Nāmó Ēmítuófó,Námó Ēmítuófó,Nāmó Āmítuófó,1nb=standard in Mainland,2nb=standard in Taiwan.",phrase,"(Buddhism) Namo Amitābhāya, a common phrase of salutation used by Buddhists",南无阿弥陀佛,,
wt:南國:0,南國,nàng-guók,,,,Imported from Wiktionary (CC BY-SA 4.0): https://en.wiktionary.org/wiki/%E5%8D%97%E5%9C%8B#Chinese. Mandarin: nánguó.,noun,"(historical, obsolete) states along the Yangtze and Han rivers",南国,,
wt:南國:0,南國,nàng-guók,,,,,noun,the southern part of the country; the South (of China); southland,南国,,
wt:南風:0,南風,nàng-hŭng,,,,Imported from Wiktionary (CC BY-SA 4.0): https://en.wiktionary.org/wiki/%E5%8D%97%E9%A2%A8#Chinese. Mandarin: nánfēng.,noun,southerly; south wind a persistent wind from the south,南风,,
wt:南風:0,南風,nàng-hŭng,,,,,noun,music from the South,南风,,
wt:南風:0,南風,nàng-hŭng,,,,,noun,(archaic) male homosexuality,南风,,
wt:南風:0,南風,nàng-hŭng,,,,,noun,(mahjong) South Wind,南风,,
wt:南風:0,南風,nàng-hŭng,,,,,adjective,(of weather) warm,南风,,
wt:南風天:0,南風天,nàng-hŭng-tiĕng,,,,Imported from Wiktionary (CC BY-SA 4.0): https://en.wiktionary.org/wiki/%E5%8D%97%E9%A2%A8%E5%A4%A9#Chinese. Mandarin: nánfēngtiān.,noun,warm and humid weather in the rainy season in Fujian,南风天,,
wt:卵黃:0,卵黃,lâung-uòng,,,,Imported from Wiktionary (CC BY-SA 4.0): https://en.wiktionary.org/wiki/%E5%8D%B5%E9%BB%83#Chinese. Mandarin: luǎnhuáng.,noun,egg yolk,卵黄,,
wt:卵清:0,卵清,lâung-cĭng,,,,Imported from Wiktionary (CC BY-SA 4.0): https://en.wiktionary.org/wiki/%E5%8D%B5%E6%B8%85#Chinese. Mandarin: luǎnqīng.,noun,(archaic) egg white,,,
wt:卵包:0,卵包,lâung-bău,,,,Imported from Wiktionary (CC BY-SA 4.0): https://en.wiktionary.org/wiki/%E5%8D%B5%E5%8C%85#Chinese.,noun,"(Sichuan, vulgar) scrotum",,,
wt:卵包:0,卵包,lâung-bău,,,,,noun,poached egg; fried egg (without breaking yolk),,,
wt:卵糕:0,卵糕,lâung-gŏ̤,,,,Imported from Wiktionary (CC BY-SA 4.0): https://en.wiktionary.org/wiki/%E5%8D%B5%E7%B3%95#Chinese.,noun,cake,,,
wt:原子:0,原子,nguòng-cṳ̄,,,,Imported from Wiktionary (CC BY-SA 4.0): https://en.wiktionary.org/wiki/%E5%8E%9F%E5%AD%90#Chinese. Mandarin: yuánzǐ.,noun,"(countable, physics, chemistry) atom",,,
wt:原因:0,原因,nguòng-ĭng,,,,Imported from Wiktionary (CC BY-SA 4.0): https://en.wiktionary.org/wiki/%E5%8E%9F%E5%9B%A0#Chinese. Mandarin: yuányīn.,noun,(countable) cause; reason for something happening,,,
wt:原來:0,原來,nguòng-lài,,,,Imported from Wiktionary (CC BY-SA 4.0): https://en.wiktionary.org/wiki/%E5%8E%9F%E4%BE%86#Chinese. Mandarin: yuánlái.,noun,the beginning; the past,原来,,
wt:原來:0,原來,nguòng-lài,,,,,adjective,(attributive) original,原来,,
wt:原來:0,原來,nguòng-lài,,,,,adverb,originally,原来,,
wt:原來:0,原來,nguòng-lài,,,,,adverb,as it turns out; in fact; in the end,原来,,
wt:原始:0,原始,nguòng-sṳ̄,,,,Imported from Wiktionary (CC BY-SA 4.0): https://en.wiktionary.org/wiki/%E5%8E%9F%E5%A7%8B#Chinese. Mandarin: yuánshǐ.,adjective,"(attributive, of a source, document, etc.) original; first-hand",,,
wt:原始:0,原始,nguòng-sṳ̄,,,,,adjective,primitive,,,
wt:原始:0,原始,nguòng-sṳ̄,,,,,adjective,(linguistics) proto-,,,
wt:原始:0,原始,nguòng-sṳ̄,,,,,noun,beginning; outset; start,,,
wt:原始閩語:0,原始閩語,nguòng-sṳ̄ mìng-ngṳ̄,,,,Imported from Wiktionary (CC BY-SA 4.0): https://en.wiktionary.org/wiki/%E5%8E%9F%E5%A7%8B%E9%96%A9%E8%AA%9E#Chinese. Mandarin: yuánshǐ 閩yǔ.,noun,Proto-Min,原始闽语,,
wt:厝邊:0,厝邊,chió-biĕng,,,,Imported from Wiktionary (CC BY-SA 4.0): https://en.wiktionary.org/wiki/%E5%8E%9D%E9%82%8A#Chinese. Mandarin: cuòbiān.,noun,neighbour,厝边,,
wt:厝邊:0,厝邊,chió-biĕng,,,,,noun,area around one's house,厝边,,
wt:原配:0,原配,nguòng-puói,,,,Imported from Wiktionary (CC BY-SA 4.0): https://en.wiktionary.org/wiki/%E5%8E%9F%E9%85%8D#Chinese. Mandarin: yuánpèi.,noun,first wife,,,
wt:原配:0,原配,nguòng-puói,,,,,adjective,(attributive) first-marriage,,,
wt:厝脊:0,厝脊,chió-cék,,,,Imported from Wiktionary (CC BY-SA 4.0): https://en.wiktionary.org/wiki/%E5%8E%9D%E8%84%8A#Chinese.,noun,ridge of a roof,,,
wt:厝頂:0,厝頂,chió-dīng,,,,Imported from Wiktionary (CC BY-SA 4.0): https://en.wiktionary.org/wiki/%E5%8E%9D%E9%A0%82#Chinese.,noun,roof; housetop,厝顶,,
wt:厝主:0,厝主,chió-ciō,,,,Imported from Wiktionary (CC BY-SA 4.0): https://en.wiktionary.org/wiki/%E5%8E%9D%E4%B8%BB#Chinese.,noun,owner of rental accommodation; landlord; manager,,,
wt:厝租:0,厝租,chió-cŭ,,,,Imported from Wiktionary (CC BY-SA 4.0): https://en.wiktionary.org/wiki/%E5%8E%9D%E7%A7%9F#Chinese.,noun,rent regular payments made to the owner of a property to secure its use,,,
wt:反對:0,反對,huāng-dó̤i,,,,Imported from Wiktionary (CC BY-SA 4.0): https://en.wiktionary.org/wiki/%E5%8F%8D%E5%B0%8D#Chinese. Mandarin: fǎnduì.,verb,to oppose; to be opposed; to be against; to fight; to combat,反对,,
wt:反應:0,反應,huāng-éng,,,,"Imported from Wiktionary (CC BY-SA 4.0): https://en.wiktionary.org/wiki/%E5%8F%8D%E6%87%89#Chinese. Mandarin: fǎnyìng,tl=y.",verb,to react; to respond,反应,,
wt:反應:0,反應,huāng-éng,,,,,noun,"(chemistry, physics, physiology, medicine) reaction; response",反应,,
wt:參與:0,參與,chăng-ṳ̀,,,,"Imported from Wiktionary (CC BY-SA 4.0): https://en.wiktionary.org/wiki/%E5%8F%83%E8%88%87#Chinese. Mandarin: cānyù,cānyǔ,2nb=nonstandard or dialectal,tl=y.",verb,to take part in; to participate in; to join in,参与,,
wt:及格:0,及格,gĭk-gáik,,,,Imported from Wiktionary (CC BY-SA 4.0): https://en.wiktionary.org/wiki/%E5%8F%8A%E6%A0%BC#Chinese. Mandarin: jígé.,verb,"(intransitive) to meet the minimum standard; to pass (a test, exam, etc.)",,,
wt:參考:0,參考,chăng-kō̤,,,,Imported from Wiktionary (CC BY-SA 4.0): https://en.wiktionary.org/wiki/%E5%8F%83%E8%80%83#Chinese. Mandarin: cānkǎo.,verb,to reference; to consult; to refer to,参考,,
wt:參考:0,參考,chăng-kō̤,,,,,verb,to take an examination,参考,,
wt:參考:0,參考,chăng-kō̤,,,,,verb,refer also to; see,参考,,
wt:反映:0,反映,huāng-ióng,,,,Imported from Wiktionary (CC BY-SA 4.0): https://en.wiktionary.org/wiki/%E5%8F%8D%E6%98%A0#Chinese. Mandarin: fǎnyìng.,verb,(literally) to reflect; to mirror,,,
wt:反映:0,反映,huāng-ióng,,,,,verb,(figuratively) to indicate; to reflect,,,
wt:反映:0,反映,huāng-ióng,,,,,verb,to express an opinion (usually criticism) to a higher echelon; to report,,,
wt:反映:0,反映,huāng-ióng,,,,,noun,reflection; image; indication,,,
wt:受氣:0,受氣,siêu-ké,,,,Imported from Wiktionary (CC BY-SA 4.0): https://en.wiktionary.org/wiki/%E5%8F%97%E6%B0%A3#Chinese. Mandarin: shòuqì.,verb,to be bullied; to be mistreated,受气,,
wt:受氣:0,受氣,siêu-ké,,,,,verb,to be angry; to get upset; to be mad,受气,,
wt:叔公:0,叔公,cé̤ṳk-gŭng,,,,Imported from Wiktionary (CC BY-SA 4.0): https://en.wiktionary.org/wiki/%E5%8F%94%E5%85%AC#Chinese. Mandarin: 叔gōng.,noun,uncle-in-law husband's father's younger brother,,,
wt:叔公:0,叔公,cé̤ṳk-gŭng,,,,,noun,paternal great-uncle paternal grandfather's younger brother,,,
wt:取暖器:0,取暖器,chṳ̄-nuăng-ké,,,,Imported from Wiktionary (CC BY-SA 4.0): https://en.wiktionary.org/wiki/%E5%8F%96%E6%9A%96%E5%99%A8#Chinese. Mandarin: qǔnuǎnqì.,noun,heater,,,
wt:受暑:0,受暑,sêu-sṳ̄,,,,Imported from Wiktionary (CC BY-SA 4.0): https://en.wiktionary.org/wiki/%E5%8F%97%E6%9A%91#Chinese. Mandarin: shòushǔ.,verb,(medicine) to suffer from heatstroke or sunstroke,,,
wt:可以:0,可以,kō̤-ī,,,,"Imported from Wiktionary (CC BY-SA 4.0): https://en.wiktionary.org/wiki/%E5%8F%AF%E4%BB%A5#Chinese. Mandarin: kěyǐ,kèi,2nb=colloquial.",verb,can; may,,,
wt:可以:0,可以,kō̤-ī,,,,,verb,can; to be able to,,,
wt:可以:0,可以,kō̤-ī,,,,,verb,... can be used to... (usually with ellipsed 之); literally: 可 + 以,,,
wt:可以:0,可以,kō̤-ī,,,,,adjective,passable; well; not bad; all right; OK,,,
wt:可以:0,可以,kō̤-ī,,,,,adjective,"(sigh with emotion, neutral or derogatory) to a great extent",,,
wt:可以:0,可以,kō̤-ī,,,,,adjective,(affectionate) capable; remarkable,,,
wt:可以:0,可以,kō̤-ī,,,,,adjective,(sigh with emotion) nice,,,
wt:口罩:0,口罩,kēu-dáu,,,,"Imported from Wiktionary (CC BY-SA 4.0): https://en.wiktionary.org/wiki/%E5%8F%A3%E7%BD%A9#Chinese. Mandarin: kǒuzhào,er=y.",noun,surgical mask; gauze mask worn over nose and mouth (classifier: 個),,,
wt:口角:0,口角,kēu-gáe̤k,,,,"Imported from Wiktionary (CC BY-SA 4.0): https://en.wiktionary.org/wiki/%E5%8F%A3%E8%A7%92#Chinese. Mandarin: kǒujiǎo,er=y.",noun,corner of the mouth,,,
wt:口角:0,口角,kēu-gáe̤k,,,,,noun,art of speaking; communication skills,,,
wt:口角:0,口角,kēu-gáe̤k,,,,,noun,one's favourite expression; stock phrase,,,
wt:口角:0,口角,kēu-gáe̤k,,,,,verb,to start an altercation; to quarrel; to bicker; to wrangle; to argue,,,
wt:口訣:0,口訣,kēu-giók,,,,Imported from Wiktionary (CC BY-SA 4.0): https://en.wiktionary.org/wiki/%E5%8F%A3%E8%A8%A3#Chinese. Mandarin: kǒujué.,noun,(religion) orally transmitted esoteric teachings in Buddhism and Taoism,口诀,,
wt:口訣:0,口訣,kēu-giók,,,,,noun,"mnemonic chant; formula; rhyme for remembering (arithmetic tables, character stroke order, etc.)",口诀,,
wt:口訣:0,口訣,kēu-giók,,,,,noun,(historical) kwukyel one of three early systems for writing Korean phonetically with Chinese characters before the invention of the modern hangul script,口诀,,
wt:史冊:0,史冊,sṳ̄-cháik,,,,Imported from Wiktionary (CC BY-SA 4.0): https://en.wiktionary.org/wiki/%E5%8F%B2%E5%86%8A#Chinese. Mandarin: shǐcè.,noun,(historiography) annals,史册,,
wt:只兩幫:0,只兩幫,cī-lâng-bōng,,,,Imported from Wiktionary (CC BY-SA 4.0): https://en.wiktionary.org/wiki/%E5%8F%AA%E5%85%A9%E5%B9%AB#Chinese.,adverb,recently; lately; of late,只两帮,,
wt:只久:0,只久,cī-gū,,,,Imported from Wiktionary (CC BY-SA 4.0): https://en.wiktionary.org/wiki/%E5%8F%AA%E4%B9%85#Chinese.,adverb,"now, at present",,,
wt:司法:0,司法,sṳ̆-huák,,,,Imported from Wiktionary (CC BY-SA 4.0): https://en.wiktionary.org/wiki/%E5%8F%B8%E6%B3%95#Chinese. Mandarin: sīfǎ.,noun,"(government, legal) administration of justice; judiciary; judicature",,,
wt:司法:0,司法,sṳ̆-huák,,,,,noun,(specifically) forensics,,,
wt:可能:0,可能,kō̤-nèng,,,,Imported from Wiktionary (CC BY-SA 4.0): https://en.wiktionary.org/wiki/%E5%8F%AF%E8%83%BD#Chinese. Mandarin: kěnéng.,adjective,possible; probable; likely,,,
wt:可能:0,可能,kō̤-nèng,,,,,adverb,maybe; perhaps; probably; might; may,,,
wt:可能:0,可能,kō̤-nèng,,,,,noun,possibility; probability; likelihood (classifier: 個),,,
wt:可能:0,可能,kō̤-nèng,,,,,verb,to be competent to; to have the ability to,,,
wt:可能:0,可能,kō̤-nèng,,,,,verb,can be achieved; to be possible,,,
wt:可惜:0,可惜,kō̤-sék,,,,Imported from Wiktionary (CC BY-SA 4.0): https://en.wiktionary.org/wiki/%E5%8F%AF%E6%83%9C#Chinese. Mandarin: kě惜.,adjective,regrettable; too bad; a pity; a shame,,,
wt:可靠:0,可靠,kō̤-kó̤,,,,Imported from Wiktionary (CC BY-SA 4.0): https://en.wiktionary.org/wiki/%E5%8F%AF%E9%9D%A0#Chinese. Mandarin: kěkào.,adjective,dependable; reliable,,,
wt:可憐:0,可憐,kō̤-lèng,,,,Imported from Wiktionary (CC BY-SA 4.0): https://en.wiktionary.org/wiki/%E5%8F%AF%E6%86%90#Chinese. Mandarin: kělián.,verb,to have pity on; to pity,可怜,,
wt:可憐:0,可憐,kō̤-lèng,,,,,adjective,pitiful; pitiable; poor,可怜,,
wt:可憐:0,可憐,kō̤-lèng,,,,,adjective,meager; negligible of a number or amount,可怜,,
wt:可憐:0,可憐,kō̤-lèng,,,,,adjective,lovely,可怜,,
wt:可樂:0,可樂,kō̤-lŏ̤h,,,,"Imported from Wiktionary (CC BY-SA 4.0): https://en.wiktionary.org/wiki/%E5%8F%AF%E6%A8%82#Chinese. Mandarin: kělè,er=y.",noun,"cola, including coke and pepsi kind of soft drink",可乐,,
wt:可樂:0,可樂,kō̤-lŏ̤h,,,,,noun,(slang) cocaine; coke,可乐,,
wt:古董:0,古董,gū-dūng,,,,Imported from Wiktionary (CC BY-SA 4.0): https://en.wiktionary.org/wiki/%E5%8F%A4%E8%91%A3#Chinese. Mandarin: gǔdǒng.,noun,antique; curio,,,
wt:古董:0,古董,gū-dūng,,,,,noun,old fogey,,,
wt:右手:0,右手,êu-chiū,,,,Imported from Wiktionary (CC BY-SA 4.0): https://en.wiktionary.org/wiki/%E5%8F%B3%E6%89%8B#Chinese. Mandarin: yòushǒu.,noun,(anatomy) right hand,,,
wt:右手:0,右手,êu-chiū,,,,,noun,alternative form of 右首 (right-hand side; right side),,,
wt:右手:0,右手,êu-chiū,,,,,noun,"(figurative, obsolete) right-hand man; capable assistant",,,
wt:古怪:0,古怪,gū-guái,,,,Imported from Wiktionary (CC BY-SA 4.0): https://en.wiktionary.org/wiki/%E5%8F%A4%E6%80%AA#Chinese. Mandarin: gǔguài.,adjective,eccentric; odd; strange,,,
wt:古怪:0,古怪,gū-guái,,,,,adjective,comical; funny; amusing; witty,,,
wt:古怪:0,古怪,gū-guái,,,,,adjective,cunning; deceitful,,,
wt:可惡:0,可惡,kō̤ ó,,,,Imported from Wiktionary (CC BY-SA 4.0): https://en.wiktionary.org/wiki/%E5%8F%AF%E6%83%A1#Chinese. Mandarin: kěwù.,adjective,repulsive; vile; abominable,可恶,,
wt:只隻:0,只隻,cī-ciáh,,,,Imported from Wiktionary (CC BY-SA 4.0): https://en.wiktionary.org/wiki/%E5%8F%AA%E9%9A%BB#Chinese. Pronounced ciéh.,pronoun,this; this one,只只,,
wt:古早:0,古早,gū-cā,,,,Imported from Wiktionary (CC BY-SA 4.0): https://en.wiktionary.org/wiki/%E5%8F%A4%E6%97%A9#Chinese. Mandarin: gǔzǎo.,noun,antiquity; ancient times; long ago,,,
wt:只滿:0,只滿,cī-māng,,,,Imported from Wiktionary (CC BY-SA 4.0): https://en.wiktionary.org/wiki/%E5%8F%AA%E6%BB%BF#Chinese.,adverb,so; such modifies adjectives,只满,,
wt:只裡:0,只裡,cī-diē,,,,Imported from Wiktionary (CC BY-SA 4.0): https://en.wiktionary.org/wiki/%E5%8F%AA%E8%A3%A1#Chinese.,pronoun,here,只里,,
wt:只塊:0,只塊,cī-dó̤i,,,,Imported from Wiktionary (CC BY-SA 4.0): https://en.wiktionary.org/wiki/%E5%8F%AA%E5%A1%8A#Chinese.,pronoun,here,只块,,
wt:只幫:0,只幫,cī-bōng,,,,Imported from Wiktionary (CC BY-SA 4.0): https://en.wiktionary.org/wiki/%E5%8F%AA%E5%B9%AB#Chinese.,adverb,recently; lately; of late,只帮,,
wt:只回:0,只回,cī-huòi,,,,Imported from Wiktionary (CC BY-SA 4.0): https://en.wiktionary.org/wiki/%E5%8F%AA%E5%9B%9E#Chinese.,noun,this time,,,
wt:只所:0,只所,cē̤-nē̤,,,,Imported from Wiktionary (CC BY-SA 4.0): https://en.wiktionary.org/wiki/%E5%8F%AA%E6%89%80#Chinese.,pronoun,here,,,
wt:古樹:0,古樹,gū-sê̤ṳ,,,,Imported from Wiktionary (CC BY-SA 4.0): https://en.wiktionary.org/wiki/%E5%8F%A4%E6%A8%B9#Chinese. Mandarin: gǔshù.,noun,old tree,古树,,
wt:名字:0,名字,miàng-cê,,,,"Imported from Wiktionary (CC BY-SA 4.0): https://en.wiktionary.org/wiki/%E5%90%8D%E5%AD%97#Chinese. Mandarin: míngzi,míngzì,1nb=standard in Mainland,1nc=variant in Taiwan,2nb=standard in Taiwan,2nc=variant in Mainland.",noun,name,,,
wt:同學:0,同學,dùng-hŏk,,,,Imported from Wiktionary (CC BY-SA 4.0): https://en.wiktionary.org/wiki/%E5%90%8C%E5%AD%B8#Chinese. Mandarin: tóngxué.,noun,schoolmate; classmate,同学,,
wt:同學:0,同學,dùng-hŏk,,,,,noun,a term of address for a student,同学,,
wt:同學:0,同學,dùng-hŏk,,,,,verb,(intransitive) to study in the same school or class,同学,,
wt:同性戀:0,同性戀,dùng-séng-luông,,,,Imported from Wiktionary (CC BY-SA 4.0): https://en.wiktionary.org/wiki/%E5%90%8C%E6%80%A7%E6%88%80#Chinese. Mandarin: tóngxìngliàn.,noun,(uncountable) homosexuality,同性恋,,
wt:同性戀:0,同性戀,dùng-séng-luông,,,,,noun,(countable) homosexual,同性恋,,
wt:同志:0,同志,dùng-cé,,,,Imported from Wiktionary (CC BY-SA 4.0): https://en.wiktionary.org/wiki/%E5%90%8C%E5%BF%97#Chinese. Mandarin: tóngzhì.,noun,someone sharing similar interests or aspirations; kindred spirit,,,
wt:同志:0,同志,dùng-cé,,,,,noun,fellow member of a political party,,,
wt:同志:0,同志,dùng-cé,,,,,noun,"(communism) comrade (classifier: 個, 位, 名)",,,
wt:同志:0,同志,dùng-cé,,,,,noun,"(neologism) homosexual; gay (classifier: 個, 位, 名)",,,
wt:同志:0,同志,dùng-cé,,,,,noun,"(neologism) person of a non-mainstream sexuality or gender identity; LGBTI person; queer (classifier: 個, 位, 名)",,,
wt:同化:0,同化,dùng-huá,,,,Imported from Wiktionary (CC BY-SA 4.0): https://en.wiktionary.org/wiki/%E5%90%8C%E5%8C%96#Chinese. Mandarin: tónghuà.,verb,(ergative) to make similar,,,
wt:同化:0,同化,dùng-huá,,,,,verb,"(phonology, or generally) to assimilate",,,
wt:吃虧:0,吃虧,kék-kŭi,,,,Imported from Wiktionary (CC BY-SA 4.0): https://en.wiktionary.org/wiki/%E5%90%83%E8%99%A7#Chinese. Mandarin: chīkuī.,verb,to suffer losses,吃亏,,
wt:吃虧:0,吃虧,kék-kŭi,,,,,verb,to be at a disadvantage,吃亏,,
wt:吃虧:0,吃虧,kék-kŭi,,,,,adjective,disadvantageous; unfortunate,吃亏,,
wt:吃虧:0,吃虧,kék-kŭi,,,,,adjective,"ill, sick",吃亏,,
wt:吉凶:0,吉凶,gék-hṳ̆ng,,,,Imported from Wiktionary (CC BY-SA 4.0): https://en.wiktionary.org/wiki/%E5%90%89%E5%87%B6#Chinese. Mandarin: jíxiōng.,noun,good or bad luck,,,
wt:名譽:0,名譽,miàng-ê̤ṳ,,,,Imported from Wiktionary (CC BY-SA 4.0): https://en.wiktionary.org/wiki/%E5%90%8D%E8%AD%BD#Chinese. Mandarin: míngyù.,noun,fame; reputation,名誉,,
wt:名譽:0,名譽,miàng-ê̤ṳ,,,,,adjective,honorable,名誉,,
wt:名譽:0,名譽,miàng-ê̤ṳ,,,,,adjective,"(attributive) honorary (of chairperson, president, etc.); emeritus (of professor)",名誉,,
wt:同事:0,同事,dùng-sê̤ṳ,,,,Imported from Wiktionary (CC BY-SA 4.0): https://en.wiktionary.org/wiki/%E5%90%8C%E4%BA%8B#Chinese. Mandarin: tóngshì.,noun,coworker; colleague,,,
wt:同性:0,同性,dùng-séng,,,,Imported from Wiktionary (CC BY-SA 4.0): https://en.wiktionary.org/wiki/%E5%90%8C%E6%80%A7#Chinese. Mandarin: tóngxìng.,adjective,same-sex,,,
wt:同性:0,同性,dùng-séng,,,,,adjective,having the same nature,,,
wt:向日葵:0,向日葵,hióng-nĭh,,,,"Imported from Wiktionary (CC BY-SA 4.0): https://en.wiktionary.org/wiki/%E5%90%91%E6%97%A5%E8%91%B5#Chinese. Mandarin: xiàngrìkuí,tl2=y. Pronounced nĭ-*gì.",noun,sunflower,,,
wt:同居:0,同居,dùng-gṳ̆,,,,Imported from Wiktionary (CC BY-SA 4.0): https://en.wiktionary.org/wiki/%E5%90%8C%E5%B1%85#Chinese. Mandarin: tóngjū.,verb,to live together; to cohabitate; to cohabit,,,
wt:同居:0,同居,dùng-gṳ̆,,,,,noun,neighbour,,,
wt:名稱:0,名稱,mìng-chĭng,,,,Imported from Wiktionary (CC BY-SA 4.0): https://en.wiktionary.org/wiki/%E5%90%8D%E7%A8%B1#Chinese. Mandarin: míngchēng.,noun,name of a thing or organisation; designation; title; appellation,名称,,
wt:名聲:0,名聲,miàng-siăng,,,,"Imported from Wiktionary (CC BY-SA 4.0): https://en.wiktionary.org/wiki/%E5%90%8D%E8%81%B2#Chinese. Mandarin: míngshēng,tl=y.",noun,reputation; fame; name,名声,,
wt:吊死:0,吊死,dáiu sī,,,,Imported from Wiktionary (CC BY-SA 4.0): https://en.wiktionary.org/wiki/%E5%90%8A%E6%AD%BB#Chinese. Mandarin: diàosǐ.,verb,to hang by the neck; to hang oneself,,,
wt:各儂:0,各儂,gáuk,,,,Imported from Wiktionary (CC BY-SA 4.0): https://en.wiktionary.org/wiki/%E5%90%84%E5%84%82#Chinese. Pronounced gó̤k-nè̤ng.,noun,everyone; all the people,各侬,,
wt:各人:0,各人,gáuk,,,,Imported from Wiktionary (CC BY-SA 4.0): https://en.wiktionary.org/wiki/%E5%90%84%E4%BA%BA#Chinese. Mandarin: gèrén. Pronounced gó̤k-nè̤ng.,noun,each person; everyone,,,
wt:各人:0,各人,gáuk,,,,,pronoun,oneself,,,
wt:同在:0,同在,dùng-câi,,,,Imported from Wiktionary (CC BY-SA 4.0): https://en.wiktionary.org/wiki/%E5%90%8C%E5%9C%A8#Chinese. Mandarin: tóngzài.,verb,to be with,,,
wt:各樣:0,各樣,gáuk-iông,,,,Imported from Wiktionary (CC BY-SA 4.0): https://en.wiktionary.org/wiki/%E5%90%84%E6%A8%A3#Chinese. Mandarin: gèyàng.,adjective,(archaic) different,各样,,
wt:各樣:0,各樣,gáuk-iông,,,,,adjective,strange; unusual; abnormal,各样,,
wt:名利:0,名利,mìng-lé,,,,Imported from Wiktionary (CC BY-SA 4.0): https://en.wiktionary.org/wiki/%E5%90%8D%E5%88%A9#Chinese. Mandarin: mínglì.,noun,fame and fortune,,,
wt:合掌瓜:0,合掌瓜,hăk-ciōng-guă,,,,Imported from Wiktionary (CC BY-SA 4.0): https://en.wiktionary.org/wiki/%E5%90%88%E6%8E%8C%E7%93%9C#Chinese. Mandarin: hézhǎngguā.,noun,chayote,,,
wt:合金:0,合金,hăk-gĭng,,,,Imported from Wiktionary (CC BY-SA 4.0): https://en.wiktionary.org/wiki/%E5%90%88%E9%87%91#Chinese. Mandarin: héjīn.,noun,alloy metal combined of two or more elements,,,
wt:告別:0,告別,gó̤-biĕk,,,,Imported from Wiktionary (CC BY-SA 4.0): https://en.wiktionary.org/wiki/%E5%91%8A%E5%88%A5#Chinese. Mandarin: gàobié.,verb,to bid farewell; to take one's leave from,告别,,
wt:君主:0,君主,gŭng-ciō,,,,Imported from Wiktionary (CC BY-SA 4.0): https://en.wiktionary.org/wiki/%E5%90%9B%E4%B8%BB#Chinese. Mandarin: jūnzhǔ.,noun,monarch; sovereign; king; ruler,,,
wt:咖啡:0,咖啡,gă-pĭ,,,,Imported from Wiktionary (CC BY-SA 4.0): https://en.wiktionary.org/wiki/%E5%92%96%E5%95%A1#Chinese. Mandarin: kāfēi.,noun,coffee (classifier: 杯),,,
wt:和尚:0,和尚,hù-siông,,,,"Imported from Wiktionary (CC BY-SA 4.0): https://en.wiktionary.org/wiki/%E5%92%8C%E5%B0%9A#Chinese. Mandarin: héshang,héshàng,1nb=standard in Mainland,2nb=standard in Taiwan. Other readings: huò-siông.",noun,(Buddhism) preceptor; high priest; head monk,,,
wt:和尚:0,和尚,hù-siông,,,,,noun,(by extension) any Buddhist monk,,,
wt:和平:0,和平,huò-bìng,,,,Imported from Wiktionary (CC BY-SA 4.0): https://en.wiktionary.org/wiki/%E5%92%8C%E5%B9%B3#Chinese. Mandarin: hépíng.,noun,peace state free of war or animosity,,,
wt:和平:0,和平,huò-bìng,,,,,noun,Rosa Peace rose cultivar,,,
wt:和平:0,和平,huò-bìng,,,,,adjective,peaceful; tranquil; calm,,,
wt:和平:0,和平,huò-bìng,,,,,adjective,"(of drug effect, etc.) mild; moderate; gentle",,,
wt:和平:0,和平,huò-bìng,,,,,adjective,harmonious,,,
wt:君子:0,君子,gŭng-cṳ̄,,,,Imported from Wiktionary (CC BY-SA 4.0): https://en.wiktionary.org/wiki/%E5%90%9B%E5%AD%90#Chinese. Mandarin: jūnzǐ.,noun,junzi; man of virtue; high-minded person; noble person; superior person,,,
wt:君子:0,君子,gŭng-cṳ̄,,,,,noun,(classical) functionary; government official; office holder,,,
wt:告訴:0,告訴,gó̤-só,,,,"Imported from Wiktionary (CC BY-SA 4.0): https://en.wiktionary.org/wiki/%E5%91%8A%E8%A8%B4#Chinese. Mandarin: gàosu,gàosù,1nb=standard in Mainland,1nc=variant in Taiwan,2nb=standard in Taiwan.",verb,to tell; to inform,告诉,,
wt:告訴:0,告訴,gó̤-só,,,,,verb,"(formal, legal) to file a lawsuit; to file a complaint especially for those minor offences that require the victim's consent to prosecute",告诉,,
wt:告訴:0,告訴,gó̤-só,,,,,verb,(obsolete) to appeal to; to complain to,告诉,,
wt:呼吸:0,呼吸,hù-ngék,,,,Imported from Wiktionary (CC BY-SA 4.0): https://en.wiktionary.org/wiki/%E5%91%BC%E5%90%B8#Chinese. Mandarin: hūxī.,verb,"to breathe; to exhale and inhale; ⟨sometimes, specifically⟩ to breathe in; to inhale",,,
wt:咖啡店:0,咖啡店,gă-pĭ-dáing,,,,Imported from Wiktionary (CC BY-SA 4.0): https://en.wiktionary.org/wiki/%E5%92%96%E5%95%A1%E5%BA%97#Chinese. Mandarin: kāfēidiàn.,noun,coffee shop; café,,,
wt:吸鐵:0,吸鐵,hiék-tiék,,,,Imported from Wiktionary (CC BY-SA 4.0): https://en.wiktionary.org/wiki/%E5%90%B8%E9%90%B5#Chinese.,noun,magnet,吸铁,,
wt:吸石:0,吸石,hiék-siŏk,,,,Imported from Wiktionary (CC BY-SA 4.0): https://en.wiktionary.org/wiki/%E5%90%B8%E7%9F%B3#Chinese.,noun,magnet,,,
wt:吞忍:0,吞忍,tŏng-nūng,,,,Imported from Wiktionary (CC BY-SA 4.0): https://en.wiktionary.org/wiki/%E5%90%9E%E5%BF%8D#Chinese.,verb,to restrain oneself; to be tolerant; to exercise patience or restraint,,,
wt:呂宋薰:0,呂宋薰,Lṳ̄-sóng-hŏng,,,,Imported from Wiktionary (CC BY-SA 4.0): https://en.wiktionary.org/wiki/%E5%91%82%E5%AE%8B%E8%96%B0#Chinese.,noun,cigar,吕宋薰,,
wt:哀歌:0,哀歌,ăi-gŏ̤,,,,Imported from Wiktionary (CC BY-SA 4.0): https://en.wiktionary.org/wiki/%E5%93%80%E6%AD%8C#Chinese. Mandarin: āigē.,noun,mournful song; elegy,,,
wt:哀歌:0,哀歌,ăi-gŏ̤,,,,,verb,to sing sadly,,,
wt:味道:0,味道,ê-dô̤,,,,"Imported from Wiktionary (CC BY-SA 4.0): https://en.wiktionary.org/wiki/%E5%91%B3%E9%81%93#Chinese. Mandarin: wèidào,tl=y.",noun,flavor; taste,,,
wt:味道:0,味道,ê-dô̤,,,,,noun,smell; odour,,,
wt:味道:0,味道,ê-dô̤,,,,,noun,(figurative) interest,,,
wt:味道:0,味道,ê-dô̤,,,,,noun,(figurative) particular sense or feeling,,,
wt:味道:0,味道,ê-dô̤,,,,,noun,(particle physics) flavor,,,
wt:味道:0,味道,ê-dô̤,,,,,verb,(Classical) to observe the rules; to savour the reasons; to perceive the truth,,,
wt:呼籲:0,呼籲,hù-iŏh,,,,Imported from Wiktionary (CC BY-SA 4.0): https://en.wiktionary.org/wiki/%E5%91%BC%E7%B1%B2#Chinese. Mandarin: hūyù.,verb,to appeal; to call for something to be done,呼吁,,
wt:哄騙:0,哄騙,hūng-piéng,,,,Imported from Wiktionary (CC BY-SA 4.0): https://en.wiktionary.org/wiki/%E5%93%84%E9%A8%99#Chinese. Mandarin: hǒngpiàn.,verb,to dupe; to hoodwink; to take someone for a ride,哄骗,,
wt:和藹:0,和藹,huò-āi,,,,Imported from Wiktionary (CC BY-SA 4.0): https://en.wiktionary.org/wiki/%E5%92%8C%E8%97%B9#Chinese. Mandarin: hé'ǎi.,adjective,kind; nice; amiable,和蔼,,
wt:味素:0,味素,ê-só,,,,Imported from Wiktionary (CC BY-SA 4.0): https://en.wiktionary.org/wiki/%E5%91%B3%E7%B4%A0#Chinese. Mandarin: wèisù.,noun,monosodium glutamate,,,
wt:和藹可親:0,和藹可親,huò-āi-kō̤-chĭng,,,,Imported from Wiktionary (CC BY-SA 4.0): https://en.wiktionary.org/wiki/%E5%92%8C%E8%97%B9%E5%8F%AF%E8%A6%AA#Chinese. Mandarin: hé'ǎikěqīn.,phrase,affable; approachable,和蔼可亲,,
wt:哺乳動物:0,哺乳動物,buô-ṳ̄ dông-ŭk,,,,Imported from Wiktionary (CC BY-SA 4.0): https://en.wiktionary.org/wiki/%E5%93%BA%E4%B9%B3%E5%8B%95%E7%89%A9#Chinese. Mandarin: bǔrǔ dòngwù.,noun,mammal,哺乳动物,,
wt:哮喘:0,哮喘,hău-chuāng,,,,Imported from Wiktionary (CC BY-SA 4.0): https://en.wiktionary.org/wiki/%E5%93%AE%E5%96%98#Chinese. Mandarin: 哮chuǎn.,noun,(diseases) asthma,,,
wt:哮喘:0,哮喘,hău-chuāng,,,,,verb,(medical sign) to wheeze,,,
wt:哺乳:0,哺乳,buô-ṳ̄,,,,Imported from Wiktionary (CC BY-SA 4.0): https://en.wiktionary.org/wiki/%E5%93%BA%E4%B9%B3#Chinese. Mandarin: bǔrǔ.,verb,to breastfeed,,,
wt:商品:0,商品,siŏng-pīng,,,,Imported from Wiktionary (CC BY-SA 4.0): https://en.wiktionary.org/wiki/%E5%95%86%E5%93%81#Chinese. Mandarin: shāngpǐn.,noun,good; commodity,,,
wt:商品:0,商品,siŏng-pīng,,,,,noun,merchandise,,,
wt:問題:0,問題,ông-dà̤,,,,Imported from Wiktionary (CC BY-SA 4.0): https://en.wiktionary.org/wiki/%E5%95%8F%E9%A1%8C#Chinese. Mandarin: wèntí.,noun,question; query (classifier: 個),问题,,
wt:問題:0,問題,ông-dà̤,,,,,noun,problem; issue (classifier: 個),问题,,
wt:問題:0,問題,ông-dà̤,,,,,noun,matter; affair; thing (classifier: 個),问题,,
wt:問題:0,問題,ông-dà̤,,,,,noun,topic; subject (classifier: 個),问题,,
wt:問題:0,問題,ông-dà̤,,,,,noun,accident; mishap; trouble (classifier: 個),问题,,
wt:問題:0,問題,ông-dà̤,,,,,adjective,(attributive) faulty; problematic,问题,,
wt:商店:0,商店,siŏng-dáing,,,,Imported from Wiktionary (CC BY-SA 4.0): https://en.wiktionary.org/wiki/%E5%95%86%E5%BA%97#Chinese. Mandarin: shāngdiàn.,noun,shop; store establishment that sells goods,,,
wt:啤酒:0,啤酒,bì-ciū,,,,Imported from Wiktionary (CC BY-SA 4.0): https://en.wiktionary.org/wiki/%E5%95%A4%E9%85%92#Chinese. Mandarin: píjiǔ.,noun,beer,,,
wt:商量:0,商量,siŏng-liòng,,,,"Imported from Wiktionary (CC BY-SA 4.0): https://en.wiktionary.org/wiki/%E5%95%86%E9%87%8F#Chinese. Mandarin: shāngliang,shāngliáng,1nb=standard in mainland China,2nb=standard in Taiwan.",verb,to consult; to discuss; to talk over,,,
wt:商量:0,商量,siŏng-liòng,,,,,verb,(Classical) to guess; to reckon; to suppose; to estimate; to assess; to figure,,,
wt:商量:0,商量,siŏng-liòng,,,,,verb,(Classical) to prepare; to get ready,,,
wt:商號:0,商號,siŏng-hô̤,,,,Imported from Wiktionary (CC BY-SA 4.0): https://en.wiktionary.org/wiki/%E5%95%86%E8%99%9F#Chinese. Mandarin: shānghào.,noun,shop; store,商号,,
wt:商號:0,商號,siŏng-hô̤,,,,,noun,trade name,商号,,
wt:𫪦咑:0,𫪦咑,dĭ-dă,,,,Imported from Wiktionary (CC BY-SA 4.0): https://en.wiktionary.org/wiki/%F0%AB%AA%A6%E5%92%91#Chinese.,noun,(musical instrument) suona traditional Chinese woodwind instrument,,,
wt:單位:0,單位,dăng-ôi,,,,Imported from Wiktionary (CC BY-SA 4.0): https://en.wiktionary.org/wiki/%E5%96%AE%E4%BD%8D#Chinese. Mandarin: dānwèi.,noun,unit of measure; unit of measurement; unit (classifier: 個),单位,,
wt:單位:0,單位,dăng-ôi,,,,,noun,"unit in an organisation, or other contexts (classifier: 個)",单位,,
wt:單位:0,單位,dăng-ôi,,,,,noun,work unit; danwei (classifier: 個),单位,,
wt:單位:0,單位,dăng-ôi,,,,,noun,(by extension) workplace (classifier: 個),单位,,
wt:喇叭:0,喇叭,lā-pá,,,,"Imported from Wiktionary (CC BY-SA 4.0): https://en.wiktionary.org/wiki/%E5%96%87%E5%8F%AD#Chinese. Mandarin: lǎba,lǎbā,1nb=standard in Mainland and Taiwan,2nb=literary or regional variant.",noun,(musical instrument) horn; trumpet,,,
wt:喇叭:0,喇叭,lā-pá,,,,,noun,(musical instrument) suona,,,
wt:喇叭:0,喇叭,lā-pá,,,,,noun,揚聲器 loudspeaker; speaker; amplifier,,,
wt:喇叭:0,喇叭,lā-pá,,,,,noun,(in automobiles etc.) horn,,,
wt:喇叭:0,喇叭,lā-pá,,,,,noun,(figurative) gossiper; one who disseminates information unrestrainedly,,,
wt:喪事:0,喪事,sŏng-sê̤ṳ,,,,Imported from Wiktionary (CC BY-SA 4.0): https://en.wiktionary.org/wiki/%E5%96%AA%E4%BA%8B#Chinese. Mandarin: sāngshì.,noun,funeral; funeral arrangements,丧事,,
wt:喉嚨:0,喉嚨,hò̤-lè̤ng,,,,"Imported from Wiktionary (CC BY-SA 4.0): https://en.wiktionary.org/wiki/%E5%96%89%E5%9A%A8#Chinese. Mandarin: hóulóng,tl=y. Other readings: hèu-lùng.",noun,throat; larynx and pharynx,喉咙,,
wt:單數:0,單數,dăng-só,,,,"Imported from Wiktionary (CC BY-SA 4.0): https://en.wiktionary.org/wiki/%E5%96%AE%E6%95%B8#Chinese. Mandarin: dānshù,er=y.",noun,(positive) odd number,单数,,
wt:單數:0,單數,dăng-só,,,,,noun,(grammar) singular,单数,,
wt:喪亂:0,喪亂,sŏng-luâng,,,,Imported from Wiktionary (CC BY-SA 4.0): https://en.wiktionary.org/wiki/%E5%96%AA%E4%BA%82#Chinese. Mandarin: sāngluàn.,noun,death and disorder; disturbance and bloodshed,丧乱,,
wt:喙焦:0,喙焦,chói dă,,,,Imported from Wiktionary (CC BY-SA 4.0): https://en.wiktionary.org/wiki/%E5%96%99%E7%84%A6#Chinese.,adjective,thirsty,,,
wt:喙皮:0,喙皮,ché̤ṳ-puòi,,,,Imported from Wiktionary (CC BY-SA 4.0): https://en.wiktionary.org/wiki/%E5%96%99%E7%9A%AE#Chinese. Other readings: chói-puòi.,noun,lip(s),,,
wt:單字:0,單字,dăng-cê,,,,Imported from Wiktionary (CC BY-SA 4.0): https://en.wiktionary.org/wiki/%E5%96%AE%E5%AD%97#Chinese. Mandarin: dānzì.,noun,individual Chinese character in Chinese,单字,,
wt:喙鬚:0,喙鬚,chói-chiŭ,,,,Imported from Wiktionary (CC BY-SA 4.0): https://en.wiktionary.org/wiki/%E5%96%99%E9%AC%9A#Chinese. Other readings: ché̤ṳ-siĕu.,noun,beard,喙须,,
wt:喙舌:0,喙舌,chói-siĕk,,,,Imported from Wiktionary (CC BY-SA 4.0): https://en.wiktionary.org/wiki/%E5%96%99%E8%88%8C#Chinese. Other readings: ché̤ṳ-siĕk.,noun,tongue,,,
wt:喜筵:0,喜筵,hī-iòng,,,,Imported from Wiktionary (CC BY-SA 4.0): https://en.wiktionary.org/wiki/%E5%96%9C%E7%AD%B5#Chinese. Mandarin: xǐyán.,noun,banquet for a happy event typically a wedding feast,,,
wt:喜樂:0,喜樂,hī-lŏk,,,,Imported from Wiktionary (CC BY-SA 4.0): https://en.wiktionary.org/wiki/%E5%96%9C%E6%A8%82#Chinese. Mandarin: xǐlè.,adjective,joyful; cheerful,喜乐,,
wt:啼嘛:0,啼嘛,tiè-mà,,,,Imported from Wiktionary (CC BY-SA 4.0): https://en.wiktionary.org/wiki/%E5%95%BC%E5%98%9B#Chinese.,verb,to cry; to weep,,,
wt:單眼:0,單眼,dăng-ngāng,,,,Imported from Wiktionary (CC BY-SA 4.0): https://en.wiktionary.org/wiki/%E5%96%AE%E7%9C%BC#Chinese. Mandarin: dānyǎn.,adjective,(attributive) one-eyed,单眼,,
wt:單眼:0,單眼,dăng-ngāng,,,,,noun,simple eye,单眼,,
wt:喙舌尾:0,喙舌尾,ché̤ṳ-siĕk-muōi,,,,Imported from Wiktionary (CC BY-SA 4.0): https://en.wiktionary.org/wiki/%E5%96%99%E8%88%8C%E5%B0%BE#Chinese.,noun,tonguetip,,,
wt:喙舌囝:0,喙舌囝,ché̤ṳ-siĕk-giāng,,,,Imported from Wiktionary (CC BY-SA 4.0): https://en.wiktionary.org/wiki/%E5%96%99%E8%88%8C%E5%9B%9D#Chinese.,noun,uvula appendage that hangs from the palate,,,
wt:單目墘:0,單目墘,dăng-mĕ̤k-gièng,,,,Imported from Wiktionary (CC BY-SA 4.0): https://en.wiktionary.org/wiki/%E5%96%AE%E7%9B%AE%E5%A2%98#Chinese.,noun,single eyelid; monolid; upper eyelid without a crease,单目墘,,
wt:單重墘:0,單重墘,dăng-tṳ̀ng-gièng,,,,Imported from Wiktionary (CC BY-SA 4.0): https://en.wiktionary.org/wiki/%E5%96%AE%E9%87%8D%E5%A2%98#Chinese.,noun,single eyelid; monolid; upper eyelid without a crease,单重墘,,
wt:單身哥:0,單身哥,dăng-sĭng-gŏ̤,,,,Imported from Wiktionary (CC BY-SA 4.0): https://en.wiktionary.org/wiki/%E5%96%AE%E8%BA%AB%E5%93%A5#Chinese.,noun,single man; bachelor,单身哥,,
wt:嘻哈:0,嘻哈,hĭ-hă,,,,Imported from Wiktionary (CC BY-SA 4.0): https://en.wiktionary.org/wiki/%E5%98%BB%E5%93%88#Chinese. Mandarin: xīhā.,noun,(music) hip-hop,,,
wt:嘗試:0,嘗試,siòng-sé̤ṳ,,,,Imported from Wiktionary (CC BY-SA 4.0): https://en.wiktionary.org/wiki/%E5%98%97%E8%A9%A6#Chinese. Mandarin: chángshì.,verb,to attempt; to try,尝试,,
wt:噴嚏:0,噴嚏,póng-té,,,,"Imported from Wiktionary (CC BY-SA 4.0): https://en.wiktionary.org/wiki/%E5%99%B4%E5%9A%8F#Chinese. Mandarin: pēntì,tl=y.",noun,sneeze,喷嚏,,
wt:嘴皮:0,嘴皮,ché̤ṳ-puòi,,,,Imported from Wiktionary (CC BY-SA 4.0): https://en.wiktionary.org/wiki/%E5%98%B4%E7%9A%AE#Chinese. Mandarin: zuǐpí.,noun,lip(s),,,
wt:嘴皮:0,嘴皮,ché̤ṳ-puòi,,,,,noun,abbreviation of 嘴皮子,,,
wt:噗噗車:0,噗噗車,pŭk-pŭk-chiă,,,,Imported from Wiktionary (CC BY-SA 4.0): https://en.wiktionary.org/wiki/%E5%99%97%E5%99%97%E8%BB%8A#Chinese.,noun,motorcycle,噗噗车,,
wt:嗄嗄聲:0,嗄嗄聲,hák-hák-siăng,,,,Imported from Wiktionary (CC BY-SA 4.0): https://en.wiktionary.org/wiki/%E5%97%84%E5%97%84%E8%81%B2#Chinese.,adjective,having a hoarse voice,嗄嗄声,,
wt:嘴臭:0,嘴臭,chói cháu,,,,Imported from Wiktionary (CC BY-SA 4.0): https://en.wiktionary.org/wiki/%E5%98%B4%E8%87%AD#Chinese. Mandarin: zuǐchòu.,adjective,rude-mouthed; offensively or insultingly speaking,,,
wt:嘴臭:0,嘴臭,chói cháu,,,,,noun,bad breath; halitosis,,,
wt:器官:0,器官,ké-guăng,,,,Imported from Wiktionary (CC BY-SA 4.0): https://en.wiktionary.org/wiki/%E5%99%A8%E5%AE%98#Chinese. Mandarin: qìguān.,noun,"(medicine, biology) organ",,,
wt:嚴厲:0,嚴厲,ngièng-lâ̤,,,,Imported from Wiktionary (CC BY-SA 4.0): https://en.wiktionary.org/wiki/%E5%9A%B4%E5%8E%B2#Chinese. Mandarin: yánlì.,adjective,strict; stern; severe; harsh,严厉,,
wt:囑咐:0,囑咐,cé̤ṳk-hó,,,,"Imported from Wiktionary (CC BY-SA 4.0): https://en.wiktionary.org/wiki/%E5%9B%91%E5%92%90#Chinese. Mandarin: zhǔfù,tl=y.",verb,to order; to give instructions; to advise,嘱咐,,
wt:嚴肅:0,嚴肅,ngièng-sé̤ṳk,,,,Imported from Wiktionary (CC BY-SA 4.0): https://en.wiktionary.org/wiki/%E5%9A%B4%E8%82%85#Chinese. Mandarin: yánsù.,adjective,solemn; stately; serious,严肃,,
wt:嚴肅:0,嚴肅,ngièng-sé̤ṳk,,,,,adjective,earnest; serious,严肃,,
wt:嚴肅:0,嚴肅,ngièng-sé̤ṳk,,,,,verb,to make serious or severe,严肃,,
wt:嚴肅:0,嚴肅,ngièng-sé̤ṳk,,,,,verb,to strictly enforce,严肃,,
wt:嚽塊:0,嚽塊,cŭ-uái,,,,Imported from Wiktionary (CC BY-SA 4.0): https://en.wiktionary.org/wiki/%E5%9A%BD%E5%A1%8A#Chinese.,adverb,here,嚽块,,
wt:四季:0,四季,sé̤ṳ-gié,,,,Imported from Wiktionary (CC BY-SA 4.0): https://en.wiktionary.org/wiki/%E5%9B%9B%E5%AD%A3#Chinese. Mandarin: sìjì.,noun,the four seasons,,,
wt:四月:0,四月,sé-nguŏk,,,,Imported from Wiktionary (CC BY-SA 4.0): https://en.wiktionary.org/wiki/%E5%9B%9B%E6%9C%88#Chinese. Mandarin: sìyuè.,noun,April,,,
wt:四月:0,四月,sé-nguŏk,,,,,noun,The modern name for the fourth month of the Chinese lunar calendar.,,,
wt:四平八穩:0,四平八穩,sé-bìng-báik-ṳ̄ng,,,,Imported from Wiktionary (CC BY-SA 4.0): https://en.wiktionary.org/wiki/%E5%9B%9B%E5%B9%B3%E5%85%AB%E7%A9%A9#Chinese. Mandarin: sìpíngbāwěn.,phrase,very stable and steady; completely stable and safe,四平八稳,,
wt:因為:0,因為,ĭng-ôi,,,,"Imported from Wiktionary (CC BY-SA 4.0): https://en.wiktionary.org/wiki/%E5%9B%A0%E7%82%BA#Chinese. Mandarin: yīnwèi,yīnwéi,2nb=common variant,2a=Zh-yīnwéi.oga,tl=y.",,because; since; as,因为,,
wt:因為:0,因為,ĭng-ôi,,,,,,owing to; due to; as a result of; because of,因为,,
wt:四角:0,四角,sí-gáe̤k,,,,Imported from Wiktionary (CC BY-SA 4.0): https://en.wiktionary.org/wiki/%E5%9B%9B%E8%A7%92#Chinese. Mandarin: sìjiǎo.,noun,four angles; four corners,,,
wt:四角:0,四角,sí-gáe̤k,,,,,noun,abbreviation of 四角形,,,
wt:回頭是岸:0,回頭是岸,huòi-tàu-sê-ngiâng,,,,Imported from Wiktionary (CC BY-SA 4.0): https://en.wiktionary.org/wiki/%E5%9B%9E%E9%A0%AD%E6%98%AF%E5%B2%B8#Chinese. Mandarin: huítóu shì àn.,phrase,Repentance is salvation.,回头是岸,,
wt:回鍋肉:0,回鍋肉,huòi-guŏ-nṳ̆k,,,,"Imported from Wiktionary (CC BY-SA 4.0): https://en.wiktionary.org/wiki/%E5%9B%9E%E9%8D%8B%E8%82%89#Chinese. Mandarin: huíguōròu,er=y.",noun,twice-cooked pork a Chinese dish,回锅肉,,
wt:回鍋肉:0,回鍋肉,huòi-guŏ-nṳ̆k,,,,,noun,"(figurative) one who returns to the same state, place, person, position, etc. after a period away",回锅肉,,
wt:四十:0,四十,sé-sĕk,,,,Imported from Wiktionary (CC BY-SA 4.0): https://en.wiktionary.org/wiki/%E5%9B%9B%E5%8D%81#Chinese. Mandarin: sìshí.,numeral,forty; 40,,,
wt:囝孫:0,囝孫,giāng-sŏng,,,,Imported from Wiktionary (CC BY-SA 4.0): https://en.wiktionary.org/wiki/%E5%9B%9D%E5%AD%AB#Chinese.,noun,children and grandchildren,囝孙,,
wt:囝孫:0,囝孫,giāng-sŏng,,,,,noun,descendant; posterity,囝孙,,
wt:四角桌:0,四角桌,sí-gáe̤k-dó̤h,,,,Imported from Wiktionary (CC BY-SA 4.0): https://en.wiktionary.org/wiki/%E5%9B%9B%E8%A7%92%E6%A1%8C#Chinese.,noun,square table,,,
wt:四點:0,四點,sé-dēng,,,,Imported from Wiktionary (CC BY-SA 4.0): https://en.wiktionary.org/wiki/%E5%9B%9B%E9%BB%9E#Chinese. Mandarin: sìdiǎn.,noun,four o'clock,四点,,
wt:四十一:0,四十一,sé-sĕk-ék,,,,Imported from Wiktionary (CC BY-SA 4.0): https://en.wiktionary.org/wiki/%E5%9B%9B%E5%8D%81%E4%B8%80#Chinese. Mandarin: sìshíyī.,numeral,forty-one; 41,,,
wt:四十四:0,四十四,sé-sĕk-sé,,,,Imported from Wiktionary (CC BY-SA 4.0): https://en.wiktionary.org/wiki/%E5%9B%9B%E5%8D%81%E5%9B%9B#Chinese. Mandarin: sìshísì.,numeral,forty-four; 44,,,
wt:四十五:0,四十五,sé-sĕk-ngô,,,,Imported from Wiktionary (CC BY-SA 4.0): https://en.wiktionary.org/wiki/%E5%9B%9B%E5%8D%81%E4%BA%94#Chinese. Mandarin: sìshíwǔ.,numeral,forty-five; 45,,,
wt:四十八:0,四十八,sé-sĕk-báik,,,,Imported from Wiktionary (CC BY-SA 4.0): https://en.wiktionary.org/wiki/%E5%9B%9B%E5%8D%81%E5%85%AB#Chinese. Mandarin: sìshíbā.,numeral,forty-eight; 48,,,
wt:四十九:0,四十九,sé-sĕk-gāu,,,,Imported from Wiktionary (CC BY-SA 4.0): https://en.wiktionary.org/wiki/%E5%9B%9B%E5%8D%81%E4%B9%9D#Chinese. Mandarin: sìshíjiǔ.,numeral,forty-nine; 49,,,
wt:囝兒:0,囝兒,giāng-niè,,,,Imported from Wiktionary (CC BY-SA 4.0): https://en.wiktionary.org/wiki/%E5%9B%9D%E5%85%92#Chinese.,noun,sons and daughters; children,囝儿,,
wt:四勢:0,四勢,sí-sié,,,,Imported from Wiktionary (CC BY-SA 4.0): https://en.wiktionary.org/wiki/%E5%9B%9B%E5%8B%A2#Chinese.,adverb,"everywhere, in all directions",四势,,
wt:四角框:0,四角框,sí-gáe̤k-kuŏng,,,,Imported from Wiktionary (CC BY-SA 4.0): https://en.wiktionary.org/wiki/%E5%9B%9B%E8%A7%92%E6%A1%86#Chinese.,noun,囗,,,
wt:四點水:0,四點水,sé-dēng-cūi,,,,Imported from Wiktionary (CC BY-SA 4.0): https://en.wiktionary.org/wiki/%E5%9B%9B%E9%BB%9E%E6%B0%B4#Chinese. Mandarin: sìdiǎnshuǐ.,noun,(proscribed) 灬,四点水,,
wt:四色牌:0,四色牌,sé-sáik-bà̤,,,,Imported from Wiktionary (CC BY-SA 4.0): https://en.wiktionary.org/wiki/%E5%9B%9B%E8%89%B2%E7%89%8C#Chinese. Mandarin: sìsèpái.,noun,four color cards,,,
wt:四色:0,四色,sé-sáik,,,,Imported from Wiktionary (CC BY-SA 4.0): https://en.wiktionary.org/wiki/%E5%9B%9B%E8%89%B2#Chinese. Mandarin: sìsè.,noun,four color cards,,,
wt:囫圇:0,囫圇,huók-lùng,,,,Imported from Wiktionary (CC BY-SA 4.0): https://en.wiktionary.org/wiki/%E5%9B%AB%E5%9C%87#Chinese. Mandarin: húlún.,adjective,complete; whole,囫囵,,
wt:囫圇:0,囫圇,huók-lùng,,,,,adjective,sweeping and vague,囫囵,,
wt:困窮:0,困窮,káung-gṳ̀ng,,,,Imported from Wiktionary (CC BY-SA 4.0): https://en.wiktionary.org/wiki/%E5%9B%B0%E7%AA%AE#Chinese. Mandarin: kùnqióng.,adjective,impoverished; destitute; poverty-stricken,困穷,,
wt:國語:0,國語,guók-ngṳ̄,,,,Imported from Wiktionary (CC BY-SA 4.0): https://en.wiktionary.org/wiki/%E5%9C%8B%E8%AA%9E#Chinese. Mandarin: guóyǔ.,noun,national language; language specific to or of official usage in a nation,国语,,
wt:國家:0,國家,guók-gă,,,,Imported from Wiktionary (CC BY-SA 4.0): https://en.wiktionary.org/wiki/%E5%9C%8B%E5%AE%B6#Chinese. Mandarin: guójiā.,noun,country (with sovereignty); nation; (nation-)state (classifier: 個),国家,,
wt:國家:0,國家,guók-gă,,,,,noun,(classical) royal court; imperial court; imperial household; imperial government,国家,,
wt:國家:0,國家,guók-gă,,,,,noun,(classical) emperor,国家,,
wt:國家:0,國家,guók-gă,,,,,noun,(classical) city or town enfeoffed to a vassal lord,国家,,
wt:國家:0,國家,guók-gă,,,,,noun,(classical) capital city of a country,国家,,
wt:國王:0,國王,guók-uòng,,,,Imported from Wiktionary (CC BY-SA 4.0): https://en.wiktionary.org/wiki/%E5%9C%8B%E7%8E%8B#Chinese. Mandarin: guówáng.,noun,king,国王,,
wt:國際:0,國際,guók-cié,,,,Imported from Wiktionary (CC BY-SA 4.0): https://en.wiktionary.org/wiki/%E5%9C%8B%E9%9A%9B#Chinese. Mandarin: guójì.,adjective,(attributive) international; global,国际,,
wt:國際:0,國際,guók-cié,,,,,noun,between countries around the world; international sphere,国际,,
wt:圍棋:0,圍棋,uòi-gì,,,,Imported from Wiktionary (CC BY-SA 4.0): https://en.wiktionary.org/wiki/%E5%9C%8D%E6%A3%8B#Chinese. Mandarin: wéiqí.,noun,(board game) go,围棋,,
wt:國民:0,國民,guók-mìng,,,,Imported from Wiktionary (CC BY-SA 4.0): https://en.wiktionary.org/wiki/%E5%9C%8B%E6%B0%91#Chinese. Mandarin: guómín.,noun,citizen; national; people,国民,,
wt:國民:0,國民,guók-mìng,,,,,noun,(specifically) national (as opposed to citizen or resident),国民,,
wt:國民:0,國民,guók-mìng,,,,,adjective,(attributive) national,国民,,
wt:國民:0,國民,guók-mìng,,,,,adjective,(attributive) nationalist,国民,,
wt:國歌:0,國歌,guók-gŏ̤,,,,"Imported from Wiktionary (CC BY-SA 4.0): https://en.wiktionary.org/wiki/%E5%9C%8B%E6%AD%8C#Chinese. Mandarin: guógē,er=y.",noun,national anthem (classifier: 首),国歌,,
wt:圍巾:0,圍巾,uòi-gṳ̆ng,,,,Imported from Wiktionary (CC BY-SA 4.0): https://en.wiktionary.org/wiki/%E5%9C%8D%E5%B7%BE#Chinese. Mandarin: wéijīn.,noun,scarf,围巾,,
wt:圍巾:0,圍巾,uòi-gṳ̆ng,,,,,noun,shawl,围巾,,
wt:國家法:0,國家法,guók-gă-huák,,,,Imported from Wiktionary (CC BY-SA 4.0): https://en.wiktionary.org/wiki/%E5%9C%8B%E5%AE%B6%E6%B3%95#Chinese. Mandarin: guójiāfǎ.,noun,national laws; the law of the state,国家法,,
wt:國旗:0,國旗,guók-gì,,,,Imported from Wiktionary (CC BY-SA 4.0): https://en.wiktionary.org/wiki/%E5%9C%8B%E6%97%97#Chinese. Mandarin: guóqí.,noun,national flag,国旗,,
wt:國徽:0,國徽,guók-hŭi,,,,Imported from Wiktionary (CC BY-SA 4.0): https://en.wiktionary.org/wiki/%E5%9C%8B%E5%BE%BD#Chinese. Mandarin: guóhuī.,noun,national emblem,国徽,,
wt:園地:0,園地,huòng-dê,,,,Imported from Wiktionary (CC BY-SA 4.0): https://en.wiktionary.org/wiki/%E5%9C%92%E5%9C%B0#Chinese. Mandarin: yuándì.,noun,garden plot,园地,,
wt:園地:0,園地,huòng-dê,,,,,noun,(figurative) field; scope,园地,,
wt:國泰民安:0,國泰民安,guók-tái-mìng-ăng,,,,Imported from Wiktionary (CC BY-SA 4.0): https://en.wiktionary.org/wiki/%E5%9C%8B%E6%B3%B0%E6%B0%91%E5%AE%89#Chinese. Mandarin: guótàimín'ān.,phrase,the country flourishes and the people are living in peace,国泰民安,,
wt:圓桌:0,圓桌,ièng-dó̤h,,,,Imported from Wiktionary (CC BY-SA 4.0): https://en.wiktionary.org/wiki/%E5%9C%93%E6%A1%8C#Chinese. Mandarin: yuánzhuō.,noun,round table,圆桌,,
wt:國威:0,國威,guók-ŭi,,,,Imported from Wiktionary (CC BY-SA 4.0): https://en.wiktionary.org/wiki/%E5%9C%8B%E5%A8%81#Chinese. Mandarin: guówēi.,noun,national prestige; national power and influence,国威,,
wt:國家社會主義:0,國家社會主義,guók-gă-siâ-huôi-ciō-ngiê,,,,Imported from Wiktionary (CC BY-SA 4.0): https://en.wiktionary.org/wiki/%E5%9C%8B%E5%AE%B6%E7%A4%BE%E6%9C%83%E4%B8%BB%E7%BE%A9#Chinese. Mandarin: guójiā shèhuì zhǔyì.,noun,National Socialism,国家社会主义,,
wt:土地:0,土地,tù-dê,,,,Imported from Wiktionary (CC BY-SA 4.0): https://en.wiktionary.org/wiki/%E5%9C%9F%E5%9C%B0#Chinese. Mandarin: tǔdì.,noun,ground; soil; land,,,
wt:土地:0,土地,tù-dê,,,,,noun,territory,,,
wt:圖書館:0,圖書館,dù-cṳ̆-guāng,,,,"Imported from Wiktionary (CC BY-SA 4.0): https://en.wiktionary.org/wiki/%E5%9C%96%E6%9B%B8%E9%A4%A8#Chinese. Mandarin: túshūguǎn,túrguǎn,tl2=y,2n=Beijing dialect, colloquial.",noun,library,图书馆,,
wt:土匪:0,土匪,tū-pī,,,,Imported from Wiktionary (CC BY-SA 4.0): https://en.wiktionary.org/wiki/%E5%9C%9F%E5%8C%AA#Chinese. Mandarin: tǔfěi.,noun,bandit; brigand; outlaw,,,
wt:土匪:0,土匪,tū-pī,,,,,adjective,evil; outrageous; lawbreaking,,,
wt:圖章:0,圖章,dù-ciŏng,,,,Imported from Wiktionary (CC BY-SA 4.0): https://en.wiktionary.org/wiki/%E5%9C%96%E7%AB%A0#Chinese. Mandarin: túzhāng.,noun,"seal; chop; stamp device for stamping designs, or indentation or imprint made by stamping",图章,,
wt:圖謀:0,圖謀,dù-mèu,,,,Imported from Wiktionary (CC BY-SA 4.0): https://en.wiktionary.org/wiki/%E5%9C%96%E8%AC%80#Chinese. Mandarin: túmóu.,noun,plot; scheme,图谋,,
wt:圖謀:0,圖謀,dù-mèu,,,,,verb,to plot; to conspire; to seek,图谋,,
wt:土地廟:0,土地廟,tù-dê-miêu,,,,Imported from Wiktionary (CC BY-SA 4.0): https://en.wiktionary.org/wiki/%E5%9C%9F%E5%9C%B0%E5%BB%9F#Chinese. Mandarin: tǔdìmiào.,noun,(religion) temple of Tudigong,土地庙,,
wt:土藥:0,土藥,tū-iŏh,,,,Imported from Wiktionary (CC BY-SA 4.0): https://en.wiktionary.org/wiki/%E5%9C%9F%E8%97%A5#Chinese. Mandarin: tǔyào.,noun,(dated) opium manufactured in China,土药,,
wt:地震:0,地震,dê-cīng,,,,Imported from Wiktionary (CC BY-SA 4.0): https://en.wiktionary.org/wiki/%E5%9C%B0%E9%9C%87#Chinese. Mandarin: dìzhèn.,noun,earthquake,,,
wt:地震:0,地震,dê-cīng,,,,,noun,"(figuratively, politics, business) shifting or shuffling of posts",,,
wt:地震:0,地震,dê-cīng,,,,,verb,(impersonal) to have an earthquake,,,
wt:地理:0,地理,dê-lī,,,,Imported from Wiktionary (CC BY-SA 4.0): https://en.wiktionary.org/wiki/%E5%9C%B0%E7%90%86#Chinese. Mandarin: dìlǐ.,noun,geography,,,
wt:地理:0,地理,dê-lī,,,,,noun,geographical features; topography,,,
wt:地理:0,地理,dê-lī,,,,,noun,address,,,
wt:地理:0,地理,dê-lī,,,,,noun,(classical) terrestrial organizationzh,,,
wt:地理:0,地理,dê-lī,,,,,adjective,(attributive) geographical,,,
wt:地方:0,地方,dê-huŏng,,,,"Imported from Wiktionary (CC BY-SA 4.0): https://en.wiktionary.org/wiki/%E5%9C%B0%E6%96%B9#Chinese. Mandarin: dìfang,dìfāng,er=y,1nb=standard in Mainland,2nb=standard in Taiwan.",noun,"(countable, uncountable) place; region; area",,,
wt:地方:0,地方,dê-huŏng,,,,,noun,"(countable, uncountable) part; location",,,
wt:地方:0,地方,dê-huŏng,,,,,noun,"(countable, uncountable) part; aspect; something about something",,,
wt:地方:0,地方,dê-huŏng,,,,,noun,(uncountable) empty space; room,,,
wt:地方:0,地方,dê-huŏng,,,,,noun,(countable) town crier,,,
wt:地方:0,地方,dê-huŏng,,,,,noun,"(countable, historical) An administrative division of the Republic of China prior to 1949, equivalent to an autonomous region.",,,
wt:地方:0,地方,dê-huŏng,,,,,noun,(uncountable) civilians; civilian jobs; civilian sector,,,
wt:地方:0,地方,dê-huŏng,,,,,noun,"(uncountable) people, officials, services outside a certain nation-wide system or organisation",,,
wt:地方:0,地方,dê-huŏng,,,,,adjective,(attributive) regional; local; outside a certain nation-wide system or organisation,,,
wt:地方:0,地方,dê-huŏng,,,,,noun,(Hengyang) doorstep; sill; threshold,,,
wt:地區:0,地區,dê-kṳ̆,,,,Imported from Wiktionary (CC BY-SA 4.0): https://en.wiktionary.org/wiki/%E5%9C%B0%E5%8D%80#Chinese. Mandarin: dìqū.,noun,area; region,地区,,
wt:地區:0,地區,dê-kṳ̆,,,,,noun,prefecture administrative division in the People's Republic of China,地区,,
wt:地區:0,地區,dê-kṳ̆,,,,,noun,"area administrative division of Beijing, in the People's Republic of China",地区,,
wt:地區:0,地區,dê-kṳ̆,,,,,noun,"country, an area of land with fixed borders that has full or limited control over its own government and laws",地区,,
wt:地區:0,地區,dê-kṳ̆,,,,,adjective,(attributive) regional,地区,,
wt:地圖:0,地圖,dê-dù,,,,Imported from Wiktionary (CC BY-SA 4.0): https://en.wiktionary.org/wiki/%E5%9C%B0%E5%9C%96#Chinese. Mandarin: dìtú.,noun,"map visual representation of an area (classifier: 張, 本)",地图,,
wt:地圖:0,地圖,dê-dù,,,,,noun,(video games) map imaginary or fictional area where a game or a session thereof take place,地图,,
wt:地主:0,地主,dê-ciō,,,,Imported from Wiktionary (CC BY-SA 4.0): https://en.wiktionary.org/wiki/%E5%9C%B0%E4%B8%BB#Chinese. Mandarin: dìzhǔ.,noun,"(pejorative, historical) owner of real estate; landowner; landlord",,,
wt:地主:0,地主,dê-ciō,,,,,noun,local host,,,
wt:地瓜:0,地瓜,dê-guă,,,,Imported from Wiktionary (CC BY-SA 4.0): https://en.wiktionary.org/wiki/%E5%9C%B0%E7%93%9C#Chinese. Mandarin: dìguā.,noun,sweet potato,,,
wt:地瓜:0,地瓜,dê-guă,,,,,noun,jicama,,,
wt:地址:0,地址,dî-cī,,,,Imported from Wiktionary (CC BY-SA 4.0): https://en.wiktionary.org/wiki/%E5%9C%B0%E5%9D%80#Chinese. Mandarin: dìzhǐ.,noun,address such as a home or business address; location,,,
wt:地理學:0,地理學,dê-lī-hŏk,,,,Imported from Wiktionary (CC BY-SA 4.0): https://en.wiktionary.org/wiki/%E5%9C%B0%E7%90%86%E5%AD%B8#Chinese. Mandarin: dìlǐxué.,noun,geography discipline,地理学,,
wt:地球儀:0,地球儀,dê-giù-ngì,,,,"Imported from Wiktionary (CC BY-SA 4.0): https://en.wiktionary.org/wiki/%E5%9C%B0%E7%90%83%E5%84%80#Chinese. Mandarin: dìqiúyí,er=2.",noun,globe model of Earth,地球仪,,
wt:地鐵:0,地鐵,dê-tiék,,,,Imported from Wiktionary (CC BY-SA 4.0): https://en.wiktionary.org/wiki/%E5%9C%B0%E9%90%B5#Chinese. Mandarin: dìtiě.,noun,subway; metro; underground railway; the underground,地铁,,
wt:地質:0,地質,dê-cék,,,,"Imported from Wiktionary (CC BY-SA 4.0): https://en.wiktionary.org/wiki/%E5%9C%B0%E8%B3%AA#Chinese. Mandarin: dì質,tl=y.",noun,geological features,地质,,
wt:地質:0,地質,dê-cék,,,,,noun,geology science that studies the structure of the earth,地质,,
wt:地質學:0,地質學,dê-cék-hŏk,,,,"Imported from Wiktionary (CC BY-SA 4.0): https://en.wiktionary.org/wiki/%E5%9C%B0%E8%B3%AA%E5%AD%B8#Chinese. Mandarin: dì質xué,tl2=y.",noun,geology science that studies the structure of the earth,地质学,,
wt:地支:0,地支,dê-ciĕ,,,,Imported from Wiktionary (CC BY-SA 4.0): https://en.wiktionary.org/wiki/%E5%9C%B0%E6%94%AF#Chinese. Mandarin: dìzhī.,noun,An earthly branch: one of the twelve terms used in East Asian cultures to represent,,,
wt:地支:0,地支,dê-ciĕ,,,,,noun,The twelve earthly branches as a whole.,,,
wt:地龍:0,地龍,dê-lṳ̀ng,,,,Imported from Wiktionary (CC BY-SA 4.0): https://en.wiktionary.org/wiki/%E5%9C%B0%E9%BE%8D#Chinese. Mandarin: dìlóng.,noun,dragon on land; terrestrial dragon,地龙,,
wt:地龍:0,地龍,dê-lṳ̀ng,,,,,noun,(TCM) earthworm,地龙,,
wt:地動:0,地動,dê-dâe̤ng,,,,Imported from Wiktionary (CC BY-SA 4.0): https://en.wiktionary.org/wiki/%E5%9C%B0%E5%8B%95#Chinese. Mandarin: dìdòng.,verb,(of the Earth/earth) to move; to quake,地动,,
wt:地動:0,地動,dê-dâe̤ng,,,,,noun,earthquake,地动,,
wt:地窨:0,地窨,dê-áng,,,,Imported from Wiktionary (CC BY-SA 4.0): https://en.wiktionary.org/wiki/%E5%9C%B0%E7%AA%A8#Chinese. Mandarin: dìyìn.,noun,cellar,,,
wt:地名學:0,地名學,dê-mìng-hŏk,,,,Imported from Wiktionary (CC BY-SA 4.0): https://en.wiktionary.org/wiki/%E5%9C%B0%E5%90%8D%E5%AD%B8#Chinese. Mandarin: dìmíngxué.,noun,toponymy,地名学,,
wt:地理先生:0,地理先生,dî-lī-sĭng-năng,,,,Imported from Wiktionary (CC BY-SA 4.0): https://en.wiktionary.org/wiki/%E5%9C%B0%E7%90%86%E5%85%88%E7%94%9F#Chinese.,noun,fengshui master; geomancer,,,
wt:地兜:0,地兜,diê-dău,,,,Imported from Wiktionary (CC BY-SA 4.0): https://en.wiktionary.org/wiki/%E5%9C%B0%E5%85%9C#Chinese.,noun,on the ground,,,
wt:坐墊:0,坐墊,sô̤i-dâing,,,,"Imported from Wiktionary (CC BY-SA 4.0): https://en.wiktionary.org/wiki/%E5%9D%90%E5%A2%8A#Chinese. Mandarin: zuòdiàn,er=y.",noun,seat cushion,坐垫,,
wt:坐禪:0,坐禪,sô̤i-sièng,,,,Imported from Wiktionary (CC BY-SA 4.0): https://en.wiktionary.org/wiki/%E5%9D%90%E7%A6%AA#Chinese. Mandarin: zuòchán.,verb,(Buddhism) to sit in meditation,坐禅,,
wt:垃渣:0,垃渣,lă-că,,,,Imported from Wiktionary (CC BY-SA 4.0): https://en.wiktionary.org/wiki/%E5%9E%83%E6%B8%A3#Chinese.,adjective,dirty,,,
wt:城市:0,城市,siàng-chê,,,,Imported from Wiktionary (CC BY-SA 4.0): https://en.wiktionary.org/wiki/%E5%9F%8E%E5%B8%82#Chinese. Mandarin: chéngshì.,noun,"city; town (classifier: 個, 座)",,,
wt:埋伏:0,埋伏,mài-hŭk,,,,"Imported from Wiktionary (CC BY-SA 4.0): https://en.wiktionary.org/wiki/%E5%9F%8B%E4%BC%8F#Chinese. Mandarin: máifú,tl=y.",verb,to set up an ambush; to ambush,,,
wt:埋伏:0,埋伏,mài-hŭk,,,,,verb,to hide; to lie low,,,
wt:埋伏:0,埋伏,mài-hŭk,,,,,noun,ambush,,,
wt:埋伏:0,埋伏,mài-hŭk,,,,,noun,ambush combatants,,,
wt:埋沒:0,埋沒,mài-mŭk,,,,Imported from Wiktionary (CC BY-SA 4.0): https://en.wiktionary.org/wiki/%E5%9F%8B%E6%B2%92#Chinese. Mandarin: máimò.,verb,(literally) to bury put or hide underground,埋没,,
wt:埋沒:0,埋沒,mài-mŭk,,,,,verb,(figuratively) to stifle a talent; to efface; to suppress; to neglect; to hide away,埋没,,
wt:埋怨:0,埋怨,mài-uóng,,,,Imported from Wiktionary (CC BY-SA 4.0): https://en.wiktionary.org/wiki/%E5%9F%8B%E6%80%A8#Chinese. Mandarin: mányuàn.,verb,to blame; to grumble about; to complain,,,
wt:埋葬:0,埋葬,mài-cáung,,,,Imported from Wiktionary (CC BY-SA 4.0): https://en.wiktionary.org/wiki/%E5%9F%8B%E8%91%AC#Chinese. Mandarin: máizàng.,verb,to bury (the dead); to inter,,,
wt:埋葬:0,埋葬,mài-cáung,,,,,verb,(figuratively) to wipe out; to eliminate,,,
wt:埋葬:0,埋葬,mài-cáung,,,,,verb,(figuratively) to hide; to conceal; to cover,,,
wt:埋藏:0,埋藏,mài-còng,,,,Imported from Wiktionary (CC BY-SA 4.0): https://en.wiktionary.org/wiki/%E5%9F%8B%E8%97%8F#Chinese. Mandarin: máicáng.,verb,to bury,,,
wt:埋藏:0,埋藏,mài-còng,,,,,verb,(figuratively) to cover up; to hide,,,
wt:城牆:0,城牆,siàng-chiòng,,,,Imported from Wiktionary (CC BY-SA 4.0): https://en.wiktionary.org/wiki/%E5%9F%8E%E7%89%86#Chinese. Mandarin: chéngqiáng.,noun,"city wall (classifier: 堵, 面)",城墙,,
wt:城廂:0,城廂,siàng-siŏng,,,,Imported from Wiktionary (CC BY-SA 4.0): https://en.wiktionary.org/wiki/%E5%9F%8E%E5%BB%82#Chinese. Mandarin: chéngxiāng.,noun,city proper and peripheral areas,城厢,,
wt:埋名:0,埋名,mài-miàng,,,,Imported from Wiktionary (CC BY-SA 4.0): https://en.wiktionary.org/wiki/%E5%9F%8B%E5%90%8D#Chinese. Mandarin: máimíng.,verb,to have one's identity concealed; to be stifled,,,
wt:埋名:0,埋名,mài-miàng,,,,,verb,to conceal one's identity; to live incognito,,,
wt:報紙:0,報紙,bó̤-cāi,,,,Imported from Wiktionary (CC BY-SA 4.0): https://en.wiktionary.org/wiki/%E5%A0%B1%E7%B4%99#Chinese. Mandarin: bàozhǐ.,noun,"newspaper (classifier: 份, 張, 期)",报纸,,
wt:報紙:0,報紙,bó̤-cāi,,,,,noun,newsprint,报纸,,
wt:基本:0,基本,gĭ-buōng,,,,Imported from Wiktionary (CC BY-SA 4.0): https://en.wiktionary.org/wiki/%E5%9F%BA%E6%9C%AC#Chinese. Mandarin: jīběn.,noun,basis; root; fundament,,,
wt:基本:0,基本,gĭ-buōng,,,,,adjective,basic; fundamental; elementary; rudimentary,,,
wt:基本:0,基本,gĭ-buōng,,,,,adjective,important; essential; main,,,
wt:基本:0,基本,gĭ-buōng,,,,,adverb,overall; on the whole; generally; more or less; in the main,,,
wt:基礎:0,基礎,gĭ-chū,,,,Imported from Wiktionary (CC BY-SA 4.0): https://en.wiktionary.org/wiki/%E5%9F%BA%E7%A4%8E#Chinese. Mandarin: jīchǔ.,noun,(literally) foundation; base of a structure,基础,,
wt:基礎:0,基礎,gĭ-chū,,,,,noun,(figuratively) foundation; basis that which offers support for an endeavour,基础,,
wt:基礎:0,基礎,gĭ-chū,,,,,noun,(economics) socio-economic base; economic foundation,基础,,
wt:基礎:0,基礎,gĭ-chū,,,,,adjective,basic; fundamental; elementary; rudimentary,基础,,
wt:報告:0,報告,bó̤-gó̤,,,,Imported from Wiktionary (CC BY-SA 4.0): https://en.wiktionary.org/wiki/%E5%A0%B1%E5%91%8A#Chinese. Mandarin: bàogào.,verb,to report; to inform one's superiors,报告,,
wt:報告:0,報告,bó̤-gó̤,,,,,noun,report,报告,,
wt:報告:0,報告,bó̤-gó̤,,,,,noun,speech; presentation,报告,,
wt:報告:0,報告,bó̤-gó̤,,,,,noun,paper; essay; assignment,报告,,
wt:報答:0,報答,bó̤-dák,,,,Imported from Wiktionary (CC BY-SA 4.0): https://en.wiktionary.org/wiki/%E5%A0%B1%E7%AD%94#Chinese. Mandarin: bàodá.,verb,"(transitive) to repay (someone's favour, kindness, etc.); to requite; to pay back; to return",报答,,
wt:堂兄:0,堂兄,dòng-hĭng,,,,Imported from Wiktionary (CC BY-SA 4.0): https://en.wiktionary.org/wiki/%E5%A0%82%E5%85%84#Chinese. Mandarin: tángxiōng.,noun,cousin father's brother's son older than oneself,,,
wt:堤壩:0,堤壩,té-bá,,,,Imported from Wiktionary (CC BY-SA 4.0): https://en.wiktionary.org/wiki/%E5%A0%A4%E5%A3%A9#Chinese. Mandarin: 堤bà.,noun,dam; dyke; embankment,堤坝,,
wt:報信:0,報信,bó̤-séng,,,,Imported from Wiktionary (CC BY-SA 4.0): https://en.wiktionary.org/wiki/%E5%A0%B1%E4%BF%A1#Chinese. Mandarin: bàoxìn.,verb,to notify; to inform,报信,,
wt:報信:0,報信,bó̤-séng,,,,,verb,to announce someone's death,报信,,
wt:堵堵好:0,堵堵好,dū-dū-hō̤,,,,Imported from Wiktionary (CC BY-SA 4.0): https://en.wiktionary.org/wiki/%E5%A0%B5%E5%A0%B5%E5%A5%BD#Chinese.,adverb,by chance; as it happens,,,
wt:堵堵:0,堵堵,dū-dū,,,,Imported from Wiktionary (CC BY-SA 4.0): https://en.wiktionary.org/wiki/%E5%A0%B5%E5%A0%B5#Chinese.,adverb,by chance; by coincidence; as it happens,,,
wt:塑料:0,塑料,só-lâiu,,,,"Imported from Wiktionary (CC BY-SA 4.0): https://en.wiktionary.org/wiki/%E5%A1%91%E6%96%99#Chinese. Mandarin: sùliào,suòliào,2nb=colloquial,2nc=non-standard,er=y,2er=y.",noun,plastic material,,,
wt:塑料:0,塑料,só-lâiu,,,,,adjective,"(internet slang, figuratively) poor-quality; substandard; mediocre",,,
wt:塑料:0,塑料,só-lâiu,,,,,adjective,"(internet slang, figuratively) fake; insincere",,,
wt:報考:0,報考,bó̤-kō̤,,,,Imported from Wiktionary (CC BY-SA 4.0): https://en.wiktionary.org/wiki/%E5%A0%B1%E8%80%83#Chinese. Mandarin: bàokǎo.,verb,to register for an examination; to sign up for a test,报考,,
wt:堯舜:0,堯舜,Ngièu-sóng,,,,Imported from Wiktionary (CC BY-SA 4.0): https://en.wiktionary.org/wiki/%E5%A0%AF%E8%88%9C#Chinese. Mandarin: Yáo-Shùn.,noun,"(historical, personification) emperors; sages; just kings; benevolent rulers",尧舜,,
wt:塗粉:0,塗粉,tù-hūng,,,,Imported from Wiktionary (CC BY-SA 4.0): https://en.wiktionary.org/wiki/%E5%A1%97%E7%B2%89#Chinese.,noun,dust,涂粉,,
wt:塕塵:0,塕塵,ŭng-dìng,,,,Imported from Wiktionary (CC BY-SA 4.0): https://en.wiktionary.org/wiki/%E5%A1%95%E5%A1%B5#Chinese.,noun,"(Dongshi, Putian) dust",塕尘,,
wt:墘角:0,墘角,gièng-gáe̤k,,,,Imported from Wiktionary (CC BY-SA 4.0): https://en.wiktionary.org/wiki/%E5%A2%98%E8%A7%92#Chinese.,noun,"details, minutiae",,,
wt:墘角:0,墘角,gièng-gáe̤k,,,,,adjective,"detailed, meticulous, orderly",,,
wt:墳墓:0,墳墓,hùng-muó,,,,Imported from Wiktionary (CC BY-SA 4.0): https://en.wiktionary.org/wiki/%E5%A2%B3%E5%A2%93#Chinese. Mandarin: fénmù.,noun,grave; tomb (classifier: 座),坟墓,,
wt:士兵:0,士兵,sê̤ṳ-bĭng,,,,Imported from Wiktionary (CC BY-SA 4.0): https://en.wiktionary.org/wiki/%E5%A3%AB%E5%85%B5#Chinese. Mandarin: shìbīng.,noun,"soldier (classifier: 個, 名, 位)",,,
wt:士師:0,士師,sê̤ṳ-sṳ̆,,,,Imported from Wiktionary (CC BY-SA 4.0): https://en.wiktionary.org/wiki/%E5%A3%AB%E5%B8%AB#Chinese. Mandarin: shìshī.,noun,(historical) government official responsible for prohibitions and punishment during the Zhou dynasty,士师,,
wt:士師:0,士師,sê̤ṳ-sṳ̆,,,,,noun,"(Protestantism, Bible) judge",士师,,
wt:壓落:0,壓落,dáh-lŏ̤h,,,,Imported from Wiktionary (CC BY-SA 4.0): https://en.wiktionary.org/wiki/%E5%A3%93%E8%90%BD#Chinese.,verb,to humiliate; to embarrass; to disgrace,压落,,
wt:壁裡:0,壁裡,biáh-diē,,,,Imported from Wiktionary (CC BY-SA 4.0): https://en.wiktionary.org/wiki/%E5%A3%81%E8%A3%A1#Chinese.,noun,side of bed against the wall,壁里,,
wt:夏至:0,夏至,hâ-cé,,,,Imported from Wiktionary (CC BY-SA 4.0): https://en.wiktionary.org/wiki/%E5%A4%8F%E8%87%B3#Chinese. Mandarin: xiàzhì.,noun,"summer solstice (one of the solar terms, around June 21st)",,,
wt:壯大:0,壯大,cáung-duâi,,,,Imported from Wiktionary (CC BY-SA 4.0): https://en.wiktionary.org/wiki/%E5%A3%AF%E5%A4%A7#Chinese. Mandarin: zhuàngdà.,verb,(intransitive) to grow; to expand,壮大,,
wt:壯大:0,壯大,cáung-duâi,,,,,verb,(transitive) to strengthen; to reinforce; to improve,壮大,,
wt:壯大:0,壯大,cáung-duâi,,,,,adjective,strong; sturdy; big and thick,壮大,,
wt:壯族:0,壯族,chuáng-cŭk,,,,Imported from Wiktionary (CC BY-SA 4.0): https://en.wiktionary.org/wiki/%E5%A3%AF%E6%97%8F#Chinese. Mandarin: Zhuàngzú.,noun,Zhuang people,壮族,,
wt:壽公:0,壽公,siêu-gŭng,,,,Imported from Wiktionary (CC BY-SA 4.0): https://en.wiktionary.org/wiki/%E5%A3%BD%E5%85%AC#Chinese.,noun,man celebrating his birthday usually of elderly people,寿公,,
wt:壽媽:0,壽媽,siêu-mā,,,,Imported from Wiktionary (CC BY-SA 4.0): https://en.wiktionary.org/wiki/%E5%A3%BD%E5%AA%BD#Chinese.,noun,woman celebrating her birthday usually of elderly people,寿妈,,
wt:外國:0,外國,nguôi-guók,,,,Imported from Wiktionary (CC BY-SA 4.0): https://en.wiktionary.org/wiki/%E5%A4%96%E5%9C%8B#Chinese. Mandarin: wàiguó.,noun,foreign country,外国,,
wt:外語:0,外語,ngiê-ngṳ̄,,,,Imported from Wiktionary (CC BY-SA 4.0): https://en.wiktionary.org/wiki/%E5%A4%96%E8%AA%9E#Chinese. Mandarin: wàiyǔ.,noun,(countable) foreign language (classifier: 門),外语,,
wt:多謝:0,多謝,dŏ-siâ,,,,Imported from Wiktionary (CC BY-SA 4.0): https://en.wiktionary.org/wiki/%E5%A4%9A%E8%AC%9D#Chinese. Mandarin: duōxiè.,particle,thank you; thank you very much,多谢,,
wt:多謝:0,多謝,dŏ-siâ,,,,,verb,to thank,多谢,,
wt:外公:0,外公,ngiê-gŭng,,,,Imported from Wiktionary (CC BY-SA 4.0): https://en.wiktionary.org/wiki/%E5%A4%96%E5%85%AC#Chinese. Mandarin: wàigōng.,noun,maternal grandfather,,,
wt:外甥:0,外甥,ngiê-sĕng,,,,"Imported from Wiktionary (CC BY-SA 4.0): https://en.wiktionary.org/wiki/%E5%A4%96%E7%94%A5#Chinese. Mandarin: wàishēng,tl=y.",noun,sororal nephew sister's son,,,
wt:外甥:0,外甥,ngiê-sĕng,,,,,noun,grandson daughter's son,,,
wt:外甥女:0,外甥女,ngiê-sĕng-nṳ̄,,,,"Imported from Wiktionary (CC BY-SA 4.0): https://en.wiktionary.org/wiki/%E5%A4%96%E7%94%A5%E5%A5%B3#Chinese. Mandarin: wàishengnǚ,wàishēngnǚ,er=y,1nb=standard in Mainland,2nb=standard in Taiwan,2nc=variant in Mainland.",noun,sororal niece sister's daughter,,,
wt:外甥女:0,外甥女,ngiê-sĕng-nṳ̄,,,,,noun,granddaughter daughter's daughter,,,
wt:多元:0,多元,dŏ̤-nguòng,,,,Imported from Wiktionary (CC BY-SA 4.0): https://en.wiktionary.org/wiki/%E5%A4%9A%E5%85%83#Chinese. Mandarin: duōyuán.,adjective,pluralistic (poly-); multielement (multi-),,,
wt:多元:0,多元,dŏ̤-nguòng,,,,,adjective,(mathematics) multivariate,,,
wt:夜班:0,夜班,iâ-băng,,,,"Imported from Wiktionary (CC BY-SA 4.0): https://en.wiktionary.org/wiki/%E5%A4%9C%E7%8F%AD#Chinese. Mandarin: yèbān,er=y.",noun,night shift,,,
wt:外媽:0,外媽,ngiê-mā,,,,Imported from Wiktionary (CC BY-SA 4.0): https://en.wiktionary.org/wiki/%E5%A4%96%E5%AA%BD#Chinese.,noun,"(Dunmyj, Dungan) maternal grandmother the mother of one's mother",外妈,,
wt:外水:0,外水,nguôi-cūi,,,,Imported from Wiktionary (CC BY-SA 4.0): https://en.wiktionary.org/wiki/%E5%A4%96%E6%B0%B4#Chinese. Mandarin: wàishuǐ.,noun,extra money earned on the side,,,
wt:外江人:0,外江人,ngiê-gŏng-nè̤ng,,,,Imported from Wiktionary (CC BY-SA 4.0): https://en.wiktionary.org/wiki/%E5%A4%96%E6%B1%9F%E4%BA%BA#Chinese.,noun,one who is not born in the area; non-local; stranger; outsider; out-of-towner,,,
wt:外甥孫:0,外甥孫,ngiê-sĕng-sŏng,,,,Imported from Wiktionary (CC BY-SA 4.0): https://en.wiktionary.org/wiki/%E5%A4%96%E7%94%A5%E5%AD%AB#Chinese.,noun,(Yanjiang) grandson daughter's son,外甥孙,,
wt:外甥人:0,外甥人,ngiê-sĕng-ìng,,,,Imported from Wiktionary (CC BY-SA 4.0): https://en.wiktionary.org/wiki/%E5%A4%96%E7%94%A5%E4%BA%BA#Chinese.,noun,niece-in-law sister's daughter-in-law,,,
wt:外首:0,外首,ngiê-sāu,,,,Imported from Wiktionary (CC BY-SA 4.0): https://en.wiktionary.org/wiki/%E5%A4%96%E9%A6%96#Chinese.,noun,(dated) outside; exterior,,,
wt:外首勢:0,外首勢,ngiê-sāu-sié,,,,Imported from Wiktionary (CC BY-SA 4.0): https://en.wiktionary.org/wiki/%E5%A4%96%E9%A6%96%E5%8B%A2#Chinese.,noun,outside; exterior,外首势,,
wt:外家孫:0,外家孫,ngiê-gă-sŏng,,,,Imported from Wiktionary (CC BY-SA 4.0): https://en.wiktionary.org/wiki/%E5%A4%96%E5%AE%B6%E5%AD%AB#Chinese.,noun,wife's brother's son,外家孙,,
wt:外大媽:0,外大媽,ngiê-duâi-mā,,,,Imported from Wiktionary (CC BY-SA 4.0): https://en.wiktionary.org/wiki/%E5%A4%96%E5%A4%A7%E5%AA%BD#Chinese.,noun,maternal great-grandmother the grandmother of one's mother,外大妈,,
wt:外大公:0,外大公,ngiê-duâi-gŭng,,,,Imported from Wiktionary (CC BY-SA 4.0): https://en.wiktionary.org/wiki/%E5%A4%96%E5%A4%A7%E5%85%AC#Chinese.,noun,maternal great-grandfather the grandfather of one's mother,,,
wt:外甥孫婿:0,外甥孫婿,ngiê,,,,Imported from Wiktionary (CC BY-SA 4.0): https://en.wiktionary.org/wiki/%E5%A4%96%E7%94%A5%E5%AD%AB%E5%A9%BF#Chinese. Pronounced ngiē-sĕng-sŏng-sái.,noun,grandson-in-law daughter's son-in-law,外甥孙婿,,
wt:多𬂌:0,多𬂌,dô̤-nèng,,,,Imported from Wiktionary (CC BY-SA 4.0): https://en.wiktionary.org/wiki/%E5%A4%9A%F0%AC%82%8C#Chinese.,noun,(botany) rose myrtle (Rhodomyrtus tomentosa species),,,
wt:多𬂌:0,多𬂌,dô̤-nèng,,,,,noun,(fruit) rose myrtle,,,
wt:大人:0,大人,duâi-nè̤ng,,,,"Imported from Wiktionary (CC BY-SA 4.0): https://en.wiktionary.org/wiki/%E5%A4%A7%E4%BA%BA#Chinese. Mandarin: dàrén,tl=y.",noun,adult; grown-up,,,
wt:大人:1,大人,duâi-ìng,,,,"Imported from Wiktionary (CC BY-SA 4.0): https://en.wiktionary.org/wiki/%E5%A4%A7%E4%BA%BA#Chinese. Mandarin: dàrén,tl=y.",noun,(archaic) person of high rank such as a ruler or noble,,,
wt:大人:1,大人,duâi-ìng,,,,,noun,(honorific) Your Excellency; His Excellency form of address to a higher-up,,,
wt:大人:1,大人,duâi-ìng,,,,,noun,form of address to one's parents or elder members of the family,,,
wt:大人:1,大人,duâi-ìng,,,,,noun,"(religion) paper person, used as a scapegoat",,,
wt:大學:0,大學,dâi-hŏk,,,,Imported from Wiktionary (CC BY-SA 4.0): https://en.wiktionary.org/wiki/%E5%A4%A7%E5%AD%B8#Chinese. Mandarin: dàxué.,noun,university; college,大学,,
wt:大腸:0,大腸,dâi-diòng,,,,Imported from Wiktionary (CC BY-SA 4.0): https://en.wiktionary.org/wiki/%E5%A4%A7%E8%85%B8#Chinese. Mandarin: dàcháng.,noun,large intestine; bowel; colon,大肠,,
wt:大洋:0,大洋,dâi-iòng,,,,Imported from Wiktionary (CC BY-SA 4.0): https://en.wiktionary.org/wiki/%E5%A4%A7%E6%B4%8B#Chinese. Mandarin: dàyáng.,noun,ocean; sea as a whole,,,
wt:大洋:0,大洋,dâi-iòng,,,,,noun,silver dollar,,,
wt:大洋:0,大洋,dâi-iòng,,,,,noun,"a specific currency unit, e.g. yuan",,,
wt:大膽:0,大膽,duâi-dāng,,,,Imported from Wiktionary (CC BY-SA 4.0): https://en.wiktionary.org/wiki/%E5%A4%A7%E8%86%BD#Chinese. Mandarin: dàdǎn.,adjective,bold; daring; defiant,大胆,,
wt:大街:0,大街,duâi-gă̤,,,,Imported from Wiktionary (CC BY-SA 4.0): https://en.wiktionary.org/wiki/%E5%A4%A7%E8%A1%97#Chinese. Mandarin: dàjiē.,noun,main street; avenue,,,
wt:大伯:0,大伯,duâi-bák,,,,Imported from Wiktionary (CC BY-SA 4.0): https://en.wiktionary.org/wiki/%E5%A4%A7%E4%BC%AF#Chinese. Mandarin: dàbó.,noun,"paternal uncle father's elder brother, especially his eldest brother",,,
wt:大伯:0,大伯,duâi-bák,,,,,noun,brother-in-law husband's elder brother,,,
wt:大伯:0,大伯,duâi-bák,,,,,noun,A term of address to a man older than one's father.,,,
wt:大型:0,大型,duăi-hìng,,,,Imported from Wiktionary (CC BY-SA 4.0): https://en.wiktionary.org/wiki/%E5%A4%A7%E5%9E%8B#Chinese. Mandarin: dàxíng.,adjective,(attributive) large-scale; large; major,,,
wt:大衣:0,大衣,duâi-ĭ,,,,Imported from Wiktionary (CC BY-SA 4.0): https://en.wiktionary.org/wiki/%E5%A4%A7%E8%A1%A3#Chinese. Mandarin: dàyī.,noun,overcoat; topcoat,,,
wt:大衣:0,大衣,duâi-ĭ,,,,,noun,suit,,,
wt:大部分:0,大部分,duâi-buô-hông,,,,"Imported from Wiktionary (CC BY-SA 4.0): https://en.wiktionary.org/wiki/%E5%A4%A7%E9%83%A8%E5%88%86#Chinese. Mandarin: dàbùfèn,tl=y.",noun,the majority; most; the greater part; the bulk,,,
wt:大寫:0,大寫,duâi-siā,,,,Imported from Wiktionary (CC BY-SA 4.0): https://en.wiktionary.org/wiki/%E5%A4%A7%E5%AF%AB#Chinese. Mandarin: dàxiě.,noun,capital letter; upper case,大写,,
wt:大寫:0,大寫,duâi-siā,,,,,noun,banker's numerals variant Chinese numerals used on bank notes to prevent forgery,大写,,
wt:大姑:0,大姑,duâi-gŭ,,,,Imported from Wiktionary (CC BY-SA 4.0): https://en.wiktionary.org/wiki/%E5%A4%A7%E5%A7%91#Chinese. Mandarin: dàgū.,noun,father's oldest sister,,,
wt:大姑:0,大姑,duâi-gŭ,,,,,noun,sister-in-law husband's elder sister,,,
wt:大姑:0,大姑,duâi-gŭ,,,,,noun,(obsolete) respectful address for a woman,,,
wt:大拇哥:0,大拇哥,duâi-mŏ̤-gŏ̤,,,,"Imported from Wiktionary (CC BY-SA 4.0): https://en.wiktionary.org/wiki/%E5%A4%A7%E6%8B%87%E5%93%A5#Chinese. Mandarin: dàmǔgē,tl2=y.",noun,thumb,,,
wt:大拇哥:0,大拇哥,duâi-mŏ̤-gŏ̤,,,,,noun,(slang) flash drive,,,
wt:大公:0,大公,duâi-gŭng,,,,Imported from Wiktionary (CC BY-SA 4.0): https://en.wiktionary.org/wiki/%E5%A4%A7%E5%85%AC#Chinese. Mandarin: dàgōng.,noun,grand duke,,,
wt:大公:0,大公,duâi-gŭng,,,,,noun,great-grandfather particularly paternal grandfather's father,,,
wt:大公:0,大公,duâi-gŭng,,,,,adjective,just and selfless,,,
wt:大公:0,大公,duâi-gŭng,,,,,adjective,(Christianity) catholic; universal,,,
wt:大牙:0,大牙,duâi-ngà,,,,Imported from Wiktionary (CC BY-SA 4.0): https://en.wiktionary.org/wiki/%E5%A4%A7%E7%89%99#Chinese. Mandarin: dàyá.,noun,molar,,,
wt:大牙:0,大牙,duâi-ngà,,,,,noun,"incisor, or specifically maxillary central incisor",,,
wt:大媽:0,大媽,duâi-mā,,,,Imported from Wiktionary (CC BY-SA 4.0): https://en.wiktionary.org/wiki/%E5%A4%A7%E5%AA%BD#Chinese. Mandarin: dàmā.,noun,paternal aunt father's elder brother's wife,大妈,,
wt:大媽:0,大媽,duâi-mā,,,,,noun,An affectionate term of address for an elderly woman.,大妈,,
wt:大媽:0,大媽,duâi-mā,,,,,noun,great-grandmother,大妈,,
wt:大媽:0,大媽,duâi-mā,,,,,noun,"(derogatory) a middle-aged woman who behaves in a rude, entitled manner; a Karen",大妈,,
wt:大月:0,大月,duâi-nguŏk,,,,Imported from Wiktionary (CC BY-SA 4.0): https://en.wiktionary.org/wiki/%E5%A4%A7%E6%9C%88#Chinese. Mandarin: dàyuè.,noun,"“big or long month”, particularly",,,
wt:大家人:0,大家人,dâi-gă-nè̤ng,,,,Imported from Wiktionary (CC BY-SA 4.0): https://en.wiktionary.org/wiki/%E5%A4%A7%E5%AE%B6%E4%BA%BA#Chinese.,noun,everyone; everybody; all of us,,,
wt:大𡳞脬:0,大𡳞脬,duâi-lĭng-pă,,,,Imported from Wiktionary (CC BY-SA 4.0): https://en.wiktionary.org/wiki/%E5%A4%A7%F0%A1%B3%9E%E8%84%AC#Chinese.,noun,"(diseases, vulgar) hernia",,,
wt:大腹肚:0,大腹肚,duái-bók-lō̤,,,,Imported from Wiktionary (CC BY-SA 4.0): https://en.wiktionary.org/wiki/%E5%A4%A7%E8%85%B9%E8%82%9A#Chinese.,verb,(euphemistic) to be pregnant,,,
wt:大腹肚:0,大腹肚,duái-bók-lō̤,,,,,noun,pregnant woman,,,
wt:大囝:0,大囝,duâi-giāng,,,,Imported from Wiktionary (CC BY-SA 4.0): https://en.wiktionary.org/wiki/%E5%A4%A7%E5%9B%9D#Chinese.,noun,eldest son,,,
wt:大胲:0,大胲,duâi-găi,,,,Imported from Wiktionary (CC BY-SA 4.0): https://en.wiktionary.org/wiki/%E5%A4%A7%E8%83%B2#Chinese.,noun,(diseases) goitre,,,
wt:大指:0,大指,duâi-cāi,,,,Imported from Wiktionary (CC BY-SA 4.0): https://en.wiktionary.org/wiki/%E5%A4%A7%E6%8C%87#Chinese. Mandarin: dàzhǐ.,noun,thumb,,,
wt:大指:0,大指,duâi-cāi,,,,,noun,big toe,,,
wt:大半日:0,大半日,duâi-buáng-nĭk,,,,Imported from Wiktionary (CC BY-SA 4.0): https://en.wiktionary.org/wiki/%E5%A4%A7%E5%8D%8A%E6%97%A5#Chinese.,noun,most of the day; most of the daytime in a day,,,
wt:大拇拇:0,大拇拇,duâi-mŏ̤-mŏ̤,,,,Imported from Wiktionary (CC BY-SA 4.0): https://en.wiktionary.org/wiki/%E5%A4%A7%E6%8B%87%E6%8B%87#Chinese.,noun,thumb,,,
wt:大邊:0,大邊,duâi-bĕng,,,,Imported from Wiktionary (CC BY-SA 4.0): https://en.wiktionary.org/wiki/%E5%A4%A7%E9%82%8A#Chinese.,noun,right side; the right,大边,,
wt:大總統:0,大總統,duâi-cūng-tūng,,,,Imported from Wiktionary (CC BY-SA 4.0): https://en.wiktionary.org/wiki/%E5%A4%A7%E7%B8%BD%E7%B5%B1#Chinese. Mandarin: dàzǒngtǒng.,noun,(dated) president of a republic,大总统,,
wt:天使:0,天使,tiĕng-sé̤ṳ,,,,Imported from Wiktionary (CC BY-SA 4.0): https://en.wiktionary.org/wiki/%E5%A4%A9%E4%BD%BF#Chinese. Mandarin: tiānshǐ.,noun,angel,,,
wt:天使:0,天使,tiĕng-sé̤ṳ,,,,,noun,(obsolete) envoy sent by Heaven or Son of Heaven; imperial or heavenly emissary,,,
wt:太太:0,太太,tái-tái,,,,Imported from Wiktionary (CC BY-SA 4.0): https://en.wiktionary.org/wiki/%E5%A4%AA%E5%A4%AA#Chinese. Mandarin: tàitai.,noun,"An honorific for adults, usually conferred on married women following the surname of their husband: Mrs",,,
wt:太太:0,太太,tái-tái,,,,,noun,(formal) wife,,,
wt:太太:0,太太,tái-tái,,,,,noun,(dated) madame; lady,,,
wt:太太:0,太太,tái-tái,,,,,noun,"(Internet, fandom slang) fandom content contributor",,,
wt:大陸:0,大陸,dâi-lṳ̆k,,,,Imported from Wiktionary (CC BY-SA 4.0): https://en.wiktionary.org/wiki/%E5%A4%A7%E9%99%B8#Chinese. Mandarin: dàlù.,noun,continent; landmass,大陆,,
wt:大陸:0,大陸,dâi-lṳ̆k,,,,,noun,mainland,大陆,,
wt:太極:0,太極,tái-gĭk,,,,Imported from Wiktionary (CC BY-SA 4.0): https://en.wiktionary.org/wiki/%E5%A4%AA%E6%A5%B5#Chinese. Mandarin: tàijí.,noun,"taiji ""The Absolute""; the condition as it existed before the creation of the world",太极,,
wt:太極:0,太極,tái-gĭk,,,,,noun,tai chi; taiji,太极,,
wt:夫妻:0,夫妻,hŭ-chă̤,,,,Imported from Wiktionary (CC BY-SA 4.0): https://en.wiktionary.org/wiki/%E5%A4%AB%E5%A6%BB#Chinese. Mandarin: fūqī.,noun,husband and wife; married couple (classifier: 對),,,
wt:天氣:0,天氣,tiĕng-ké,,,,"Imported from Wiktionary (CC BY-SA 4.0): https://en.wiktionary.org/wiki/%E5%A4%A9%E6%B0%A3#Chinese. Mandarin: tiānqì,tl=y.",noun,weather,天气,,
wt:天氣:0,天氣,tiĕng-ké,,,,,noun,(aviation) weather condition that affects flight,天气,,
wt:天氣:0,天氣,tiĕng-ké,,,,,noun,light and clear air,天气,,
wt:天氣:0,天氣,tiĕng-ké,,,,,noun,air,天气,,
wt:天氣:0,天氣,tiĕng-ké,,,,,noun,destiny; fate,天气,,
wt:天氣:0,天氣,tiĕng-ké,,,,,noun,the day as an approximate time; time of the day,天气,,
wt:天氣:0,天氣,tiĕng-ké,,,,,noun,period of time,天气,,
wt:天文:0,天文,tiĕng-ùng,,,,Imported from Wiktionary (CC BY-SA 4.0): https://en.wiktionary.org/wiki/%E5%A4%A9%E6%96%87#Chinese. Mandarin: tiānwén.,noun,astronomy,,,
wt:天文:0,天文,tiĕng-ùng,,,,,noun,"celestial objects (stars, moon etc.); the heavens",,,
wt:天下:0,天下,tiĕng-hâ,,,,Imported from Wiktionary (CC BY-SA 4.0): https://en.wiktionary.org/wiki/%E5%A4%A9%E4%B8%8B#Chinese. Mandarin: tiānxià.,noun,(figurative) the world; everything under the sky; all under heaven,,,
wt:天下:0,天下,tiĕng-hâ,,,,,noun,(lofty) China; the Chinese nation,,,
wt:天下:0,天下,tiĕng-hâ,,,,,noun,(archaic) society,,,
wt:天下:0,天下,tiĕng-hâ,,,,,noun,(figurative) state power; domination,,,
wt:天井:0,天井,tiĕng-cāng,,,,Imported from Wiktionary (CC BY-SA 4.0): https://en.wiktionary.org/wiki/%E5%A4%A9%E4%BA%95#Chinese. Mandarin: tiānjǐng. Other readings: tiĕng-ciāng.,noun,courtyard atrium; patio; small inner yard,,,
wt:天井:0,天井,tiĕng-cāng,,,,,noun,skylight; square opening in a roof,,,
wt:天井:0,天井,tiĕng-cāng,,,,,noun,(mining) raise,,,
wt:太平:0,太平,tái-bàng,,,,Imported from Wiktionary (CC BY-SA 4.0): https://en.wiktionary.org/wiki/%E5%A4%AA%E5%B9%B3#Chinese. Mandarin: tàipíng.,adjective,peaceful and tranquil,,,
wt:太平:0,太平,tái-bàng,,,,,noun,peace and tranquility,,,
wt:太平:0,太平,tái-bàng,,,,,noun,duck egg,,,
wt:太平:0,太平,tái-bàng,,,,,noun,peeled boiled egg,,,
wt:大風:0,大風,duâi-hŭng,,,,Imported from Wiktionary (CC BY-SA 4.0): https://en.wiktionary.org/wiki/%E5%A4%A7%E9%A2%A8#Chinese. Mandarin: dàfēng.,noun,windstorm; strong winds,大风,,
wt:大風:0,大風,duâi-hŭng,,,,,noun,typhoon,大风,,
wt:大風:0,大風,duâi-hŭng,,,,,noun,leprosy,大风,,
wt:太后:0,太后,tái-hâiu,,,,Imported from Wiktionary (CC BY-SA 4.0): https://en.wiktionary.org/wiki/%E5%A4%AA%E5%90%8E#Chinese. Mandarin: tàihòu.,noun,empress dowager,,,
wt:天然:0,天然,tiĕng-iòng,,,,Imported from Wiktionary (CC BY-SA 4.0): https://en.wiktionary.org/wiki/%E5%A4%A9%E7%84%B6#Chinese. Mandarin: tiānrán.,adjective,(attributive) natural produced by nature,,,
wt:天堂:0,天堂,tiĕng-dòng,,,,Imported from Wiktionary (CC BY-SA 4.0): https://en.wiktionary.org/wiki/%E5%A4%A9%E5%A0%82#Chinese. Mandarin: tiāntáng.,noun,(religion) heaven,,,
wt:天堂:0,天堂,tiĕng-dòng,,,,,noun,(figurative) paradise,,,
wt:天星:0,天星,tiĕng-sĭng,,,,Imported from Wiktionary (CC BY-SA 4.0): https://en.wiktionary.org/wiki/%E5%A4%A9%E6%98%9F#Chinese. Mandarin: tiānxīng.,noun,star (in the sky),,,
wt:天干:0,天干,tiĕng-găng,,,,Imported from Wiktionary (CC BY-SA 4.0): https://en.wiktionary.org/wiki/%E5%A4%A9%E5%B9%B2#Chinese. Mandarin: tiāngān.,noun,heavenly stem: one of the ten terms used in East Asian cultures to represent,,,
wt:天干:0,天干,tiĕng-găng,,,,,noun,The set of ten heavenly stems as a whole.,,,
wt:大食:0,大食,duâi-siăh,,,,Imported from Wiktionary (CC BY-SA 4.0): https://en.wiktionary.org/wiki/%E5%A4%A7%E9%A3%9F#Chinese. Mandarin: dàshí. Pronounced siĕh.,verb,to gorge oneself; to pig out,,,
wt:天光:0,天光,tiĕng-guŏng,,,,Imported from Wiktionary (CC BY-SA 4.0): https://en.wiktionary.org/wiki/%E5%A4%A9%E5%85%89#Chinese. Mandarin: tiānguāng.,noun,daylight,,,
wt:天光:0,天光,tiĕng-guŏng,,,,,noun,color of the sky,,,
wt:天光:0,天光,tiĕng-guŏng,,,,,noun,time,,,
wt:天光:0,天光,tiĕng-guŏng,,,,,noun,morning; daytime,,,
wt:天光:0,天光,tiĕng-guŏng,,,,,verb,to break (of dawn),,,
wt:天狗食日:0,天狗食日,tiĕng-gēu siăh,,,,Imported from Wiktionary (CC BY-SA 4.0): https://en.wiktionary.org/wiki/%E5%A4%A9%E7%8B%97%E9%A3%9F%E6%97%A5#Chinese. Mandarin: tiāngǒu shírì. Pronounced siék-nĭk.,noun,solar eclipse,,,
wt:天晴:0,天晴,tiĕng-sàng,,,,Imported from Wiktionary (CC BY-SA 4.0): https://en.wiktionary.org/wiki/%E5%A4%A9%E6%99%B4#Chinese. Mandarin: tiānqíng.,noun,sunny day; clear weather; fine weather,,,
wt:大頭菜:0,大頭菜,duâi-tàu-chái,,,,Imported from Wiktionary (CC BY-SA 4.0): https://en.wiktionary.org/wiki/%E5%A4%A7%E9%A0%AD%E8%8F%9C#Chinese. Mandarin: dàtóucài.,noun,root mustard Brassica juncea var. napiformis,大头菜,,
wt:天狗食月:0,天狗食月,tiĕng-gēu siăh,,,,Imported from Wiktionary (CC BY-SA 4.0): https://en.wiktionary.org/wiki/%E5%A4%A9%E7%8B%97%E9%A3%9F%E6%9C%88#Chinese. Mandarin: tiāngǒu shíyuè. Pronounced siék-nguŏk.,noun,lunar eclipse,,,
wt:大頭鏡:0,大頭鏡,duâi-tàu-giáng,,,,Imported from Wiktionary (CC BY-SA 4.0): https://en.wiktionary.org/wiki/%E5%A4%A7%E9%A0%AD%E9%8F%A1#Chinese.,noun,magnifying glass,大头镜,,
wt:天主堂:0,天主堂,tiĕng-ciō-dòng,,,,Imported from Wiktionary (CC BY-SA 4.0): https://en.wiktionary.org/wiki/%E5%A4%A9%E4%B8%BB%E5%A0%82#Chinese. Mandarin: tiānzhǔtáng.,noun,(Catholicism) Catholic church,,,
wt:大鬍鬚:0,大鬍鬚,duâi-hù-sṳ̆,,,,Imported from Wiktionary (CC BY-SA 4.0): https://en.wiktionary.org/wiki/%E5%A4%A7%E9%AC%8D%E9%AC%9A#Chinese.,noun,whiskers; sideburns,大胡须,,
wt:太陽:0,太陽,tái-iòng,,,,"Imported from Wiktionary (CC BY-SA 4.0): https://en.wiktionary.org/wiki/%E5%A4%AA%E9%99%BD#Chinese. Mandarin: tàiyáng,tl=y,er=y,ertl=y.",noun,sun; the Sun,太阳,,
wt:太陽:0,太陽,tái-iòng,,,,,noun,sunshine; sunlight,太阳,,
wt:太陽:0,太陽,tái-iòng,,,,,noun,(tarot) the Sun,太阳,,
wt:太陽:0,太陽,tái-iòng,,,,,noun,(I Ching) greater yang (⚌),太阳,,
wt:失禮:0,失禮,sék-lā̤,,,,Imported from Wiktionary (CC BY-SA 4.0): https://en.wiktionary.org/wiki/%E5%A4%B1%E7%A6%AE#Chinese. Mandarin: shīlǐ.,verb,to lack manners; to be impolite; to breach etiquette,失礼,,
wt:天花:0,天花,tiĕng-huă,,,,"Imported from Wiktionary (CC BY-SA 4.0): https://en.wiktionary.org/wiki/%E5%A4%A9%E8%8A%B1#Chinese. Mandarin: tiānhuā,er=y.",noun,"(Buddhism) flower of the sky; divine flower, stated in the Lotus Sutra as of four kinds, two white and two red",,,
wt:天花:0,天花,tiĕng-huă,,,,,noun,(poetic) snowflake; snow,,,
wt:天花:0,天花,tiĕng-huă,,,,,noun,(disease) smallpox; variola,,,
wt:天花:0,天花,tiĕng-huă,,,,,noun,short for 天花板,,,
wt:天空:0,天空,tiĕng-kŭng,,,,Imported from Wiktionary (CC BY-SA 4.0): https://en.wiktionary.org/wiki/%E5%A4%A9%E7%A9%BA#Chinese. Mandarin: tiānkōng.,noun,sky; heavens; firmament,,,
wt:天空:0,天空,tiĕng-kŭng,,,,,adjective,(of the sky) open and vast,,,
wt:太空:0,太空,tái-kŭng,,,,Imported from Wiktionary (CC BY-SA 4.0): https://en.wiktionary.org/wiki/%E5%A4%AA%E7%A9%BA#Chinese. Mandarin: tàikōng.,noun,outer space,,,
wt:太陰:0,太陰,tái-ĭng,,,,Imported from Wiktionary (CC BY-SA 4.0): https://en.wiktionary.org/wiki/%E5%A4%AA%E9%99%B0#Chinese. Mandarin: tàiyīn.,adjective,lunar,太阴,,
wt:太陰:0,太陰,tái-ĭng,,,,,noun,the moon largest natural satellite of planet Earth,太阴,,
wt:太陰:0,太陰,tái-ĭng,,,,,noun,(I Ching) greater yin (⚏),太阴,,
wt:天頂:0,天頂,tiĕng-dīng,,,,Imported from Wiktionary (CC BY-SA 4.0): https://en.wiktionary.org/wiki/%E5%A4%A9%E9%A0%82#Chinese. Mandarin: tiāndǐng.,noun,sky,天顶,,
wt:天頂:0,天頂,tiĕng-dīng,,,,,noun,(astronomy) zenith,天顶,,
wt:太監:0,太監,tái-gáng,,,,"Imported from Wiktionary (CC BY-SA 4.0): https://en.wiktionary.org/wiki/%E5%A4%AA%E7%9B%A3#Chinese. Mandarin: tàijiàn,tl=y.",noun,"(historical, Qing dynasty) eunuch of a palace or court; imperial eunuch",太监,,
wt:太監:0,太監,tái-gáng,,,,,noun,"(historical, up to Ming dynasty) highest ranking imperial eunuch",太监,,
wt:太監:0,太監,tái-gáng,,,,,verb,"(slang, of a serialized novel etc.) to be discontinued by the author",太监,,
wt:天門:0,天門,tiĕng-muòng,,,,Imported from Wiktionary (CC BY-SA 4.0): https://en.wiktionary.org/wiki/%E5%A4%A9%E9%96%80#Chinese. Mandarin: tiānmén.,noun,(Chinese mythology) gate to the Heavenly Palace,天门,,
wt:天門:0,天門,tiĕng-muòng,,,,,noun,(historical) gate to the imperial palace,天门,,
wt:天門:0,天門,tiĕng-muòng,,,,,noun,(anatomy) centre of the forehead,天门,,
wt:天門:0,天門,tiĕng-muòng,,,,,noun,short for 天門冬,天门,,
wt:契弟:0,契弟,kié-diê,,,,Imported from Wiktionary (CC BY-SA 4.0): https://en.wiktionary.org/wiki/%E5%A5%91%E5%BC%9F#Chinese. Mandarin: qìdì.,noun,(literally) blood brother; sworn brother,,,
wt:契弟:0,契弟,kié-diê,,,,,noun,"(offensive, vulgar) bastard; idiot; son of a bitch",,,
wt:契哥:0,契哥,kié-gŏ̤,,,,Imported from Wiktionary (CC BY-SA 4.0): https://en.wiktionary.org/wiki/%E5%A5%91%E5%93%A5#Chinese. Mandarin: qìgē.,noun,blood brother; sworn (elder) brother,,,
wt:契哥:0,契哥,kié-gŏ̤,,,,,noun,(pejorative) bugger; sodomite,,,
wt:契囝:0,契囝,kié-giāng,,,,Imported from Wiktionary (CC BY-SA 4.0): https://en.wiktionary.org/wiki/%E5%A5%91%E5%9B%9D#Chinese.,noun,godson,,,
wt:奉教:0,奉教,hông-gáu,,,,Imported from Wiktionary (CC BY-SA 4.0): https://en.wiktionary.org/wiki/%E5%A5%89%E6%95%99#Chinese. Mandarin: fèngjiào.,verb,to receive instructions; to accept guidance,,,
wt:奉教:0,奉教,hông-gáu,,,,,verb,to believe in a religion; to follow a religion,,,
wt:奉教:0,奉教,hông-gáu,,,,,verb,(specifically) to be a Christian; to believe in Christianity,,,
wt:奉教堂:0,奉教堂,hông-gáu-dòng,,,,Imported from Wiktionary (CC BY-SA 4.0): https://en.wiktionary.org/wiki/%E5%A5%89%E6%95%99%E5%A0%82#Chinese.,noun,church,,,
wt:奇日:0,奇日,kiă-nĭk,,,,Imported from Wiktionary (CC BY-SA 4.0): https://en.wiktionary.org/wiki/%E5%A5%87%E6%97%A5#Chinese. Mandarin: jīrì.,noun,odd-numbered day in the traditional Chinese calendar,,,
wt:夾屎:0,夾屎,gĕk-sāi,,,,Imported from Wiktionary (CC BY-SA 4.0): https://en.wiktionary.org/wiki/%E5%A4%BE%E5%B1%8E#Chinese.,verb,"to help with defecating of a child, invalid, etc.; to hold a baby while it defecates",夹屎,,
wt:夾尿:0,夾尿,gĕk-niêu,,,,Imported from Wiktionary (CC BY-SA 4.0): https://en.wiktionary.org/wiki/%E5%A4%BE%E5%B0%BF#Chinese.,verb,"to help with urinating of a child, invalid, etc.; to hold a baby while it urinates",夹尿,,
wt:女神:0,女神,nṳ̄-sìng,,,,Imported from Wiktionary (CC BY-SA 4.0): https://en.wiktionary.org/wiki/%E5%A5%B3%E7%A5%9E#Chinese. Mandarin: nǚshén.,noun,(religion) goddess,,,
wt:女神:0,女神,nṳ̄-sìng,,,,,noun,"(neologism) of a young female, e.g. a 白富美 the goddess of one's heart",,,
wt:女人:0,女人,nṳ̄-ìng,,,,Imported from Wiktionary (CC BY-SA 4.0): https://en.wiktionary.org/wiki/%E5%A5%B3%E4%BA%BA#Chinese. Mandarin: nǚrén.,noun,woman; adult female (classifier: 個),,,
wt:女人:0,女人,nṳ̄-ìng,,,,,noun,lover; mistress (classifier: 個),,,
wt:女人:0,女人,nṳ̄-ìng,,,,,noun,wife,,,
wt:如意:0,如意,ṳ̀-é,,,,Imported from Wiktionary (CC BY-SA 4.0): https://en.wiktionary.org/wiki/%E5%A6%82%E6%84%8F#Chinese. Mandarin: rúyì.,verb,to be as one wishes; to be satisfactory,,,
wt:如意:0,如意,ṳ̀-é,,,,,noun,"ceremonial sceptre auspicious decorative object associated with Chinese Buddhist ritual made from bone or jade, with a cloud or lingzhi-shaped head and slightly curved handle",,,
wt:如意:0,如意,ṳ̀-é,,,,,noun,backscratcher,,,
wt:奴才:0,奴才,nù-chài,,,,"Imported from Wiktionary (CC BY-SA 4.0): https://en.wiktionary.org/wiki/%E5%A5%B4%E6%89%8D#Chinese. Mandarin: núcái,tl=y.",noun,slave; servant; flunkey,,,
wt:奴才:0,奴才,nù-chài,,,,,noun,(pejorative) lackey; minion; bootlicker,,,
wt:奴才:0,奴才,nù-chài,,,,,pronoun,"(historical, humble) Used by court eunuchs and officials during the Qing dynasty when addressing the emperor, as a term of self-reference: I, the servant",,,
wt:女巫:0,女巫,nṳ̄-ŭ,,,,Imported from Wiktionary (CC BY-SA 4.0): https://en.wiktionary.org/wiki/%E5%A5%B3%E5%B7%AB#Chinese. Mandarin: nǚwū.,noun,witch; sorceress,,,
wt:如來:0,如來,ṳ̀-lài,,,,Imported from Wiktionary (CC BY-SA 4.0): https://en.wiktionary.org/wiki/%E5%A6%82%E4%BE%86#Chinese. Mandarin: rúlái. Other readings: ṳ̀-lì.,noun,(Buddhism) tathagata,如来,,
wt:好朋友:0,好朋友,hō̤-bèng-īu,,,,"Imported from Wiktionary (CC BY-SA 4.0): https://en.wiktionary.org/wiki/%E5%A5%BD%E6%9C%8B%E5%8F%8B#Chinese. Mandarin: hǎopéngyou,hǎopéngyǒu,1nb=standard in Mainland,2nb=standard in Taiwan.",noun,good friend; best friend,,,
wt:奴婢:0,奴婢,nù-bê,,,,Imported from Wiktionary (CC BY-SA 4.0): https://en.wiktionary.org/wiki/%E5%A5%B4%E5%A9%A2#Chinese. Mandarin: núbì.,noun,(archaic) servants and maid-servants as a combined category,,,
wt:奴婢:0,奴婢,nù-bê,,,,,noun,"(archaic) I; your humble servant term of self-address used by servants, maid-servants and eunuchs when addressing the emperor, ministers, concubines, etc.",,,
wt:好天:0,好天,hō̤-tiĕng,,,,"Imported from Wiktionary (CC BY-SA 4.0): https://en.wiktionary.org/wiki/%E5%A5%BD%E5%A4%A9#Chinese. Mandarin: hǎotiān,er=y.",noun,fine day; day of lovely weather,,,
wt:女界:0,女界,nṳ̄-gái,,,,Imported from Wiktionary (CC BY-SA 4.0): https://en.wiktionary.org/wiki/%E5%A5%B3%E7%95%8C#Chinese. Mandarin: nǚjiè.,noun,(obsolete) woman; female; especially women in a collective sense (“womankind; women's world”),,,
wt:女界:0,女界,nṳ̄-gái,,,,,noun,"woman, female",,,
wt:好命:0,好命,hō̤-miâng,,,,Imported from Wiktionary (CC BY-SA 4.0): https://en.wiktionary.org/wiki/%E5%A5%BD%E5%91%BD#Chinese. Mandarin: hǎomìng.,adjective,having a fortunate life; having a lucky life,,,
wt:女囝:0,女囝,nṳ̄-giāng,,,,Imported from Wiktionary (CC BY-SA 4.0): https://en.wiktionary.org/wiki/%E5%A5%B3%E5%9B%9D#Chinese.,noun,girl,,,
wt:如常:0,如常,ṳ̀-siòng,,,,Imported from Wiktionary (CC BY-SA 4.0): https://en.wiktionary.org/wiki/%E5%A6%82%E5%B8%B8#Chinese. Mandarin: rúcháng.,verb,to be as usual,,,
wt:奴家:0,奴家,nù-gă,,,,Imported from Wiktionary (CC BY-SA 4.0): https://en.wiktionary.org/wiki/%E5%A5%B4%E5%AE%B6#Chinese. Mandarin: nújiā.,pronoun,"(archaic, women's speech, humble) I; me",,,
wt:妊娠:0,妊娠,êng-sĭng,,,,"Imported from Wiktionary (CC BY-SA 4.0): https://en.wiktionary.org/wiki/%E5%A6%8A%E5%A8%A0#Chinese. Mandarin: rènshēn,rènchén,2nb=nonstandard variant.",verb,(formal) to gestate; to be pregnant,,,
wt:妊娠:0,妊娠,êng-sĭng,,,,,noun,gestation; pregnancy,,,
wt:如果:0,如果,ṳ̀-guō,,,,Imported from Wiktionary (CC BY-SA 4.0): https://en.wiktionary.org/wiki/%E5%A6%82%E6%9E%9C#Chinese. Mandarin: rúguǒ.,,if,,,
wt:妓女:0,妓女,gê-nṳ̄,,,,Imported from Wiktionary (CC BY-SA 4.0): https://en.wiktionary.org/wiki/%E5%A6%93%E5%A5%B3#Chinese. Mandarin: jìnǚ.,noun,female prostitute,,,
wt:妓女:0,妓女,gê-nṳ̄,,,,,noun,"(historical, obsolete) female performer particularly in the court entertainments of China's dynastic period",,,
wt:好看:0,好看,hō̤-káng,,,,Imported from Wiktionary (CC BY-SA 4.0): https://en.wiktionary.org/wiki/%E5%A5%BD%E7%9C%8B#Chinese. Mandarin: hǎokàn.,adjective,good-looking; beautiful; pretty,,,
wt:好看:0,好看,hō̤-káng,,,,,adjective,interesting; good; worth seeing; worth reading,,,
wt:好看:0,好看,hō̤-káng,,,,,adjective,proud,,,
wt:好看:0,好看,hō̤-káng,,,,,adjective,(sarcastic) embarrassed,,,
wt:妝奩:0,妝奩,cŏng-lièng,,,,Imported from Wiktionary (CC BY-SA 4.0): https://en.wiktionary.org/wiki/%E5%A6%9D%E5%A5%A9#Chinese. Mandarin: zhuānglián.,noun,trousseau; dowry,妆奁,,
wt:妝奩:0,妝奩,cŏng-lièng,,,,,noun,cosmetic articles,妆奁,,
wt:妙計:0,妙計,miêu-gié,,,,Imported from Wiktionary (CC BY-SA 4.0): https://en.wiktionary.org/wiki/%E5%A6%99%E8%A8%88#Chinese. Mandarin: miàojì.,noun,brilliant scheme; excellent plan; wonderful idea,妙计,,
wt:好疼:0,好疼,hō̤-tiáng,,,,Imported from Wiktionary (CC BY-SA 4.0): https://en.wiktionary.org/wiki/%E5%A5%BD%E7%96%BC#Chinese. Mandarin: hǎoténg.,adjective,very painful,,,
wt:好疼:0,好疼,hō̤-tiáng,,,,,adjective,lovable; cute,,,
wt:好疼:0,好疼,hō̤-tiáng,,,,,adjective,obedient,,,
wt:妓館:0,妓館,gê-guāng,,,,Imported from Wiktionary (CC BY-SA 4.0): https://en.wiktionary.org/wiki/%E5%A6%93%E9%A4%A8#Chinese. Mandarin: jìguǎn.,noun,brothel; whorehouse,妓馆,,
wt:姓氏:0,姓氏,séng-sê,,,,Imported from Wiktionary (CC BY-SA 4.0): https://en.wiktionary.org/wiki/%E5%A7%93%E6%B0%8F#Chinese. Mandarin: xìngshì.,noun,family name; surname,,,
wt:姑娘:0,姑娘,gŭ-niòng,,,,"Imported from Wiktionary (CC BY-SA 4.0): https://en.wiktionary.org/wiki/%E5%A7%91%E5%A8%98#Chinese. Mandarin: gūniang,gūniáng,er=y.",noun,girl; maiden; unmarried woman,,,
wt:姑娘:0,姑娘,gŭ-niòng,,,,,noun,"(historical, obsolete) concubine",,,
wt:姑娘:0,姑娘,gŭ-niòng,,,,,noun,female prostitute,,,
wt:姑娘:0,姑娘,gŭ-niòng,,,,,noun,alternative form of 菇蔫,,,
wt:姓名:0,姓名,séng-mìng,,,,Imported from Wiktionary (CC BY-SA 4.0): https://en.wiktionary.org/wiki/%E5%A7%93%E5%90%8D#Chinese. Mandarin: xìngmíng.,noun,full name of a person,,,
wt:姐妹:0,姐妹,ciā-muói,,,,Imported from Wiktionary (CC BY-SA 4.0): https://en.wiktionary.org/wiki/%E5%A7%90%E5%A6%B9#Chinese. Mandarin: jiěmèi.,noun,elder sister and younger sister; sisters,,,
wt:姐妹:0,姐妹,ciā-muói,,,,,noun,"(neologism, fandom slang, feminine) term to address fellow/peer-netizens on social media platforms",,,
wt:姐妹:0,姐妹,ciā-muói,,,,,noun,(LGBTQ slang) gay,,,
wt:威儀:0,威儀,ŭi-ngì,,,,Imported from Wiktionary (CC BY-SA 4.0): https://en.wiktionary.org/wiki/%E5%A8%81%E5%84%80#Chinese. Mandarin: wēiyí.,noun,(formal) stately bearing; dignified manner,威仪,,
wt:娃娃:0,娃娃,uă-uă,,,,Imported from Wiktionary (CC BY-SA 4.0): https://en.wiktionary.org/wiki/%E5%A8%83%E5%A8%83#Chinese. Mandarin: wáwa.,noun,baby,,,
wt:娃娃:0,娃娃,uă-uă,,,,,noun,young child,,,
wt:娃娃:0,娃娃,uă-uă,,,,,noun,children,,,
wt:娃娃:0,娃娃,uă-uă,,,,,noun,doll; toy figurine especially one shaped as a baby,,,
wt:姨媽:0,姨媽,ì-mā,,,,Imported from Wiktionary (CC BY-SA 4.0): https://en.wiktionary.org/wiki/%E5%A7%A8%E5%AA%BD#Chinese. Mandarin: yímā.,noun,great-aunt grandmother's sister,姨妈,,
wt:姨媽:0,姨媽,ì-mā,,,,,noun,(informal) 大姨媽 menstrual period,姨妈,,
wt:妹夫:0,妹夫,muói-hŭ,,,,"Imported from Wiktionary (CC BY-SA 4.0): https://en.wiktionary.org/wiki/%E5%A6%B9%E5%A4%AB#Chinese. Mandarin: mèifū,tl=y.",noun,brother-in-law younger sister's husband,,,
wt:始祖:0,始祖,sṳ̄-cū,,,,Imported from Wiktionary (CC BY-SA 4.0): https://en.wiktionary.org/wiki/%E5%A7%8B%E7%A5%96#Chinese. Mandarin: shǐzǔ.,noun,(literally) earliest ancestor; primogenitor; progenitor,,,
wt:始祖:0,始祖,sṳ̄-cū,,,,,noun,(figuratively) originator; initiator; creator; founder,,,
wt:始祖:0,始祖,sṳ̄-cū,,,,,adjective,(attributive) primitive; archaeo-,,,
wt:威武:0,威武,ŭi-ū,,,,Imported from Wiktionary (CC BY-SA 4.0): https://en.wiktionary.org/wiki/%E5%A8%81%E6%AD%A6#Chinese. Mandarin: wēiwǔ.,adjective,mighty; powerful; formidable,,,
wt:威武:0,威武,ŭi-ū,,,,,noun,might; power,,,
wt:姑丈:0,姑丈,gŭ-diông,,,,Imported from Wiktionary (CC BY-SA 4.0): https://en.wiktionary.org/wiki/%E5%A7%91%E4%B8%88#Chinese. Mandarin: gūzhàng.,noun,uncle husband of one's father's sister,,,
wt:姨丈:0,姨丈,ì-diông,,,,Imported from Wiktionary (CC BY-SA 4.0): https://en.wiktionary.org/wiki/%E5%A7%A8%E4%B8%88#Chinese. Mandarin: yízhàng.,noun,maternal uncle husband of mother's sister,,,
wt:姨夫:0,姨夫,ì-hŭ,,,,"Imported from Wiktionary (CC BY-SA 4.0): https://en.wiktionary.org/wiki/%E5%A7%A8%E5%A4%AB#Chinese. Mandarin: yífu,yífū,1nb=Mainland,2nb=Taiwan.",noun,maternal uncle husband of mother's sister,,,
wt:姨夫:0,姨夫,ì-hŭ,,,,,noun,brother-in-law husband of wife's sister,,,
wt:姨夫:0,姨夫,ì-hŭ,,,,,noun,(affectionate) a form of address between two clients of the same prostitute,,,
wt:姐夫:0,姐夫,ciā-hŭ,,,,"Imported from Wiktionary (CC BY-SA 4.0): https://en.wiktionary.org/wiki/%E5%A7%90%E5%A4%AB#Chinese. Mandarin: jiěfu,jiěfū,1nb=standard in Mainland,2nb=standard in Taiwan.",noun,brother-in-law elder sister's husband,,,
wt:姑爺:0,姑爺,gŭ-iè,,,,Imported from Wiktionary (CC BY-SA 4.0): https://en.wiktionary.org/wiki/%E5%A7%91%E7%88%BA#Chinese. Mandarin: gūye.,noun,son-in-law used by wife's family,姑爷,,
wt:姑爺:0,姑爺,gŭ-iè,,,,,noun,paternal uncle father's sister's husband,姑爷,,
wt:姑爺:0,姑爺,gŭ-iè,,,,,noun,granduncle husband of paternal grandfather's sister,姑爷,,
wt:姑婆:0,姑婆,gŭ-bò̤,,,,Imported from Wiktionary (CC BY-SA 4.0): https://en.wiktionary.org/wiki/%E5%A7%91%E5%A9%86#Chinese. Mandarin: gūpó.,noun,husband's paternal aunt sister of a woman's father-in-law,,,
wt:姑婆:0,姑婆,gŭ-bò̤,,,,,noun,paternal grandaunt paternal grandfather's sister,,,
wt:姆婆:0,姆婆,mū-bò̤,,,,Imported from Wiktionary (CC BY-SA 4.0): https://en.wiktionary.org/wiki/%E5%A7%86%E5%A9%86#Chinese.,noun,grandaunt; great-aunt wife of paternal grandfather's elder brother,,,
wt:姑爹:0,姑爹,gŭ-diă,,,,Imported from Wiktionary (CC BY-SA 4.0): https://en.wiktionary.org/wiki/%E5%A7%91%E7%88%B9#Chinese. Mandarin: gūdiē. Other readings: gŭ-diĕ.,noun,paternal uncle husband of one's father's sister,,,
wt:姆姆:0,姆姆,mū,,,,Imported from Wiktionary (CC BY-SA 4.0): https://en.wiktionary.org/wiki/%E5%A7%86%E5%A7%86#Chinese. Mandarin: mǔmǔ. Pronounced mŭ-mū.,noun,(archaic) wife of husband's elder brother,,,
wt:姆姆:0,姆姆,mū,,,,,noun,(Sichuan) middle-aged woman,,,
wt:姆姆:0,姆姆,mū,,,,,noun,paternal aunt wife of father's elder brother,,,
wt:姆嬸:0,姆嬸,mū-sīng,,,,Imported from Wiktionary (CC BY-SA 4.0): https://en.wiktionary.org/wiki/%E5%A7%86%E5%AC%B8#Chinese.,noun,wives of brothers; sisters-in-law,姆婶,,
wt:姨公:0,姨公,ì-gŭng,,,,Imported from Wiktionary (CC BY-SA 4.0): https://en.wiktionary.org/wiki/%E5%A7%A8%E5%85%AC#Chinese. Mandarin: yígōng.,noun,great-uncle husband of father's mother's sister,,,
wt:姨太:0,姨太,ì-tái,,,,Imported from Wiktionary (CC BY-SA 4.0): https://en.wiktionary.org/wiki/%E5%A7%A8%E5%A4%AA#Chinese. Mandarin: yítài.,noun,short for for 姨太太,,,
wt:姨太:0,姨太,ì-tái,,,,,noun,old concubine,,,
wt:姨娘:0,姨娘,ì-niòng,,,,Imported from Wiktionary (CC BY-SA 4.0): https://en.wiktionary.org/wiki/%E5%A7%A8%E5%A8%98#Chinese. Mandarin: yíniáng.,noun,father's concubine,,,
wt:姨娘:0,姨娘,ì-niòng,,,,,noun,(Shaoxing) direct term of address stepmother,,,
wt:姪新婦:0,姪新婦,dĭk-sĭng-bô,,,,Imported from Wiktionary (CC BY-SA 4.0): https://en.wiktionary.org/wiki/%E5%A7%AA%E6%96%B0%E5%A9%A6#Chinese.,noun,"(Pingxiang, Danyang) nephew's wife brother's son's wife",侄新妇,,
wt:姦淫:0,姦淫,găng-ìng,,,,Imported from Wiktionary (CC BY-SA 4.0): https://en.wiktionary.org/wiki/%E5%A7%A6%E6%B7%AB#Chinese. Mandarin: jiānyín.,verb,to sexually violate; to rape; to molest,奸淫,,
wt:婚姻:0,婚姻,huŏng-ĭng,,,,Imported from Wiktionary (CC BY-SA 4.0): https://en.wiktionary.org/wiki/%E5%A9%9A%E5%A7%BB#Chinese. Mandarin: hūnyīn.,noun,marriage; matrimony,,,
wt:威脅:0,威脅,ŭi-hiĕk,,,,Imported from Wiktionary (CC BY-SA 4.0): https://en.wiktionary.org/wiki/%E5%A8%81%E8%84%85#Chinese. Mandarin: wēixié.,verb,"(literally, figuratively) to threaten; to menace; to intimidate",威胁,,
wt:婊子:0,婊子,biēu-cṳ̄,,,,Imported from Wiktionary (CC BY-SA 4.0): https://en.wiktionary.org/wiki/%E5%A9%8A%E5%AD%90#Chinese. Mandarin: biǎozi.,noun,(obsolete) mistress,,,
wt:婊子:0,婊子,biēu-cṳ̄,,,,,noun,(derogatory) female prostitute; whore,,,
wt:婊子:0,婊子,biēu-cṳ̄,,,,,noun,"(derogatory, term of abuse) whore; bitch; slut",,,
wt:婢女:0,婢女,bê-nṳ̄,,,,Imported from Wiktionary (CC BY-SA 4.0): https://en.wiktionary.org/wiki/%E5%A9%A2%E5%A5%B3#Chinese. Mandarin: bìnǚ.,noun,slave-girl; servant girl; maid,,,
wt:姦詐:0,姦詐,găng-cá,,,,Imported from Wiktionary (CC BY-SA 4.0): https://en.wiktionary.org/wiki/%E5%A7%A6%E8%A9%90#Chinese. Mandarin: jiānzhà.,adjective,treacherous; devious; crafty,奸诈,,
wt:婆媳:0,婆媳,bò̤-sék,,,,Imported from Wiktionary (CC BY-SA 4.0): https://en.wiktionary.org/wiki/%E5%A9%86%E5%AA%B3#Chinese. Mandarin: póxí.,noun,mother-in-law and daughter-in-law,,,
wt:婕妤:0,婕妤,ciĕk-ṳ̀,,,,Imported from Wiktionary (CC BY-SA 4.0): https://en.wiktionary.org/wiki/%E5%A9%95%E5%A6%A4#Chinese. Mandarin: jiéyú.,noun,"(historical) Lady of the ""favored beauty"" a title for concubine",,,
wt:娘嬭:0,娘嬭,nòng-nā̤,,,,Imported from Wiktionary (CC BY-SA 4.0): https://en.wiktionary.org/wiki/%E5%A8%98%E5%AC%AD#Chinese.,noun,(non-face-to-face) mother,娘妳,,
wt:娘妗:0,娘妗,niòng-gêng,,,,Imported from Wiktionary (CC BY-SA 4.0): https://en.wiktionary.org/wiki/%E5%A8%98%E5%A6%97#Chinese.,noun,maternal aunt wife of mother's brother,,,
wt:娘嬭囝:0,娘嬭囝,niòng-nā̤-giāng,,,,Imported from Wiktionary (CC BY-SA 4.0): https://en.wiktionary.org/wiki/%E5%A8%98%E5%AC%AD%E5%9B%9D#Chinese.,noun,mother and child,娘妳囝,,
wt:娘舅:0,娘舅,nòng-gêu,,,,Imported from Wiktionary (CC BY-SA 4.0): https://en.wiktionary.org/wiki/%E5%A8%98%E8%88%85#Chinese. Mandarin: niángjiù.,noun,maternal uncle mother's brother,,,
wt:媽媽:0,媽媽,mă-mă,,,,"Imported from Wiktionary (CC BY-SA 4.0): https://en.wiktionary.org/wiki/%E5%AA%BD%E5%AA%BD#Chinese. Mandarin: māma,mǎmá,1nb=standard in Mainland and Taiwan,2nb=variant in Taiwan.",noun,(informal) mum (mom); mama,妈妈,,
wt:媽媽:0,媽媽,mă-mă,,,,,noun,"(Internet slang, figurative) a person who speaks or acts in a motherly way",妈妈,,
wt:媽媽:0,媽媽,mă-mă,,,,,noun,breast,妈妈,,
wt:媽媽:0,媽媽,mă-mă,,,,,noun,"(ACG, figurative) character designer (female)",妈妈,,
wt:嫦娥:0,嫦娥,Siòng-ngò̤,,,,Imported from Wiktionary (CC BY-SA 4.0): https://en.wiktionary.org/wiki/%E5%AB%A6%E5%A8%A5#Chinese. Mandarin: Cháng'é.,noun,(metonymy) moon,,,
wt:嫦娥:0,嫦娥,Siòng-ngò̤,,,,,noun,"(metonymy) graceful, beautiful woman",,,
wt:媲美:0,媲美,bê-mī,,,,Imported from Wiktionary (CC BY-SA 4.0): https://en.wiktionary.org/wiki/%E5%AA%B2%E7%BE%8E#Chinese. Mandarin: pìměi.,verb,to compare favourably with; to (be able to) match; to be comparable with,,,
wt:媒人:0,媒人,muòi-nè̤ng,,,,"Imported from Wiktionary (CC BY-SA 4.0): https://en.wiktionary.org/wiki/%E5%AA%92%E4%BA%BA#Chinese. Mandarin: méirén,tl=y.",noun,matchmaker,,,
wt:媒人媽:0,媒人媽,muòi-nè̤ng-mā,,,,Imported from Wiktionary (CC BY-SA 4.0): https://en.wiktionary.org/wiki/%E5%AA%92%E4%BA%BA%E5%AA%BD#Chinese.,noun,female matchmaker,媒人妈,,
wt:媒儂:0,媒儂,muòi-nè̤ng,,,,Imported from Wiktionary (CC BY-SA 4.0): https://en.wiktionary.org/wiki/%E5%AA%92%E5%84%82#Chinese.,noun,alternative form of 媒人,媒侬,,
wt:子彈:0,子彈,cṳ̄-dàng,,,,Imported from Wiktionary (CC BY-SA 4.0): https://en.wiktionary.org/wiki/%E5%AD%90%E5%BD%88#Chinese. Mandarin: zǐdàn.,noun,(countable) bullet,子弹,,
wt:孕育:0,孕育,êng-ṳ̆k,,,,Imported from Wiktionary (CC BY-SA 4.0): https://en.wiktionary.org/wiki/%E5%AD%95%E8%82%B2#Chinese. Mandarin: yùnyù.,verb,to be pregnant and produce offspring,,,
wt:孕育:0,孕育,êng-ṳ̆k,,,,,verb,(figurative) to foster; to nurture; to breed,,,
wt:孔明:0,孔明,Kūng-mìng,,,,Imported from Wiktionary (CC BY-SA 4.0): https://en.wiktionary.org/wiki/%E5%AD%94%E6%98%8E#Chinese. Mandarin: Kǒngmíng.,adjective,clear; bright; clean,,,
wt:嬋娟:0,嬋娟,sièng-giŏng,,,,Imported from Wiktionary (CC BY-SA 4.0): https://en.wiktionary.org/wiki/%E5%AC%8B%E5%A8%9F#Chinese. Mandarin: chánjuān.,adjective,(of posture) fair; graceful; elegant,婵娟,,
wt:嬋娟:0,嬋娟,sièng-giŏng,,,,,noun,beautiful woman,婵娟,,
wt:嬋娟:0,嬋娟,sièng-giŏng,,,,,noun,moon,婵娟,,
wt:子子:0,子子,cī-cī,,,,Imported from Wiktionary (CC BY-SA 4.0): https://en.wiktionary.org/wiki/%E5%AD%90%E5%AD%90#Chinese.,noun,seed,,,
wt:子子:0,子子,cī-cī,,,,,noun,(Hengyang) aphid,,,
wt:孔毛:0,孔毛,kūng-mò̤,,,,Imported from Wiktionary (CC BY-SA 4.0): https://en.wiktionary.org/wiki/%E5%AD%94%E6%AF%9B#Chinese.,noun,fine human body hair; down,,,
wt:孀居:0,孀居,sŏng-gṳ̆,,,,Imported from Wiktionary (CC BY-SA 4.0): https://en.wiktionary.org/wiki/%E5%AD%80%E5%B1%85#Chinese. Mandarin: shuāngjū.,verb,to remain a widow; to live in widowhood,,,
wt:孀居:0,孀居,sŏng-gṳ̆,,,,,noun,widow,,,
wt:孀居儂:0,孀居儂,sŏng-gṳ̆-nè̤ng,,,,Imported from Wiktionary (CC BY-SA 4.0): https://en.wiktionary.org/wiki/%E5%AD%80%E5%B1%85%E5%84%82#Chinese.,noun,widow,孀居侬,,
wt:嫩碗:0,嫩碗,nâung-uāng,,,,Imported from Wiktionary (CC BY-SA 4.0): https://en.wiktionary.org/wiki/%E5%AB%A9%E7%A2%97#Chinese.,noun,small bowl,,,
wt:嬉遊:0,嬉遊,hĭ-iù,,,,Imported from Wiktionary (CC BY-SA 4.0): https://en.wiktionary.org/wiki/%E5%AC%89%E9%81%8A#Chinese. Mandarin: xīyóu.,verb,to amuse oneself; to play; to have fun,嬉游,,
wt:嬉遊:0,嬉遊,hĭ-iù,,,,,verb,to go sightseeing; to stroll about,嬉游,,
wt:字典:0,字典,cê-diēng,,,,Imported from Wiktionary (CC BY-SA 4.0): https://en.wiktionary.org/wiki/%E5%AD%97%E5%85%B8#Chinese. Mandarin: zìdiǎn.,noun,"dictionary of Chinese characters; Han character dictionary (classifier: 本, 部)",,,
wt:字典:0,字典,cê-diēng,,,,,noun,(proscribed) General term for dictionary,,,
wt:字典:0,字典,cê-diēng,,,,,noun,(computing) dictionary an associative array; a data structure where each value is referenced by a particular key,,,
wt:字典:0,字典,cê-diēng,,,,,noun,(computing) dictionary a set of text strings such as passwords,,,
wt:字母:0,字母,cê-mō̤,,,,"Imported from Wiktionary (CC BY-SA 4.0): https://en.wiktionary.org/wiki/%E5%AD%97%E6%AF%8D#Chinese. Mandarin: zìmǔ,er=y.",noun,letter of an alphabet,,,
wt:字母:0,字母,cê-mō̤,,,,,noun,alphabet,,,
wt:字母:0,字母,cê-mō̤,,,,,noun,(Chinese phonetics) character representing an initial consonant,,,
wt:字母:0,字母,cê-mō̤,,,,,noun,(typesetting) matrix,,,
wt:孝順:0,孝順,háu-sông,,,,"Imported from Wiktionary (CC BY-SA 4.0): https://en.wiktionary.org/wiki/%E5%AD%9D%E9%A0%86#Chinese. Mandarin: xiàoshùn,tl=y.",verb,to show filial piety; to be obedient to one's parents or other senior relatives,孝顺,,
wt:孝順:0,孝順,háu-sông,,,,,verb,to offer a present to a superior,孝顺,,
wt:孝順:0,孝順,háu-sông,,,,,noun,filial piety; filial duty,孝顺,,
wt:孝男:0,孝男,háu-nàng,,,,Imported from Wiktionary (CC BY-SA 4.0): https://en.wiktionary.org/wiki/%E5%AD%9D%E7%94%B7#Chinese. Mandarin: xiàonán.,noun,man who is respectful and obedient to his parents,,,
wt:孝男:0,孝男,háu-nàng,,,,,noun,man who is observing the ritual mourning for his deceased parent; bereaved son,,,
wt:孝感:0,孝感,háu-gāng,,,,Imported from Wiktionary (CC BY-SA 4.0): https://en.wiktionary.org/wiki/%E5%AD%9D%E6%84%9F#Chinese. Mandarin: xiàogǎn.,noun,response brought on by filial piety,,,
wt:孤單:0,孤單,gŭ-dăng,,,,Imported from Wiktionary (CC BY-SA 4.0): https://en.wiktionary.org/wiki/%E5%AD%A4%E5%96%AE#Chinese. Mandarin: gūdān.,adjective,lonely; lonesome; solitary; desolate,孤单,,
wt:孤單:0,孤單,gŭ-dăng,,,,,adjective,weak; powerless,孤单,,
wt:字謎:0,字謎,cê-mê,,,,Imported from Wiktionary (CC BY-SA 4.0): https://en.wiktionary.org/wiki/%E5%AD%97%E8%AC%8E#Chinese. Mandarin: zìmí.,noun,riddle about a Chinese character or word,字谜,,
wt:孝杖:0,孝杖,há-tiông,,,,Imported from Wiktionary (CC BY-SA 4.0): https://en.wiktionary.org/wiki/%E5%AD%9D%E6%9D%96#Chinese.,noun,staff in former times used by the son of the deceased in a funeral procession to show filial piety,,,
wt:字運:0,字運,cê-ông,,,,Imported from Wiktionary (CC BY-SA 4.0): https://en.wiktionary.org/wiki/%E5%AD%97%E9%81%8B#Chinese.,noun,fate; destiny,字运,,
wt:字爿:0,字爿,cê-bèng,,,,Imported from Wiktionary (CC BY-SA 4.0): https://en.wiktionary.org/wiki/%E5%AD%97%E7%88%BF#Chinese.,noun,(Chinese linguistics) component of a Chinese character; usually the 部首,,,
wt:孤孀:0,孤孀,gŭ-sŏng,,,,Imported from Wiktionary (CC BY-SA 4.0): https://en.wiktionary.org/wiki/%E5%AD%A4%E5%AD%80#Chinese. Mandarin: gūshuāng.,noun,widow,,,
wt:孤孀:0,孤孀,gŭ-sŏng,,,,,noun,widow and orphan,,,
wt:存意:0,存意,còng-é,,,,Imported from Wiktionary (CC BY-SA 4.0): https://en.wiktionary.org/wiki/%E5%AD%98%E6%84%8F#Chinese.,adverb,(usually in negative sentences) intentionally; deliberately,,,
wt:學生:0,學生,hŏk-sĕng,,,,"Imported from Wiktionary (CC BY-SA 4.0): https://en.wiktionary.org/wiki/%E5%AD%B8%E7%94%9F#Chinese. Mandarin: xuéshēng,tl=y.",noun,student; pupil,学生,,
wt:學生:0,學生,hŏk-sĕng,,,,,noun,disciple; follower,学生,,
wt:學校:0,學校,hŏk-hâu,,,,Imported from Wiktionary (CC BY-SA 4.0): https://en.wiktionary.org/wiki/%E5%AD%B8%E6%A0%A1#Chinese. Mandarin: xuéxiào.,noun,(countable) school,学校,,
wt:學習:0,學習,hŏk-sĭk,,,,Imported from Wiktionary (CC BY-SA 4.0): https://en.wiktionary.org/wiki/%E5%AD%B8%E7%BF%92#Chinese. Mandarin: xuéxí.,verb,to study; to learn; to acquire knowledge,学习,,
wt:學習:0,學習,hŏk-sĭk,,,,,verb,to follow the example of; to imitate someone's behaviour,学习,,
wt:孩兒:0,孩兒,hài,,,,"Imported from Wiktionary (CC BY-SA 4.0): https://en.wiktionary.org/wiki/%E5%AD%A9%E5%85%92#Chinese. Mandarin: hái'ér,háir. Pronounced hà-ì.",noun,child,孩儿,,
wt:孩兒:0,孩兒,hài,,,,,noun,son,孩儿,,
wt:學名:0,學名,hŏk-miàng,,,,Imported from Wiktionary (CC BY-SA 4.0): https://en.wiktionary.org/wiki/%E5%AD%B8%E5%90%8D#Chinese. Mandarin: xuémíng.,noun,(biology) scientific name Latinised name given to a species according to the rules of binomial nomenclature,学名,,
wt:學名:0,學名,hŏk-miàng,,,,,noun,"school name formal name given to Chinese adolescents, and used by older people to address them",学名,,
wt:學費:0,學費,hŏk-hié,,,,Imported from Wiktionary (CC BY-SA 4.0): https://en.wiktionary.org/wiki/%E5%AD%B8%E8%B2%BB#Chinese. Mandarin: xuéfèi.,noun,tuition fee; tuition,学费,,
wt:學費:0,學費,hŏk-hié,,,,,noun,educational expenses all expenses incurred during a student's study period,学费,,
wt:學費:0,學費,hŏk-hié,,,,,noun,(figurative) cost; price,学费,,
wt:學位:0,學位,hŏk-ôi,,,,Imported from Wiktionary (CC BY-SA 4.0): https://en.wiktionary.org/wiki/%E5%AD%B8%E4%BD%8D#Chinese. Mandarin: xuéwèi.,noun,academic degree,学位,,
wt:孫女:0,孫女,sŏng-nṳ̄,,,,"Imported from Wiktionary (CC BY-SA 4.0): https://en.wiktionary.org/wiki/%E5%AD%AB%E5%A5%B3#Chinese. Mandarin: sūnnǚ,er=y.",noun,granddaughter one's son's daughter,孙女,,
wt:學堂:0,學堂,hŏk-dòng,,,,Imported from Wiktionary (CC BY-SA 4.0): https://en.wiktionary.org/wiki/%E5%AD%B8%E5%A0%82#Chinese. Mandarin: xuétáng.,noun,(historical) old-style private school,学堂,,
wt:學堂:0,學堂,hŏk-dòng,,,,,noun,school,学堂,,
wt:孺子:0,孺子,ṳ̀-cṳ̄,,,,Imported from Wiktionary (CC BY-SA 4.0): https://en.wiktionary.org/wiki/%E5%AD%BA%E5%AD%90#Chinese. Mandarin: rúzǐ.,noun,child,,,
wt:孺子:0,孺子,ṳ̀-cṳ̄,,,,,noun,young person,,,
wt:孫囝:0,孫囝,sŏng-giāng,,,,Imported from Wiktionary (CC BY-SA 4.0): https://en.wiktionary.org/wiki/%E5%AD%AB%E5%9B%9D#Chinese.,noun,grandson,孙囝,,
wt:孵卵:0,孵卵,bû-lông,,,,Imported from Wiktionary (CC BY-SA 4.0): https://en.wiktionary.org/wiki/%E5%AD%B5%E5%8D%B5#Chinese. Mandarin: fūluǎn.,verb,to incubate; to hatch,,,
wt:孫新婦:0,孫新婦,sŏng-sĭng-bô,,,,Imported from Wiktionary (CC BY-SA 4.0): https://en.wiktionary.org/wiki/%E5%AD%AB%E6%96%B0%E5%A9%A6#Chinese.,noun,granddaughter-in-law grandson's wife,孙新妇,,
wt:孫女婿:0,孫女婿,sōng-nṳ̄-sái,,,,"Imported from Wiktionary (CC BY-SA 4.0): https://en.wiktionary.org/wiki/%E5%AD%AB%E5%A5%B3%E5%A9%BF#Chinese. Mandarin: sūnnǚxù,tl=y.",noun,grandson-in-law granddaughter's husband,孙女婿,,
wt:孫婿:0,孫婿,sōng-sái,,,,Imported from Wiktionary (CC BY-SA 4.0): https://en.wiktionary.org/wiki/%E5%AD%AB%E5%A9%BF#Chinese.,noun,(Jiading) grandson-in-law granddaughter's husband,孙婿,,
wt:安心:0,安心,ăng-sĭng,,,,Imported from Wiktionary (CC BY-SA 4.0): https://en.wiktionary.org/wiki/%E5%AE%89%E5%BF%83#Chinese. Mandarin: ānxīn.,verb,to be relieved; to feel at ease,,,
wt:安心:0,安心,ăng-sĭng,,,,,verb,to keep one's mind on something,,,
wt:安心:0,安心,ăng-sĭng,,,,,verb,to harbour malicious intentions,,,
wt:安心:0,安心,ăng-sĭng,,,,,adjective,relieved; at ease,,,
wt:安全:0,安全,ăng-ciòng,,,,Imported from Wiktionary (CC BY-SA 4.0): https://en.wiktionary.org/wiki/%E5%AE%89%E5%85%A8#Chinese. Mandarin: ānquán.,adjective,safe; secure,,,
wt:安全:0,安全,ăng-ciòng,,,,,adjective,"(neologism, humorous, of a person) unattractive; ugly",,,
wt:安全:0,安全,ăng-ciòng,,,,,noun,safety; security,,,
wt:安全:0,安全,ăng-ciòng,,,,,verb,(Classical) to keep in good repair; to maintain; to save from damage; to preserve,,,
wt:完全:0,完全,uòng-ciòng,,,,Imported from Wiktionary (CC BY-SA 4.0): https://en.wiktionary.org/wiki/%E5%AE%8C%E5%85%A8#Chinese. Mandarin: wánquán.,adverb,completely; absolutely; entirely,,,
wt:完全:0,完全,uòng-ciòng,,,,,adjective,complete,,,
wt:宇宙:0,宇宙,ṳ̄-dêu,,,,Imported from Wiktionary (CC BY-SA 4.0): https://en.wiktionary.org/wiki/%E5%AE%87%E5%AE%99#Chinese. Mandarin: yǔzhòu.,noun,universe; cosmos; macrocosm; space,,,
wt:宇宙:0,宇宙,ṳ̄-dêu,,,,,noun,"roof, ridgepole and beams of a house",,,
wt:宇宙:0,宇宙,ṳ̄-dêu,,,,,noun,heaven and earth; all under heaven; country,,,
wt:宇宙:0,宇宙,ṳ̄-dêu,,,,,noun,(infinite) space and time,,,
wt:安靜:0,安靜,ăng-cêng,,,,Imported from Wiktionary (CC BY-SA 4.0): https://en.wiktionary.org/wiki/%E5%AE%89%E9%9D%9C#Chinese. Mandarin: ānjìng.,adjective,quiet; peaceful; tranquil,安静,,
wt:安排:0,安排,ăng-bà̤,,,,"Imported from Wiktionary (CC BY-SA 4.0): https://en.wiktionary.org/wiki/%E5%AE%89%E6%8E%92#Chinese. Mandarin: ānpái,tl=y.",verb,to arrange; to plan; to make arrangements,,,
wt:守寡:0,守寡,ciū-guā,,,,Imported from Wiktionary (CC BY-SA 4.0): https://en.wiktionary.org/wiki/%E5%AE%88%E5%AF%A1#Chinese. Mandarin: shǒuguǎ. Other readings: siū-guā.,verb,(intransitive) to remain a widow; to live in widowhood,,,
wt:守生寡:0,守生寡,ciū-săng-guā,,,,Imported from Wiktionary (CC BY-SA 4.0): https://en.wiktionary.org/wiki/%E5%AE%88%E7%94%9F%E5%AF%A1#Chinese.,verb,to live the life of a widow despite having a living husband; to be a grass widow,,,
wt:完身:0,完身,uòng-sĭng,,,,Imported from Wiktionary (CC BY-SA 4.0): https://en.wiktionary.org/wiki/%E5%AE%8C%E8%BA%AB#Chinese.,noun,body of a human or animal,,,
wt:宗教:0,宗教,cŭng-gáu,,,,Imported from Wiktionary (CC BY-SA 4.0): https://en.wiktionary.org/wiki/%E5%AE%97%E6%95%99#Chinese. Mandarin: zōngjiào.,noun,religion; the sacred,,,
wt:定義:0,定義,dêng-ngiê,,,,Imported from Wiktionary (CC BY-SA 4.0): https://en.wiktionary.org/wiki/%E5%AE%9A%E7%BE%A9#Chinese. Mandarin: dìngyì.,noun,definition,定义,,
wt:定義:0,定義,dêng-ngiê,,,,,verb,to come up with a definition; to define,定义,,
wt:官司:0,官司,guăng-sṳ̆,,,,"Imported from Wiktionary (CC BY-SA 4.0): https://en.wiktionary.org/wiki/%E5%AE%98%E5%8F%B8#Chinese. Mandarin: guānsi,guānsī,1nb=standard in Mainland, variant in Taiwan,2nb=standard in Taiwan.",noun,(legal) lawsuit,,,
wt:官司:0,官司,guăng-sṳ̆,,,,,noun,(figuratively) battle; conflict; dispute,,,
wt:官司:0,官司,guăng-sṳ̆,,,,,noun,(archaic) official duties and responsibilities,,,
wt:官司:0,官司,guăng-sṳ̆,,,,,noun,(archaic) officials of all levels and positions,,,
wt:官話:0,官話,guăng-uâ,,,,Imported from Wiktionary (CC BY-SA 4.0): https://en.wiktionary.org/wiki/%E5%AE%98%E8%A9%B1#Chinese. Mandarin: guānhuà.,noun,Mandarin; Guanhua group of Northern Chinese dialects including Putonghua (Standard Chinese),官话,,
wt:官話:0,官話,guăng-uâ,,,,,noun,bureaucratic gibberish; high-sounding but insincere words; officialese,官话,,
wt:客家:0,客家,káh-gă,,,,Imported from Wiktionary (CC BY-SA 4.0): https://en.wiktionary.org/wiki/%E5%AE%A2%E5%AE%B6#Chinese. Mandarin: Kèjiā.,noun,(attributive) Hakka,,,
wt:定居:0,定居,diâng-gṳ̆,,,,Imported from Wiktionary (CC BY-SA 4.0): https://en.wiktionary.org/wiki/%E5%AE%9A%E5%B1%85#Chinese. Mandarin: dìngjū.,verb,"(transitive, intransitive) to settle down; to take up residence; to make one's home",,,
wt:官銜:0,官銜,guăng-gàng,,,,Imported from Wiktionary (CC BY-SA 4.0): https://en.wiktionary.org/wiki/%E5%AE%98%E9%8A%9C#Chinese. Mandarin: guānxián.,noun,title; rank of an official,官衔,,
wt:客佻:0,客佻,káh-dièu,,,,Imported from Wiktionary (CC BY-SA 4.0): https://en.wiktionary.org/wiki/%E5%AE%A2%E4%BD%BB#Chinese.,verb,to play,,,
wt:官署:0,官署,guăng-sṳ̄,,,,Imported from Wiktionary (CC BY-SA 4.0): https://en.wiktionary.org/wiki/%E5%AE%98%E7%BD%B2#Chinese. Mandarin: guānshǔ.,noun,(archaic) government office,,,
wt:宣判:0,宣判,sŏng-puáng,,,,Imported from Wiktionary (CC BY-SA 4.0): https://en.wiktionary.org/wiki/%E5%AE%A3%E5%88%A4#Chinese. Mandarin: xuānpàn.,verb,(legal) to pronounce judgment,,,
wt:客佻乇:0,客佻乇,káh-dièu-nó̤h,,,,Imported from Wiktionary (CC BY-SA 4.0): https://en.wiktionary.org/wiki/%E5%AE%A2%E4%BD%BB%E4%B9%87#Chinese.,noun,toy,,,
wt:定蟲:0,定蟲,diâng-tè̤ng,,,,Imported from Wiktionary (CC BY-SA 4.0): https://en.wiktionary.org/wiki/%E5%AE%9A%E8%9F%B2#Chinese.,adjective,lazy,定虫,,
wt:定蟲:0,定蟲,diâng-tè̤ng,,,,,noun,lazy fellow; lazybones,定虫,,
wt:家族:0,家族,gă-cŭk,,,,Imported from Wiktionary (CC BY-SA 4.0): https://en.wiktionary.org/wiki/%E5%AE%B6%E6%97%8F#Chinese. Mandarin: jiāzú.,noun,family; household; clan,,,
wt:家庭:0,家庭,gă-tìng,,,,Imported from Wiktionary (CC BY-SA 4.0): https://en.wiktionary.org/wiki/%E5%AE%B6%E5%BA%AD#Chinese. Mandarin: jiātíng.,noun,"family; household (classifier: 戶, 個)",,,
wt:客氣:0,客氣,káh-ké,,,,"Imported from Wiktionary (CC BY-SA 4.0): https://en.wiktionary.org/wiki/%E5%AE%A2%E6%B0%A3#Chinese. Mandarin: kèqi,kèqì,1nb=standard in Mainland,1nc=variant in Taiwan,2nb=standard in Taiwan.",verb,to be polite; to behave in a courteous manner,客气,,
wt:客氣:0,客氣,káh-ké,,,,,adjective,polite; courteous; civil,客气,,
wt:客氣:0,客氣,káh-ké,,,,,particle,you're welcome,客气,,
wt:客店:0,客店,káh-dáing,,,,Imported from Wiktionary (CC BY-SA 4.0): https://en.wiktionary.org/wiki/%E5%AE%A2%E5%BA%97#Chinese. Mandarin: kèdiàn.,noun,inn; tavern; roadhouse,,,
wt:家法:0,家法,gă-huák,,,,Imported from Wiktionary (CC BY-SA 4.0): https://en.wiktionary.org/wiki/%E5%AE%B6%E6%B3%95#Chinese. Mandarin: jiāfǎ.,noun,(archaic) rod or stick for punishing servants or younger family members,,,
wt:家法:0,家法,gă-huák,,,,,noun,(archaic) domestic discipline,,,
wt:家法:0,家法,gă-huák,,,,,noun,(archaic) way of doing something that is passed down generation to generation in a family; family custom or tradition,,,
wt:宰相:0,宰相,cāi-sióng,,,,Imported from Wiktionary (CC BY-SA 4.0): https://en.wiktionary.org/wiki/%E5%AE%B0%E7%9B%B8#Chinese. Mandarin: zǎixiàng.,noun,"(historical, government) Chancellor of State",,,
wt:家姐:0,家姐,gă-ciā,,,,Imported from Wiktionary (CC BY-SA 4.0): https://en.wiktionary.org/wiki/%E5%AE%B6%E5%A7%90#Chinese. Mandarin: jiājiě.,noun,(honorific) my elder sister,,,
wt:客家話:0,客家話,Káh-gă-uâ,,,,Imported from Wiktionary (CC BY-SA 4.0): https://en.wiktionary.org/wiki/%E5%AE%A2%E5%AE%B6%E8%A9%B1#Chinese. Mandarin: Kèjiāhuà.,noun,Hakka Chinese lect,客家话,,
wt:客話:0,客話,káh-uâ,,,,Imported from Wiktionary (CC BY-SA 4.0): https://en.wiktionary.org/wiki/%E5%AE%A2%E8%A9%B1#Chinese. Mandarin: kèhuà.,noun,Cantonese Chinese lect,客话,,
wt:家父:0,家父,gă-hô,,,,Imported from Wiktionary (CC BY-SA 4.0): https://en.wiktionary.org/wiki/%E5%AE%B6%E7%88%B6#Chinese. Mandarin: jiāfù.,noun,(humble) my father,,,
wt:家叔:0,家叔,gă-cé̤ṳk,,,,Imported from Wiktionary (CC BY-SA 4.0): https://en.wiktionary.org/wiki/%E5%AE%B6%E5%8F%94#Chinese.,noun,paternal uncle father's younger brother,,,
wt:家嬸:0,家嬸,gă-sīng,,,,Imported from Wiktionary (CC BY-SA 4.0): https://en.wiktionary.org/wiki/%E5%AE%B6%E5%AC%B8#Chinese.,noun,paternal aunt wife of father's younger brother,家婶,,
wt:家私花:0,家私花,gă-sĭ-huă,,,,Imported from Wiktionary (CC BY-SA 4.0): https://en.wiktionary.org/wiki/%E5%AE%B6%E7%A7%81%E8%8A%B1#Chinese.,noun,tool; utensil,,,
wt:容積:0,容積,ṳ̀ng-cék,,,,Imported from Wiktionary (CC BY-SA 4.0): https://en.wiktionary.org/wiki/%E5%AE%B9%E7%A9%8D#Chinese. Mandarin: róngjī.,noun,capacity; volume,容积,,
wt:富饒:0,富饒,hó-ngièu,,,,Imported from Wiktionary (CC BY-SA 4.0): https://en.wiktionary.org/wiki/%E5%AF%8C%E9%A5%92#Chinese. Mandarin: fùráo.,adjective,richly endowed; fertile; abundant,富饶,,
wt:寒士:0,寒士,hàng-sê̤ṳ,,,,Imported from Wiktionary (CC BY-SA 4.0): https://en.wiktionary.org/wiki/%E5%AF%92%E5%A3%AB#Chinese. Mandarin: hánshì.,noun,poor scholar,,,
wt:寒士:0,寒士,hàng-sê̤ṳ,,,,,noun,(pejorative) book nerd; pedant,,,
wt:家賄:0,家賄,gă-huōi,,,,Imported from Wiktionary (CC BY-SA 4.0): https://en.wiktionary.org/wiki/%E5%AE%B6%E8%B3%84#Chinese.,noun,family property,家贿,,
wt:密斗:0,密斗,mĕk-dāu,,,,Imported from Wiktionary (CC BY-SA 4.0): https://en.wiktionary.org/wiki/%E5%AF%86%E6%96%97#Chinese.,noun,crotch without a slit,,,
wt:密斗:0,密斗,mĕk-dāu,,,,,noun,pants without a slit in the crotch,,,
wt:實際:0,實際,sĭk-cié,,,,Imported from Wiktionary (CC BY-SA 4.0): https://en.wiktionary.org/wiki/%E5%AF%A6%E9%9A%9B#Chinese. Mandarin: shíjì.,adjective,actual; real; concrete,实际,,
wt:實際:0,實際,sĭk-cié,,,,,adjective,pragmatic; practical; realistic,实际,,
wt:實際:0,實際,sĭk-cié,,,,,noun,reality; practice,实际,,
wt:寡婦:0,寡婦,guā-hō,,,,"Imported from Wiktionary (CC BY-SA 4.0): https://en.wiktionary.org/wiki/%E5%AF%A1%E5%A9%A6#Chinese. Mandarin: guǎfu,guǎfù,1nb=standard in Mainland,2nb=standard in Taiwan.",noun,widow,寡妇,,
wt:寬心:0,寬心,kuăng-sĭng,,,,Imported from Wiktionary (CC BY-SA 4.0): https://en.wiktionary.org/wiki/%E5%AF%AC%E5%BF%83#Chinese. Mandarin: kuānxīn.,verb,to relieve anxieties; to put one's mind at rest,宽心,,
wt:寬心:0,寬心,kuăng-sĭng,,,,,adjective,reassured; relaxed; at ease,宽心,,
wt:審案:0,審案,sīng-áng,,,,Imported from Wiktionary (CC BY-SA 4.0): https://en.wiktionary.org/wiki/%E5%AF%A9%E6%A1%88#Chinese. Mandarin: shěn'àn.,verb,(law) to try a case; to handle a case,审案,,
wt:寫批:0,寫批,siā piĕ,,,,Imported from Wiktionary (CC BY-SA 4.0): https://en.wiktionary.org/wiki/%E5%AF%AB%E6%89%B9#Chinese.,verb,to write a letter,写批,,
wt:寶杯:0,寶杯,bō̤-buŏi,,,,Imported from Wiktionary (CC BY-SA 4.0): https://en.wiktionary.org/wiki/%E5%AF%B6%E6%9D%AF#Chinese.,noun,bad result in divination using moon blocks showing two blocks round,宝杯,,
wt:對手:0,對手,dó̤i-chiū,,,,Imported from Wiktionary (CC BY-SA 4.0): https://en.wiktionary.org/wiki/%E5%B0%8D%E6%89%8B#Chinese. Mandarin: duìshǒu.,noun,opponent; adversary,对手,,
wt:對手:0,對手,dó̤i-chiū,,,,,noun,one's match; one's equal,对手,,
wt:對手:0,對手,dó̤i-chiū,,,,,verb,to help; to lend a helping hand,对手,,
wt:對不起:0,對不起,dó̤i-bók-kī,,,,"Imported from Wiktionary (CC BY-SA 4.0): https://en.wiktionary.org/wiki/%E5%B0%8D%E4%B8%8D%E8%B5%B7#Chinese. Mandarin: duìbùqǐ,tl2=y.",particle,sorry; excuse me,对不起,,
wt:對不起:0,對不起,dó̤i-bók-kī,,,,,verb,to cause someone embarrassment; to screw someone over; to do something to a person that would demand an apology later on; to let down,对不起,,
wt:對不住:0,對不住,dó̤i-bók-cê̤ṳ,,,,Imported from Wiktionary (CC BY-SA 4.0): https://en.wiktionary.org/wiki/%E5%B0%8D%E4%B8%8D%E4%BD%8F#Chinese. Mandarin: duìbùzhù.,verb,to be unfair to; to let someone down,对不住,,
wt:將來:0,將來,ciŏng-lài,,,,Imported from Wiktionary (CC BY-SA 4.0): https://en.wiktionary.org/wiki/%E5%B0%87%E4%BE%86#Chinese. Mandarin: jiānglái.,noun,future,将来,,
wt:將軍:0,將軍,ciŏng-gŭng,,,,"Imported from Wiktionary (CC BY-SA 4.0): https://en.wiktionary.org/wiki/%E5%B0%87%E8%BB%8D#Chinese. Mandarin: jiāngjūn,tl=y.",noun,(military) general military rank,将军,,
wt:將軍:0,將軍,ciŏng-gŭng,,,,,noun,硫黃 sulfur,将军,,
wt:將軍:0,將軍,ciŏng-gŭng,,,,,noun,大黃 rhubarb,将军,,
wt:將軍:0,將軍,ciŏng-gŭng,,,,,verb,"(chess, xiangqi) to check",将军,,
wt:將軍:0,將軍,ciŏng-gŭng,,,,,verb,(figurative) to put someone on the spot,将军,,
wt:將軍:0,將軍,ciŏng-gŭng,,,,,particle,"(chess, xiangqi) checkmate",将军,,
wt:小提琴:0,小提琴,siēu-tì-kìng,,,,Imported from Wiktionary (CC BY-SA 4.0): https://en.wiktionary.org/wiki/%E5%B0%8F%E6%8F%90%E7%90%B4#Chinese. Mandarin: xiǎotíqín.,noun,(musical instruments) violin,,,
wt:小人:0,小人,siēu-ìng,,,,Imported from Wiktionary (CC BY-SA 4.0): https://en.wiktionary.org/wiki/%E5%B0%8F%E4%BA%BA#Chinese. Mandarin: xiǎorén.,noun,scoundrel; villain; vile character,,,
wt:小人:0,小人,siēu-ìng,,,,,noun,"(dated, humble) I; me",,,
wt:小人:0,小人,siēu-ìng,,,,,noun,(archaic) person of low position; commoner; nobody,,,
wt:小人:0,小人,siēu-ìng,,,,,noun,(Classical) small-minded person or person of low moral qualities,,,
wt:小人:0,小人,siēu-ìng,,,,,noun,miniature depiction of a person,,,
wt:專門:0,專門,ciŏng-muòng,,,,Imported from Wiktionary (CC BY-SA 4.0): https://en.wiktionary.org/wiki/%E5%B0%88%E9%96%80#Chinese. Mandarin: zhuānmén.,adjective,special,专门,,
wt:專門:0,專門,ciŏng-muòng,,,,,adjective,specialized; technical,专门,,
wt:專門:0,專門,ciŏng-muòng,,,,,noun,specialist; expert,专门,,
wt:專門:0,專門,ciŏng-muòng,,,,,adverb,specially; exclusively; specifically,专门,,
wt:專門:0,專門,ciŏng-muòng,,,,,adverb,habitually,专门,,
wt:對比:0,對比,dó̤i-bī,,,,Imported from Wiktionary (CC BY-SA 4.0): https://en.wiktionary.org/wiki/%E5%B0%8D%E6%AF%94#Chinese. Mandarin: duìbǐ.,verb,to compare; to contrast,对比,,
wt:對比:0,對比,dó̤i-bī,,,,,noun,(mathematics) ratio; proportion,对比,,
wt:對比:0,對比,dó̤i-bī,,,,,noun,correlation,对比,,
wt:對比:0,對比,dó̤i-bī,,,,,noun,pair,对比,,
wt:對比:0,對比,dó̤i-bī,,,,,adjective,contrasting,对比,,
wt:對面:0,對面,dó̤i-méng,,,,Imported from Wiktionary (CC BY-SA 4.0): https://en.wiktionary.org/wiki/%E5%B0%8D%E9%9D%A2#Chinese. Mandarin: duìmiàn.,adjective,opposite,对面,,
wt:對面:0,對面,dó̤i-méng,,,,,adjective,face-to-face,对面,,
wt:尊重:0,尊重,cŏng-dáe̤ng,,,,Imported from Wiktionary (CC BY-SA 4.0): https://en.wiktionary.org/wiki/%E5%B0%8A%E9%87%8D#Chinese. Mandarin: zūnzhòng.,verb,to respect (someone); to hold in high esteem,,,
wt:尊重:0,尊重,cŏng-dáe̤ng,,,,,verb,"to value an idea, etc.; to respect; to treat seriously",,,
wt:尊重:0,尊重,cŏng-dáe̤ng,,,,,adjective,(of behaviour) serious; proper,,,
wt:尊重:0,尊重,cŏng-dáe̤ng,,,,,adjective,noble; prominent,,,
wt:對聯:0,對聯,dó̤i-lièng,,,,"Imported from Wiktionary (CC BY-SA 4.0): https://en.wiktionary.org/wiki/%E5%B0%8D%E8%81%AF#Chinese. Mandarin: duìlián,er=y.",noun,"(rhetoric, Chinese linguistics) duilian; antithetical couplet (classifier: 副, 幅, 句, 對)",对联,,
wt:寺廟:0,寺廟,sê-miêu,,,,Imported from Wiktionary (CC BY-SA 4.0): https://en.wiktionary.org/wiki/%E5%AF%BA%E5%BB%9F#Chinese. Mandarin: sìmiào.,noun,temple,寺庙,,
wt:射箭:0,射箭,siŏh,,,,Imported from Wiktionary (CC BY-SA 4.0): https://en.wiktionary.org/wiki/%E5%B0%84%E7%AE%AD#Chinese. Mandarin: shèjiàn. Pronounced sióh-*ciéng.,verb,to shoot an arrow; to let loose an arrow,,,
wt:射箭:0,射箭,siŏh,,,,,noun,archery the practice or sport of shooting arrows with a bow,,,
wt:小寫:0,小寫,siēu-siā,,,,Imported from Wiktionary (CC BY-SA 4.0): https://en.wiktionary.org/wiki/%E5%B0%8F%E5%AF%AB#Chinese. Mandarin: xiǎoxiě.,noun,lower case,小写,,
wt:小寫:0,小寫,siēu-siā,,,,,noun,ordinary form of Chinese numerals,小写,,
wt:小姑:0,小姑,siēu-gŭ,,,,Imported from Wiktionary (CC BY-SA 4.0): https://en.wiktionary.org/wiki/%E5%B0%8F%E5%A7%91#Chinese. Mandarin: xiǎogū.,noun,youngest paternal aunt father's youngest sister,,,
wt:小姑:0,小姑,siēu-gŭ,,,,,noun,sister-in-law husband's younger sister,,,
wt:將樣:0,將樣,ciŏng-iông,,,,Imported from Wiktionary (CC BY-SA 4.0): https://en.wiktionary.org/wiki/%E5%B0%87%E6%A8%A3#Chinese.,adverb,how,将样,,
wt:對質:0,對質,dó̤i-cé,,,,Imported from Wiktionary (CC BY-SA 4.0): https://en.wiktionary.org/wiki/%E5%B0%8D%E8%B3%AA#Chinese. Mandarin: duì质.,verb,(legal) to cross-examine,对质,,
wt:對質:0,對質,dó̤i-cé,,,,,verb,(by extension) to confront someone; to challenge or interrogate someone face to face,对质,,
wt:對證:0,對證,dó̤i-céng,,,,Imported from Wiktionary (CC BY-SA 4.0): https://en.wiktionary.org/wiki/%E5%B0%8D%E8%AD%89#Chinese. Mandarin: duìzhèng.,verb,to check; to verify,对证,,
wt:對證:0,對證,dó̤i-céng,,,,,verb,to confirm; to verify; to corroborate; to bear out,对证,,
wt:小彩:0,小彩,siēu-chāi,,,,Imported from Wiktionary (CC BY-SA 4.0): https://en.wiktionary.org/wiki/%E5%B0%8F%E5%BD%A9#Chinese.,noun,tip; gratuity,,,
wt:專門科:0,專門科,ciŏng-muòng-kuŏ,,,,Imported from Wiktionary (CC BY-SA 4.0): https://en.wiktionary.org/wiki/%E5%B0%88%E9%96%80%E7%A7%91#Chinese.,adverb,specially; purposely,专门科,,
wt:專門科:0,專門科,ciŏng-muòng-kuŏ,,,,,adverb,good at what one does; expert; adept; professional,专门科,,
wt:對面風:0,對面風,dó̤i-méng-hŭng,,,,Imported from Wiktionary (CC BY-SA 4.0): https://en.wiktionary.org/wiki/%E5%B0%8D%E9%9D%A2%E9%A2%A8#Chinese.,noun,adverse wind; headwind,对面风,,
wt:小說:0,小說,siēu-siók,,,,"Imported from Wiktionary (CC BY-SA 4.0): https://en.wiktionary.org/wiki/%E5%B0%8F%E8%AA%AA#Chinese. Mandarin: xiǎoshuō,er=y.",noun,"(literature) fiction including novels, novellas, short story (classifier: 本, 部)",小说,,
wt:小說:0,小說,siēu-siók,,,,,noun,petty words,小说,,
wt:小說:0,小說,siēu-siók,,,,,noun,"(1st to 18th centuries AD) miscellaneous book (various narrative and didactic texts: the telling of miscellaneous facts, the writing down of strange rumors, and the compilation of gossip)",小说,,
wt:小時:0,小時,siēu-sì,,,,Imported from Wiktionary (CC BY-SA 4.0): https://en.wiktionary.org/wiki/%E5%B0%8F%E6%99%82#Chinese. Mandarin: xiǎoshí.,noun,hour,小时,,
wt:小時:0,小時,siēu-sì,,,,,noun,childhood,小时,,
wt:小時:0,小時,siēu-sì,,,,,measure word,hour,小时,,
wt:就近:0,就近,cêu-gê̤ṳng,,,,Imported from Wiktionary (CC BY-SA 4.0): https://en.wiktionary.org/wiki/%E5%B0%B1%E8%BF%91#Chinese. Mandarin: jiùjìn.,adverb,nearby; in the neighborhood,,,
wt:小米:0,小米,siēu-mī,,,,"Imported from Wiktionary (CC BY-SA 4.0): https://en.wiktionary.org/wiki/%E5%B0%8F%E7%B1%B3#Chinese. Mandarin: xiǎomǐ,er=y.",noun,hulled grain of foxtail millet (Setaria italica species),,,
wt:小米:0,小米,siēu-mī,,,,,noun,foxtail millet the plant Setaria italica species or its unhulled grain,,,
wt:就位:0,就位,cêu-ôi,,,,Imported from Wiktionary (CC BY-SA 4.0): https://en.wiktionary.org/wiki/%E5%B0%B1%E4%BD%8D#Chinese. Mandarin: jiùwèi.,verb,to take one's place,,,
wt:就位:0,就位,cêu-ôi,,,,,verb,to assume office,,,
wt:就像:0,就像,cêu-chiông,,,,Imported from Wiktionary (CC BY-SA 4.0): https://en.wiktionary.org/wiki/%E5%B0%B1%E5%83%8F#Chinese. Mandarin: jiùxiàng.,verb,to be just like; to be similar to; as if; as though,,,
wt:小禮:0,小禮,siēu-lā̤,,,,Imported from Wiktionary (CC BY-SA 4.0): https://en.wiktionary.org/wiki/%E5%B0%8F%E7%A6%AE#Chinese.,verb,to be embarrassed; to be shy,小礼,,
wt:小禮:0,小禮,siēu-lā̤,,,,,verb,to embarrass,小礼,,
wt:小禮:0,小禮,siēu-lā̤,,,,,verb,to be ashamed,小礼,,
wt:小腸氣:0,小腸氣,siēu-diòng-ké,,,,Imported from Wiktionary (CC BY-SA 4.0): https://en.wiktionary.org/wiki/%E5%B0%8F%E8%85%B8%E6%B0%A3#Chinese. Mandarin: xiǎochángqì.,noun,(disease) hernia (whose content is a loop of bowel),小肠气,,
wt:小邊:0,小邊,siēu-bĕng,,,,Imported from Wiktionary (CC BY-SA 4.0): https://en.wiktionary.org/wiki/%E5%B0%8F%E9%82%8A#Chinese.,noun,left side; the left,小边,,
wt:尺骨:0,尺骨,chék-gáuk,,,,Imported from Wiktionary (CC BY-SA 4.0): https://en.wiktionary.org/wiki/%E5%B0%BA%E9%AA%A8#Chinese. Mandarin: chǐgǔ.,noun,(skeleton) ulna; elbow bone,,,
wt:居民:0,居民,gṳ̆-mìng,,,,Imported from Wiktionary (CC BY-SA 4.0): https://en.wiktionary.org/wiki/%E5%B1%85%E6%B0%91#Chinese. Mandarin: jūmín.,noun,resident; inhabitant,,,
wt:尷尬:0,尷尬,găng-gái,,,,"Imported from Wiktionary (CC BY-SA 4.0): https://en.wiktionary.org/wiki/%E5%B0%B7%E5%B0%AC#Chinese. Mandarin: gāngà,jiānjiè,2nb=literary variant in Taiwan.",adjective,(of a situation or person) awkward; embarrassing; uncomfortable,尴尬,,
wt:尷尬:0,尷尬,găng-gái,,,,,adjective,(of a person) embarrassed; uneasy; sheepish; flustered,尴尬,,
wt:尷尬:0,尷尬,găng-gái,,,,,adjective,"(dated, of a person) unusual; sneaky; strange",尴尬,,
wt:尷尬:0,尷尬,găng-gái,,,,,adjective,impoverished; poor,尴尬,,
wt:居家:0,居家,gṳ̆-gă,,,,Imported from Wiktionary (CC BY-SA 4.0): https://en.wiktionary.org/wiki/%E5%B1%85%E5%AE%B6#Chinese. Mandarin: jūjiā.,verb,to stay at home; to live at home,,,
wt:居家:0,居家,gṳ̆-gă,,,,,adjective,(attributive) household; living; in-home,,,
wt:居家:0,居家,gṳ̆-gă,,,,,adjective,good at housekeeping; good at keeping house,,,
wt:尾指:0,尾指,muōi-cāi,,,,Imported from Wiktionary (CC BY-SA 4.0): https://en.wiktionary.org/wiki/%E5%B0%BE%E6%8C%87#Chinese. Mandarin: wěizhǐ.,noun,little finger,,,
wt:尾尾:0,尾尾,muōi-muōi,,,,Imported from Wiktionary (CC BY-SA 4.0): https://en.wiktionary.org/wiki/%E5%B0%BE%E5%B0%BE#Chinese.,noun,tail,,,
wt:尾尾:0,尾尾,muōi-muōi,,,,,noun,end,,,
wt:尾囝:0,尾囝,muōi-giāng,,,,Imported from Wiktionary (CC BY-SA 4.0): https://en.wiktionary.org/wiki/%E5%B0%BE%E5%9B%9D#Chinese.,noun,youngest son,,,
wt:尾掌指:0,尾掌指,muōi-chiēng-cāi,,,,Imported from Wiktionary (CC BY-SA 4.0): https://en.wiktionary.org/wiki/%E5%B0%BE%E6%8E%8C%E6%8C%87#Chinese.,noun,little finger,,,
wt:尸位素餐:0,尸位素餐,sĭ-ôi-só-chuăng,,,,Imported from Wiktionary (CC BY-SA 4.0): https://en.wiktionary.org/wiki/%E5%B0%B8%E4%BD%8D%E7%B4%A0%E9%A4%90#Chinese. Mandarin: shīwèisùcān.,phrase,"(derogatory, humble) hold one's position and live without doing anything",,,
wt:𡳞脬:0,𡳞脬,lêng-pă,,,,Imported from Wiktionary (CC BY-SA 4.0): https://en.wiktionary.org/wiki/%F0%A1%B3%9E%E8%84%AC#Chinese.,noun,scrotum,,,
wt:𡳞核:0,𡳞核,lêng-hŏk,,,,Imported from Wiktionary (CC BY-SA 4.0): https://en.wiktionary.org/wiki/%F0%A1%B3%9E%E6%A0%B8#Chinese.,noun,testicle,,,
wt:山東:0,山東,Săng-dĕ̤ng,,,,Imported from Wiktionary (CC BY-SA 4.0): https://en.wiktionary.org/wiki/%E5%B1%B1%E6%9D%B1#Chinese. Mandarin: Shāndōng.,noun,east of the mountain in general,山东,,
wt:山西:0,山西,Săng-să̤,,,,Imported from Wiktionary (CC BY-SA 4.0): https://en.wiktionary.org/wiki/%E5%B1%B1%E8%A5%BF#Chinese. Mandarin: Shānxī.,noun,west of the mountain in general,,,
wt:山羊:0,山羊,săng-iòng,,,,Imported from Wiktionary (CC BY-SA 4.0): https://en.wiktionary.org/wiki/%E5%B1%B1%E7%BE%8A#Chinese. Mandarin: shānyáng.,noun,goat animal,,,
wt:山羊:0,山羊,săng-iòng,,,,,noun,buck; vaulting horse,,,
wt:山腳:0,山腳,săng-kă,,,,Imported from Wiktionary (CC BY-SA 4.0): https://en.wiktionary.org/wiki/%E5%B1%B1%E8%85%B3#Chinese. Mandarin: shānjiǎo.,noun,foot of a mountain or hill; foothill,山脚,,
wt:山坑:0,山坑,săng-kăng,,,,Imported from Wiktionary (CC BY-SA 4.0): https://en.wiktionary.org/wiki/%E5%B1%B1%E5%9D%91#Chinese.,noun,(Jixi) valley; gully; ravine; gorge,,,
wt:山東粉:0,山東粉,săng-dĕ̤ng-hūng,,,,Imported from Wiktionary (CC BY-SA 4.0): https://en.wiktionary.org/wiki/%E5%B1%B1%E6%9D%B1%E7%B2%89#Chinese.,noun,vermicelli cellophane noodles historically made from mung bean starch from Shandong,山东粉,,
wt:岩漿:0,岩漿,ngàng-ciŏng,,,,Imported from Wiktionary (CC BY-SA 4.0): https://en.wiktionary.org/wiki/%E5%B2%A9%E6%BC%BF#Chinese. Mandarin: yánjiāng.,noun,magma,岩浆,,
wt:崎嶇:0,崎嶇,kĭ-kṳ̆,,,,Imported from Wiktionary (CC BY-SA 4.0): https://en.wiktionary.org/wiki/%E5%B4%8E%E5%B6%87#Chinese. Mandarin: 崎qū. Other readings: gì-kṳ̆.,adjective,"(of terrain, road, etc.) rugged; craggy; uneven",崎岖,,
wt:工作:0,工作,gŭng-cáuk,,,,Imported from Wiktionary (CC BY-SA 4.0): https://en.wiktionary.org/wiki/%E5%B7%A5%E4%BD%9C#Chinese. Mandarin: gōngzuò.,verb,to work to be engaged in a mental or physical activity,,,
wt:工作:0,工作,gŭng-cáuk,,,,,verb,to work to be employed,,,
wt:工作:0,工作,gŭng-cáuk,,,,,verb,to work to function properly,,,
wt:工作:0,工作,gŭng-cáuk,,,,,noun,(uncountable) work employment,,,
wt:工作:0,工作,gŭng-cáuk,,,,,noun,"(countable) job position (classifier: 份, 個)",,,
wt:工作:0,工作,gŭng-cáuk,,,,,noun,"(countable, uncountable) task; job; work something to do (classifier: 個)",,,
wt:工作:0,工作,gŭng-cáuk,,,,,noun,"(archaic, countable) ingenious accomplishment (classifier: 個)",,,
wt:左手:0,左手,cō̤-chiū,,,,Imported from Wiktionary (CC BY-SA 4.0): https://en.wiktionary.org/wiki/%E5%B7%A6%E6%89%8B#Chinese. Mandarin: zuǒshǒu.,noun,(anatomy) left hand,,,
wt:左手:0,左手,cō̤-chiū,,,,,noun,alternative form of 左首 (left-hand side; left side),,,
wt:左右:0,左右,cō̤-iêu,,,,"Imported from Wiktionary (CC BY-SA 4.0): https://en.wiktionary.org/wiki/%E5%B7%A6%E5%8F%B3#Chinese. Mandarin: zuǒyòu,tl=y.",noun,left and right,,,
wt:左右:0,左右,cō̤-iêu,,,,,noun,left and right sides; both sides,,,
wt:左右:0,左右,cō̤-iêu,,,,,noun,entourage; retinue; attendants,,,
wt:左右:0,左右,cō̤-iêu,,,,,verb,(Classical) to control; to manipulate; to influence; to dominate,,,
wt:工人:0,工人,gĕ̤ng-ìng,,,,Imported from Wiktionary (CC BY-SA 4.0): https://en.wiktionary.org/wiki/%E5%B7%A5%E4%BA%BA#Chinese. Mandarin: gōngrén.,noun,worker; laborer,,,
wt:差不多:0,差不多,chă-bók-dŏ̤,,,,Imported from Wiktionary (CC BY-SA 4.0): https://en.wiktionary.org/wiki/%E5%B7%AE%E4%B8%8D%E5%A4%9A#Chinese. Mandarin: chàbuduō.,adjective,similar; about the same; good enough,,,
wt:差不多:0,差不多,chă-bók-dŏ̤,,,,,adjective,not bad,,,
wt:差不多:0,差不多,chă-bók-dŏ̤,,,,,adverb,almost; nearly,,,
wt:差不多:0,差不多,chă-bók-dŏ̤,,,,,particle,sort of; kinda,,,
wt:巫山:0,巫山,Ŭ-săng,,,,Imported from Wiktionary (CC BY-SA 4.0): https://en.wiktionary.org/wiki/%E5%B7%AB%E5%B1%B1#Chinese. Mandarin: Wūshān.,noun,"(figurative, euphemistic) lovemaking; sexual intercourse",,,
wt:工頭:0,工頭,gĕ̤ng-tàu,,,,Imported from Wiktionary (CC BY-SA 4.0): https://en.wiktionary.org/wiki/%E5%B7%A5%E9%A0%AD#Chinese. Mandarin: gōngtóu.,noun,foreman; overseer,工头,,
wt:工錢:0,工錢,gĕ̤ng-cièng,,,,"Imported from Wiktionary (CC BY-SA 4.0): https://en.wiktionary.org/wiki/%E5%B7%A5%E9%8C%A2#Chinese. Mandarin: gōngqián,tl=y.",noun,wages; money charged for a service especially labour work,工钱,,
wt:巨人:0,巨人,gé̤ṳ-ìng,,,,Imported from Wiktionary (CC BY-SA 4.0): https://en.wiktionary.org/wiki/%E5%B7%A8%E4%BA%BA#Chinese. Mandarin: jùrén.,noun,"(literal, figurative) giant",,,
wt:工具:0,工具,gĕ̤ng-gê̤ṳ,,,,Imported from Wiktionary (CC BY-SA 4.0): https://en.wiktionary.org/wiki/%E5%B7%A5%E5%85%B7#Chinese. Mandarin: gōngjù.,noun,(literally) tool; instrument; implement,,,
wt:工具:0,工具,gĕ̤ng-gê̤ṳ,,,,,noun,(figuratively) means; way; tool,,,
wt:工尺譜:0,工尺譜,gĕ̤ng-chiĕ-puō,,,,Imported from Wiktionary (CC BY-SA 4.0): https://en.wiktionary.org/wiki/%E5%B7%A5%E5%B0%BA%E8%AD%9C#Chinese. Mandarin: gōngchěpǔ. Other readings: gŭng-chiĕ-puō.,noun,"(music) gongche notation a system of musical notation using Chinese characters, used in traditional Chinese music",工尺谱,,
wt:差役:0,差役,chă̤-iăh,,,,Imported from Wiktionary (CC BY-SA 4.0): https://en.wiktionary.org/wiki/%E5%B7%AE%E5%BD%B9#Chinese. Mandarin: chāiyì.,noun,(archaic) corvee,,,
wt:差役:0,差役,chă̤-iăh,,,,,noun,(archaic) runner; bailiff,,,
wt:工夫茶:0,工夫茶,gĕ̤ng-hŭ-dà,,,,Imported from Wiktionary (CC BY-SA 4.0): https://en.wiktionary.org/wiki/%E5%B7%A5%E5%A4%AB%E8%8C%B6#Chinese. Mandarin: gōngfuchá.,noun,"congou a kind of black tea common in Chaoshan, South Fujian and Taiwan",,,
wt:工夫茶:0,工夫茶,gĕ̤ng-hŭ-dà,,,,,noun,gongfu tea ceremony,,,
wt:工工:0,工工,gĕ̤ng-gĕ̤ng,,,,Imported from Wiktionary (CC BY-SA 4.0): https://en.wiktionary.org/wiki/%E5%B7%A5%E5%B7%A5#Chinese.,adverb,every day,,,
wt:已經:0,已經,ī-gĭng,,,,"Imported from Wiktionary (CC BY-SA 4.0): https://en.wiktionary.org/wiki/%E5%B7%B2%E7%B6%93#Chinese. Mandarin: yǐjīng,tl=y.",adverb,already; anymore,已经,,
wt:市場:0,市場,chê-diòng,,,,Imported from Wiktionary (CC BY-SA 4.0): https://en.wiktionary.org/wiki/%E5%B8%82%E5%A0%B4#Chinese. Mandarin: shì場.,noun,"market; bazaar; marketplace in a town, city",市场,,
wt:市場:0,市場,chê-diòng,,,,,noun,market demand for a commodity or service; marketplace,市场,,
wt:市場:0,市場,chê-diòng,,,,,noun,marketing,市场,,
wt:巴結:0,巴結,bă-giék,,,,Imported from Wiktionary (CC BY-SA 4.0): https://en.wiktionary.org/wiki/%E5%B7%B4%E7%B5%90#Chinese. Mandarin: bājie.,verb,to kiss up to; to curry favor; to fawn on; to brown-nose; to suck up,巴结,,
wt:巴結:0,巴結,bă-giék,,,,,adjective,hardworking; diligent,巴结,,
wt:市政府:0,市政府,chê-céng-hū,,,,Imported from Wiktionary (CC BY-SA 4.0): https://en.wiktionary.org/wiki/%E5%B8%82%E6%94%BF%E5%BA%9C#Chinese. Mandarin: shìzhèngfǔ.,noun,city government; city council; municipal government,,,
wt:市政府:0,市政府,chê-céng-hū,,,,,noun,city hall,,,
wt:市委:0,市委,chê-ūi,,,,Imported from Wiktionary (CC BY-SA 4.0): https://en.wiktionary.org/wiki/%E5%B8%82%E5%A7%94#Chinese. Mandarin: shìwěi.,noun,municipal communist party committee,,,
wt:布鞋:0,布鞋,buó-à̤,,,,Imported from Wiktionary (CC BY-SA 4.0): https://en.wiktionary.org/wiki/%E5%B8%83%E9%9E%8B#Chinese. Mandarin: bùxié.,noun,cloth shoe; canvas shoe,,,
wt:巷囝:0,巷囝,hâung-giāng,,,,Imported from Wiktionary (CC BY-SA 4.0): https://en.wiktionary.org/wiki/%E5%B7%B7%E5%9B%9D#Chinese.,noun,(Yongchun) alley; lane,,,
wt:巷巷:0,巷巷,hâung-hâung,,,,Imported from Wiktionary (CC BY-SA 4.0): https://en.wiktionary.org/wiki/%E5%B7%B7%E5%B7%B7#Chinese. Mandarin: xiàngxiang.,noun,"alley, lane, hutong",,,
wt:師傅:0,師傅,să-hô,,,,"Imported from Wiktionary (CC BY-SA 4.0): https://en.wiktionary.org/wiki/%E5%B8%AB%E5%82%85#Chinese. Mandarin: shīfu,shīfù,1nb=standard in Mainland,2nb=standard in Taiwan.",noun,teacher; master; sifu; shifu usually of a trade,师傅,,
wt:師傅:0,師傅,să-hô,,,,,noun,polite form of address for an adult,师傅,,
wt:師傅:0,師傅,să-hô,,,,,noun,"polite way to address a skilled worker (carpenter, plumber etc.) or craftsman",师傅,,
wt:希望:0,希望,hĭ-uông,,,,Imported from Wiktionary (CC BY-SA 4.0): https://en.wiktionary.org/wiki/%E5%B8%8C%E6%9C%9B#Chinese. Mandarin: xīwàng.,noun,hope; wish feeling of desire for something to happen,,,
wt:希望:0,希望,hĭ-uông,,,,,noun,hope a person or thing that may help someone,,,
wt:希望:0,希望,hĭ-uông,,,,,verb,to hope; to wish,,,
wt:希望:0,希望,hĭ-uông,,,,,verb,to look up,,,
wt:希望:0,希望,hĭ-uông,,,,,verb,to cater to,,,
wt:帝國:0,帝國,dá̤-guók,,,,Imported from Wiktionary (CC BY-SA 4.0): https://en.wiktionary.org/wiki/%E5%B8%9D%E5%9C%8B#Chinese. Mandarin: dìguó.,noun,empire,帝国,,
wt:帝國:0,帝國,dá̤-guók,,,,,noun,imperial power or authority,帝国,,
wt:帝國:0,帝國,dá̤-guók,,,,,noun,empire large commercial organisation,帝国,,
wt:師兄:0,師兄,sṳ̆-hĭng,,,,Imported from Wiktionary (CC BY-SA 4.0): https://en.wiktionary.org/wiki/%E5%B8%AB%E5%85%84#Chinese. Mandarin: shīxiōng.,noun,"male senior fellow student or apprentice especially in a Chinese martial arts school where the seniority is not based on the student's age or level of skill, but on the chronological order of following a particular sifu",师兄,,
wt:師兄:0,師兄,sṳ̆-hĭng,,,,,noun,son of one's teacher or master who is older than oneself,师兄,,
wt:師兄:0,師兄,sṳ̆-hĭng,,,,,noun,father's male apprentice who is older than oneself,师兄,,
wt:師父:0,師父,să-hâu,,,,Imported from Wiktionary (CC BY-SA 4.0): https://en.wiktionary.org/wiki/%E5%B8%AB%E7%88%B6#Chinese. Mandarin: shīfu.,noun,master; teacher (usually for martial arts),师父,,
wt:師父:0,師父,să-hâu,,,,,noun,term of address for a Buddhist monk or a nun,师父,,
wt:師大:0,師大,sṳ̆-dâi,,,,Imported from Wiktionary (CC BY-SA 4.0): https://en.wiktionary.org/wiki/%E5%B8%AB%E5%A4%A7#Chinese. Mandarin: shīdà.,noun,short for 師範大學,师大,,
wt:希利尼:0,希利尼,Hĭ-lé-nà̤,,,,Imported from Wiktionary (CC BY-SA 4.0): https://en.wiktionary.org/wiki/%E5%B8%8C%E5%88%A9%E5%B0%BC#Chinese. Mandarin: Xīlìní.,adjective,Greek; Hellenistic,,,
wt:平和:0,平和,bìng-huò,,,,Imported from Wiktionary (CC BY-SA 4.0): https://en.wiktionary.org/wiki/%E5%B9%B3%E5%92%8C#Chinese. Mandarin: pínghé.,adjective,having a mild temperament; polite,,,
wt:平和:0,平和,bìng-huò,,,,,adjective,peaceful; placid,,,
wt:平和:0,平和,bìng-huò,,,,,adjective,harmonious; concordant,,,
wt:幫助:0,幫助,bŏng-câe̤,,,,"Imported from Wiktionary (CC BY-SA 4.0): https://en.wiktionary.org/wiki/%E5%B9%AB%E5%8A%A9#Chinese. Mandarin: bāngzhù,tl=y.",verb,to help; to aid; to assist,帮助,,
wt:平話:0,平話,bàng-uâ,,,,"Imported from Wiktionary (CC BY-SA 4.0): https://en.wiktionary.org/wiki/%E5%B9%B3%E8%A9%B1#Chinese. Mandarin: pínghuà,Pínghuà.",noun,local speech; plain speech; colloquial dialect,平话,,
wt:平話:0,平話,bàng-uâ,,,,,noun,alternative form of 評話,平话,,
wt:平等:0,平等,bìng-dēng,,,,Imported from Wiktionary (CC BY-SA 4.0): https://en.wiktionary.org/wiki/%E5%B9%B3%E7%AD%89#Chinese. Mandarin: píngděng.,adjective,"equal having the same status, rights, or opportunities",,,
wt:平等:0,平等,bìng-dēng,,,,,noun,equality,,,
wt:平話字:0,平話字,bàng-uâ-cê,,,,Imported from Wiktionary (CC BY-SA 4.0): https://en.wiktionary.org/wiki/%E5%B9%B3%E8%A9%B1%E5%AD%97#Chinese. Mandarin: pínghuàzì.,noun,"Bàng-uâ-cê a Latin alphabet-based orthography for Eastern Min, BUC",平话字,,
wt:平話字:0,平話字,bàng-uâ-cê,,,,,noun,Báⁿ-uā-ci̍ a Latin alphabet-based orthography for Puxian Min,平话字,,
wt:帶身:0,帶身,dái-sĭng,,,,Imported from Wiktionary (CC BY-SA 4.0): https://en.wiktionary.org/wiki/%E5%B8%B6%E8%BA%AB#Chinese.,verb,to be pregnant,带身,,
wt:帽墘:0,帽墘,mô̤-gièng,,,,Imported from Wiktionary (CC BY-SA 4.0): https://en.wiktionary.org/wiki/%E5%B8%BD%E5%A2%98#Chinese.,noun,brim of a hat,,,
wt:平跤:0,平跤,bàng-kă,,,,Imported from Wiktionary (CC BY-SA 4.0): https://en.wiktionary.org/wiki/%E5%B9%B3%E8%B7%A4#Chinese.,noun,feet that have not undergone footbinding,,,
wt:幸福:0,幸福,hâing-hók,,,,Imported from Wiktionary (CC BY-SA 4.0): https://en.wiktionary.org/wiki/%E5%B9%B8%E7%A6%8F#Chinese. Mandarin: xìngfú.,adjective,"(of one's life, circumstances, etc.) blessed and satisfactory; consummate; joyful; ⟨of a person⟩ living a blessed and contented life",,,
wt:幸福:0,幸福,hâing-hók,,,,,noun,sense of contentment stemming from having a blessed and fulfilled life; blissful life or living circumstances; happiness,,,
wt:年輕:0,年輕,nièng-kĭng,,,,Imported from Wiktionary (CC BY-SA 4.0): https://en.wiktionary.org/wiki/%E5%B9%B4%E8%BC%95#Chinese. Mandarin: niánqīng.,adjective,"(of a person, country, organization, etc.) young",年轻,,
wt:年齡:0,年齡,nièng-lìng,,,,Imported from Wiktionary (CC BY-SA 4.0): https://en.wiktionary.org/wiki/%E5%B9%B4%E9%BD%A1#Chinese. Mandarin: niánlíng.,noun,"age (of a person, plant, heavenly body, etc.)",年龄,,
wt:幼稚:0,幼稚,éu-dê,,,,"Imported from Wiktionary (CC BY-SA 4.0): https://en.wiktionary.org/wiki/%E5%B9%BC%E7%A8%9A#Chinese. Mandarin: yòuzhì,tl=y.",adjective,very young,,,
wt:幼稚:0,幼稚,éu-dê,,,,,adjective,childish; naive; puerile; infantile,,,
wt:年頭:0,年頭,nièng-tàu,,,,"Imported from Wiktionary (CC BY-SA 4.0): https://en.wiktionary.org/wiki/%E5%B9%B4%E9%A0%AD#Chinese. Mandarin: niántóu,er=y.",noun,year (classifier: 個),年头,,
wt:年頭:0,年頭,nièng-tàu,,,,,noun,period of many years; long time (classifier: 個),年头,,
wt:年頭:0,年頭,nièng-tàu,,,,,noun,the times; days (classifier: 個),年头,,
wt:年頭:0,年頭,nièng-tàu,,,,,noun,harvest (classifier: 個),年头,,
wt:年頭:0,年頭,nièng-tàu,,,,,noun,beginning of the year (classifier: 個),年头,,
wt:年號:0,年號,nièng-hô̤,,,,Imported from Wiktionary (CC BY-SA 4.0): https://en.wiktionary.org/wiki/%E5%B9%B4%E8%99%9F#Chinese. Mandarin: niánhào.,noun,era name subdivision in the reign of an emperor; regnal period; regnal year,年号,,
wt:幾歲:0,幾歲,gūi-huói,,,,Imported from Wiktionary (CC BY-SA 4.0): https://en.wiktionary.org/wiki/%E5%B9%BE%E6%AD%B2#Chinese. Mandarin: jǐsuì.,pronoun,how old,几岁,,
wt:幾點鐘:0,幾點鐘,gūi-dēng-cṳ̆ng,,,,Imported from Wiktionary (CC BY-SA 4.0): https://en.wiktionary.org/wiki/%E5%B9%BE%E9%BB%9E%E9%90%98#Chinese. Mandarin: jǐdiǎnzhōng.,adverb,(at) what time (o'clock),几点钟,,
wt:年暝:0,年暝,nièng-màng,,,,Imported from Wiktionary (CC BY-SA 4.0): https://en.wiktionary.org/wiki/%E5%B9%B4%E6%9A%9D#Chinese.,noun,end of the year,,,
wt:庇佑:0,庇佑,bé-êu,,,,Imported from Wiktionary (CC BY-SA 4.0): https://en.wiktionary.org/wiki/%E5%BA%87%E4%BD%91#Chinese. Mandarin: bìyòu.,verb,(religion) to receive protection especially from deities,,,
wt:底人:0,底人,diê-nè̤ng,,,,"Imported from Wiktionary (CC BY-SA 4.0): https://en.wiktionary.org/wiki/%E5%BA%95%E4%BA%BA#Chinese. Other readings: dê̤-nè̤ng, dê̤-è̤ng.",pronoun,who; whom,,,
wt:底所:0,底所,diē-nē̤,,,,Imported from Wiktionary (CC BY-SA 4.0): https://en.wiktionary.org/wiki/%E5%BA%95%E6%89%80#Chinese. Other readings: dē̤-nē̤.,pronoun,where,,,
wt:底所:0,底所,diē-nē̤,,,,,pronoun,wherever,,,
wt:康健:0,康健,kŏng-giông,,,,Imported from Wiktionary (CC BY-SA 4.0): https://en.wiktionary.org/wiki/%E5%BA%B7%E5%81%A5#Chinese. Mandarin: kāngjiàn.,adjective,(of a person) healthy free from disease or disorder; good; well,,,
wt:底塊:0,底塊,diē-dó̤i,,,,Imported from Wiktionary (CC BY-SA 4.0): https://en.wiktionary.org/wiki/%E5%BA%95%E5%A1%8A#Chinese.,pronoun,where,底块,,
wt:庚帖:0,庚帖,gĕng-táik,,,,Imported from Wiktionary (CC BY-SA 4.0): https://en.wiktionary.org/wiki/%E5%BA%9A%E5%B8%96#Chinese. Mandarin: gēngtiě.,noun,(dated) card with the horoscope of a boy or girl sent as a proposal for betrothal,,,
wt:廣東話:0,廣東話,guōng-dĕ̤ng-uâ,,,,Imported from Wiktionary (CC BY-SA 4.0): https://en.wiktionary.org/wiki/%E5%BB%A3%E6%9D%B1%E8%A9%B1#Chinese. Mandarin: guǎngdōnghuà.,noun,Yue; Cantonese language,广东话,,
wt:廁所:0,廁所,cé̤ṳ-sū,,,,"Imported from Wiktionary (CC BY-SA 4.0): https://en.wiktionary.org/wiki/%E5%BB%81%E6%89%80#Chinese. Mandarin: cèsuǒ,er=y. Other readings: cháik-sū.",noun,toilet; bathroom; lavatory; WC,厕所,,
wt:廣告:0,廣告,guōng-gó̤,,,,Imported from Wiktionary (CC BY-SA 4.0): https://en.wiktionary.org/wiki/%E5%BB%A3%E5%91%8A#Chinese. Mandarin: guǎnggào.,noun,"(countable) advertisement notice promoting a product, service, etc. (classifier: 個, 則, 項, 條)",广告,,
wt:廣告:0,廣告,guōng-gó̤,,,,,noun,(uncountable) advertising activity of producing advertisements,广告,,
wt:廣場:0,廣場,guōng-diòng,,,,"Imported from Wiktionary (CC BY-SA 4.0): https://en.wiktionary.org/wiki/%E5%BB%A3%E5%A0%B4#Chinese. Mandarin: guǎng場,audio=Zh-guǎngchǎng.oga.",noun,square public square of a city; plaza (classifier: 個),广场,,
wt:廣場:0,廣場,guōng-diòng,,,,,noun,(chiefly in compounds and building names) large building; shopping mall,广场,,
wt:廢人:0,廢人,hié-ìng,,,,Imported from Wiktionary (CC BY-SA 4.0): https://en.wiktionary.org/wiki/%E5%BB%A2%E4%BA%BA#Chinese. Mandarin: fèirén.,noun,(derogatory) cripple; disabled person,废人,,
wt:廢人:0,廢人,hié-ìng,,,,,noun,(derogatory) good-for-nothing,废人,,
wt:廢人:0,廢人,hié-ìng,,,,,noun,(derogatory) male with sexual dysfunction,废人,,
wt:廟祝:0,廟祝,miêu-cé̤ṳk,,,,Imported from Wiktionary (CC BY-SA 4.0): https://en.wiktionary.org/wiki/%E5%BB%9F%E7%A5%9D#Chinese. Mandarin: miàozhù.,noun,temple attendant in charge of incense and candles; acolyte,庙祝,,
wt:建設:0,建設,gióng-siék,,,,Imported from Wiktionary (CC BY-SA 4.0): https://en.wiktionary.org/wiki/%E5%BB%BA%E8%A8%AD#Chinese. Mandarin: jiànshè.,verb,(transitive) to build; to construct; to establish; to set up,建设,,
wt:建設:0,建設,gióng-siék,,,,,verb,"(figurative, transitive) to contribute",建设,,
wt:建設:0,建設,gióng-siék,,,,,verb,"(transitive, figurative) to develop; to build; to establish; to set up",建设,,
wt:建設:0,建設,gióng-siék,,,,,verb,(classical) to display; to set out; to decorate; to furnish,建设,,
wt:建築:0,建築,gióng-dé̤ṳk,,,,Imported from Wiktionary (CC BY-SA 4.0): https://en.wiktionary.org/wiki/%E5%BB%BA%E7%AF%89#Chinese. Mandarin: jiàn築.,verb,"(literally, figuratively, transitive) to build; to construct; to erect buildings and structures",建筑,,
wt:建築:0,建築,gióng-dé̤ṳk,,,,,noun,"(countable) building; structure; edifice (classifier: 座, 棟)",建筑,,
wt:建築:0,建築,gióng-dé̤ṳk,,,,,noun,(uncountable) construction; building,建筑,,
wt:建築:0,建築,gióng-dé̤ṳk,,,,,noun,"(countable, uncountable) architecture (classifier: 座)",建筑,,
wt:建築:0,建築,gióng-dé̤ṳk,,,,,noun,"(countable, figurative) structure; construction",建筑,,
wt:建國:0,建國,gióng-guók,,,,Imported from Wiktionary (CC BY-SA 4.0): https://en.wiktionary.org/wiki/%E5%BB%BA%E5%9C%8B#Chinese. Mandarin: jiànguó.,verb,to found a country; to establish a nation-state; to build a nation,建国,,
wt:廿一:0,廿一,niék-ék,,,,Imported from Wiktionary (CC BY-SA 4.0): https://en.wiktionary.org/wiki/%E5%BB%BF%E4%B8%80#Chinese. Mandarin: niànyī.,numeral,twenty-one; 21,,,
wt:廿二:0,廿二,niék-nê,,,,Imported from Wiktionary (CC BY-SA 4.0): https://en.wiktionary.org/wiki/%E5%BB%BF%E4%BA%8C#Chinese. Mandarin: niàn'èr.,numeral,twenty-two; 22,,,
wt:廿三:0,廿三,niék-săng,,,,Imported from Wiktionary (CC BY-SA 4.0): https://en.wiktionary.org/wiki/%E5%BB%BF%E4%B8%89#Chinese. Mandarin: niànsān.,numeral,twenty-three; 23,,,
wt:廿四:0,廿四,niék-sé,,,,Imported from Wiktionary (CC BY-SA 4.0): https://en.wiktionary.org/wiki/%E5%BB%BF%E5%9B%9B#Chinese. Mandarin: niànsì.,numeral,twenty-four; 24,,,
wt:廿五:0,廿五,niék-ngô,,,,Imported from Wiktionary (CC BY-SA 4.0): https://en.wiktionary.org/wiki/%E5%BB%BF%E4%BA%94#Chinese. Mandarin: niànwǔ.,numeral,twenty-five; 25,,,
wt:廿六:0,廿六,niék-lĕ̤k,,,,Imported from Wiktionary (CC BY-SA 4.0): https://en.wiktionary.org/wiki/%E5%BB%BF%E5%85%AD#Chinese. Mandarin: niànliù.,numeral,twenty-six; 26,,,
wt:廿七:0,廿七,niék-chék,,,,Imported from Wiktionary (CC BY-SA 4.0): https://en.wiktionary.org/wiki/%E5%BB%BF%E4%B8%83#Chinese. Mandarin: niànqī.,numeral,twenty-seven; 27,,,
wt:廿八:0,廿八,niék-báik,,,,Imported from Wiktionary (CC BY-SA 4.0): https://en.wiktionary.org/wiki/%E5%BB%BF%E5%85%AB#Chinese. Mandarin: niànbā.,numeral,twenty-eight; 28,,,
wt:廿九:0,廿九,niék-gāu,,,,Imported from Wiktionary (CC BY-SA 4.0): https://en.wiktionary.org/wiki/%E5%BB%BF%E4%B9%9D#Chinese. Mandarin: niànjiǔ.,numeral,twenty-nine; 29,,,
wt:弄弊:0,弄弊,lâe̤ng-bê,,,,Imported from Wiktionary (CC BY-SA 4.0): https://en.wiktionary.org/wiki/%E5%BC%84%E5%BC%8A#Chinese. Mandarin: nòngbì.,verb,to practice fraud; to cheat,,,
wt:弄弄:0,弄弄,lâe̤ng-lâe̤ng,,,,Imported from Wiktionary (CC BY-SA 4.0): https://en.wiktionary.org/wiki/%E5%BC%84%E5%BC%84#Chinese.,noun,"alley, small lane, hutong",,,
wt:弄頭:0,弄頭,lâe̤ng-tàu,,,,Imported from Wiktionary (CC BY-SA 4.0): https://en.wiktionary.org/wiki/%E5%BC%84%E9%A0%AD#Chinese.,noun,"alley, lane, hutong",,,
wt:弟新婦:0,弟新婦,diê-sĭng-bô,,,,Imported from Wiktionary (CC BY-SA 4.0): https://en.wiktionary.org/wiki/%E5%BC%9F%E6%96%B0%E5%A9%A6#Chinese.,noun,sister-in-law younger brother's wife,弟新妇,,
wt:強姦:0,強姦,giòng-găng,,,,Imported from Wiktionary (CC BY-SA 4.0): https://en.wiktionary.org/wiki/%E5%BC%B7%E5%A7%A6#Chinese. Mandarin: qiángjiān.,verb,(transitive) to rape to force sexual intercourse upon someone,强奸,,
wt:強姦:0,強姦,giòng-găng,,,,,verb,"(transitive, figuratively) to impose one's beliefs or thoughts upon other people against their will",强奸,,
wt:強迫:0,強迫,giòng-páe̤k,,,,"Imported from Wiktionary (CC BY-SA 4.0): https://en.wiktionary.org/wiki/%E5%BC%B7%E8%BF%AB#Chinese. Mandarin: qiǎngpò,qiángpò,1nb=standard in Mainland and Taiwan,2nb=variant.",verb,to coerce; to force; to compel,强迫,,
wt:強迫:0,強迫,giòng-páe̤k,,,,,noun,compulsion irrational need or irresistible urge to perform some action; obsession,强迫,,
wt:彈琴:0,彈琴,dàng-kìng,,,,Imported from Wiktionary (CC BY-SA 4.0): https://en.wiktionary.org/wiki/%E5%BD%88%E7%90%B4#Chinese. Mandarin: tánqín.,verb,"(music) to play certain musical instruments that can be described as 琴, such as some stringed instruments (guzheng, guqin, etc.), or a keyboard instrument (piano, electric piano, accordion, pipe organ, etc.)",弹琴,,
wt:強逼:0,強逼,giòng-páe̤k,,,,Imported from Wiktionary (CC BY-SA 4.0): https://en.wiktionary.org/wiki/%E5%BC%B7%E9%80%BC#Chinese. Mandarin: qiǎngbī.,verb,to compel; to force,强逼,,
wt:彩色:0,彩色,chāi-sáik,,,,Imported from Wiktionary (CC BY-SA 4.0): https://en.wiktionary.org/wiki/%E5%BD%A9%E8%89%B2#Chinese. Mandarin: cǎisè.,adjective,(attributive) color as opposed to black-and-white,,,
wt:彩色:0,彩色,chāi-sáik,,,,,noun,color; multicolor,,,
wt:往往:0,往往,uōng-uōng,,,,Imported from Wiktionary (CC BY-SA 4.0): https://en.wiktionary.org/wiki/%E5%BE%80%E5%BE%80#Chinese. Mandarin: wǎngwǎng.,adverb,usually; generally; often; tend to,,,
wt:往往:0,往往,uōng-uōng,,,,,adverb,(Classical) everywhere,,,
wt:影戲:0,影戲,ōng-hié,,,,Imported from Wiktionary (CC BY-SA 4.0): https://en.wiktionary.org/wiki/%E5%BD%B1%E6%88%B2#Chinese. Mandarin: yǐngxì.,noun,shadow play; shadow puppets; leather-silhouette show,影戏,,
wt:影戲:0,影戲,ōng-hié,,,,,noun,film; movie,影戏,,
wt:影戲:0,影戲,ōng-hié,,,,,noun,(dated) silent film,影戏,,
wt:影影戲:0,影影戲,ōng-ōng-hié,,,,Imported from Wiktionary (CC BY-SA 4.0): https://en.wiktionary.org/wiki/%E5%BD%B1%E5%BD%B1%E6%88%B2#Chinese.,noun,(dated) silent film,影影戏,,
wt:彩霓:0,彩霓,cāi-ngà̤,,,,Imported from Wiktionary (CC BY-SA 4.0): https://en.wiktionary.org/wiki/%E5%BD%A9%E9%9C%93#Chinese.,noun,neon lamp; neon light,,,
wt:往年暝:0,往年暝,uōng-nièng,,,,Imported from Wiktionary (CC BY-SA 4.0): https://en.wiktionary.org/wiki/%E5%BE%80%E5%B9%B4%E6%9A%9D#Chinese. Pronounced niĕng-màng. Other readings: uōng>uóng-nièng-màng.,noun,previous years,,,
wt:律師:0,律師,lŭk-sṳ̆,,,,Imported from Wiktionary (CC BY-SA 4.0): https://en.wiktionary.org/wiki/%E5%BE%8B%E5%B8%AB#Chinese. Mandarin: lǜshī.,noun,lawyer; attorney,律师,,
wt:律師:0,律師,lŭk-sṳ̆,,,,,noun,(Buddhism) people who understand religious discipline,律师,,
wt:後生:0,後生,hâu-săng,,,,Imported from Wiktionary (CC BY-SA 4.0): https://en.wiktionary.org/wiki/%E5%BE%8C%E7%94%9F#Chinese. Mandarin: hòushēng. Other readings: hâiu-sĕng.,noun,young person; young generation,后生,,
wt:後生:0,後生,hâu-săng,,,,,noun,descendants,后生,,
wt:後生:0,後生,hâu-săng,,,,,noun,next life,后生,,
wt:後生:0,後生,hâu-săng,,,,,noun,young man,后生,,
wt:後生:0,後生,hâu-săng,,,,,adjective,having a youthful appearance,后生,,
wt:後生:0,後生,hâu-săng,,,,,adjective,born later,后生,,
wt:徘徊:0,徘徊,bài-huòi,,,,"Imported from Wiktionary (CC BY-SA 4.0): https://en.wiktionary.org/wiki/%E5%BE%98%E5%BE%8A#Chinese. Mandarin: páihuái,páihuí,2nb=variant. Other readings: bài-huài.",verb,to pace back and forth; to walk to and fro; to wander,,,
wt:徘徊:0,徘徊,bài-huòi,,,,,verb,(figurative) to linger; to hover around; to be reluctant to leave,,,
wt:徘徊:0,徘徊,bài-huòi,,,,,verb,(figurative) to hesitate; to dither; to waver,,,
wt:徘徊:0,徘徊,bài-huòi,,,,,verb,(figurative) to oscillate; to fluctuate; to vary (between two values),,,
wt:彼此:0,彼此,bī-chṳ̄,,,,Imported from Wiktionary (CC BY-SA 4.0): https://en.wiktionary.org/wiki/%E5%BD%BC%E6%AD%A4#Chinese. Mandarin: bǐcǐ.,pronoun,each other; one another; you and I,,,
wt:彼此:0,彼此,bī-chṳ̄,,,,,pronoun,"(humble, often reduplicated) used in replies to others' words of praise; you too",,,
wt:律詩:0,律詩,lŭk-sĭ,,,,Imported from Wiktionary (CC BY-SA 4.0): https://en.wiktionary.org/wiki/%E5%BE%8B%E8%A9%A9#Chinese. Mandarin: lǜshī.,noun,(poetry) regulated verse,律诗,,
wt:後尾:0,後尾,âu-muōi,,,,"Imported from Wiktionary (CC BY-SA 4.0): https://en.wiktionary.org/wiki/%E5%BE%8C%E5%B0%BE#Chinese. Mandarin: hòuwěi,er=y.",noun,last part; end,后尾,,
wt:後尾:0,後尾,âu-muōi,,,,,noun,rear part; back,后尾,,
wt:後尾:0,後尾,âu-muōi,,,,,adverb,after; afterward,后尾,,
wt:後生囝:0,後生囝,hâu-săng-giāng,,,,Imported from Wiktionary (CC BY-SA 4.0): https://en.wiktionary.org/wiki/%E5%BE%8C%E7%94%9F%E5%9B%9D#Chinese.,noun,young person (classifier: 個),后生囝,,
wt:後年暝:0,後年暝,âu-nièng-màng,,,,Imported from Wiktionary (CC BY-SA 4.0): https://en.wiktionary.org/wiki/%E5%BE%8C%E5%B9%B4%E6%9A%9D#Chinese.,noun,the year after next,后年暝,,
wt:後郎爸:0,後郎爸,âu-lòng-bâ,,,,Imported from Wiktionary (CC BY-SA 4.0): https://en.wiktionary.org/wiki/%E5%BE%8C%E9%83%8E%E7%88%B8#Chinese.,noun,stepfather,后郎爸,,
wt:後伯:0,後伯,âu-bák,,,,Imported from Wiktionary (CC BY-SA 4.0): https://en.wiktionary.org/wiki/%E5%BE%8C%E4%BC%AF#Chinese.,noun,stepfather,后伯,,
wt:後郎奶:0,後郎奶,âu-lòng-nā̤,,,,Imported from Wiktionary (CC BY-SA 4.0): https://en.wiktionary.org/wiki/%E5%BE%8C%E9%83%8E%E5%A5%B6#Chinese.,noun,stepmother,后郎奶,,
wt:後奶:0,後奶,âu-nā̤,,,,Imported from Wiktionary (CC BY-SA 4.0): https://en.wiktionary.org/wiki/%E5%BE%8C%E5%A5%B6#Chinese.,noun,stepmother,后奶,,
wt:後斗:0,後斗,âu,,,,Imported from Wiktionary (CC BY-SA 4.0): https://en.wiktionary.org/wiki/%E5%BE%8C%E6%96%97#Chinese. Pronounced à-dāu.,noun,at the back; the rear; the back,后斗,,
wt:後斗邊:0,後斗邊,âu,,,,Imported from Wiktionary (CC BY-SA 4.0): https://en.wiktionary.org/wiki/%E5%BE%8C%E6%96%97%E9%82%8A#Chinese. Pronounced à-dāu-biĕng.,noun,at the back; the rear; the back,后斗边,,
wt:後斗勢:0,後斗勢,âu,,,,Imported from Wiktionary (CC BY-SA 4.0): https://en.wiktionary.org/wiki/%E5%BE%8C%E6%96%97%E5%8B%A2#Chinese. Pronounced à-dāu-sié.,noun,at the back; the rear; the back,后斗势,,
wt:心意:0,心意,sĭng-é,,,,Imported from Wiktionary (CC BY-SA 4.0): https://en.wiktionary.org/wiki/%E5%BF%83%E6%84%8F#Chinese. Mandarin: xīnyì.,noun,one's feelings,,,
wt:心意:0,心意,sĭng-é,,,,,noun,intention; purpose; intent; inclination; disposition,,,
wt:心意:0,心意,sĭng-é,,,,,noun,friendly regard; affection,,,
wt:心肝:0,心肝,sĭng-găng,,,,"Imported from Wiktionary (CC BY-SA 4.0): https://en.wiktionary.org/wiki/%E5%BF%83%E8%82%9D#Chinese. Mandarin: xīngān,er=y.",noun,(figurative) conscience,,,
wt:心肝:0,心肝,sĭng-găng,,,,,noun,(figurative) sincere affection,,,
wt:心肝:0,心肝,sĭng-găng,,,,,noun,(figurative) darling; honey; sweetheart,,,
wt:心肝:0,心肝,sĭng-găng,,,,,noun,(figurative) character mental and ethical traits,,,
wt:心肝:0,心肝,sĭng-găng,,,,,noun,(figurative) mind,,,
wt:復活:0,復活,hŭk-uăk,,,,Imported from Wiktionary (CC BY-SA 4.0): https://en.wiktionary.org/wiki/%E5%BE%A9%E6%B4%BB#Chinese. Mandarin: fùhuó. Other readings: bô-uăk.,verb,(ergative) to come back to life; to bring back to life; to revive; to resurrect,复活,,
wt:德語:0,德語,Dáik-ngṳ̄,,,,Imported from Wiktionary (CC BY-SA 4.0): https://en.wiktionary.org/wiki/%E5%BE%B7%E8%AA%9E#Chinese. Mandarin: Déyǔ.,noun,German language,德语,,
wt:心臟:0,心臟,sĭng-câung,,,,Imported from Wiktionary (CC BY-SA 4.0): https://en.wiktionary.org/wiki/%E5%BF%83%E8%87%9F#Chinese. Mandarin: xīnzàng.,noun,(anatomy) heart (classifier: 個),心脏,,
wt:心臟:0,心臟,sĭng-câung,,,,,noun,heart the central part of something or some place (classifier: 個),心脏,,
wt:心事:0,心事,sĭng-sê̤ṳ,,,,"Imported from Wiktionary (CC BY-SA 4.0): https://en.wiktionary.org/wiki/%E5%BF%83%E4%BA%8B#Chinese. Mandarin: xīnshì,er=y.",noun,something on one's mind; worry; vexation,,,
wt:微波爐:0,微波爐,mì-pŏ̤-lù,,,,Imported from Wiktionary (CC BY-SA 4.0): https://en.wiktionary.org/wiki/%E5%BE%AE%E6%B3%A2%E7%88%90#Chinese. Mandarin: 微bōlú.,noun,microwave oven oven using microwave energy,微波炉,,
wt:微波:0,微波,mì-pŏ̤,,,,Imported from Wiktionary (CC BY-SA 4.0): https://en.wiktionary.org/wiki/%E5%BE%AE%E6%B3%A2#Chinese. Mandarin: 微bō.,noun,(physics) microwave,,,
wt:微波:0,微波,mì-pŏ̤,,,,,noun,(cooking) microwave oven,,,
wt:微波:0,微波,mì-pŏ̤,,,,,noun,ripple,,,
wt:微波:0,微波,mì-pŏ̤,,,,,verb,to microwave,,,
wt:微信:0,微信,Mì-séng,,,,"Imported from Wiktionary (CC BY-SA 4.0): https://en.wiktionary.org/wiki/%E5%BE%AE%E4%BF%A1#Chinese. Mandarin: 微xìn,cap=y,2cap=y.",noun,WeChat message,,,
wt:微信:0,微信,Mì-séng,,,,,noun,WeChat account,,,
wt:得救:0,得救,dáik-géu,,,,Imported from Wiktionary (CC BY-SA 4.0): https://en.wiktionary.org/wiki/%E5%BE%97%E6%95%91#Chinese. Mandarin: déjiù.,verb,to be saved; to be rescued,,,
wt:得救:0,得救,dáik-géu,,,,,verb,(Christianity) to be saved; to obtain salvation,,,
wt:心性:0,心性,sĭng-sáng,,,,Imported from Wiktionary (CC BY-SA 4.0): https://en.wiktionary.org/wiki/%E5%BF%83%E6%80%A7#Chinese. Mandarin: xīnxìng.,noun,disposition; temperament; nature,,,
wt:心性:0,心性,sĭng-sáng,,,,,noun,one's original idea; one's real intention; one's true feelings,,,
wt:心性:0,心性,sĭng-sáng,,,,,noun,(Confucianism) ,,,
wt:心性:0,心性,sĭng-sáng,,,,,noun,(Buddhism) ,,,
wt:徛裡:0,徛裡,kiê-diē,,,,Imported from Wiktionary (CC BY-SA 4.0): https://en.wiktionary.org/wiki/%E5%BE%9B%E8%A3%A1#Chinese.,adjective,"modest, self-effacing, conservative",徛里,,
wt:得疾:0,得疾,dáik-cĭk,,,,Imported from Wiktionary (CC BY-SA 4.0): https://en.wiktionary.org/wiki/%E5%BE%97%E7%96%BE#Chinese.,adjective,"to be obsessed, to have a special interest, to be engrossed in a hobby",,,
wt:心煞:0,心煞,sĭng sák,,,,Imported from Wiktionary (CC BY-SA 4.0): https://en.wiktionary.org/wiki/%E5%BF%83%E7%85%9E#Chinese.,adjective,cruel; ruthless; merciless; heartless,,,
wt:忘記:0,忘記,uòng-gé,,,,Imported from Wiktionary (CC BY-SA 4.0): https://en.wiktionary.org/wiki/%E5%BF%98%E8%A8%98#Chinese. Mandarin: wàngjì.,verb,to forget; to be forgotten,忘记,,
wt:志願者:0,志願者,cé-nguông-ciā,,,,Imported from Wiktionary (CC BY-SA 4.0): https://en.wiktionary.org/wiki/%E5%BF%97%E9%A1%98%E8%80%85#Chinese. Mandarin: zhìyuànzhě.,noun,volunteer; volunteer worker,志愿者,,
wt:忍耐:0,忍耐,ṳ̄ng-nâi,,,,Imported from Wiktionary (CC BY-SA 4.0): https://en.wiktionary.org/wiki/%E5%BF%8D%E8%80%90#Chinese. Mandarin: rěnnài.,verb,to endure; to bear; to be patient,,,
wt:念經:0,念經,nâing-gĭng,,,,Imported from Wiktionary (CC BY-SA 4.0): https://en.wiktionary.org/wiki/%E5%BF%B5%E7%B6%93#Chinese. Mandarin: niànjīng.,verb,(Buddhism) to chant or recite sutras,念经,,
wt:念經:0,念經,nâing-gĭng,,,,,verb,(figurative) to keep harping on; to speak or sing in a repetitive and monotone manner,念经,,
wt:念經:0,念經,nâing-gĭng,,,,,verb,(of a cat) to purr,念经,,
wt:忌辰:0,忌辰,gê-sìng,,,,Imported from Wiktionary (CC BY-SA 4.0): https://en.wiktionary.org/wiki/%E5%BF%8C%E8%BE%B0#Chinese. Mandarin: jìchén.,noun,anniversary of a death; death anniversary,,,
wt:快熟麵:0,快熟麵,kuái-sṳ̆k,,,,Imported from Wiktionary (CC BY-SA 4.0): https://en.wiktionary.org/wiki/%E5%BF%AB%E7%86%9F%E9%BA%B5#Chinese. Mandarin: kuàishúmiàn. Pronounced sṳ́k-miêng.,noun,instant noodle,快熟面,,
wt:性交:0,性交,séng-gău,,,,Imported from Wiktionary (CC BY-SA 4.0): https://en.wiktionary.org/wiki/%E6%80%A7%E4%BA%A4#Chinese. Mandarin: xìngjiāo.,verb,to have sex; to have sexual intercourse,,,
wt:性質:0,性質,séng-cék,,,,"Imported from Wiktionary (CC BY-SA 4.0): https://en.wiktionary.org/wiki/%E6%80%A7%E8%B3%AA#Chinese. Mandarin: xìng質,tl=y.",noun,character; nature; intrinsic quality; essence,性质,,
wt:思想:0,思想,sṳ̆-siōng,,,,Imported from Wiktionary (CC BY-SA 4.0): https://en.wiktionary.org/wiki/%E6%80%9D%E6%83%B3#Chinese. Mandarin: sīxiǎng.,noun,idea; intention; thought,,,
wt:思想:0,思想,sṳ̆-siōng,,,,,noun,ideology; philosophy; thought; concept often political; teachings; thinking; principles,,,
wt:思想:0,思想,sṳ̆-siōng,,,,,verb,to think about; to consider,,,
wt:性別:0,性別,séng-biék,,,,Imported from Wiktionary (CC BY-SA 4.0): https://en.wiktionary.org/wiki/%E6%80%A7%E5%88%A5#Chinese. Mandarin: xìngbié.,noun,sex; gender,性别,,
wt:性別:0,性別,séng-biék,,,,,noun,(grammar) gender,性别,,
wt:性格:0,性格,séng-gáik,,,,Imported from Wiktionary (CC BY-SA 4.0): https://en.wiktionary.org/wiki/%E6%80%A7%E6%A0%BC#Chinese. Mandarin: xìnggé.,noun,personality; nature; temperament; disposition,,,
wt:思量:0,思量,sṳ̆-luòng,,,,"Imported from Wiktionary (CC BY-SA 4.0): https://en.wiktionary.org/wiki/%E6%80%9D%E9%87%8F#Chinese. Mandarin: sīliáng,tl=y.",verb,to reckon; to consider; to weigh; to speculate; to turn over in one's mind,,,
wt:思量:0,思量,sṳ̆-luòng,,,,,verb,to miss; to long for; to keep thinking about,,,
wt:性侵:0,性侵,séng-chĭng,,,,Imported from Wiktionary (CC BY-SA 4.0): https://en.wiktionary.org/wiki/%E6%80%A7%E4%BE%B5#Chinese. Mandarin: xìngqīn.,verb,to sexually assault; to interfere with,,,
wt:性侵:0,性侵,séng-chĭng,,,,,noun,sexual assault,,,
wt:恭喜發財:0,恭喜發財,gṳ̆ng-hī huák-cài,,,,Imported from Wiktionary (CC BY-SA 4.0): https://en.wiktionary.org/wiki/%E6%81%AD%E5%96%9C%E7%99%BC%E8%B2%A1#Chinese. Mandarin: gōngxǐ fācái.,phrase,Happy New Year congratulations and best wishes for a prosperous Chinese New Year,恭喜发财,,
wt:恐龍:0,恐龍,kṳ̄ng-lṳ̀ng,,,,Imported from Wiktionary (CC BY-SA 4.0): https://en.wiktionary.org/wiki/%E6%81%90%E9%BE%8D#Chinese. Mandarin: kǒnglóng.,noun,dinosaur animal of the clade Dinosauria,恐龙,,
wt:恐龍:0,恐龍,kṳ̄ng-lṳ̀ng,,,,,noun,"(slang, offensive, dated) very ugly woman",恐龙,,
wt:恐怖:0,恐怖,kṳ̄ng-buó,,,,Imported from Wiktionary (CC BY-SA 4.0): https://en.wiktionary.org/wiki/%E6%81%90%E6%80%96#Chinese. Mandarin: kǒngbù.,adjective,terrifying; dreadful; horrific; frightening,,,
wt:恐怖:0,恐怖,kṳ̄ng-buó,,,,,adjective,afraid; fearful,,,
wt:恐怖:0,恐怖,kṳ̄ng-buó,,,,,noun,terror; dread; horror,,,
wt:恐怖:0,恐怖,kṳ̄ng-buó,,,,,noun,horror film genre,,,
wt:恐怖:0,恐怖,kṳ̄ng-buó,,,,,noun,terrorism,,,
wt:恭喜:0,恭喜,gṳ̆ng-hī,,,,Imported from Wiktionary (CC BY-SA 4.0): https://en.wiktionary.org/wiki/%E6%81%AD%E5%96%9C#Chinese. Mandarin: gōngxǐ.,verb,to congratulate,,,
wt:恭喜:0,恭喜,gṳ̆ng-hī,,,,,particle,congratulations!,,,
wt:恩惠:0,恩惠,ŏng-hiê,,,,Imported from Wiktionary (CC BY-SA 4.0): https://en.wiktionary.org/wiki/%E6%81%A9%E6%83%A0#Chinese. Mandarin: ēnhuì.,noun,grace; favour; kindness,,,
wt:恩義:0,恩義,ŏng-ngiê,,,,Imported from Wiktionary (CC BY-SA 4.0): https://en.wiktionary.org/wiki/%E6%81%A9%E7%BE%A9#Chinese. Mandarin: ēnyì.,noun,feelings of gratitude and loyalty,恩义,,
wt:恭敬:0,恭敬,gṳ̆ng-géng,,,,Imported from Wiktionary (CC BY-SA 4.0): https://en.wiktionary.org/wiki/%E6%81%AD%E6%95%AC#Chinese. Mandarin: gōngjìng.,adjective,respectful; deferential,,,
wt:恭賀新禧:0,恭賀新禧,gṳ̆ng-hô̤-sĭng-hĭ,,,,Imported from Wiktionary (CC BY-SA 4.0): https://en.wiktionary.org/wiki/%E6%81%AD%E8%B3%80%E6%96%B0%E7%A6%A7#Chinese. Mandarin: gōnghèxīnxǐ.,phrase,(referring to the Chinese New Year) Happy New Year,恭贺新禧,,
wt:恭賀:0,恭賀,gṳ̆ng-hô̤,,,,Imported from Wiktionary (CC BY-SA 4.0): https://en.wiktionary.org/wiki/%E6%81%AD%E8%B3%80#Chinese. Mandarin: gōnghè.,verb,to congratulate respectfully,恭贺,,
wt:情況:0,情況,cìng-huóng,,,,Imported from Wiktionary (CC BY-SA 4.0): https://en.wiktionary.org/wiki/%E6%83%85%E6%B3%81#Chinese. Mandarin: qíngkuàng.,noun,situation; status; circumstances,情况,,
wt:感冒:0,感冒,gāng-mô̤,,,,Imported from Wiktionary (CC BY-SA 4.0): https://en.wiktionary.org/wiki/%E6%84%9F%E5%86%92#Chinese. Mandarin: gǎnmào.,noun,(disease) cold common viral illness; common cold,,,
wt:感冒:0,感冒,gāng-mô̤,,,,,noun,(informal) influenza,,,
wt:感冒:0,感冒,gāng-mô̤,,,,,noun,(historical) pretext for requesting leave of absence used by officials in the Qing dynasty,,,
wt:感冒:0,感冒,gāng-mô̤,,,,,verb,to catch a cold,,,
wt:感冒:0,感冒,gāng-mô̤,,,,,verb,to sense; to feel,,,
wt:感冒:0,感冒,gāng-mô̤,,,,,verb,"(figurative, often in the negative) to fancy; to be interested in",,,
wt:愛情:0,愛情,ái-cìng,,,,"Imported from Wiktionary (CC BY-SA 4.0): https://en.wiktionary.org/wiki/%E6%84%9B%E6%83%85#Chinese. Mandarin: àiqíng,tl=y.",noun,love of a romantic nature,爱情,,
wt:意義:0,意義,é-ngiê,,,,"Imported from Wiktionary (CC BY-SA 4.0): https://en.wiktionary.org/wiki/%E6%84%8F%E7%BE%A9#Chinese. Mandarin: yìyì,tl=y.",noun,meaning; sense,意义,,
wt:意義:0,意義,é-ngiê,,,,,noun,significance; importance; value,意义,,
wt:意見:0,意見,é-giéng,,,,"Imported from Wiktionary (CC BY-SA 4.0): https://en.wiktionary.org/wiki/%E6%84%8F%E8%A6%8B#Chinese. Mandarin: yìjiàn,tl=y.",noun,opinion; idea; proposal; suggestion; view; advice,意见,,
wt:意見:0,意見,é-giéng,,,,,noun,objection; different opinion; bone to pick,意见,,
wt:意思:0,意思,é-sé̤ṳ,,,,"Imported from Wiktionary (CC BY-SA 4.0): https://en.wiktionary.org/wiki/%E6%84%8F%E6%80%9D#Chinese. Mandarin: yìsi,yìsī,1nb=standard in Mainland and Taiwan,2nb=literary or regional variant.",noun,"meaning of words, symbols, or concepts; significance",,,
wt:意思:0,意思,é-sé̤ṳ,,,,,noun,interest; fun,,,
wt:意思:0,意思,é-sé̤ṳ,,,,,noun,hint; trace; sign; indicator,,,
wt:意思:0,意思,é-sé̤ṳ,,,,,noun,opinion; view,,,
wt:意思:0,意思,é-sé̤ṳ,,,,,noun,token of appreciation,,,
wt:意思:0,意思,é-sé̤ṳ,,,,,noun,friendship; camaraderie,,,
wt:感謝:0,感謝,gāng-siâ,,,,Imported from Wiktionary (CC BY-SA 4.0): https://en.wiktionary.org/wiki/%E6%84%9F%E8%AC%9D#Chinese. Mandarin: gǎnxiè.,verb,to thank; to be grateful; to be appreciative; to appreciate; thank you to; thank you for,感谢,,
wt:感謝:0,感謝,gāng-siâ,,,,,particle,thank you,感谢,,
wt:感覺:0,感覺,gāng-gáuk,,,,Imported from Wiktionary (CC BY-SA 4.0): https://en.wiktionary.org/wiki/%E6%84%9F%E8%A6%BA#Chinese. Mandarin: gǎnjué.,verb,to feel; to sense; to have a feeling that,感觉,,
wt:感覺:0,感覺,gāng-gáuk,,,,,verb,to think (that); to believe (that); to be of the opinion that,感觉,,
wt:感覺:0,感覺,gāng-gáuk,,,,,noun,feeling sensation; emotion; intuition,感觉,,
wt:感覺:0,感覺,gāng-gáuk,,,,,noun,sense manner by which living beings perceive the physical world,感觉,,
wt:惶恐:0,惶恐,huòng-kṳ̄ng,,,,Imported from Wiktionary (CC BY-SA 4.0): https://en.wiktionary.org/wiki/%E6%83%B6%E6%81%90#Chinese. Mandarin: huángkǒng.,adjective,terrified; scared; frightened,,,
wt:惶恐:0,惶恐,huòng-kṳ̄ng,,,,,adverb,in a terrified manner,,,
wt:意外:0,意外,é-nguôi,,,,Imported from Wiktionary (CC BY-SA 4.0): https://en.wiktionary.org/wiki/%E6%84%8F%E5%A4%96#Chinese. Mandarin: yìwài.,adjective,unexpected; unforeseen; surprising,,,
wt:意外:0,意外,é-nguôi,,,,,noun,accident; mishap; slip-up; mistake,,,
wt:感恩:0,感恩,gāng-ŏng,,,,Imported from Wiktionary (CC BY-SA 4.0): https://en.wiktionary.org/wiki/%E6%84%9F%E6%81%A9#Chinese. Mandarin: gǎn'ēn.,verb,to have gratitude for; to feel grateful,,,
wt:感恩:0,感恩,gāng-ŏng,,,,,adjective,(Catholicism) Eucharist; eucharistic,,,
wt:想念:0,想念,suōng-niêng,,,,Imported from Wiktionary (CC BY-SA 4.0): https://en.wiktionary.org/wiki/%E6%83%B3%E5%BF%B5#Chinese. Mandarin: xiǎngniàn.,verb,to miss; to think of; to yearn for; to reminisce,,,
wt:感動:0,感動,gāng-dông,,,,Imported from Wiktionary (CC BY-SA 4.0): https://en.wiktionary.org/wiki/%E6%84%9F%E5%8B%95#Chinese. Mandarin: gǎndòng.,verb,(ergative) to move; to touch emotionally,感动,,
wt:愛挃:0,愛挃,ó̤i-dĭk,,,,Imported from Wiktionary (CC BY-SA 4.0): https://en.wiktionary.org/wiki/%E6%84%9B%E6%8C%83#Chinese.,verb,to like to have; to want; to wish for,爱挃,,
wt:慈悲:0,慈悲,cṳ̀-pĭ,,,,Imported from Wiktionary (CC BY-SA 4.0): https://en.wiktionary.org/wiki/%E6%85%88%E6%82%B2#Chinese. Mandarin: cíbēi.,adjective,"(originally, Buddhism) merciful; benevolent; pitying",,,
wt:憲法:0,憲法,hióng-huák,,,,Imported from Wiktionary (CC BY-SA 4.0): https://en.wiktionary.org/wiki/%E6%86%B2%E6%B3%95#Chinese. Mandarin: xiànfǎ.,noun,constitution,宪法,,
wt:憲法:0,憲法,hióng-huák,,,,,noun,legal code; statute,宪法,,
wt:憲法:0,憲法,hióng-huák,,,,,verb,to announce a decree,宪法,,
wt:憲法:0,憲法,hióng-huák,,,,,verb,to follow the example of; to take as one's model; to pattern after; to imitate,宪法,,
wt:慣勢:0,慣勢,gáing-sié,,,,Imported from Wiktionary (CC BY-SA 4.0): https://en.wiktionary.org/wiki/%E6%85%A3%E5%8B%A2#Chinese.,verb,to be accustomed to; to be in the habit of,惯势,,
wt:慷慨:0,慷慨,kōng-kái,,,,Imported from Wiktionary (CC BY-SA 4.0): https://en.wiktionary.org/wiki/%E6%85%B7%E6%85%A8#Chinese. Mandarin: kāngkǎi.,adjective,impassioned; vehement; fervent,,,
wt:慷慨:0,慷慨,kōng-kái,,,,,adjective,forthright; expansive; frank and straightforward,,,
wt:慷慨:0,慷慨,kōng-kái,,,,,adjective,generous; beneficent,,,
wt:慷慨:0,慷慨,kōng-kái,,,,,verb,(classical) to sigh (with regret); to lament; to exclaim,,,
wt:慧眼:0,慧眼,hiê-ngāng,,,,Imported from Wiktionary (CC BY-SA 4.0): https://en.wiktionary.org/wiki/%E6%85%A7%E7%9C%BC#Chinese. Mandarin: huìyǎn.,noun,(Buddhism) mind which perceives both past and future; an all-seeing mind,,,
wt:慧眼:0,慧眼,hiê-ngāng,,,,,noun,(figurative) mental discernment; insight; acumen,,,
wt:慘無人道:0,慘無人道,chāng-ù-ìng-dô̤,,,,Imported from Wiktionary (CC BY-SA 4.0): https://en.wiktionary.org/wiki/%E6%85%98%E7%84%A1%E4%BA%BA%E9%81%93#Chinese. Mandarin: cǎnwúréndào.,phrase,brutal and inhuman,惨无人道,,
wt:成功:0,成功,sìng-gŭng,,,,Imported from Wiktionary (CC BY-SA 4.0): https://en.wiktionary.org/wiki/%E6%88%90%E5%8A%9F#Chinese. Mandarin: chénggōng.,verb,to succeed; to achieve success; to be successful,,,
wt:成功:0,成功,sìng-gŭng,,,,,verb,to complete a task,,,
wt:成功:0,成功,sìng-gŭng,,,,,verb,to gather in the crops; to harvest,,,
wt:成功:0,成功,sìng-gŭng,,,,,verb,to agree; to allow; to permit,,,
wt:成功:0,成功,sìng-gŭng,,,,,noun,success; prosperity,,,
wt:成功:0,成功,sìng-gŭng,,,,,noun,achievements; exploits; deeds,,,
wt:成功:0,成功,sìng-gŭng,,,,,noun,effect; outcome,,,
wt:成功:0,成功,sìng-gŭng,,,,,adjective,successful,,,
wt:懷孕:0,懷孕,huài-êng,,,,Imported from Wiktionary (CC BY-SA 4.0): https://en.wiktionary.org/wiki/%E6%87%B7%E5%AD%95#Chinese. Mandarin: huáiyùn.,verb,to be pregnant,怀孕,,
wt:懷孕:0,懷孕,huài-êng,,,,,adjective,"(slang, neologism, jocular, of sounds or voices) pleasing to the ears; orgasmic to listen to; causing an eargasm; eargasmic",怀孕,,
wt:懺悔:0,懺悔,cháng-huói,,,,Imported from Wiktionary (CC BY-SA 4.0): https://en.wiktionary.org/wiki/%E6%87%BA%E6%82%94#Chinese. Mandarin: chànhuǐ.,verb,to make confession,忏悔,,
wt:懺悔:0,懺悔,cháng-huói,,,,,verb,to repent one's sins,忏悔,,
wt:懶漢:0,懶漢,lāng-háng,,,,Imported from Wiktionary (CC BY-SA 4.0): https://en.wiktionary.org/wiki/%E6%87%B6%E6%BC%A2#Chinese. Mandarin: lǎnhàn.,noun,lazybones; lazy person; sluggard; idler,懒汉,,
wt:懶漢:0,懶漢,lāng-háng,,,,,adjective,lazy,懒汉,,
wt:懶屍:0,懶屍,lāng-sĭ,,,,Imported from Wiktionary (CC BY-SA 4.0): https://en.wiktionary.org/wiki/%E6%87%B6%E5%B1%8D#Chinese.,adjective,lazy; unwilling to work,懒尸,,
wt:懶屍:0,懶屍,lāng-sĭ,,,,,verb,to stay in bed for no reason,懒尸,,
wt:戇囝:0,戇囝,ngâung-giāng,,,,Imported from Wiktionary (CC BY-SA 4.0): https://en.wiktionary.org/wiki/%E6%88%87%E5%9B%9D#Chinese.,noun,stupid child affectionate term used by parents,戆囝,,
wt:戇囝:0,戇囝,ngâung-giāng,,,,,noun,fool; idiot,戆囝,,
wt:戊戌:0,戊戌,muô-sáe̤k,,,,Imported from Wiktionary (CC BY-SA 4.0): https://en.wiktionary.org/wiki/%E6%88%8A%E6%88%8C#Chinese. Mandarin: wùxū.,noun,"The thirty-fifth term of the Chinese sexagenary cycle, sometimes glossed as ""earth",,,
wt:應喙:0,應喙,íng-chói,,,,Imported from Wiktionary (CC BY-SA 4.0): https://en.wiktionary.org/wiki/%E6%87%89%E5%96%99#Chinese.,verb,to answer back to one's parents or superiors; to talk back,应喙,,
wt:懸頂:0,懸頂,gèng,,,,Imported from Wiktionary (CC BY-SA 4.0): https://en.wiktionary.org/wiki/%E6%87%B8%E9%A0%82#Chinese. Pronounced gà̤-dēng.,noun,above; on top,悬顶,,
wt:懶露:0,懶露,lāng-lô,,,,Imported from Wiktionary (CC BY-SA 4.0): https://en.wiktionary.org/wiki/%E6%87%B6%E9%9C%B2#Chinese.,adjective,"dirty of clothes, etc.",懒露,,
wt:我們:0,我們,ngō̤-muòng,,,,"Imported from Wiktionary (CC BY-SA 4.0): https://en.wiktionary.org/wiki/%E6%88%91%E5%80%91#Chinese. Mandarin: wǒmen,wǒmén,wǒm,m̌'m,m̌me,wǎnme,2nb=without [[:w:Mandarin phonology#Tone sandhi.",pronoun,"(academic writing) we; us referring to the author(s) of the paper, even if the paper has only one author",我们,,
wt:我們:0,我們,ngō̤-muòng,,,,,pronoun,my,我们,,
wt:我們:0,我們,ngō̤-muòng,,,,,pronoun,my kid (casual reference to one's child in parent-to-parent conversations),我们,,
wt:或者:0,或者,hĕ̤k-ciā,,,,Imported from Wiktionary (CC BY-SA 4.0): https://en.wiktionary.org/wiki/%E6%88%96%E8%80%85#Chinese. Mandarin: huòzhě.,,or,,,
wt:或者:0,或者,hĕ̤k-ciā,,,,,,either... or...; or,,,
wt:或者:0,或者,hĕ̤k-ciā,,,,,adverb,perhaps; maybe,,,
wt:或者:0,或者,hĕ̤k-ciā,,,,,noun,(classical) some people,,,
wt:成長:0,成長,sìng-diòng,,,,Imported from Wiktionary (CC BY-SA 4.0): https://en.wiktionary.org/wiki/%E6%88%90%E9%95%B7#Chinese. Mandarin: chéngzhǎng.,verb,to grow up; to grow to maturity,成长,,
wt:成熟:0,成熟,sìng-sṳ̆k,,,,Imported from Wiktionary (CC BY-SA 4.0): https://en.wiktionary.org/wiki/%E6%88%90%E7%86%9F#Chinese. Mandarin: chéng熟.,verb,(botany) to ripen; to ripe,,,
wt:成熟:0,成熟,sìng-sṳ̆k,,,,,verb,"(biology, figurative) to mature; to ripen",,,
wt:成熟:0,成熟,sìng-sṳ̆k,,,,,adjective,"(biology, figurative) mature",,,
wt:我國:0,我國,ngō̤-guók,,,,Imported from Wiktionary (CC BY-SA 4.0): https://en.wiktionary.org/wiki/%E6%88%91%E5%9C%8B#Chinese. Mandarin: wǒguó.,noun,my country; our country,我国,,
wt:戰場:0,戰場,ciéng-diòng,,,,Imported from Wiktionary (CC BY-SA 4.0): https://en.wiktionary.org/wiki/%E6%88%B0%E5%A0%B4#Chinese. Mandarin: zhàn場.,noun,battlefield; battleground,战场,,
wt:我各儂:0,我各儂,nguāi gáuk,,,,Imported from Wiktionary (CC BY-SA 4.0): https://en.wiktionary.org/wiki/%E6%88%91%E5%90%84%E5%84%82#Chinese. Pronounced gó̤k-nè̤ng.,pronoun,we; us,我各侬,,
wt:我等:0,我等,ngō̤-dēng,,,,Imported from Wiktionary (CC BY-SA 4.0): https://en.wiktionary.org/wiki/%E6%88%91%E7%AD%89#Chinese. Mandarin: wǒděng.,pronoun,(archaic) we,,,
wt:成色:0,成色,siàng-sáik,,,,Imported from Wiktionary (CC BY-SA 4.0): https://en.wiktionary.org/wiki/%E6%88%90%E8%89%B2#Chinese. Mandarin: chéngsè.,noun,"purity of gold, silver, etc.",,,
wt:成色:0,成色,siàng-sáik,,,,,noun,quality,,,
wt:戒尺:0,戒尺,gái-chióh,,,,Imported from Wiktionary (CC BY-SA 4.0): https://en.wiktionary.org/wiki/%E6%88%92%E5%B0%BA#Chinese. Mandarin: jièchǐ.,noun,(Buddhism) clapper,,,
wt:戒尺:0,戒尺,gái-chióh,,,,,noun,"(education, historical) teacher’s ruler used for punishing pupils",,,
wt:手指:0,手指,chiū-cāi,,,,Imported from Wiktionary (CC BY-SA 4.0): https://en.wiktionary.org/wiki/%E6%89%8B%E6%8C%87#Chinese. Mandarin: shǒuzhǐ.,noun,(anatomy) finger,,,
wt:手指:0,手指,chiū-cāi,,,,,noun,finger ring; ring,,,
wt:所以:0,所以,sū-ī,,,,"Imported from Wiktionary (CC BY-SA 4.0): https://en.wiktionary.org/wiki/%E6%89%80%E4%BB%A5#Chinese. Mandarin: suǒyǐ,suì,2nb=colloquial.",,therefore; so; consequently,,,
wt:所以:0,所以,sū-ī,,,,,,Used in the first part of a sentence to indicate a reason that will be explained in the second part of the sentence.,,,
wt:所以:0,所以,sū-ī,,,,,pronoun,"the means literally, ""what one uses"" by which; how",,,
wt:所以:0,所以,sū-ī,,,,,pronoun,the manner in which; how,,,
wt:所以:0,所以,sū-ī,,,,,pronoun,the reason why; why,,,
wt:所以:0,所以,sū-ī,,,,,noun,proper behaviour; manners,,,
wt:房間:0,房間,bùng-găng,,,,Imported from Wiktionary (CC BY-SA 4.0): https://en.wiktionary.org/wiki/%E6%88%BF%E9%96%93#Chinese. Mandarin: fángjiān.,noun,room in a building or house,房间,,
wt:所有:0,所有,sū-iū,,,,Imported from Wiktionary (CC BY-SA 4.0): https://en.wiktionary.org/wiki/%E6%89%80%E6%9C%89#Chinese. Mandarin: suǒyǒu.,adjective,all,,,
wt:所有:0,所有,sū-iū,,,,,noun,possessions,,,
wt:所有:0,所有,sū-iū,,,,,verb,to own; to possess,,,
wt:所在:0,所在,sū-câi,,,,Imported from Wiktionary (CC BY-SA 4.0): https://en.wiktionary.org/wiki/%E6%89%80%E5%9C%A8#Chinese. Mandarin: suǒzài.,noun,place; location,,,
wt:所在:0,所在,sū-câi,,,,,noun,whereabouts,,,
wt:手冊:0,手冊,chiū-cháh,,,,Imported from Wiktionary (CC BY-SA 4.0): https://en.wiktionary.org/wiki/%E6%89%8B%E5%86%8A#Chinese. Mandarin: shǒucè.,noun,handbook; manual (classifier: 本),手册,,
wt:手工:0,手工,chiū-gĕ̤ng,,,,Imported from Wiktionary (CC BY-SA 4.0): https://en.wiktionary.org/wiki/%E6%89%8B%E5%B7%A5#Chinese. Mandarin: shǒugōng.,verb,to operate by hand; to operate manually,,,
wt:手工:0,手工,chiū-gĕ̤ng,,,,,noun,handwork; handicraft,,,
wt:手工:0,手工,chiū-gĕ̤ng,,,,,noun,skill of work; craftsmanship,,,
wt:手工:0,手工,chiū-gĕ̤ng,,,,,noun,charge for a piece of handwork,,,
wt:手帕:0,手帕,chiū-pá,,,,Imported from Wiktionary (CC BY-SA 4.0): https://en.wiktionary.org/wiki/%E6%89%8B%E5%B8%95#Chinese. Mandarin: shǒupà.,noun,"handkerchief piece of cloth carried for wiping the face, eyes, nose or hands",,,
wt:手套:0,手套,chiū-tó̤,,,,"Imported from Wiktionary (CC BY-SA 4.0): https://en.wiktionary.org/wiki/%E6%89%8B%E5%A5%97#Chinese. Mandarin: shǒutào,er=y.",noun,glove; mitten; mitt,,,
wt:手巾:0,手巾,chiū-gṳ̆ng,,,,Imported from Wiktionary (CC BY-SA 4.0): https://en.wiktionary.org/wiki/%E6%89%8B%E5%B7%BE#Chinese. Mandarin: shǒujīn.,noun,hand towel,,,
wt:手巾:0,手巾,chiū-gṳ̆ng,,,,,noun,"handkerchief piece of cloth carried for wiping the face, eyes, nose or hands",,,
wt:手巾:0,手巾,chiū-gṳ̆ng,,,,,noun,(Guanbao) apron,,,
wt:扁擔:0,扁擔,biēng-dăng,,,,"Imported from Wiktionary (CC BY-SA 4.0): https://en.wiktionary.org/wiki/%E6%89%81%E6%93%94#Chinese. Mandarin: biǎndan,biǎndān,1nb=standard in Mainland; variant in Taiwan,2nb=standard in Taiwan.",noun,carrying pole; shoulder pole,扁担,,
wt:扁食:0,扁食,biēng-sĭk,,,,Imported from Wiktionary (CC BY-SA 4.0): https://en.wiktionary.org/wiki/%E6%89%81%E9%A3%9F#Chinese. Mandarin: biǎnshi.,noun,Chinese dumpling,,,
wt:扁肉:0,扁肉,biēng-nṳ̆k,,,,Imported from Wiktionary (CC BY-SA 4.0): https://en.wiktionary.org/wiki/%E6%89%81%E8%82%89#Chinese. Mandarin: biǎnròu.,noun,wonton (soup),,,
wt:戲臺:0,戲臺,hié-dài,,,,Imported from Wiktionary (CC BY-SA 4.0): https://en.wiktionary.org/wiki/%E6%88%B2%E8%87%BA#Chinese. Mandarin: xìtái.,noun,(informal) stage,戏台,,
wt:手心:0,手心,chīu-sĭng,,,,Imported from Wiktionary (CC BY-SA 4.0): https://en.wiktionary.org/wiki/%E6%89%8B%E5%BF%83#Chinese. Mandarin: shǒuxīn.,noun,hollow of one's palm; centre of the palm,,,
wt:手心:0,手心,chīu-sĭng,,,,,noun,(figuratively) influence; sphere of control,,,
wt:戲棚:0,戲棚,hié-bàng,,,,Imported from Wiktionary (CC BY-SA 4.0): https://en.wiktionary.org/wiki/%E6%88%B2%E6%A3%9A#Chinese. Mandarin: xìpéng.,noun,open-air stage,戏棚,,
wt:手彎:0,手彎,chiū-uăng,,,,Imported from Wiktionary (CC BY-SA 4.0): https://en.wiktionary.org/wiki/%E6%89%8B%E5%BD%8E#Chinese.,noun,crook of the arm,手弯,,
wt:手指縫:0,手指縫,chiū-cāi-póng,,,,"Imported from Wiktionary (CC BY-SA 4.0): https://en.wiktionary.org/wiki/%E6%89%8B%E6%8C%87%E7%B8%AB#Chinese. Mandarin: shǒuzhǐfèng,er=y.",noun,(anatomy) space between fingers,手指缝,,
wt:手指夾:0,手指夾,chiū-cāi-gĕk,,,,Imported from Wiktionary (CC BY-SA 4.0): https://en.wiktionary.org/wiki/%E6%89%8B%E6%8C%87%E5%A4%BE#Chinese.,noun,(anatomy) space between fingers,手指夹,,
wt:手巾囝:0,手巾囝,chiū-gṳ̆ng-giāng,,,,Imported from Wiktionary (CC BY-SA 4.0): https://en.wiktionary.org/wiki/%E6%89%8B%E5%B7%BE%E5%9B%9D#Chinese.,noun,"handkerchief piece of cloth carried for wiping the face, eyes, nose or hands",,,
wt:手錶:0,手錶,chiū-biēu,,,,"Imported from Wiktionary (CC BY-SA 4.0): https://en.wiktionary.org/wiki/%E6%89%8B%E9%8C%B6#Chinese. Mandarin: shǒubiǎo,er=y.",noun,wristwatch,手表,,
wt:手段:0,手段,chiū-dâung,,,,"Imported from Wiktionary (CC BY-SA 4.0): https://en.wiktionary.org/wiki/%E6%89%8B%E6%AE%B5#Chinese. Mandarin: shǒuduàn,tl=y.",noun,procedure; method; means to an end,,,
wt:手段:0,手段,chiū-dâung,,,,,noun,skill; ability; technique,,,
wt:手段:0,手段,chiū-dâung,,,,,noun,(pejorative) trick; trickery; strategy; artifice,,,
wt:手掌:0,手掌,chiū-ciōng,,,,Imported from Wiktionary (CC BY-SA 4.0): https://en.wiktionary.org/wiki/%E6%89%8B%E6%8E%8C#Chinese. Mandarin: shǒuzhǎng.,noun,(anatomy) palm concave part of the hand,,,
wt:手機:0,手機,chiū-gĭ,,,,Imported from Wiktionary (CC BY-SA 4.0): https://en.wiktionary.org/wiki/%E6%89%8B%E6%A9%9F#Chinese. Mandarin: shǒujī.,noun,mobile phone; cell phone; mobile; cell,手机,,
wt:手淫:0,手淫,chiū-ìng,,,,Imported from Wiktionary (CC BY-SA 4.0): https://en.wiktionary.org/wiki/%E6%89%8B%E6%B7%AB#Chinese. Mandarin: shǒuyín.,verb,"(possibly, pejorative) to masturbate",,,
wt:打字:0,打字,dā-cê,,,,Imported from Wiktionary (CC BY-SA 4.0): https://en.wiktionary.org/wiki/%E6%89%93%E5%AD%97#Chinese. Mandarin: dǎzì.,verb,"to type put text on paper using a typewriter, or enter text into a computer using a keyboard",,,
wt:手銬:0,手銬,chiū-kó̤,,,,Imported from Wiktionary (CC BY-SA 4.0): https://en.wiktionary.org/wiki/%E6%89%8B%E9%8A%AC#Chinese. Mandarin: shǒukào.,noun,handcuffs (classifier: 副),手铐,,
wt:手鎖:0,手鎖,chiū-sō̤,,,,Imported from Wiktionary (CC BY-SA 4.0): https://en.wiktionary.org/wiki/%E6%89%8B%E9%8E%96#Chinese.,noun,handcuffs,手锁,,
wt:手䘼:0,手䘼,chiū-uōng,,,,Imported from Wiktionary (CC BY-SA 4.0): https://en.wiktionary.org/wiki/%E6%89%8B%E4%98%BC#Chinese.,noun,sleeve of clothing,,,
wt:手肘:0,手肘,chiū-diū,,,,Imported from Wiktionary (CC BY-SA 4.0): https://en.wiktionary.org/wiki/%E6%89%8B%E8%82%98#Chinese. Mandarin: shǒuzhǒu.,noun,elbow,,,
wt:手腿:0,手腿,chiū-tōi,,,,Imported from Wiktionary (CC BY-SA 4.0): https://en.wiktionary.org/wiki/%E6%89%8B%E8%85%BF#Chinese.,noun,arm,,,
wt:手𩨑:0,手𩨑,chiū-dăng,,,,Imported from Wiktionary (CC BY-SA 4.0): https://en.wiktionary.org/wiki/%E6%89%8B%F0%A9%A8%91#Chinese.,noun,(anatomy) elbow,,,
wt:手掌指:0,手掌指,chiū-ciēng-cāi,,,,Imported from Wiktionary (CC BY-SA 4.0): https://en.wiktionary.org/wiki/%E6%89%8B%E6%8E%8C%E6%8C%87#Chinese.,noun,finger,,,
wt:手紋:0,手紋,chiū-ùng,,,,Imported from Wiktionary (CC BY-SA 4.0): https://en.wiktionary.org/wiki/%E6%89%8B%E7%B4%8B#Chinese. Mandarin: shǒuwén.,noun,lines of the palm; palmprint; handprint,手纹,,
wt:手紋:0,手紋,chiū-ùng,,,,,noun,fingerprint,手纹,,
wt:手絡:0,手絡,chiū-ló̤h,,,,Imported from Wiktionary (CC BY-SA 4.0): https://en.wiktionary.org/wiki/%E6%89%8B%E7%B5%A1#Chinese.,noun,glove; mitten,手络,,
wt:手䘼頭:0,手䘼頭,chiū-uōng-tàu,,,,Imported from Wiktionary (CC BY-SA 4.0): https://en.wiktionary.org/wiki/%E6%89%8B%E4%98%BC%E9%A0%AD#Chinese.,noun,cuff of a sleeve,手䘼头,,
wt:手節:0,手節,chiū-cáik,,,,Imported from Wiktionary (CC BY-SA 4.0): https://en.wiktionary.org/wiki/%E6%89%8B%E7%AF%80#Chinese.,noun,(anatomy) knuckle,手节,,
wt:手臂𩨑:0,手臂𩨑,chiū-bié-dăng,,,,Imported from Wiktionary (CC BY-SA 4.0): https://en.wiktionary.org/wiki/%E6%89%8B%E8%87%82%F0%A9%A8%91#Chinese.,noun,(anatomy) elbow,,,
wt:手甲縫:0,手甲縫,chiū-gák-póng,,,,Imported from Wiktionary (CC BY-SA 4.0): https://en.wiktionary.org/wiki/%E6%89%8B%E7%94%B2%E7%B8%AB#Chinese.,noun,(anatomy) space between the fingernail and the fingertip,手甲缝,,
wt:手䘼邊:0,手䘼邊,chiū-uōng-biĕng,,,,Imported from Wiktionary (CC BY-SA 4.0): https://en.wiktionary.org/wiki/%E6%89%8B%E4%98%BC%E9%82%8A#Chinese.,noun,cuff of a sleeve,手䘼边,,
wt:手爐:0,手爐,chiū-lù,,,,Imported from Wiktionary (CC BY-SA 4.0): https://en.wiktionary.org/wiki/%E6%89%8B%E7%88%90#Chinese. Mandarin: shǒulú.,noun,handwarmer,手炉,,
wt:抄寫:0,抄寫,chău-siā,,,,Imported from Wiktionary (CC BY-SA 4.0): https://en.wiktionary.org/wiki/%E6%8A%84%E5%AF%AB#Chinese. Mandarin: chāoxiě.,verb,to copy by hand; to transcribe,抄写,,
wt:把啷鼓墜:0,把啷鼓墜,bā-lāng-gū-tôi,,,,Imported from Wiktionary (CC BY-SA 4.0): https://en.wiktionary.org/wiki/%E6%8A%8A%E5%95%B7%E9%BC%93%E5%A2%9C#Chinese.,noun,mosquito larva,把啷鼓坠,,
wt:把啷鼓墜:0,把啷鼓墜,bā-lāng-gū-tôi,,,,,noun,"tadpole, amphibian larva",把啷鼓坠,,
wt:技師:0,技師,gê-sṳ̆,,,,Imported from Wiktionary (CC BY-SA 4.0): https://en.wiktionary.org/wiki/%E6%8A%80%E5%B8%AB#Chinese. Mandarin: jìshī.,noun,technician; technical expert; technologist; engineer,技师,,
wt:技師:0,技師,gê-sṳ̆,,,,,noun,(euphemism) escort sex worker,技师,,
wt:投降:0,投降,dàu-hòng,,,,Imported from Wiktionary (CC BY-SA 4.0): https://en.wiktionary.org/wiki/%E6%8A%95%E9%99%8D#Chinese. Mandarin: tóuxiáng.,verb,to surrender; to capitulate,,,
wt:投降:0,投降,dàu-hòng,,,,,verb,to submit; to give in; to yield,,,
wt:承諾:0,承諾,sìng-dák,,,,Imported from Wiktionary (CC BY-SA 4.0): https://en.wiktionary.org/wiki/%E6%89%BF%E8%AB%BE#Chinese. Mandarin: chéngnuò.,verb,to promise; to pledge; to vow; to undertake to do something,承诺,,
wt:承諾:0,承諾,sìng-dák,,,,,noun,promise; vow,承诺,,
wt:承認:0,承認,sìng-nêng,,,,Imported from Wiktionary (CC BY-SA 4.0): https://en.wiktionary.org/wiki/%E6%89%BF%E8%AA%8D#Chinese. Mandarin: chéngrèn.,verb,to admit; to concede; to acknowledge; to confess,承认,,
wt:承認:0,承認,sìng-nêng,,,,,verb,to recognise (diplomatically),承认,,
wt:抓緊:0,抓緊,cuă-gīng,,,,Imported from Wiktionary (CC BY-SA 4.0): https://en.wiktionary.org/wiki/%E6%8A%93%E7%B7%8A#Chinese. Mandarin: zhuājǐn.,verb,(literally) to clutch; to grip tightly,抓紧,,
wt:抓緊:0,抓緊,cuă-gīng,,,,,verb,(figuratively) to seize; to rush to get something done,抓紧,,
wt:折本:0,折本,siĕk-buōng,,,,Imported from Wiktionary (CC BY-SA 4.0): https://en.wiktionary.org/wiki/%E6%8A%98%E6%9C%AC#Chinese. Mandarin: shéběn.,verb,to lose money in business,,,
wt:批殼:0,批殼,piĕ-káe̤k,,,,Imported from Wiktionary (CC BY-SA 4.0): https://en.wiktionary.org/wiki/%E6%89%B9%E6%AE%BC#Chinese.,noun,envelope,批壳,,
wt:批紙:0,批紙,piĕ-cāi,,,,Imported from Wiktionary (CC BY-SA 4.0): https://en.wiktionary.org/wiki/%E6%89%B9%E7%B4%99#Chinese.,noun,letter paper,批纸,,
wt:批肉:0,批肉,piĕ-nṳ̆k,,,,Imported from Wiktionary (CC BY-SA 4.0): https://en.wiktionary.org/wiki/%E6%89%B9%E8%82%89#Chinese.,noun,written letter inside an envelope,,,
wt:投水:0,投水,dàu-cūi,,,,Imported from Wiktionary (CC BY-SA 4.0): https://en.wiktionary.org/wiki/%E6%8A%95%E6%B0%B4#Chinese. Mandarin: tóushuǐ.,verb,to commit suicide by jumping into a body of water,,,
wt:扯擘:0,扯擘,tiē-báh,,,,Imported from Wiktionary (CC BY-SA 4.0): https://en.wiktionary.org/wiki/%E6%89%AF%E6%93%98#Chinese.,verb,to rip; to tear,,,
wt:拍算:0,拍算,páh-sáung,,,,Imported from Wiktionary (CC BY-SA 4.0): https://en.wiktionary.org/wiki/%E6%8B%8D%E7%AE%97#Chinese.,verb,to plan; to intend,,,
wt:拖把:0,拖把,tuă-bà,,,,Imported from Wiktionary (CC BY-SA 4.0): https://en.wiktionary.org/wiki/%E6%8B%96%E6%8A%8A#Chinese. Mandarin: tuōbǎ.,noun,mop,,,
wt:拋物線:0,拋物線,pău-ŭk-siáng,,,,Imported from Wiktionary (CC BY-SA 4.0): https://en.wiktionary.org/wiki/%E6%8B%8B%E7%89%A9%E7%B7%9A#Chinese. Mandarin: pāowùxiàn.,noun,(geometry) parabola,抛物线,,
wt:拜年:0,拜年,bái-nièng,,,,Imported from Wiktionary (CC BY-SA 4.0): https://en.wiktionary.org/wiki/%E6%8B%9C%E5%B9%B4#Chinese. Mandarin: bàinián.,verb,"to exchange (Chinese) New Year's greetings; to pay someone a courtesy call on Chinese New Year's Day or shortly thereafter, usually with a present",,,
wt:拆毀:0,拆毀,cháik-hūi,,,,Imported from Wiktionary (CC BY-SA 4.0): https://en.wiktionary.org/wiki/%E6%8B%86%E6%AF%80#Chinese. Mandarin: chāihuǐ.,verb,to demolish; to dismantle; to pull down; to raze,拆毁,,
wt:拉尿:0,拉尿,nà-niêu,,,,Imported from Wiktionary (CC BY-SA 4.0): https://en.wiktionary.org/wiki/%E6%8B%89%E5%B0%BF#Chinese. Mandarin: lāniào.,verb,to pee,,,
wt:拜佛:0,拜佛,bái-hŭk,,,,Imported from Wiktionary (CC BY-SA 4.0): https://en.wiktionary.org/wiki/%E6%8B%9C%E4%BD%9B#Chinese. Mandarin: bàifó.,verb,to worship Buddha; to prostrate oneself before the image of Buddha,,,
wt:拔河:0,拔河,bĕk-ò̤,,,,Imported from Wiktionary (CC BY-SA 4.0): https://en.wiktionary.org/wiki/%E6%8B%94%E6%B2%B3#Chinese. Mandarin: báhé.,verb,(game) to play tug of war,,,
wt:拜堂:0,拜堂,bái-dòng,,,,Imported from Wiktionary (CC BY-SA 4.0): https://en.wiktionary.org/wiki/%E6%8B%9C%E5%A0%82#Chinese. Mandarin: bàitáng.,verb,"(of bride and groom) to ritually kneel to heaven, earth and ancestors in a traditional wedding ceremony; to make ceremonial obeisances; to perform the marriage ceremony",,,
wt:拍無:0,拍無,páh-mò̤,,,,Imported from Wiktionary (CC BY-SA 4.0): https://en.wiktionary.org/wiki/%E6%8B%8D%E7%84%A1#Chinese.,verb,to lose; to misplace,拍无,,
wt:拍無去:0,拍無去,páh-mò̤ kó̤,,,,Imported from Wiktionary (CC BY-SA 4.0): https://en.wiktionary.org/wiki/%E6%8B%8D%E7%84%A1%E5%8E%BB#Chinese. Pronounced ó̤.,verb,to lose; to misplace,拍无去,,
wt:拍球:0,拍球,páh-giù,,,,Imported from Wiktionary (CC BY-SA 4.0): https://en.wiktionary.org/wiki/%E6%8B%8D%E7%90%83#Chinese. Mandarin: pāiqiú.,verb,"(Suzhounese, intransitive) to play a ball game",,,
wt:拍腹寒:0,拍腹寒,páh-bók-gàng,,,,Imported from Wiktionary (CC BY-SA 4.0): https://en.wiktionary.org/wiki/%E6%8B%8D%E8%85%B9%E5%AF%92#Chinese.,verb,to contract malaria,,,
wt:拍亮線:0,拍亮線,pák-liáng,,,,Imported from Wiktionary (CC BY-SA 4.0): https://en.wiktionary.org/wiki/%E6%8B%8D%E4%BA%AE%E7%B7%9A#Chinese. Pronounced liāng-siáng.,verb,to have lightning,拍亮线,,
wt:拍官司:0,拍官司,páh-guăng-sṳ̆,,,,Imported from Wiktionary (CC BY-SA 4.0): https://en.wiktionary.org/wiki/%E6%8B%8D%E5%AE%98%E5%8F%B8#Chinese.,verb,(law) to engage in a lawsuit; to sue somebody,,,
wt:拋物:0,拋物,pău-ŭk,,,,Imported from Wiktionary (CC BY-SA 4.0): https://en.wiktionary.org/wiki/%E6%8B%8B%E7%89%A9#Chinese. Mandarin: pāowù.,verb,to throw objects,抛物,,
wt:拍馬屁:0,拍馬屁,páh-mā-pé,,,,Imported from Wiktionary (CC BY-SA 4.0): https://en.wiktionary.org/wiki/%E6%8B%8D%E9%A6%AC%E5%B1%81#Chinese. Mandarin: pāi mǎpì.,verb,"(idiomatic, intransitive) to brown-nose; to kiss someone's ass; to suck up to",拍马屁,,
wt:拆開:0,拆開,tiáh-kŭi,,,,Imported from Wiktionary (CC BY-SA 4.0): https://en.wiktionary.org/wiki/%E6%8B%86%E9%96%8B#Chinese. Mandarin: chāikāi. Other readings: cháik-kăi.,verb,to take apart; to dismantle,拆开,,
wt:押金:0,押金,ák-gĭng,,,,Imported from Wiktionary (CC BY-SA 4.0): https://en.wiktionary.org/wiki/%E6%8A%BC%E9%87%91#Chinese. Mandarin: yājīn.,noun,bond; security deposit,,,
wt:押金:0,押金,ák-gĭng,,,,,noun,advance payment; advance,,,
wt:拍針:0,拍針,páh-cĕng,,,,Imported from Wiktionary (CC BY-SA 4.0): https://en.wiktionary.org/wiki/%E6%8B%8D%E9%87%9D#Chinese.,verb,to give or receive an injection,拍针,,
wt:拍門:0,拍門,páh-muòng,,,,Imported from Wiktionary (CC BY-SA 4.0): https://en.wiktionary.org/wiki/%E6%8B%8D%E9%96%80#Chinese. Mandarin: pāimén.,verb,to knock on a door,拍门,,
wt:拍鐵師傅:0,拍鐵師傅,páh-tiék să-hô,,,,Imported from Wiktionary (CC BY-SA 4.0): https://en.wiktionary.org/wiki/%E6%8B%8D%E9%90%B5%E5%B8%AB%E5%82%85#Chinese. Pronounced hâu.,noun,blacksmith person who forges iron,拍铁师傅,,
wt:拍銃:0,拍銃,páh-ché̤ṳng,,,,Imported from Wiktionary (CC BY-SA 4.0): https://en.wiktionary.org/wiki/%E6%8B%8D%E9%8A%83#Chinese.,verb,to fire a gun,拍铳,,
wt:拍銃:0,拍銃,páh-ché̤ṳng,,,,,verb,to execute by firing squad,拍铳,,
wt:拍麻雀:0,拍麻雀,páh-mā-chuóh,,,,Imported from Wiktionary (CC BY-SA 4.0): https://en.wiktionary.org/wiki/%E6%8B%8D%E9%BA%BB%E9%9B%80#Chinese.,verb,to play mahjong,,,
wt:拔鬮:0,拔鬮,bĕk-kău,,,,Imported from Wiktionary (CC BY-SA 4.0): https://en.wiktionary.org/wiki/%E6%8B%94%E9%AC%AE#Chinese.,verb,to draw straws; to draw lots,拔阄,,
wt:拌麵:0,拌麵,buâng-miêng,,,,Imported from Wiktionary (CC BY-SA 4.0): https://en.wiktionary.org/wiki/%E6%8B%8C%E9%BA%B5#Chinese. Mandarin: bànmiàn.,noun,noodles mixed with sauce,拌面,,
wt:拍逿:0,拍逿,páh-dâung,,,,Imported from Wiktionary (CC BY-SA 4.0): https://en.wiktionary.org/wiki/%E6%8B%8D%E9%80%BF#Chinese.,verb,to lose; to misplace,拍𰺲,,
wt:拍逿去:0,拍逿去,páh-dâung kó̤,,,,Imported from Wiktionary (CC BY-SA 4.0): https://en.wiktionary.org/wiki/%E6%8B%8D%E9%80%BF%E5%8E%BB#Chinese. Pronounced ó̤.,verb,to lose; to misplace,拍𰺲去,,
wt:拍鼾:0,拍鼾,páh-hàng,,,,Imported from Wiktionary (CC BY-SA 4.0): https://en.wiktionary.org/wiki/%E6%8B%8D%E9%BC%BE#Chinese. Other readings: páh-gàng.,verb,to snore,,,
wt:拍飛機:0,拍飛機,páh-hĭ-gĭ,,,,Imported from Wiktionary (CC BY-SA 4.0): https://en.wiktionary.org/wiki/%E6%8B%8D%E9%A3%9B%E6%A9%9F#Chinese.,verb,(of a man) to beat off; to masturbate,拍飞机,,
wt:拼音:0,拼音,pĭng-ĭng,,,,Imported from Wiktionary (CC BY-SA 4.0): https://en.wiktionary.org/wiki/%E6%8B%BC%E9%9F%B3#Chinese. Mandarin: pīnyīn.,noun,romanisation system; transcription system,,,
wt:拼音:0,拼音,pĭng-ĭng,,,,,verb,to spell; to phoneticize,,,
wt:拼音:0,拼音,pĭng-ĭng,,,,,verb,to combine sounds into syllables,,,
wt:指示:0,指示,cī-sê,,,,Imported from Wiktionary (CC BY-SA 4.0): https://en.wiktionary.org/wiki/%E6%8C%87%E7%A4%BA#Chinese. Mandarin: zhǐshì.,verb,to show clearly; to point out; to indicate; to demonstrate,,,
wt:指示:0,指示,cī-sê,,,,,verb,to instruct; to direct; to guide,,,
wt:指示:0,指示,cī-sê,,,,,noun,instructions; directions; guide,,,
wt:拳頭:0,拳頭,gùng-tàu,,,,"Imported from Wiktionary (CC BY-SA 4.0): https://en.wiktionary.org/wiki/%E6%8B%B3%E9%A0%AD#Chinese. Mandarin: quántou,quántóu,1nb=standard in Mainland and Taiwan,2nb=standard in Mainland,2nc=variant in Taiwan.",noun,"fist (classifier: 隻, 雙)",拳头,,
wt:指點:0,指點,cī-diēng,,,,Imported from Wiktionary (CC BY-SA 4.0): https://en.wiktionary.org/wiki/%E6%8C%87%E9%BB%9E#Chinese. Mandarin: zhǐdiǎn.,verb,to point at; to indicate,指点,,
wt:指點:0,指點,cī-diēng,,,,,verb,to give tips; to demonstrate how something's done; to give advice,指点,,
wt:指點:0,指點,cī-diēng,,,,,verb,to point to someone's faults; to censure,指点,,
wt:指使:0,指使,cī-sṳ̄,,,,Imported from Wiktionary (CC BY-SA 4.0): https://en.wiktionary.org/wiki/%E6%8C%87%E4%BD%BF#Chinese. Mandarin: zhǐshǐ.,verb,"to prompt someone to do something, usually bad; to incite; to instigate",,,
wt:挑土爿:0,挑土爿,tiĕu-tū-bèng,,,,Imported from Wiktionary (CC BY-SA 4.0): https://en.wiktionary.org/wiki/%E6%8C%91%E5%9C%9F%E7%88%BF#Chinese.,noun,土,,,
wt:拳頭母:0,拳頭母,gùng-tàu-mō̤,,,,Imported from Wiktionary (CC BY-SA 4.0): https://en.wiktionary.org/wiki/%E6%8B%B3%E9%A0%AD%E6%AF%8D#Chinese.,noun,fist,拳头母,,
wt:指縫:0,指縫,cāi-póng,,,,Imported from Wiktionary (CC BY-SA 4.0): https://en.wiktionary.org/wiki/%E6%8C%87%E7%B8%AB#Chinese. Mandarin: zhǐfèng.,noun,(anatomy) space between fingers,指缝,,
wt:指縫:0,指縫,cāi-póng,,,,,noun,(anatomy) space between the fingernail and the fingertip,指缝,,
wt:拾囝婆:0,拾囝婆,káh-giāng-bò̤,,,,Imported from Wiktionary (CC BY-SA 4.0): https://en.wiktionary.org/wiki/%E6%8B%BE%E5%9B%9D%E5%A9%86#Chinese.,noun,midwife female only,,,
wt:捌字:0,捌字,báik-cê,,,,Imported from Wiktionary (CC BY-SA 4.0): https://en.wiktionary.org/wiki/%E6%8D%8C%E5%AD%97#Chinese.,verb,to learn to read,,,
wt:捌字:0,捌字,báik-cê,,,,,verb,to know how to read,,,
wt:捌傳:0,捌傳,báik-diòng,,,,Imported from Wiktionary (CC BY-SA 4.0): https://en.wiktionary.org/wiki/%E6%8D%8C%E5%82%B3#Chinese.,verb,to know (something),捌传,,
wt:捌傳:0,捌傳,báik-diòng,,,,,verb,to know (someone); to be acquainted with,捌传,,
wt:捌曾:0,捌曾,báik-cèng,,,,Imported from Wiktionary (CC BY-SA 4.0): https://en.wiktionary.org/wiki/%E6%8D%8C%E6%9B%BE#Chinese.,adverb,already; once,,,
wt:捌板:0,捌板,báik-bēng,,,,Imported from Wiktionary (CC BY-SA 4.0): https://en.wiktionary.org/wiki/%E6%8D%8C%E6%9D%BF#Chinese.,verb,to act properly; to know the rules,,,
wt:捌事:0,捌事,báik-tâi,,,,Imported from Wiktionary (CC BY-SA 4.0): https://en.wiktionary.org/wiki/%E6%8D%8C%E4%BA%8B#Chinese.,adjective,(usually said of a child) sensible; capable; good; thoughtful; smart; well-behaved,,,
wt:捌字伯:0,捌字伯,báik-cê-báh,,,,Imported from Wiktionary (CC BY-SA 4.0): https://en.wiktionary.org/wiki/%E6%8D%8C%E5%AD%97%E4%BC%AF#Chinese.,noun,(derogatory) someone who knows a lot and brags about it,,,
wt:捌字伯:0,捌字伯,báik-cê-báh,,,,,noun,"(derogatory, humorous) knowledgeable person",,,
wt:排球:0,排球,bà̤-giù,,,,"Imported from Wiktionary (CC BY-SA 4.0): https://en.wiktionary.org/wiki/%E6%8E%92%E7%90%83#Chinese. Mandarin: páiqiú,er=y.",noun,volleyball game played on a rectangular court between two teams who strike a ball back and forth over a net,,,
wt:排球:0,排球,bà̤-giù,,,,,noun,volleyball inflated ball used in such a game,,,
wt:排隊:0,排隊,bè̤-duôi,,,,Imported from Wiktionary (CC BY-SA 4.0): https://en.wiktionary.org/wiki/%E6%8E%92%E9%9A%8A#Chinese. Mandarin: páiduì.,verb,to line up; to queue up,排队,,
wt:排骨:0,排骨,bà̤-gáuk,,,,"Imported from Wiktionary (CC BY-SA 4.0): https://en.wiktionary.org/wiki/%E6%8E%92%E9%AA%A8#Chinese. Mandarin: páigǔ,tl=y.",noun,ribs; spareribs,,,
wt:排骨:0,排骨,bà̤-gáuk,,,,,noun,human rib,,,
wt:排骨:0,排骨,bà̤-gáuk,,,,,noun,"(figurative, jocular) skinny person; someone with nothing but skin and bones",,,
wt:排解:0,排解,bà̤-gā̤,,,,Imported from Wiktionary (CC BY-SA 4.0): https://en.wiktionary.org/wiki/%E6%8E%92%E8%A7%A3#Chinese. Mandarin: páijiě.,verb,to mediate; to reconcile,,,
wt:排解:0,排解,bà̤-gā̤,,,,,verb,to eliminate; to get rid of,,,
wt:排解:0,排解,bà̤-gā̤,,,,,verb,to distract oneself from loneliness or boredom,,,
wt:掌甲:0,掌甲,ciēng-gák,,,,Imported from Wiktionary (CC BY-SA 4.0): https://en.wiktionary.org/wiki/%E6%8E%8C%E7%94%B2#Chinese.,noun,fingernail,,,
wt:掃帚星:0,掃帚星,sáu,,,,"Imported from Wiktionary (CC BY-SA 4.0): https://en.wiktionary.org/wiki/%E6%8E%83%E5%B8%9A%E6%98%9F#Chinese. Mandarin: sàozhouxīng,sàozhǒuxīng,1nb=standard in Mainland and Taiwan,2nb=variant in Taiwan. Pronounced sá-chiū-sĭng.",noun,(astronomy) comet,扫帚星,,
wt:掃帚星:0,掃帚星,sáu,,,,,noun,meteor; shooting star,扫帚星,,
wt:掃帚星:0,掃帚星,sáu,,,,,noun,(figurative) bearer of ill luck; person with the evil eye,扫帚星,,
wt:掃帚:0,掃帚,sáu,,,,"Imported from Wiktionary (CC BY-SA 4.0): https://en.wiktionary.org/wiki/%E6%8E%83%E5%B8%9A#Chinese. Mandarin: sàozhou,sàozhǒu,1nb=standard in Mainland and Taiwan,2nb=variant in Taiwan. Pronounced sá-chiū.",noun,broom,扫帚,,
wt:掃帚:0,掃帚,sáu,,,,,noun,地膚 Bassia scoparia species,扫帚,,
wt:控告:0,控告,kóng-gó̤,,,,Imported from Wiktionary (CC BY-SA 4.0): https://en.wiktionary.org/wiki/%E6%8E%A7%E5%91%8A#Chinese. Mandarin: kònggào.,verb,to accuse (somebody of doing something); to make a complaint (regarding someone's behaviour); to charge (someone) with an offence; to formally accuse (someone of a crime); to indict; to prosecute; to sue (someone); to bring a lawsuit (against someone),,,
wt:捲尺:0,捲尺,guōng-chióh,,,,Imported from Wiktionary (CC BY-SA 4.0): https://en.wiktionary.org/wiki/%E6%8D%B2%E5%B0%BA#Chinese. Mandarin: juǎnchǐ.,noun,tape measure; measuring tape made of metal or steel,卷尺,,
wt:排律:0,排律,bà̤-lŭk,,,,Imported from Wiktionary (CC BY-SA 4.0): https://en.wiktionary.org/wiki/%E6%8E%92%E5%BE%8B#Chinese. Mandarin: páilǜ.,noun,(poetry) pailü,,,
wt:掌甲花:0,掌甲花,ciēng-gák,,,,Imported from Wiktionary (CC BY-SA 4.0): https://en.wiktionary.org/wiki/%E6%8E%8C%E7%94%B2%E8%8A%B1#Chinese. Pronounced gáh-*huă.,noun,garden balsam Impatiens balsamina species,,,
wt:掌指:0,掌指,ciēng-cāi,,,,Imported from Wiktionary (CC BY-SA 4.0): https://en.wiktionary.org/wiki/%E6%8E%8C%E6%8C%87#Chinese.,noun,finger,,,
wt:排冷犬:0,排冷犬,bà̤-lēng-kēng,,,,Imported from Wiktionary (CC BY-SA 4.0): https://en.wiktionary.org/wiki/%E6%8E%92%E5%86%B7%E7%8A%AC#Chinese.,noun,"犭, dog radical",,,
wt:排冷:0,排冷,bà̤-lēng,,,,Imported from Wiktionary (CC BY-SA 4.0): https://en.wiktionary.org/wiki/%E6%8E%92%E5%86%B7#Chinese.,verb,to turn over,,,
wt:提琴:0,提琴,tì-kìng,,,,Imported from Wiktionary (CC BY-SA 4.0): https://en.wiktionary.org/wiki/%E6%8F%90%E7%90%B4#Chinese. Mandarin: tíqín.,noun,violin family of musical instruments,,,
wt:提琴:0,提琴,tì-kìng,,,,,noun,"tiqin one of several bowed string instruments in the huqin family, used in traditional Chinese music",,,
wt:提督:0,提督,tì-dók,,,,Imported from Wiktionary (CC BY-SA 4.0): https://en.wiktionary.org/wiki/%E6%8F%90%E7%9D%A3#Chinese. Mandarin: tídū.,noun,(historical) provincial military commander (in imperial China),,,
wt:搶奪:0,搶奪,chiōng-dŏk,,,,Imported from Wiktionary (CC BY-SA 4.0): https://en.wiktionary.org/wiki/%E6%90%B6%E5%A5%AA#Chinese. Mandarin: qiǎngduó.,verb,to pillage; to plunder; to take away by force; to snatch; to wrest; to seize,抢夺,,
wt:搬厝:0,搬厝,buăng-chió,,,,Imported from Wiktionary (CC BY-SA 4.0): https://en.wiktionary.org/wiki/%E6%90%AC%E5%8E%9D#Chinese.,verb,to move house; to move to a new home,,,
wt:損折:0,損折,sōng-siĕk,,,,Imported from Wiktionary (CC BY-SA 4.0): https://en.wiktionary.org/wiki/%E6%90%8D%E6%8A%98#Chinese. Mandarin: sǔnzhé.,verb,to lose,损折,,
wt:損折:0,損折,sōng-siĕk,,,,,noun,damage or loss of goods due to natural causes or transport,损折,,
wt:摩托車:0,摩托車,mò̤-táuk-chiă,,,,"Imported from Wiktionary (CC BY-SA 4.0): https://en.wiktionary.org/wiki/%E6%91%A9%E6%89%98%E8%BB%8A#Chinese. Mandarin: mótuōchē,mótuóchē,1nb=standard,2nb=colloquial variant.",noun,motorcycle; motorbike,摩托车,,
wt:摩托車:0,摩托車,mò̤-táuk-chiă,,,,,noun,(obsolete) motor vehicle; car,摩托车,,
wt:摩托:0,摩托,mò̤-táuk,,,,"Imported from Wiktionary (CC BY-SA 4.0): https://en.wiktionary.org/wiki/%E6%91%A9%E6%89%98#Chinese. Mandarin: mótuō,mótuó,2nb=common variant.",noun,motor,,,
wt:摩托:0,摩托,mò̤-táuk,,,,,noun,abbreviation of 摩托車,,,
wt:搭船:0,搭船,dák sùng,,,,Imported from Wiktionary (CC BY-SA 4.0): https://en.wiktionary.org/wiki/%E6%90%AD%E8%88%B9#Chinese. Mandarin: dāchuán.,verb,to take a boat,,,
wt:摸脈:0,摸脈,muŏ-măh,,,,Imported from Wiktionary (CC BY-SA 4.0): https://en.wiktionary.org/wiki/%E6%91%B8%E8%84%88#Chinese.,verb,(TCM) to take someone's pulse,摸脉,,
wt:損症:0,損症,sōng-céng,,,,Imported from Wiktionary (CC BY-SA 4.0): https://en.wiktionary.org/wiki/%E6%90%8D%E7%97%87#Chinese.,adjective,any illness that causes one's body to decline or to be emaciated,损症,,
wt:搭棚:0,搭棚,dák-bàng,,,,Imported from Wiktionary (CC BY-SA 4.0): https://en.wiktionary.org/wiki/%E6%90%AD%E6%A3%9A#Chinese. Mandarin: dāpéng.,verb,"to erect construct, build a matshed",,,
wt:摣晬:0,摣晬,mă-có̤i,,,,Imported from Wiktionary (CC BY-SA 4.0): https://en.wiktionary.org/wiki/%E6%91%A3%E6%99%AC#Chinese.,verb,Zhuazhou an East Asian ritual held at a child's first birthday party,,,
wt:摳氣:0,摳氣,kău-ké,,,,Imported from Wiktionary (CC BY-SA 4.0): https://en.wiktionary.org/wiki/%E6%91%B3%E6%B0%A3#Chinese.,adjective,"annoying, bothersome, troublesome",抠气,,
wt:擁護:0,擁護,ṳ̆ng-hô,,,,Imported from Wiktionary (CC BY-SA 4.0): https://en.wiktionary.org/wiki/%E6%93%81%E8%AD%B7#Chinese. Mandarin: 擁hù.,verb,(transitive) to support; to uphold; to endorse,拥护,,
wt:撈麵:0,撈麵,lò̤-miêng,,,,Imported from Wiktionary (CC BY-SA 4.0): https://en.wiktionary.org/wiki/%E6%92%88%E9%BA%B5#Chinese.,verb,to blanch noodles,捞面,,
wt:擘喙:0,擘喙,báh-chói,,,,Imported from Wiktionary (CC BY-SA 4.0): https://en.wiktionary.org/wiki/%E6%93%98%E5%96%99#Chinese.,verb,to yawn,,,
wt:擘喙:0,擘喙,báh-chói,,,,,verb,to open one's mouth to speak,,,
wt:操坪:0,操坪,chău-bìng,,,,Imported from Wiktionary (CC BY-SA 4.0): https://en.wiktionary.org/wiki/%E6%93%8D%E5%9D%AA#Chinese.,noun,playground; sports ground,,,
wt:撥醒:0,撥醒,buák-chāng,,,,Imported from Wiktionary (CC BY-SA 4.0): https://en.wiktionary.org/wiki/%E6%92%A5%E9%86%92#Chinese. Other readings: buák-chiāng.,verb,"remind, warn",拨醒,,
wt:撒瑪利亞:0,撒瑪利亞,Sák-mā-lé-ā,,,,Imported from Wiktionary (CC BY-SA 4.0): https://en.wiktionary.org/wiki/%E6%92%92%E7%91%AA%E5%88%A9%E4%BA%9E#Chinese. Mandarin: Sāmǎlì亞.,noun,(Protestantism) Samaria,撒玛利亚,,
wt:撒瑪利亞人:0,撒瑪利亞人,Sák-mā-lé-ā-nè̤ng,,,,Imported from Wiktionary (CC BY-SA 4.0): https://en.wiktionary.org/wiki/%E6%92%92%E7%91%AA%E5%88%A9%E4%BA%9E%E4%BA%BA#Chinese. Mandarin: Sāmǎlì亞rén.,noun,(Protestantism) Samaritan,撒玛利亚人,,
wt:支持:0,支持,ciĕ-tì,,,,Imported from Wiktionary (CC BY-SA 4.0): https://en.wiktionary.org/wiki/%E6%94%AF%E6%8C%81#Chinese. Mandarin: zhīchí.,verb,to support; to back,,,
wt:支持:0,支持,ciĕ-tì,,,,,verb,to sustain; to hold out,,,
wt:支持:0,支持,ciĕ-tì,,,,,noun,support; backing,,,
wt:攀援:0,攀援,păng-uòng,,,,Imported from Wiktionary (CC BY-SA 4.0): https://en.wiktionary.org/wiki/%E6%94%80%E6%8F%B4#Chinese. Mandarin: pānyuán.,verb,alternative form of 攀緣 (to climb; to clamber; to scale),,,
wt:攀援:0,攀援,păng-uòng,,,,,verb,alternative form of 攀緣 (to climb a social ladder through pull),,,
wt:支離:0,支離,ciĕ-liè,,,,Imported from Wiktionary (CC BY-SA 4.0): https://en.wiktionary.org/wiki/%E6%94%AF%E9%9B%A2#Chinese. Mandarin: zhīlí.,verb,to disintegrate; to disunite,支离,,
wt:支離:0,支離,ciĕ-liè,,,,,adjective,incoherent; disjointed; fragmented; broken,支离,,
wt:支離:0,支離,ciĕ-liè,,,,,adjective,(of writing) incoherent; trivial and jumbled,支离,,
wt:支離:0,支離,ciĕ-liè,,,,,adjective,tragic; miserable; pitiful,支离,,
wt:攀枝花:0,攀枝花,Păng-ciĕ-huă,,,,"Imported from Wiktionary (CC BY-SA 4.0): https://en.wiktionary.org/wiki/%E6%94%80%E6%9E%9D%E8%8A%B1#Chinese. Mandarin: pānzhīhuā,Pānzhīhuā,2nb=proper noun,2er=y.",noun,木棉 kapok (Bombax ceiba),,,
wt:收冬:0,收冬,siŭ-dĕ̤ng,,,,Imported from Wiktionary (CC BY-SA 4.0): https://en.wiktionary.org/wiki/%E6%94%B6%E5%86%AC#Chinese. Mandarin: shōudōng.,noun,harvest season,,,
wt:收冬:0,收冬,siŭ-dĕ̤ng,,,,,noun,autumn,,,
wt:收冬:0,收冬,siŭ-dĕ̤ng,,,,,verb,to harvest,,,
wt:攀講:0,攀講,păng-gōng,,,,Imported from Wiktionary (CC BY-SA 4.0): https://en.wiktionary.org/wiki/%E6%94%80%E8%AC%9B#Chinese.,verb,to chat,攀讲,,
wt:放假:0,放假,buóng-gá,,,,Imported from Wiktionary (CC BY-SA 4.0): https://en.wiktionary.org/wiki/%E6%94%BE%E5%81%87#Chinese. Mandarin: fàngjià.,verb,to have time off; to go on holidays,,,
wt:政府:0,政府,céng-hū,,,,Imported from Wiktionary (CC BY-SA 4.0): https://en.wiktionary.org/wiki/%E6%94%BF%E5%BA%9C#Chinese. Mandarin: zhèngfǔ.,noun,government,,,
wt:政府:0,政府,céng-hū,,,,,adjective,(attributive) government; governmental,,,
wt:政治:0,政治,céng-dê,,,,"Imported from Wiktionary (CC BY-SA 4.0): https://en.wiktionary.org/wiki/%E6%94%BF%E6%B2%BB#Chinese. Mandarin: zhèngzhì,tl=y.",noun,politics,,,
wt:政治:0,政治,céng-dê,,,,,adjective,politically charged (of content); politically motivated (of a person),,,
wt:放置:0,放置,huóng-dé,,,,Imported from Wiktionary (CC BY-SA 4.0): https://en.wiktionary.org/wiki/%E6%94%BE%E7%BD%AE#Chinese. Mandarin: fàngzhì.,verb,(transitive) to put in a certain place; to lay; to place; to set aside; to shelve,,,
wt:改變:0,改變,gāi-biéng,,,,Imported from Wiktionary (CC BY-SA 4.0): https://en.wiktionary.org/wiki/%E6%94%B9%E8%AE%8A#Chinese. Mandarin: gǎibiàn.,verb,(intransitive) to change (by itself),改变,,
wt:改變:0,改變,gāi-biéng,,,,,verb,(transitive) to change (something in some way),改变,,
wt:故此:0,故此,gó-chṳ̄,,,,Imported from Wiktionary (CC BY-SA 4.0): https://en.wiktionary.org/wiki/%E6%95%85%E6%AD%A4#Chinese. Mandarin: gùcǐ.,,(formal) because of this; consequently; therefore; hence,,,
wt:放棄:0,放棄,huóng-ké,,,,Imported from Wiktionary (CC BY-SA 4.0): https://en.wiktionary.org/wiki/%E6%94%BE%E6%A3%84#Chinese. Mandarin: fàngqì.,verb,to give up; to renounce; to abandon,放弃,,
wt:放出:0,放出,huóng-chók,,,,Imported from Wiktionary (CC BY-SA 4.0): https://en.wiktionary.org/wiki/%E6%94%BE%E5%87%BA#Chinese. Mandarin: fàngchū.,verb,to release; to emit; to let out,,,
wt:政治學:0,政治學,céng-dê-hŏk,,,,Imported from Wiktionary (CC BY-SA 4.0): https://en.wiktionary.org/wiki/%E6%94%BF%E6%B2%BB%E5%AD%B8#Chinese. Mandarin: zhèngzhìxué.,noun,political science; politology,政治学,,
wt:放肆:0,放肆,huóng-sé̤ṳ,,,,Imported from Wiktionary (CC BY-SA 4.0): https://en.wiktionary.org/wiki/%E6%94%BE%E8%82%86#Chinese. Mandarin: fàngsì.,adjective,impudent; wanton; unbridled,,,
wt:放晝:0,放晝,bóng-dáu,,,,Imported from Wiktionary (CC BY-SA 4.0): https://en.wiktionary.org/wiki/%E6%94%BE%E6%99%9D#Chinese.,verb,to take a break for lunch; to break for lunch; ⟨for students⟩ to finish morning classes and go home for lunch,放昼,,
wt:故土:0,故土,gó-tù,,,,Imported from Wiktionary (CC BY-SA 4.0): https://en.wiktionary.org/wiki/%E6%95%85%E5%9C%9F#Chinese. Mandarin: gùtǔ.,noun,native land; native place; birthplace; hometown,,,
wt:故土:0,故土,gó-tù,,,,,noun,territory originally possessed by a country,,,
wt:故土:0,故土,gó-tù,,,,,noun,homeland; home country; motherland; fatherland,,,
wt:放膽:0,放膽,huóng-dāng,,,,Imported from Wiktionary (CC BY-SA 4.0): https://en.wiktionary.org/wiki/%E6%94%BE%E8%86%BD#Chinese. Mandarin: fàngdǎn.,verb,to pluck up courage; to act boldly,放胆,,
wt:故載:0,故載,gó-cái,,,,Imported from Wiktionary (CC BY-SA 4.0): https://en.wiktionary.org/wiki/%E6%95%85%E8%BC%89#Chinese.,adverb,would rather; better,故载,,
wt:教育:0,教育,gáu-ṳ̆k,,,,"Imported from Wiktionary (CC BY-SA 4.0): https://en.wiktionary.org/wiki/%E6%95%99%E8%82%B2#Chinese. Mandarin: jiàoyù,tl=y.",noun,education; instruction; schooling,,,
wt:教育:0,教育,gáu-ṳ̆k,,,,,verb,to educate; to enlighten; to inculcate,,,
wt:救援:0,救援,géu-uông,,,,Imported from Wiktionary (CC BY-SA 4.0): https://en.wiktionary.org/wiki/%E6%95%91%E6%8F%B4#Chinese. Mandarin: jiùyuán.,verb,(transitive) to rescue; to come to someone's rescue; to come to someone's aid; to provide relief,,,
wt:教師:0,教師,gáu-sṳ̆,,,,Imported from Wiktionary (CC BY-SA 4.0): https://en.wiktionary.org/wiki/%E6%95%99%E5%B8%AB#Chinese. Mandarin: jiàoshī.,noun,teacher; instructor,教师,,
wt:教室:0,教室,gáu-sék,,,,Imported from Wiktionary (CC BY-SA 4.0): https://en.wiktionary.org/wiki/%E6%95%99%E5%AE%A4#Chinese. Mandarin: jiào室.,noun,(countable) classroom (classifier: 間),,,
wt:救兵:0,救兵,géu-bĭng,,,,Imported from Wiktionary (CC BY-SA 4.0): https://en.wiktionary.org/wiki/%E6%95%91%E5%85%B5#Chinese. Mandarin: jiùbīng.,noun,"(literally, military, figuratively) reinforcement; relief force; relief troops",,,
wt:敘利亞:0,敘利亞,Sê̤ṳ-lé-ā,,,,Imported from Wiktionary (CC BY-SA 4.0): https://en.wiktionary.org/wiki/%E6%95%98%E5%88%A9%E4%BA%9E#Chinese. Mandarin: Xùlì亞.,adjective,"(Internet slang, figurative) chaotic; messy; dirty; bad",叙利亚,,
wt:教堂:0,教堂,gáu-dòng,,,,Imported from Wiktionary (CC BY-SA 4.0): https://en.wiktionary.org/wiki/%E6%95%99%E5%A0%82#Chinese. Mandarin: jiàotáng.,noun,"ecclesiastical building, especially a church or chapel",,,
wt:教會:0,教會,gáu-huôi,,,,Imported from Wiktionary (CC BY-SA 4.0): https://en.wiktionary.org/wiki/%E6%95%99%E6%9C%83#Chinese. Mandarin: jiàohuì.,noun,(Christianity) church house of worship or religious organization,教会,,
wt:教區:0,教區,gáu-kṳ̆,,,,Imported from Wiktionary (CC BY-SA 4.0): https://en.wiktionary.org/wiki/%E6%95%99%E5%8D%80#Chinese. Mandarin: jiàoqū.,noun,diocese,教区,,
wt:教區:0,教區,gáu-kṳ̆,,,,,noun,parish,教区,,
wt:教皇:0,教皇,gáu-huòng,,,,Imported from Wiktionary (CC BY-SA 4.0): https://en.wiktionary.org/wiki/%E6%95%99%E7%9A%87#Chinese. Mandarin: jiàohuáng.,noun,(exonym) pope; pontiff,,,
wt:教皇:0,教皇,gáu-huòng,,,,,noun,(tarot) the Hierophant; the Pope,,,
wt:教育部:0,教育部,gáu-ṳ̆k-buô,,,,"Imported from Wiktionary (CC BY-SA 4.0): https://en.wiktionary.org/wiki/%E6%95%99%E8%82%B2%E9%83%A8#Chinese. Mandarin: jiàoyùbù,tl2=y.",noun,Ministry of Education,,,
wt:敬奉:0,敬奉,géng-hông,,,,Imported from Wiktionary (CC BY-SA 4.0): https://en.wiktionary.org/wiki/%E6%95%AC%E5%A5%89#Chinese. Mandarin: jìngfèng.,verb,to worship piously,,,
wt:敬奉:0,敬奉,géng-hông,,,,,verb,to present respectfully; to offer respectfully,,,
wt:敬畏:0,敬畏,géng-ói,,,,Imported from Wiktionary (CC BY-SA 4.0): https://en.wiktionary.org/wiki/%E6%95%AC%E7%95%8F#Chinese. Mandarin: jìngwèi.,verb,to revere; to hold in awe; to fear,,,
wt:救主:0,救主,géu-ciō,,,,Imported from Wiktionary (CC BY-SA 4.0): https://en.wiktionary.org/wiki/%E6%95%91%E4%B8%BB#Chinese. Mandarin: jiùzhǔ.,noun,saviour,,,
wt:敕令:0,敕令,ték-lêng,,,,Imported from Wiktionary (CC BY-SA 4.0): https://en.wiktionary.org/wiki/%E6%95%95%E4%BB%A4#Chinese. Mandarin: chìlìng.,verb,"(historical) to issue an imperial order, edict or rescript",,,
wt:敕令:0,敕令,ték-lêng,,,,,noun,"(historical) imperial order, edict or rescript",,,
wt:啟示錄:0,啟示錄,Kiē-sê-liŏh,,,,Imported from Wiktionary (CC BY-SA 4.0): https://en.wiktionary.org/wiki/%E5%95%9F%E7%A4%BA%E9%8C%84#Chinese. Mandarin: qǐshìlù.,noun,(figurative) enlightening words; enlightening articles,启示录,,
wt:啟明:0,啟明,kiē-mìng,,,,Imported from Wiktionary (CC BY-SA 4.0): https://en.wiktionary.org/wiki/%E5%95%9F%E6%98%8E#Chinese. Mandarin: qǐmíng.,adjective,enlightened; intelligent; open-minded; understanding,启明,,
wt:啟明:0,啟明,kiē-mìng,,,,,noun,星 ⟨Chinese astronomy⟩ planet Venus in the east before dawn; Lucifer,启明,,
wt:啟明:0,啟明,kiē-mìng,,,,,verb,to enlighten; to edify; to educate (e.g. the blind),启明,,
wt:敗囝:0,敗囝,bâi-giāng,,,,Imported from Wiktionary (CC BY-SA 4.0): https://en.wiktionary.org/wiki/%E6%95%97%E5%9B%9D#Chinese.,noun,spendthrift; squanderer; prodigal son,败囝,,
wt:文字:0,文字,ùng-cê,,,,Imported from Wiktionary (CC BY-SA 4.0): https://en.wiktionary.org/wiki/%E6%96%87%E5%AD%97#Chinese. Mandarin: wénzì.,noun,"written symbols; writing; script; text; characters (classifier: 種, 個)",,,
wt:文字:0,文字,ùng-cê,,,,,noun,"writing style; wording; language (classifier: 種, 個)",,,
wt:文言:0,文言,ùng-ngiòng,,,,Imported from Wiktionary (CC BY-SA 4.0): https://en.wiktionary.org/wiki/%E6%96%87%E8%A8%80#Chinese. Mandarin: wényán.,noun,Literary Chinese literary language used from the fall of the Han dynasty (220) to the early 20th century,,,
wt:文言:0,文言,ùng-ngiòng,,,,,noun,Classical Chinese literary language used in old China,,,
wt:數學:0,數學,só-hŏk,,,,Imported from Wiktionary (CC BY-SA 4.0): https://en.wiktionary.org/wiki/%E6%95%B8%E5%AD%B8#Chinese. Mandarin: shùxué.,noun,mathematics,数学,,
wt:文化:0,文化,ùng-huá,,,,Imported from Wiktionary (CC BY-SA 4.0): https://en.wiktionary.org/wiki/%E6%96%87%E5%8C%96#Chinese. Mandarin: wénhuà.,noun,"(countable, uncountable) culture (classifier: 個, 種)",,,
wt:文化:0,文化,ùng-huá,,,,,noun,(uncountable) education; literacy,,,
wt:文化:0,文化,ùng-huá,,,,,noun,"(archaeology, countable) archaeological culture recurring assemblage of artifacts from a specific time and place that may constitute the material culture remains of a particular past human society",,,
wt:文化:0,文化,ùng-huá,,,,,noun,"(archaic, uncountable) education through teaching morality, literature and music",,,
wt:文章:0,文章,ùng-ciŏng,,,,Imported from Wiktionary (CC BY-SA 4.0): https://en.wiktionary.org/wiki/%E6%96%87%E7%AB%A0#Chinese. Mandarin: wénzhāng.,noun,"essay; composition; article in a newspaper, magazine, on the Internet, etc. (classifier: 篇)",,,
wt:文章:0,文章,ùng-ciŏng,,,,,noun,literary work; writing; text,,,
wt:文章:0,文章,ùng-ciŏng,,,,,noun,hidden meaning; implied meaning,,,
wt:文章:0,文章,ùng-ciŏng,,,,,noun,(Internet) message; post,,,
wt:文章:0,文章,ùng-ciŏng,,,,,noun,(archaic) pattern,,,
wt:文學:0,文學,ùng-hŏk,,,,Imported from Wiktionary (CC BY-SA 4.0): https://en.wiktionary.org/wiki/%E6%96%87%E5%AD%B8#Chinese. Mandarin: wénxué.,noun,literature written works considered of superior merit,文学,,
wt:文學:0,文學,ùng-hŏk,,,,,noun,arts; liberal arts; humanities,文学,,
wt:文學:0,文學,ùng-hŏk,,,,,adjective,(attributive) literary,文学,,
wt:文明:0,文明,ùng-mìng,,,,Imported from Wiktionary (CC BY-SA 4.0): https://en.wiktionary.org/wiki/%E6%96%87%E6%98%8E#Chinese. Mandarin: wénmíng.,noun,civilization,,,
wt:文明:0,文明,ùng-mìng,,,,,noun,civilized behaviour; manners,,,
wt:文明:0,文明,ùng-mìng,,,,,adjective,civilized,,,
wt:文明:0,文明,ùng-mìng,,,,,adjective,(dated) modern,,,
wt:文明:0,文明,ùng-mìng,,,,,adjective,(Classical) having literary talent,,,
wt:數據:0,數據,só-gé̤ṳ,,,,"Imported from Wiktionary (CC BY-SA 4.0): https://en.wiktionary.org/wiki/%E6%95%B8%E6%93%9A#Chinese. Mandarin: shùjù,tl=y.",noun,data organized information,数据,,
wt:文讀:0,文讀,ùng-tĕ̤k,,,,Imported from Wiktionary (CC BY-SA 4.0): https://en.wiktionary.org/wiki/%E6%96%87%E8%AE%80#Chinese. Mandarin: wéndú.,noun,literary reading of a Chinese character,文读,,
wt:文理:0,文理,ùng-lī,,,,Imported from Wiktionary (CC BY-SA 4.0): https://en.wiktionary.org/wiki/%E6%96%87%E7%90%86#Chinese. Mandarin: wénlǐ.,noun,unity and coherence in writing,,,
wt:文理:0,文理,ùng-lī,,,,,noun,文科 理科,,,
wt:文理:0,文理,ùng-lī,,,,,adjective,"(Xianyou) cultured, refined, elegant, polite",,,
wt:文旦:0,文旦,ùng-dáng,,,,Imported from Wiktionary (CC BY-SA 4.0): https://en.wiktionary.org/wiki/%E6%96%87%E6%97%A6#Chinese. Mandarin: wéndàn.,noun,wendan pomelo a kind of pomelo,,,
wt:數房:0,數房,só-bùng,,,,Imported from Wiktionary (CC BY-SA 4.0): https://en.wiktionary.org/wiki/%E6%95%B8%E6%88%BF#Chinese.,noun,accountant's office,数房,,
wt:數單:0,數單,sú-dăng,,,,Imported from Wiktionary (CC BY-SA 4.0): https://en.wiktionary.org/wiki/%E6%95%B8%E5%96%AE#Chinese.,noun,bill; check; invoice,数单,,
wt:數簿:0,數簿,só-buô,,,,Imported from Wiktionary (CC BY-SA 4.0): https://en.wiktionary.org/wiki/%E6%95%B8%E7%B0%BF#Chinese. Other readings: só-puô.,noun,account book,数簿,,
wt:數學家:0,數學家,só-hŏk-gă,,,,Imported from Wiktionary (CC BY-SA 4.0): https://en.wiktionary.org/wiki/%E6%95%B8%E5%AD%B8%E5%AE%B6#Chinese. Mandarin: shùxuéjiā.,noun,mathematician,数学家,,
wt:㪠碗:0,㪠碗,gáing-uāng,,,,Imported from Wiktionary (CC BY-SA 4.0): https://en.wiktionary.org/wiki/%E3%AA%A0%E7%A2%97#Chinese.,noun,gaiwan,,,
wt:文套:0,文套,ùng-tó̤,,,,Imported from Wiktionary (CC BY-SA 4.0): https://en.wiktionary.org/wiki/%E6%96%87%E5%A5%97#Chinese.,noun,"airs and graces, empty formalities, insincere courtesy",,,
wt:斗笠:0,斗笠,dāu-lĭk,,,,Imported from Wiktionary (CC BY-SA 4.0): https://en.wiktionary.org/wiki/%E6%96%97%E7%AC%A0#Chinese. Mandarin: dǒulì.,noun,Asian conical hat,,,
wt:新型:0,新型,sĭng-hìng,,,,Imported from Wiktionary (CC BY-SA 4.0): https://en.wiktionary.org/wiki/%E6%96%B0%E5%9E%8B#Chinese. Mandarin: xīnxíng.,adjective,(attributive) new-style; new-type; new,,,
wt:新人:0,新人,sìng-ìng,,,,Imported from Wiktionary (CC BY-SA 4.0): https://en.wiktionary.org/wiki/%E6%96%B0%E4%BA%BA#Chinese. Mandarin: xīnrén.,noun,newly married couple; newlyweds; bride and groom,,,
wt:新人:0,新人,sìng-ìng,,,,,noun,newcomer; new member; rookie,,,
wt:新人:0,新人,sìng-ìng,,,,,noun,new talent; new personality,,,
wt:新人:0,新人,sìng-ìng,,,,,noun,people of a new type; people with new ethics; people in the spirit of the times,,,
wt:新人:0,新人,sìng-ìng,,,,,noun,new person; person who has turned over a new leaf and is making a fresh start,,,
wt:新人:0,新人,sìng-ìng,,,,,noun,bride,,,
wt:新人:0,新人,sìng-ìng,,,,,noun,new lover,,,
wt:新人:0,新人,sìng-ìng,,,,,noun,newly married wife as opposed to the previous wife,,,
wt:新人:0,新人,sìng-ìng,,,,,noun,newly married concubine,,,
wt:新人:0,新人,sìng-ìng,,,,,noun,newly married husband as opposed to the previous husband,,,
wt:新人:0,新人,sìng-ìng,,,,,noun,(anthropology) Homo sapiens sapiens subspecies,,,
wt:料酒:0,料酒,lâiu-ciū,,,,Imported from Wiktionary (CC BY-SA 4.0): https://en.wiktionary.org/wiki/%E6%96%99%E9%85%92#Chinese. Mandarin: liàojiǔ.,noun,"liaojiu a low grade of Chinese huangjiu, which often contains additional ingredients such as spices and salt, and is often used for cooking",,,
wt:新婦:0,新婦,sĭng-bô,,,,Imported from Wiktionary (CC BY-SA 4.0): https://en.wiktionary.org/wiki/%E6%96%B0%E5%A9%A6#Chinese. Mandarin: xīnfù.,noun,bride,新妇,,
wt:新婦:0,新婦,sĭng-bô,,,,,noun,sister-in-law younger brother's wife,新妇,,
wt:新婦:0,新婦,sĭng-bô,,,,,noun,married woman,新妇,,
wt:斧頭:0,斧頭,puō-tàu,,,,"Imported from Wiktionary (CC BY-SA 4.0): https://en.wiktionary.org/wiki/%E6%96%A7%E9%A0%AD#Chinese. Mandarin: fǔtóu,tl=y.",noun,axe tool,斧头,,
wt:斧頭:0,斧頭,puō-tàu,,,,,noun,(Sichuan) one of the suits of Sichuan playing cards,斧头,,
wt:斜視:0,斜視,sià-sê,,,,Imported from Wiktionary (CC BY-SA 4.0): https://en.wiktionary.org/wiki/%E6%96%9C%E8%A6%96#Chinese. Mandarin: xiéshì.,verb,to look sideways; to cast a sidelong glance,斜视,,
wt:斜視:0,斜視,sià-sê,,,,,noun,(medical sign) strabismus; squint,斜视,,
wt:新人房:0,新人房,sĭng-ìng-bùng,,,,Imported from Wiktionary (CC BY-SA 4.0): https://en.wiktionary.org/wiki/%E6%96%B0%E4%BA%BA%E6%88%BF#Chinese.,noun,bridal chamber,,,
wt:新婦囝:0,新婦囝,sĭng-bô-giāng,,,,Imported from Wiktionary (CC BY-SA 4.0): https://en.wiktionary.org/wiki/%E6%96%B0%E5%A9%A6%E5%9B%9D#Chinese.,noun,(Yongchun) tongyangxi; girl adopted into a family as future daughter-in-law; child bride,新妇囝,,
wt:新人轎:0,新人轎,sìng,,,,Imported from Wiktionary (CC BY-SA 4.0): https://en.wiktionary.org/wiki/%E6%96%B0%E4%BA%BA%E8%BD%8E#Chinese. Pronounced síng-ìng-giêu.,noun,bridal sedan chair (in traditional Chinese weddings),新人轿,,
wt:新人伴:0,新人伴,sĭng-ìng-puâng,,,,Imported from Wiktionary (CC BY-SA 4.0): https://en.wiktionary.org/wiki/%E6%96%B0%E4%BA%BA%E4%BC%B4#Chinese.,noun,bridesmaid usually done by an unmarried woman,,,
wt:新聞:0,新聞,sĭng-ùng,,,,Imported from Wiktionary (CC BY-SA 4.0): https://en.wiktionary.org/wiki/%E6%96%B0%E8%81%9E#Chinese. Mandarin: xīnwén.,noun,"(countable, uncountable) news reports of current events",新闻,,
wt:新聞:0,新聞,sĭng-ùng,,,,,noun,(archaic) recent events,新闻,,
wt:新聞:0,新聞,sĭng-ùng,,,,,noun,(archaic) new knowledge,新闻,,
wt:方便:0,方便,huŏng-biêng,,,,"Imported from Wiktionary (CC BY-SA 4.0): https://en.wiktionary.org/wiki/%E6%96%B9%E4%BE%BF#Chinese. Mandarin: fāngbiàn,tl=y.",adjective,convenient,,,
wt:方便:0,方便,huŏng-biêng,,,,,adjective,available; free to do something,,,
wt:方便:0,方便,huŏng-biêng,,,,,adjective,suitable; appropriate,,,
wt:方便:0,方便,huŏng-biêng,,,,,adjective,(euphemism) having extra money; having money to spare,,,
wt:方便:0,方便,huŏng-biêng,,,,,verb,(transitive) to make convenient; to provide convenience; to make things easy for people; to facilitate,,,
wt:方便:0,方便,huŏng-biêng,,,,,noun,(Buddhism) upāya; heuristic or provisional reasoning,,,
wt:方向:0,方向,huŏng-hióng,,,,"Imported from Wiktionary (CC BY-SA 4.0): https://en.wiktionary.org/wiki/%E6%96%B9%E5%90%91#Chinese. Mandarin: fāngxiàng,tl=y.",noun,direction; orientation,,,
wt:方向:0,方向,huŏng-hióng,,,,,noun,"(figuratively, by extension) course; goal or trend of events",,,
wt:旁邊:0,旁邊,bòng-biĕng,,,,"Imported from Wiktionary (CC BY-SA 4.0): https://en.wiktionary.org/wiki/%E6%97%81%E9%82%8A#Chinese. Mandarin: pángbiān,tl=y,er=y,ertl=y.",noun,side; beside; to the side,旁边,,
wt:新疆:0,新疆,Sĭng-giŏng,,,,Imported from Wiktionary (CC BY-SA 4.0): https://en.wiktionary.org/wiki/%E6%96%B0%E7%96%86#Chinese. Mandarin: Xīnjiāng.,noun,(historical) new territory,,,
wt:方言:0,方言,huŏng-ngiòng,,,,Imported from Wiktionary (CC BY-SA 4.0): https://en.wiktionary.org/wiki/%E6%96%B9%E8%A8%80#Chinese. Mandarin: fāngyán.,noun,(linguistics) dialect; topolect; regionalect; local language; regional language variety,,,
wt:方言:0,方言,huŏng-ngiòng,,,,,noun,(religion) tongues; glossolalia,,,
wt:旅館:0,旅館,lṳ̄-guāng,,,,Imported from Wiktionary (CC BY-SA 4.0): https://en.wiktionary.org/wiki/%E6%97%85%E9%A4%A8#Chinese. Mandarin: lǚguǎn.,noun,hotel,旅馆,,
wt:方今:0,方今,huŏng-gĭng,,,,Imported from Wiktionary (CC BY-SA 4.0): https://en.wiktionary.org/wiki/%E6%96%B9%E4%BB%8A#Chinese. Mandarin: fāngjīn.,adverb,now; at present; nowadays; today; in our time; in this day and age; the present day,,,
wt:新郎:0,新郎,sĭng-lòng,,,,Imported from Wiktionary (CC BY-SA 4.0): https://en.wiktionary.org/wiki/%E6%96%B0%E9%83%8E#Chinese. Mandarin: xīnláng.,noun,bridegroom (man about to be married),,,
wt:旅遊:0,旅遊,nṳ̄-iù,,,,Imported from Wiktionary (CC BY-SA 4.0): https://en.wiktionary.org/wiki/%E6%97%85%E9%81%8A#Chinese. Mandarin: lǚyóu.,verb,to travel away from one's home for a particular purpose; to tour,旅游,,
wt:方才:0,方才,huŏng-chài,,,,Imported from Wiktionary (CC BY-SA 4.0): https://en.wiktionary.org/wiki/%E6%96%B9%E6%89%8D#Chinese. Mandarin: fāngcái.,adverb,just now,,,
wt:方才:0,方才,huŏng-chài,,,,,,just then; only then; not until,,,
wt:旅社:0,旅社,lṳ̄-siâ,,,,Imported from Wiktionary (CC BY-SA 4.0): https://en.wiktionary.org/wiki/%E6%97%85%E7%A4%BE#Chinese. Mandarin: lǚshè.,noun,hotel; hostel; inn,,,
wt:旅社:0,旅社,lṳ̄-siâ,,,,,noun,short for 旅行社,,,
wt:方程:0,方程,huŏng-tiàng,,,,Imported from Wiktionary (CC BY-SA 4.0): https://en.wiktionary.org/wiki/%E6%96%B9%E7%A8%8B#Chinese. Mandarin: fāngchéng.,noun,"(math, chemistry) equation",,,
wt:旅店:0,旅店,lṳ̄-dáing,,,,Imported from Wiktionary (CC BY-SA 4.0): https://en.wiktionary.org/wiki/%E6%97%85%E5%BA%97#Chinese. Mandarin: lǚdiàn.,noun,motel; inn; hostel,,,
wt:旅店:0,旅店,lṳ̄-dáing,,,,,noun,hotel,,,
wt:族譜:0,族譜,cŭk-puō,,,,Imported from Wiktionary (CC BY-SA 4.0): https://en.wiktionary.org/wiki/%E6%97%8F%E8%AD%9C#Chinese. Mandarin: zúpǔ.,noun,kin register; genealogy book,族谱,,
wt:斷奶:0,斷奶,dâung-nèng,,,,Imported from Wiktionary (CC BY-SA 4.0): https://en.wiktionary.org/wiki/%E6%96%B7%E5%A5%B6#Chinese. Mandarin: duànnǎi.,verb,to wean a baby,断奶,,
wt:斷奶:0,斷奶,dâung-nèng,,,,,verb,"(figurative, usually in negative rhetorical sentences) to grow up",断奶,,
wt:新郎官:0,新郎官,sĭng-lòng-guăng,,,,Imported from Wiktionary (CC BY-SA 4.0): https://en.wiktionary.org/wiki/%E6%96%B0%E9%83%8E%E5%AE%98#Chinese. Mandarin: xīnlángguān.,noun,bridegroom,,,
wt:斷臍:0,斷臍,dōng-sài,,,,Imported from Wiktionary (CC BY-SA 4.0): https://en.wiktionary.org/wiki/%E6%96%B7%E8%87%8D#Chinese. Mandarin: duànqí.,verb,to cut the umbilical cord,断脐,,
wt:新郎婿:0,新郎婿,sĭng-lòng-sái,,,,Imported from Wiktionary (CC BY-SA 4.0): https://en.wiktionary.org/wiki/%E6%96%B0%E9%83%8E%E5%A9%BF#Chinese.,noun,bridegroom,,,
wt:日本語:0,日本語,nĭk-buōng-ngṳ̄,,,,Imported from Wiktionary (CC BY-SA 4.0): https://en.wiktionary.org/wiki/%E6%97%A5%E6%9C%AC%E8%AA%9E#Chinese. Mandarin: Rìběnyǔ.,noun,Japanese language,日本语,,
wt:日本人:0,日本人,Nĭk-buōng-nè̤ng,,,,Imported from Wiktionary (CC BY-SA 4.0): https://en.wiktionary.org/wiki/%E6%97%A5%E6%9C%AC%E4%BA%BA#Chinese. Mandarin: Rìběnrén.,noun,Japanese person,,,
wt:日子:0,日子,nĭk-cī,,,,Imported from Wiktionary (CC BY-SA 4.0): https://en.wiktionary.org/wiki/%E6%97%A5%E5%AD%90#Chinese. Mandarin: rìzi.,noun,date; day,,,
wt:日子:0,日子,nĭk-cī,,,,,noun,time,,,
wt:日子:0,日子,nĭk-cī,,,,,noun,one's life; days in one's life,,,
wt:日子:0,日子,nĭk-cī,,,,,noun,wedding day,,,
wt:日子:0,日子,nĭk-cī,,,,,noun,son of the Sun,,,
wt:日中:0,日中,nĭk-dŏng,,,,Imported from Wiktionary (CC BY-SA 4.0): https://en.wiktionary.org/wiki/%E6%97%A5%E4%B8%AD#Chinese. Mandarin: rìzhōng.,noun,noon,,,
wt:日中:0,日中,nĭk-dŏng,,,,,noun,equinox,,,
wt:日中:0,日中,nĭk-dŏng,,,,,noun,(Jianyang) daytime,,,
wt:旗袍:0,旗袍,gì-bò̤,,,,"Imported from Wiktionary (CC BY-SA 4.0): https://en.wiktionary.org/wiki/%E6%97%97%E8%A2%8D#Chinese. Mandarin: qípáo,er=y.",noun,qipao; cheongsam body-hugging one-piece Chinese dress for woman,,,
wt:日日:0,日日,nĭk-nĭk,,,,Imported from Wiktionary (CC BY-SA 4.0): https://en.wiktionary.org/wiki/%E6%97%A5%E6%97%A5#Chinese. Mandarin: rìrì.,adverb,(formal) daily; every day; day by day,,,
wt:族長:0,族長,cŭk-diōng,,,,Imported from Wiktionary (CC BY-SA 4.0): https://en.wiktionary.org/wiki/%E6%97%8F%E9%95%B7#Chinese. Mandarin: zúzhǎng.,noun,clan elder; head of a clan,族长,,
wt:日月星辰:0,日月星辰,nĭk-nguŏk-sĭng-sìng,,,,Imported from Wiktionary (CC BY-SA 4.0): https://en.wiktionary.org/wiki/%E6%97%A5%E6%9C%88%E6%98%9F%E8%BE%B0#Chinese. Mandarin: rìyuèxīngchén.,noun,"the sun, the moon and the stars; the heavenly bodies",,,
wt:日曆:0,日曆,nĭk-lĭk,,,,Imported from Wiktionary (CC BY-SA 4.0): https://en.wiktionary.org/wiki/%E6%97%A5%E6%9B%86#Chinese. Mandarin: rìlì.,noun,(daily) calendar,日历,,
wt:日晝:0,日晝,nĭk-dáu,,,,Imported from Wiktionary (CC BY-SA 4.0): https://en.wiktionary.org/wiki/%E6%97%A5%E6%99%9D#Chinese.,noun,noon,日昼,,
wt:日晝:0,日晝,nĭk-dáu,,,,,noun,(Fujian) daytime,日昼,,
wt:日熄:0,日熄,nĭk sék,,,,Imported from Wiktionary (CC BY-SA 4.0): https://en.wiktionary.org/wiki/%E6%97%A5%E7%86%84#Chinese.,noun,solar eclipse,,,
wt:日本囝:0,日本囝,Nĭk-buōng-giāng,,,,Imported from Wiktionary (CC BY-SA 4.0): https://en.wiktionary.org/wiki/%E6%97%A5%E6%9C%AC%E5%9B%9D#Chinese.,noun,"(derogatory, ethnic slur) Japanese person; Jap",,,
wt:旗囝:0,旗囝,gì-giāng,,,,Imported from Wiktionary (CC BY-SA 4.0): https://en.wiktionary.org/wiki/%E6%97%97%E5%9B%9D#Chinese.,noun,small triangular flag,,,
wt:旗囝:0,旗囝,gì-giāng,,,,,noun,crotch of Chinese trousers,,,
wt:日頭:0,日頭,nĭk-tàu,,,,"Imported from Wiktionary (CC BY-SA 4.0): https://en.wiktionary.org/wiki/%E6%97%A5%E9%A0%AD#Chinese. Mandarin: rìtou,rìtóu,1nb=standard in Mainland and Taiwan,2nb=variant.",noun,sun,日头,,
wt:日頭:0,日頭,nĭk-tàu,,,,,noun,date; day (classifier: 個),日头,,
wt:日食:0,日食,nĭk sék,,,,Imported from Wiktionary (CC BY-SA 4.0): https://en.wiktionary.org/wiki/%E6%97%A5%E9%A3%9F#Chinese. Mandarin: rìshí.,noun,solar eclipse,,,
wt:日腳:0,日腳,nĭk-giók,,,,"Imported from Wiktionary (CC BY-SA 4.0): https://en.wiktionary.org/wiki/%E6%97%A5%E8%85%B3#Chinese. Mandarin: rìjiǎo,rìjué,2nb=Taiwan.",noun,sunlight breaking through the clouds,日脚,,
wt:日腳:0,日腳,nĭk-giók,,,,,noun,light of a setting sun,日脚,,
wt:旨意:0,旨意,cī-é,,,,Imported from Wiktionary (CC BY-SA 4.0): https://en.wiktionary.org/wiki/%E6%97%A8%E6%84%8F#Chinese. Mandarin: zhǐyì.,noun,intent; purpose; will,,,
wt:旨意:0,旨意,cī-é,,,,,noun,(historical) imperial edict (classifier: 道),,,
wt:早頭:0,早頭,cā-tàu,,,,Imported from Wiktionary (CC BY-SA 4.0): https://en.wiktionary.org/wiki/%E6%97%A9%E9%A0%AD#Chinese.,noun,early morning,早头,,
wt:早頭好:0,早頭好,cā-tàu hō̤,,,,Imported from Wiktionary (CC BY-SA 4.0): https://en.wiktionary.org/wiki/%E6%97%A9%E9%A0%AD%E5%A5%BD#Chinese.,particle,good morning,早头好,,
wt:早起頭:0,早起頭,cā-kī-tàu,,,,Imported from Wiktionary (CC BY-SA 4.0): https://en.wiktionary.org/wiki/%E6%97%A9%E8%B5%B7%E9%A0%AD#Chinese.,noun,early morning,早起头,,
wt:春天:0,春天,chŭng-tiĕng,,,,"Imported from Wiktionary (CC BY-SA 4.0): https://en.wiktionary.org/wiki/%E6%98%A5%E5%A4%A9#Chinese. Mandarin: chūntiān,tl=y,er=y.",noun,spring season,,,
wt:春天:0,春天,chŭng-tiĕng,,,,,noun,springtime,,,
wt:春天:0,春天,chŭng-tiĕng,,,,,noun,(figuratively) vitality; hope; prospects,,,
wt:明白:0,明白,mìng-bĕk,,,,"Imported from Wiktionary (CC BY-SA 4.0): https://en.wiktionary.org/wiki/%E6%98%8E%E7%99%BD#Chinese. Mandarin: míngbai,míngbái,1nb=standard in Mainland, variant in Taiwan,2nb=standard in Taiwan.",verb,to understand; to know,,,
wt:明白:0,明白,mìng-bĕk,,,,,adjective,clear; obvious; evident,,,
wt:明白:0,明白,mìng-bĕk,,,,,adjective,open; explicit; frank,,,
wt:明白:0,明白,mìng-bĕk,,,,,adjective,sensible; reasonable,,,
wt:星座:0,星座,sĭng-cô̤,,,,Imported from Wiktionary (CC BY-SA 4.0): https://en.wiktionary.org/wiki/%E6%98%9F%E5%BA%A7#Chinese. Mandarin: xīngzuò.,noun,(astronomy) constellation,,,
wt:星座:0,星座,sĭng-cô̤,,,,,noun,(astrology) astrological sign; star sign,,,
wt:明年:0,明年,màng-nièng,,,,Imported from Wiktionary (CC BY-SA 4.0): https://en.wiktionary.org/wiki/%E6%98%8E%E5%B9%B4#Chinese. Mandarin: míngnián.,noun,next year,,,
wt:明年:0,明年,màng-nièng,,,,,noun,the second year,,,
wt:昆蟲:0,昆蟲,kŏng-tṳ̀ng,,,,Imported from Wiktionary (CC BY-SA 4.0): https://en.wiktionary.org/wiki/%E6%98%86%E8%9F%B2#Chinese. Mandarin: kūnchóng.,noun,insect,昆虫,,
wt:昨年:0,昨年,sŏ̤h-nièng,,,,Imported from Wiktionary (CC BY-SA 4.0): https://en.wiktionary.org/wiki/%E6%98%A8%E5%B9%B4#Chinese. Mandarin: zuónián.,noun,last year,,,
wt:昨年:0,昨年,sŏ̤h-nièng,,,,,noun,(Xianyou) the year before last,,,
wt:春夏秋冬:0,春夏秋冬,chŭng-hâ-chiŭ-dĕ̤ng,,,,Imported from Wiktionary (CC BY-SA 4.0): https://en.wiktionary.org/wiki/%E6%98%A5%E5%A4%8F%E7%A7%8B%E5%86%AC#Chinese. Mandarin: chūnxiàqiūdōng.,phrase,"four seasons: spring, summer, autumn and winter; a year",,,
wt:明月:0,明月,mìng-nguŏk,,,,Imported from Wiktionary (CC BY-SA 4.0): https://en.wiktionary.org/wiki/%E6%98%8E%E6%9C%88#Chinese. Mandarin: míngyuè.,noun,"bright moon (classifier: 輪, 彎)",,,
wt:明月:0,明月,mìng-nguŏk,,,,,noun,a kind of legendary pearl that shines at night,,,
wt:明月:0,明月,mìng-nguŏk,,,,,noun,(figurative) pearl; jewel,,,
wt:明月:0,明月,mìng-nguŏk,,,,,noun,(figurative) teardrop,,,
wt:明月:0,明月,mìng-nguŏk,,,,,noun,next month,,,
wt:昨年暝:0,昨年暝,sŏ̤h-nièng-màng,,,,Imported from Wiktionary (CC BY-SA 4.0): https://en.wiktionary.org/wiki/%E6%98%A8%E5%B9%B4%E6%9A%9D#Chinese.,noun,the year before last,,,
wt:明旦:0,明旦,mìng-dáng,,,,Imported from Wiktionary (CC BY-SA 4.0): https://en.wiktionary.org/wiki/%E6%98%8E%E6%97%A6#Chinese. Mandarin: míngdàn. Other readings: mièng-dáng.,noun,dawn; sunrise,,,
wt:明旦:0,明旦,mìng-dáng,,,,,noun,tomorrow morning,,,
wt:明旦:0,明旦,mìng-dáng,,,,,noun,tomorrow,,,
wt:星宿:0,星宿,sĭng-séu,,,,Imported from Wiktionary (CC BY-SA 4.0): https://en.wiktionary.org/wiki/%E6%98%9F%E5%AE%BF#Chinese. Mandarin: xīngxiù.,noun,"(archaic, astronomy) constellation",,,
wt:星宿:0,星宿,sĭng-séu,,,,,noun,the stars,,,
wt:星宿:0,星宿,sĭng-séu,,,,,noun,star,,,
wt:星宿:0,星宿,sĭng-séu,,,,,noun,(Chongming) fate; destiny,,,
wt:明旦晡:0,明旦晡,mièng-dáng-buŏ,,,,Imported from Wiktionary (CC BY-SA 4.0): https://en.wiktionary.org/wiki/%E6%98%8E%E6%97%A6%E6%99%A1#Chinese.,noun,tomorrow night,,,
wt:明年暝:0,明年暝,màng-nièng-màng,,,,Imported from Wiktionary (CC BY-SA 4.0): https://en.wiktionary.org/wiki/%E6%98%8E%E5%B9%B4%E6%9A%9D#Chinese.,noun,next year,,,
wt:明旦早:0,明旦早,mìng-dáng-cā,,,,Imported from Wiktionary (CC BY-SA 4.0): https://en.wiktionary.org/wiki/%E6%98%8E%E6%97%A6%E6%97%A9#Chinese.,noun,tomorrow morning,,,
wt:明旦早:0,明旦早,mìng-dáng-cā,,,,,noun,tomorrow,,,
wt:星搬厝:0,星搬厝,sĭng-buăng-chió,,,,Imported from Wiktionary (CC BY-SA 4.0): https://en.wiktionary.org/wiki/%E6%98%9F%E6%90%AC%E5%8E%9D#Chinese.,noun,(astronomy) meteor; shooting star,,,
wt:時間:0,時間,sì-găng,,,,Imported from Wiktionary (CC BY-SA 4.0): https://en.wiktionary.org/wiki/%E6%99%82%E9%96%93#Chinese. Mandarin: shíjiān.,noun,(uncountable) time the inevitable passing of events from past to present then future,时间,,
wt:時間:0,時間,sì-găng,,,,,noun,(countable) time a measurement of a quantity of time; a numerical indication of a length of time,时间,,
wt:時間:0,時間,sì-găng,,,,,noun,a point in time,时间,,
wt:時間:0,時間,sì-găng,,,,,noun,(uncountable) free time; leisure; spare time,时间,,
wt:春節:0,春節,chŭng-cáik,,,,Imported from Wiktionary (CC BY-SA 4.0): https://en.wiktionary.org/wiki/%E6%98%A5%E7%AF%80#Chinese. Mandarin: chūnjié.,noun,spring; springtime,春节,,
wt:春節:0,春節,chŭng-cáik,,,,,noun,(dated) 立春,春节,,
wt:春節:0,春節,chŭng-cáik,,,,,noun,Chinese New Year; Spring Festival,春节,,
wt:時候:0,時候,sì-hâiu,,,,"Imported from Wiktionary (CC BY-SA 4.0): https://en.wiktionary.org/wiki/%E6%99%82%E5%80%99#Chinese. Mandarin: shíhou,shíhòu,er=y,1nb=standard in Mainland,2nb=standard in Taiwan.",noun,period of time,时候,,
wt:時候:0,時候,sì-hâiu,,,,,noun,a point in time,时候,,
wt:時候:0,時候,sì-hâiu,,,,,noun,(Classical) season and climate,时候,,
wt:時代:0,時代,sṳ̀-dâi,,,,Imported from Wiktionary (CC BY-SA 4.0): https://en.wiktionary.org/wiki/%E6%99%82%E4%BB%A3#Chinese. Mandarin: shídài. Other readings: sì-dâi.,noun,times; age; epoch; era; period of time in history,时代,,
wt:時代:0,時代,sṳ̀-dâi,,,,,noun,period of time in one's life,时代,,
wt:時鐘:0,時鐘,sì-cṳ̆ng,,,,Imported from Wiktionary (CC BY-SA 4.0): https://en.wiktionary.org/wiki/%E6%99%82%E9%90%98#Chinese. Mandarin: shízhōng.,noun,clock,时钟,,
wt:時運:0,時運,sì-ông,,,,Imported from Wiktionary (CC BY-SA 4.0): https://en.wiktionary.org/wiki/%E6%99%82%E9%81%8B#Chinese. Mandarin: shíyùn.,noun,luck; fortune,时运,,
wt:星星:0,星星,sĭng sĭng,,,,Imported from Wiktionary (CC BY-SA 4.0): https://en.wiktionary.org/wiki/%E6%98%9F%E6%98%9F#Chinese. Mandarin: xīngxīng.,adjective,(figurative) salt-and-pepper; grizzled,,,
wt:星星:0,星星,sĭng sĭng,,,,,noun,tiny spot; speck,,,
wt:星星:0,星星,sĭng sĭng,,,,,noun,star,,,
wt:星星:0,星星,sĭng sĭng,,,,,noun,(tarot) the Star,,,
wt:春秋:0,春秋,chŭng-chiŭ,,,,"Imported from Wiktionary (CC BY-SA 4.0): https://en.wiktionary.org/wiki/%E6%98%A5%E7%A7%8B#Chinese. Mandarin: chūnqiū,er=y.",noun,(literally) spring and autumn,,,
wt:春秋:0,春秋,chŭng-chiŭ,,,,,noun,(metonym) the four seasons,,,
wt:春秋:0,春秋,chŭng-chiŭ,,,,,noun,(figurative) a year's time; year,,,
wt:春秋:0,春秋,chŭng-chiŭ,,,,,noun,(figurative) person's age,,,
wt:春秋:0,春秋,chŭng-chiŭ,,,,,noun,(figurative) time as a general concept,,,
wt:春秋:0,春秋,chŭng-chiŭ,,,,,noun,(figurative) annal; chronicle of events by year,,,
wt:春聯:0,春聯,chŭng-lièng,,,,Imported from Wiktionary (CC BY-SA 4.0): https://en.wiktionary.org/wiki/%E6%98%A5%E8%81%AF#Chinese. Mandarin: chūnlián.,noun,chunlian; Spring Festival couplet,春联,,
wt:昨暝:0,昨暝,sŏ̤h-màng,,,,Imported from Wiktionary (CC BY-SA 4.0): https://en.wiktionary.org/wiki/%E6%98%A8%E6%9A%9D#Chinese.,noun,yesterday,,,
wt:昨暝晡:0,昨暝晡,sŏ̤h-màng-buŏ,,,,Imported from Wiktionary (CC BY-SA 4.0): https://en.wiktionary.org/wiki/%E6%98%A8%E6%9A%9D%E6%99%A1#Chinese.,noun,last night,,,
wt:時辰:0,時辰,sì-sìng,,,,"Imported from Wiktionary (CC BY-SA 4.0): https://en.wiktionary.org/wiki/%E6%99%82%E8%BE%B0#Chinese. Mandarin: shíchen,shíchén,1nb=standard in Mainland,1nc=variant in Taiwan,2nb=standard in Taiwan.",noun,"double-hour one of the 12 two-hour periods into which the day was formerly divided before the Western chronology, each being the name of one of the 12 Earthly Branches",时辰,,
wt:時辰:0,時辰,sì-sìng,,,,,noun,time for something; moment,时辰,,
wt:時道:0,時道,sì-dô̤,,,,Imported from Wiktionary (CC BY-SA 4.0): https://en.wiktionary.org/wiki/%E6%99%82%E9%81%93#Chinese.,noun,"fate; destiny of a person, country, business, etc.",时道,,
wt:時道:0,時道,sì-dô̤,,,,,noun,luck; fortune,时道,,
wt:春筍:0,春筍,chŭng-sūng,,,,Imported from Wiktionary (CC BY-SA 4.0): https://en.wiktionary.org/wiki/%E6%98%A5%E7%AD%8D#Chinese. Mandarin: chūnsǔn.,noun,spring bamboo shoots,春笋,,
wt:春筍:0,春筍,chŭng-sūng,,,,,noun,(figurative) tender and delicate fingers of a woman,春笋,,
wt:普通話:0,普通話,pū-tŭng-uâ,,,,Imported from Wiktionary (CC BY-SA 4.0): https://en.wiktionary.org/wiki/%E6%99%AE%E9%80%9A%E8%A9%B1#Chinese. Mandarin: pǔtōnghuà.,noun,common language,普通话,,
wt:普通:0,普通,puō-tŭng,,,,Imported from Wiktionary (CC BY-SA 4.0): https://en.wiktionary.org/wiki/%E6%99%AE%E9%80%9A#Chinese. Mandarin: pǔtōng.,adjective,"ordinary, plain, average, nothing special, general",,,
wt:普通:0,普通,puō-tŭng,,,,,adjective,common; universal; widespread,,,
wt:智慧:0,智慧,dé-hiê,,,,"Imported from Wiktionary (CC BY-SA 4.0): https://en.wiktionary.org/wiki/%E6%99%BA%E6%85%A7#Chinese. Mandarin: zhìhuì,tl=y.",noun,wisdom; intelligence,,,
wt:智慧:0,智慧,dé-hiê,,,,,noun,(Buddhism) prajna; wisdom; insight,,,
wt:暑假:0,暑假,sṳ̄-gá,,,,Imported from Wiktionary (CC BY-SA 4.0): https://en.wiktionary.org/wiki/%E6%9A%91%E5%81%87#Chinese. Mandarin: shǔjià.,noun,summer holiday; summer vacation,,,
wt:普遍:0,普遍,puō-piéng,,,,"Imported from Wiktionary (CC BY-SA 4.0): https://en.wiktionary.org/wiki/%E6%99%AE%E9%81%8D#Chinese. Mandarin: pǔbiàn,pǔpiàn,1nb=Mainland and Taiwan,2n=Taiwan, nonstandard, Min Nan-influenced.",adjective,common; widespread; universal; pervasive; general; ubiquitous,,,
wt:景致:0,景致,gīng-té,,,,"Imported from Wiktionary (CC BY-SA 4.0): https://en.wiktionary.org/wiki/%E6%99%AF%E8%87%B4#Chinese. Mandarin: jǐngzhì,tl=y.",noun,scenery; landscape; view; scene,,,
wt:暑氣:0,暑氣,sṳ̄-ké,,,,Imported from Wiktionary (CC BY-SA 4.0): https://en.wiktionary.org/wiki/%E6%9A%91%E6%B0%A3#Chinese. Mandarin: shǔqì.,noun,summer heat,暑气,,
wt:暑天:0,暑天,sṳ̄-tiĕng,,,,Imported from Wiktionary (CC BY-SA 4.0): https://en.wiktionary.org/wiki/%E6%9A%91%E5%A4%A9#Chinese. Mandarin: shǔtiān.,noun,hot summer days; dog days,,,
wt:暗記:0,暗記,áng-gé,,,,"Imported from Wiktionary (CC BY-SA 4.0): https://en.wiktionary.org/wiki/%E6%9A%97%E8%A8%98#Chinese. Mandarin: ànjì,er=y.",verb,to learn by heart; to commit to memory; to memorize in silence,暗记,,
wt:暗記:0,暗記,áng-gé,,,,,noun,secret mark,暗记,,
wt:暴力:0,暴力,bô̤-lĭk,,,,Imported from Wiktionary (CC BY-SA 4.0): https://en.wiktionary.org/wiki/%E6%9A%B4%E5%8A%9B#Chinese. Mandarin: bàolì.,noun,violence; brutality; force,,,
wt:暴力:0,暴力,bô̤-lĭk,,,,,adjective,violent; brutal; forceful,,,
wt:暴露:0,暴露,bó̤h-ló,,,,Imported from Wiktionary (CC BY-SA 4.0): https://en.wiktionary.org/wiki/%E6%9A%B4%E9%9C%B2#Chinese. Mandarin: 暴lù.,verb,to reveal; to expose; to uncover,,,
wt:暴露:0,暴露,bó̤h-ló,,,,,verb,"(computing) to expose to make available to other parts of a program, or to other programs",,,
wt:曲尺:0,曲尺,kuóh-chióh,,,,Imported from Wiktionary (CC BY-SA 4.0): https://en.wiktionary.org/wiki/%E6%9B%B2%E5%B0%BA#Chinese. Mandarin: qūchǐ.,noun,carpenter's square,,,
wt:曲尺:0,曲尺,kuóh-chióh,,,,,noun,"(Xianyou, firearms) revolver",,,
wt:曲蹄:0,曲蹄,kuóh-dà̤,,,,Imported from Wiktionary (CC BY-SA 4.0): https://en.wiktionary.org/wiki/%E6%9B%B2%E8%B9%84#Chinese. Mandarin: qūtí.,noun,"(ethnic slur) Fuzhou Tanka, Fuzhou boat people traditionally boat-dwelling people in Fuzhou",,,
wt:暝晡:0,暝晡,màng-buŏ,,,,Imported from Wiktionary (CC BY-SA 4.0): https://en.wiktionary.org/wiki/%E6%9A%9D%E6%99%A1#Chinese.,noun,evening; night,,,
wt:曠野:0,曠野,kuōng-iā,,,,Imported from Wiktionary (CC BY-SA 4.0): https://en.wiktionary.org/wiki/%E6%9B%A0%E9%87%8E#Chinese. Mandarin: kuàngyě.,noun,wilderness,旷野,,
wt:曠野:0,曠野,kuōng-iā,,,,,adjective,(Xianyou) open; wide; expansive of view,旷野,,
wt:暝晡頭:0,暝晡頭,màng-buŏ-tàu,,,,Imported from Wiktionary (CC BY-SA 4.0): https://en.wiktionary.org/wiki/%E6%9A%9D%E6%99%A1%E9%A0%AD#Chinese.,noun,evening; night,暝晡头,,
wt:曝日頭:0,曝日頭,puŏh-nĭk-tàu,,,,Imported from Wiktionary (CC BY-SA 4.0): https://en.wiktionary.org/wiki/%E6%9B%9D%E6%97%A5%E9%A0%AD#Chinese.,verb,to bask in the sun; to sunbathe; to sunbake,曝日头,,
wt:會意:0,會意,huôi-é,,,,Imported from Wiktionary (CC BY-SA 4.0): https://en.wiktionary.org/wiki/%E6%9C%83%E6%84%8F#Chinese. Mandarin: huìyì.,noun,"(Chinese character classification) compound ideographs, one of the six classifications of Chinese characters (六書)",会意,,
wt:會意:0,會意,huôi-é,,,,,verb,to comprehend,会意,,
wt:會使:0,會使,â̤-sāi,,,,Imported from Wiktionary (CC BY-SA 4.0): https://en.wiktionary.org/wiki/%E6%9C%83%E4%BD%BF#Chinese.,verb,to be able to do something; can,会使,,
wt:會使:0,會使,â̤-sāi,,,,,verb,to be permitted to do something; may,会使,,
wt:書店:0,書店,cṳ̆-dáing,,,,Imported from Wiktionary (CC BY-SA 4.0): https://en.wiktionary.org/wiki/%E6%9B%B8%E5%BA%97#Chinese. Mandarin: shūdiàn.,noun,bookshop; bookstore,书店,,
wt:書生:0,書生,cṳ̆-sĕng,,,,Imported from Wiktionary (CC BY-SA 4.0): https://en.wiktionary.org/wiki/%E6%9B%B8%E7%94%9F#Chinese. Mandarin: shūshēng.,noun,scholar; intellectual,书生,,
wt:書生:0,書生,cṳ̆-sĕng,,,,,noun,pedantic scholar,书生,,
wt:替身:0,替身,tá̤-séng,,,,"Imported from Wiktionary (CC BY-SA 4.0): https://en.wiktionary.org/wiki/%E6%9B%BF%E8%BA%AB#Chinese. Mandarin: tìshēn,er=y.",noun,scapegoat; whipping boy,,,
wt:替身:0,替身,tá̤-séng,,,,,noun,body double; stand-in,,,
wt:會眾:0,會眾,huôi-cé̤ṳng,,,,Imported from Wiktionary (CC BY-SA 4.0): https://en.wiktionary.org/wiki/%E6%9C%83%E7%9C%BE#Chinese. Mandarin: huìzhòng.,noun,(religion) congregation,会众,,
wt:會眾:0,會眾,huôi-cé̤ṳng,,,,,verb,to congregate; to gather everyone together,会众,,
wt:書院:0,書院,cṳ̆-iêng,,,,Imported from Wiktionary (CC BY-SA 4.0): https://en.wiktionary.org/wiki/%E6%9B%B8%E9%99%A2#Chinese. Mandarin: shūyuàn.,noun,(archaic) academy of classical learning,书院,,
wt:書院:0,書院,cṳ̆-iêng,,,,,noun,(archaic) residential library; residential study,书院,,
wt:書院:0,書院,cṳ̆-iêng,,,,,noun,(used in proper nouns in modern times) academy; institute,书院,,
wt:書信:0,書信,cṳ̆-séng,,,,Imported from Wiktionary (CC BY-SA 4.0): https://en.wiktionary.org/wiki/%E6%9B%B8%E4%BF%A1#Chinese. Mandarin: shūxìn.,noun,(formal) letter; epistle; written message,书信,,
wt:書信:0,書信,cṳ̆-séng,,,,,noun,(figuratively) messenger,书信,,
wt:書札:0,書札,cṳ̆-cák,,,,Imported from Wiktionary (CC BY-SA 4.0): https://en.wiktionary.org/wiki/%E6%9B%B8%E6%9C%AD#Chinese. Mandarin: shūzhá.,noun,letter; written message; correspondence,书札,,
wt:書包:0,書包,cṳ̆-bău,,,,"Imported from Wiktionary (CC BY-SA 4.0): https://en.wiktionary.org/wiki/%E6%9B%B8%E5%8C%85#Chinese. Mandarin: shūbāo,er=y.",noun,(countable) schoolbag; bookbag; backpack,书包,,
wt:更加:0,更加,gĕng-gă,,,,Imported from Wiktionary (CC BY-SA 4.0): https://en.wiktionary.org/wiki/%E6%9B%B4%E5%8A%A0#Chinese. Mandarin: gèngjiā.,adverb,more; even more,,,
wt:會館:0,會館,huôi-guāng,,,,Imported from Wiktionary (CC BY-SA 4.0): https://en.wiktionary.org/wiki/%E6%9C%83%E9%A4%A8#Chinese. Mandarin: huìguǎn.,noun,institution set up in a capital city or other domestic or overseas city by people from the same hometown or operating the same business; guildhall; clan association; kongsi,会馆,,
wt:會曉:0,會曉,â̤-hiēu,,,,Imported from Wiktionary (CC BY-SA 4.0): https://en.wiktionary.org/wiki/%E6%9C%83%E6%9B%89#Chinese.,verb,to know; to understand,会晓,,
wt:書桌:0,書桌,cṳ̆-dó̤h,,,,"Imported from Wiktionary (CC BY-SA 4.0): https://en.wiktionary.org/wiki/%E6%9B%B8%E6%A1%8C#Chinese. Mandarin: shūzhuō,er=y.",noun,desk for reading and studying,书桌,,
wt:書齋:0,書齋,cṳ̆-că̤,,,,Imported from Wiktionary (CC BY-SA 4.0): https://en.wiktionary.org/wiki/%E6%9B%B8%E9%BD%8B#Chinese. Mandarin: shūzhāi.,noun,(formal) study room,书斋,,
wt:書齋:0,書齋,cṳ̆-că̤,,,,,noun,traditional Chinese private school,书斋,,
wt:書齋:0,書齋,cṳ̆-că̤,,,,,noun,school in general,书斋,,
wt:書齋:0,書齋,cṳ̆-că̤,,,,,noun,classroom,书斋,,
wt:會堂:0,會堂,huôi-dòng,,,,Imported from Wiktionary (CC BY-SA 4.0): https://en.wiktionary.org/wiki/%E6%9C%83%E5%A0%82#Chinese. Mandarin: huìtáng.,noun,hall; meeting hall; assembly hall,会堂,,
wt:會堂:0,會堂,huôi-dòng,,,,,noun,"教堂 various religious or ecclesiastical buildings: shrine, temple, chapel, church, mosque, synagogue, etc.",会堂,,
wt:書皮:0,書皮,cṳ̆-puòi,,,,"Imported from Wiktionary (CC BY-SA 4.0): https://en.wiktionary.org/wiki/%E6%9B%B8%E7%9A%AE#Chinese. Mandarin: shūpí,er=y.",noun,book cover,书皮,,
wt:書皮:0,書皮,cṳ̆-puòi,,,,,noun,dust jacket,书皮,,
wt:更更:0,更更,gáing-gáing,,,,Imported from Wiktionary (CC BY-SA 4.0): https://en.wiktionary.org/wiki/%E6%9B%B4%E6%9B%B4#Chinese.,adverb,even more; additionally,,,
wt:會赴:0,會赴,huôi-hó,,,,Imported from Wiktionary (CC BY-SA 4.0): https://en.wiktionary.org/wiki/%E6%9C%83%E8%B5%B4#Chinese.,verb,to (be able to) make it; to do something on time,会赴,,
wt:書冊:0,書冊,cṳ̆-cháik,,,,Imported from Wiktionary (CC BY-SA 4.0): https://en.wiktionary.org/wiki/%E6%9B%B8%E5%86%8A#Chinese. Mandarin: shūcè.,noun,book (classifier: 本),书册,,
wt:𣍐仈:0,𣍐仈,mâ̤-báik,,,,Imported from Wiktionary (CC BY-SA 4.0): https://en.wiktionary.org/wiki/%F0%A3%8D%90%E4%BB%88#Chinese.,verb,to not know; to have no idea of; to be ignorant of,𫧃仈,,
wt:𣍐赴:0,𣍐赴,mâ̤-hó,,,,Imported from Wiktionary (CC BY-SA 4.0): https://en.wiktionary.org/wiki/%F0%A3%8D%90%E8%B5%B4#Chinese.,verb,to not to (be able to) make it; to not be able to do something on time,𫧃赴,,
wt:𣍐赴:0,𣍐赴,mâ̤-hó,,,,,verb,to not have enough time; to be too late,𫧃赴,,
wt:𣍐使:0,𣍐使,mâ̤-sāi,,,,Imported from Wiktionary (CC BY-SA 4.0): https://en.wiktionary.org/wiki/%F0%A3%8D%90%E4%BD%BF#Chinese.,verb,may not; cannot,𫧃使,,
wt:𣍐記:0,𣍐記,mâ̤-gé,,,,Imported from Wiktionary (CC BY-SA 4.0): https://en.wiktionary.org/wiki/%F0%A3%8D%90%E8%A8%98#Chinese.,verb,to forget,𫧃记,,
wt:𣍐合:0,𣍐合,mâ̤-hăk,,,,Imported from Wiktionary (CC BY-SA 4.0): https://en.wiktionary.org/wiki/%F0%A3%8D%90%E5%90%88#Chinese.,verb,"should not, must not",𫧃合,,
wt:書友:0,書友,cṳ̆-iēu,,,,Imported from Wiktionary (CC BY-SA 4.0): https://en.wiktionary.org/wiki/%E6%9B%B8%E5%8F%8B#Chinese.,noun,friend with which one studies together,书友,,
wt:書呆:0,書呆,cṳ̆-dăi,,,,Imported from Wiktionary (CC BY-SA 4.0): https://en.wiktionary.org/wiki/%E6%9B%B8%E5%91%86#Chinese. Mandarin: shūdāi.,noun,"(;, pejorative) book nerd; pedant",书呆,,
wt:朋友:0,朋友,bèng-īu,,,,"Imported from Wiktionary (CC BY-SA 4.0): https://en.wiktionary.org/wiki/%E6%9C%8B%E5%8F%8B#Chinese. Mandarin: péngyou,péngyǒu,1nb=standard in Mainland,2nb=standard in Taiwan.",noun,friend,,,
wt:朋友:0,朋友,bèng-īu,,,,,noun,(euphemism) boyfriend or girlfriend; partner,,,
wt:朋友:0,朋友,bèng-īu,,,,,noun,(archaic) large number of retainers,,,
wt:朋友:0,朋友,bèng-īu,,,,,noun,"(archaic, Ming dynasty) designation given by government bureaucrats to Confucian students",,,
wt:月食:0,月食,nguŏk sék,,,,Imported from Wiktionary (CC BY-SA 4.0): https://en.wiktionary.org/wiki/%E6%9C%88%E9%A3%9F#Chinese. Mandarin: yuèshí.,noun,lunar eclipse,,,
wt:月光:0,月光,nguŏk-guŏng,,,,Imported from Wiktionary (CC BY-SA 4.0): https://en.wiktionary.org/wiki/%E6%9C%88%E5%85%89#Chinese. Mandarin: yuèguāng.,noun,moonlight,,,
wt:月光:0,月光,nguŏk-guŏng,,,,,noun,moon,,,
wt:服務:0,服務,hŭk-ô,,,,"Imported from Wiktionary (CC BY-SA 4.0): https://en.wiktionary.org/wiki/%E6%9C%8D%E5%8B%99#Chinese. Mandarin: fúwù,tl=y.",noun,"(countable, uncountable) service",服务,,
wt:服務:0,服務,hŭk-ô,,,,,noun,(computing) service function provided by one program or machine for another,服务,,
wt:服務:0,服務,hŭk-ô,,,,,verb,to serve; to work (for),服务,,
wt:有名:0,有名,ô-miàng,,,,Imported from Wiktionary (CC BY-SA 4.0): https://en.wiktionary.org/wiki/%E6%9C%89%E5%90%8D#Chinese. Mandarin: yǒumíng.,adjective,famous; well-known; noted; renowned,,,
wt:有名:0,有名,ô-miàng,,,,,verb,(archaic) to have a valid reason,,,
wt:有心:0,有心,ô-sĭng,,,,Imported from Wiktionary (CC BY-SA 4.0): https://en.wiktionary.org/wiki/%E6%9C%89%E5%BF%83#Chinese. Mandarin: yǒuxīn.,verb,to have the intention (of doing something),,,
wt:有心:0,有心,ô-sĭng,,,,,adverb,intentionally; purposely,,,
wt:月餅:0,月餅,nguŏk-biāng,,,,"Imported from Wiktionary (CC BY-SA 4.0): https://en.wiktionary.org/wiki/%E6%9C%88%E9%A4%85#Chinese. Mandarin: yuèbǐng,tl=y.",noun,mooncake a Chinese pastry traditionally eaten during the Mid-Autumn Festival,月饼,,
wt:月經:0,月經,nguŏk-gĭng,,,,"Imported from Wiktionary (CC BY-SA 4.0): https://en.wiktionary.org/wiki/%E6%9C%88%E7%B6%93#Chinese. Mandarin: yuèjīng,tl=y.",noun,menstruation; period,月经,,
wt:月經:0,月經,nguŏk-gĭng,,,,,noun,menses blood and other matter discharged during menstruation,月经,,
wt:月經:0,月經,nguŏk-gĭng,,,,,adjective,"(neologism, slang, attributive, figurative) which comes up periodically, every now and then; periodic; regular; platitudinous",月经,,
wt:有無:0,有無,ô mò̤,,,,Imported from Wiktionary (CC BY-SA 4.0): https://en.wiktionary.org/wiki/%E6%9C%89%E7%84%A1#Chinese. Mandarin: yǒuwú.,noun,existence; presence or absence,有无,,
wt:有無:0,有無,ô mò̤,,,,,verb,(interrogative) to have or not have; is there?,有无,,
wt:月利:0,月利,nguŏk-lê,,,,Imported from Wiktionary (CC BY-SA 4.0): https://en.wiktionary.org/wiki/%E6%9C%88%E5%88%A9#Chinese. Mandarin: yuèlì.,noun,monthly interest,,,
wt:月利:0,月利,nguŏk-lê,,,,,noun,"the month following childbirth, during which the mother goes through the traditional Chinese form of postpartum recovery, sometimes referred to in English as confinement or lying-in; puerperium",,,
wt:月熄:0,月熄,nguŏk sék,,,,Imported from Wiktionary (CC BY-SA 4.0): https://en.wiktionary.org/wiki/%E6%9C%88%E7%86%84#Chinese.,noun,lunar eclipse,,,
wt:月暈:0,月暈,nguŏk-uông,,,,"Imported from Wiktionary (CC BY-SA 4.0): https://en.wiktionary.org/wiki/%E6%9C%88%E6%9A%88#Chinese. Mandarin: yuèyùn,yuèyūn,2nb=nonstandard variant.",noun,(meteorology) lunar halo,月晕,,
wt:服事:0,服事,hŭk-sê̤ṳ,,,,"Imported from Wiktionary (CC BY-SA 4.0): https://en.wiktionary.org/wiki/%E6%9C%8D%E4%BA%8B#Chinese. Mandarin: fúshì,tl=y.",verb,alternative form of 服侍 (to wait on; to attend to),,,
wt:月大:0,月大,nguŏk-duâi,,,,Imported from Wiktionary (CC BY-SA 4.0): https://en.wiktionary.org/wiki/%E6%9C%88%E5%A4%A7#Chinese.,noun,“big or long month”,,,
wt:有閒:0,有閒,ô-èng,,,,Imported from Wiktionary (CC BY-SA 4.0): https://en.wiktionary.org/wiki/%E6%9C%89%E9%96%92#Chinese.,verb,to have the time; to be available; to have extra free time,有闲,,
wt:木耳:0,木耳,mŭk-mī,,,,Imported from Wiktionary (CC BY-SA 4.0): https://en.wiktionary.org/wiki/%E6%9C%A8%E8%80%B3#Chinese. Mandarin: mù'ěr.,noun,"wood ear; tree ear; black fungus (Auricularia genus, especially Auricularia heimuer)",,,
wt:未來:0,未來,uôi-lài,,,,Imported from Wiktionary (CC BY-SA 4.0): https://en.wiktionary.org/wiki/%E6%9C%AA%E4%BE%86#Chinese. Mandarin: wèilái.,noun,future,未来,,
wt:未來:0,未來,uôi-lài,,,,,adjective,(attributive) coming; approaching; pending,未来,,
wt:期待:0,期待,gĭ-dâi,,,,Imported from Wiktionary (CC BY-SA 4.0): https://en.wiktionary.org/wiki/%E6%9C%9F%E5%BE%85#Chinese. Mandarin: 期dài.,verb,to look forward to; to await,,,
wt:本來:0,本來,buōng-lài,,,,Imported from Wiktionary (CC BY-SA 4.0): https://en.wiktionary.org/wiki/%E6%9C%AC%E4%BE%86#Chinese. Mandarin: běnlái.,adjective,(attributive) original,本来,,
wt:本來:0,本來,buōng-lài,,,,,adverb,originally; the original intent was that,本来,,
wt:本來:0,本來,buōng-lài,,,,,adverb,it goes without saying; of course,本来,,
wt:本來:0,本來,buōng-lài,,,,,adverb,inherently,本来,,
wt:朝聖:0,朝聖,dièu-séng,,,,Imported from Wiktionary (CC BY-SA 4.0): https://en.wiktionary.org/wiki/%E6%9C%9D%E8%81%96#Chinese. Mandarin: cháoshèng.,verb,to make a pilgrimage,朝圣,,
wt:本地:0,本地,buōng-dê,,,,Imported from Wiktionary (CC BY-SA 4.0): https://en.wiktionary.org/wiki/%E6%9C%AC%E5%9C%B0#Chinese. Mandarin: běndì.,adjective,(attributive) local; native,,,
wt:本地:0,本地,buōng-dê,,,,,noun,locality; this place; here,,,
wt:本地:0,本地,buōng-dê,,,,,noun,(Dongguan) Dongguan Cantonese-speaking local in contrast to Hakka speaker,,,
wt:本地:0,本地,buōng-dê,,,,,noun,(Dongguan) Dongguan Cantonese,,,
wt:本地人:0,本地人,buōng-dê-nè̤ng,,,,Imported from Wiktionary (CC BY-SA 4.0): https://en.wiktionary.org/wiki/%E6%9C%AC%E5%9C%B0%E4%BA%BA#Chinese. Mandarin: běndìrén.,noun,native; local resident; local,,,
wt:本地人:0,本地人,buōng-dê-nè̤ng,,,,,noun,(Dongguan) Dongguan Cantonese-speaking local in contrast to Hakka speaker,,,
wt:本字:0,本字,buōng-cê,,,,Imported from Wiktionary (CC BY-SA 4.0): https://en.wiktionary.org/wiki/%E6%9C%AC%E5%AD%97#Chinese. Mandarin: běnzì.,noun,original form of character; etymological character,,,
wt:本錢:0,本錢,buōng-cièng,,,,"Imported from Wiktionary (CC BY-SA 4.0): https://en.wiktionary.org/wiki/%E6%9C%AC%E9%8C%A2#Chinese. Mandarin: běnqián,tl=y.",noun,(literally) capital; funds; wealth,本钱,,
wt:本錢:0,本錢,buōng-cièng,,,,,noun,(figuratively) one's experience and skills in a particular field,本钱,,
wt:木蝨:0,木蝨,mĕ̤k-sáik,,,,Imported from Wiktionary (CC BY-SA 4.0): https://en.wiktionary.org/wiki/%E6%9C%A8%E8%9D%A8#Chinese. Mandarin: mùshī.,noun,woodlouse,木虱,,
wt:木屐:0,木屐,mŭk-kiăh,,,,"Imported from Wiktionary (CC BY-SA 4.0): https://en.wiktionary.org/wiki/%E6%9C%A8%E5%B1%90#Chinese. Mandarin: mùjī,er=y.",noun,clogs,,,
wt:未時:0,未時,ê-sì,,,,Imported from Wiktionary (CC BY-SA 4.0): https://en.wiktionary.org/wiki/%E6%9C%AA%E6%99%82#Chinese. Mandarin: wèishí.,noun,the hours of the goat (1:00pm to 3:00pm),未时,,
wt:未羊:0,未羊,ê-iòng,,,,Imported from Wiktionary (CC BY-SA 4.0): https://en.wiktionary.org/wiki/%E6%9C%AA%E7%BE%8A#Chinese.,noun,lamb (*羊) of Chinese zodiac,,,
wt:杏仁:0,杏仁,hâing-ìng,,,,"Imported from Wiktionary (CC BY-SA 4.0): https://en.wiktionary.org/wiki/%E6%9D%8F%E4%BB%81#Chinese. Mandarin: xìngrén,er=y.",noun,apricot kernel kernel of the fruit produced by Prunus armeniaca species,,,
wt:杏仁:0,杏仁,hâing-ìng,,,,,noun,almond nut produced by tree of species Prunus amygdalus species (syn. Prunus dulcis),,,
wt:材料:0,材料,cài-lâiu,,,,"Imported from Wiktionary (CC BY-SA 4.0): https://en.wiktionary.org/wiki/%E6%9D%90%E6%96%99#Chinese. Mandarin: cáiliào,er=y.",noun,material; stuff; ingredient,,,
wt:材料:0,材料,cài-lâiu,,,,,noun,data,,,
wt:材料:0,材料,cài-lâiu,,,,,noun,reference material; document; documentation; information; source,,,
wt:材料:0,材料,cài-lâiu,,,,,noun,(figurative) makings; material person of a specified quality,,,
wt:杜墊:0,杜墊,dô-dâing,,,,Imported from Wiktionary (CC BY-SA 4.0): https://en.wiktionary.org/wiki/%E6%9D%9C%E5%A2%8A#Chinese.,noun,lizard,杜垫,,
wt:朽腐:0,朽腐,hiū-bô,,,,Imported from Wiktionary (CC BY-SA 4.0): https://en.wiktionary.org/wiki/%E6%9C%BD%E8%85%90#Chinese. Mandarin: xiǔfǔ.,verb,to rot; to decay,,,
wt:東京:0,東京,Dĕ̤ng-gĭng,,,,Imported from Wiktionary (CC BY-SA 4.0): https://en.wiktionary.org/wiki/%E6%9D%B1%E4%BA%AC#Chinese. Mandarin: Dōngjīng.,noun,"(historical) an eastern capital a capital located east of another capital, especially under a multiple-capital system",东京,,
wt:果子:0,果子,guōi-cī,,,,Imported from Wiktionary (CC BY-SA 4.0): https://en.wiktionary.org/wiki/%E6%9E%9C%E5%AD%90#Chinese. Mandarin: guǒzi.,noun,fruit,,,
wt:松子:0,松子,sṳ̀ng-cī,,,,Imported from Wiktionary (CC BY-SA 4.0): https://en.wiktionary.org/wiki/%E6%9D%BE%E5%AD%90#Chinese. Mandarin: sōngzǐ.,noun,pine nut,,,
wt:松子:0,松子,sṳ̀ng-cī,,,,,noun,pine nut kernel,,,
wt:村驢:0,村驢,cŏng-lè̤,,,,Imported from Wiktionary (CC BY-SA 4.0): https://en.wiktionary.org/wiki/%E6%9D%91%E9%A9%A2#Chinese.,noun,(derogatory) country bumpkin; hick; villager; bogan; redneck; yokel; rube,村驴,,
wt:村驢婆:0,村驢婆,cŏng-lè̤-bò̤,,,,Imported from Wiktionary (CC BY-SA 4.0): https://en.wiktionary.org/wiki/%E6%9D%91%E9%A9%A2%E5%A9%86#Chinese.,noun,(derogatory) female village; woman of a village,村驴婆,,
wt:林地蘑菇:0,林地蘑菇,lìng-dê-mò̤-gŭ,,,,Imported from Wiktionary (CC BY-SA 4.0): https://en.wiktionary.org/wiki/%E6%9E%97%E5%9C%B0%E8%98%91%E8%8F%87#Chinese. Mandarin: líndì mógu.,noun,scaly wood mushroom (Agaricus silvaticus),,,
wt:果子樹:0,果子樹,guōi-cī-chéu,,,,Imported from Wiktionary (CC BY-SA 4.0): https://en.wiktionary.org/wiki/%E6%9E%9C%E5%AD%90%E6%A8%B9#Chinese.,noun,fruit tree,果子树,,
wt:杉柴:0,杉柴,săng-chà,,,,Imported from Wiktionary (CC BY-SA 4.0): https://en.wiktionary.org/wiki/%E6%9D%89%E6%9F%B4#Chinese.,noun,"Chinese fir tree Cunninghamia lanceolata, of the cypress family; wood of Chinese fir",,,
wt:松明:0,松明,sṳ̀ng-miāng,,,,Imported from Wiktionary (CC BY-SA 4.0): https://en.wiktionary.org/wiki/%E6%9D%BE%E6%98%8E#Chinese. Mandarin: sōngmíng.,noun,pine torch,,,
wt:枇杷:0,枇杷,bì-bà,,,,"Imported from Wiktionary (CC BY-SA 4.0): https://en.wiktionary.org/wiki/%E6%9E%87%E6%9D%B7#Chinese. Mandarin: pípá,píba,2n=Harbin dialect.",noun,loquat type of fruit,,,
wt:松鼠:0,松鼠,sṳ̀ng-chṳ̄,,,,"Imported from Wiktionary (CC BY-SA 4.0): https://en.wiktionary.org/wiki/%E6%9D%BE%E9%BC%A0#Chinese. Mandarin: sōngshǔ,er=y.",noun,squirrel,,,
wt:枕頭:0,枕頭,ciēng-tàu,,,,Imported from Wiktionary (CC BY-SA 4.0): https://en.wiktionary.org/wiki/%E6%9E%95%E9%A0%AD#Chinese. Mandarin: zhěntou.,noun,(countable) pillow,枕头,,
wt:松毛鬚:0,松毛鬚,sṳ̀ng,,,,Imported from Wiktionary (CC BY-SA 4.0): https://en.wiktionary.org/wiki/%E6%9D%BE%E6%AF%9B%E9%AC%9A#Chinese. Pronounced sṳ́ng-mò̤-chiĕu.,noun,pine needle,松毛须,,
wt:枕頭席:0,枕頭席,ciēng-tàu,,,,"Imported from Wiktionary (CC BY-SA 4.0): https://en.wiktionary.org/wiki/%E6%9E%95%E9%A0%AD%E5%B8%AD#Chinese. Mandarin: zhěntouxí,er=y. Pronounced tău-*chiŏh.",noun,pillow mat small mat put on a pillow,枕头席,,
wt:松毛針:0,松毛針,sṳ̀ng,,,,Imported from Wiktionary (CC BY-SA 4.0): https://en.wiktionary.org/wiki/%E6%9D%BE%E6%AF%9B%E9%87%9D#Chinese. Pronounced sṳ́ng-mò̤-cĕng.,noun,pine needle,松毛针,,
wt:松毛卵:0,松毛卵,sṳ̀ng-mò̤-lâung,,,,Imported from Wiktionary (CC BY-SA 4.0): https://en.wiktionary.org/wiki/%E6%9D%BE%E6%AF%9B%E5%8D%B5#Chinese.,noun,pinecone,,,
wt:松柏卵:0,松柏卵,sṳ̀ng-báh-lâung,,,,Imported from Wiktionary (CC BY-SA 4.0): https://en.wiktionary.org/wiki/%E6%9D%BE%E6%9F%8F%E5%8D%B5#Chinese.,noun,pinecone,,,
wt:松柏子:0,松柏子,sṳ̀ng-báh-cī,,,,Imported from Wiktionary (CC BY-SA 4.0): https://en.wiktionary.org/wiki/%E6%9D%BE%E6%9F%8F%E5%AD%90#Chinese.,noun,pine nut,,,
wt:枕頭心:0,枕頭心,ciēng-tàu,,,,"Imported from Wiktionary (CC BY-SA 4.0): https://en.wiktionary.org/wiki/%E6%9E%95%E9%A0%AD%E5%BF%83#Chinese. Mandarin: zhěntouxīn,er=y. Pronounced tău-sĭng.",noun,bare pillow; pillow without a pillowcase,枕头心,,
wt:染色體:0,染色體,niēng-sáik-tā̤,,,,Imported from Wiktionary (CC BY-SA 4.0): https://en.wiktionary.org/wiki/%E6%9F%93%E8%89%B2%E9%AB%94#Chinese. Mandarin: rǎnsètǐ.,noun,"(cytology, genetics) chromosome",染色体,,
wt:柿餅:0,柿餅,kê-biāng,,,,"Imported from Wiktionary (CC BY-SA 4.0): https://en.wiktionary.org/wiki/%E6%9F%BF%E9%A4%85#Chinese. Mandarin: shìbǐng,er=y.",noun,dried persimmon; persimmon cake,柿饼,,
wt:柴屐:0,柴屐,chà-kiăk,,,,Imported from Wiktionary (CC BY-SA 4.0): https://en.wiktionary.org/wiki/%E6%9F%B4%E5%B1%90#Chinese.,noun,clogs,,,
wt:柴刀:0,柴刀,chà-dŏ̤,,,,Imported from Wiktionary (CC BY-SA 4.0): https://en.wiktionary.org/wiki/%E6%9F%B4%E5%88%80#Chinese. Mandarin: cháidāo.,noun,firewood axe or machete,,,
wt:柬帖:0,柬帖,gāng-táik,,,,Imported from Wiktionary (CC BY-SA 4.0): https://en.wiktionary.org/wiki/%E6%9F%AC%E5%B8%96#Chinese. Mandarin: jiǎntiě.,noun,invitation,,,
wt:柴杮:0,柴杮,chà-puói,,,,Imported from Wiktionary (CC BY-SA 4.0): https://en.wiktionary.org/wiki/%E6%9F%B4%E6%9D%AE#Chinese.,noun,wood fragments; wood pieces,,,
wt:桂花:0,桂花,gié-huă,,,,Imported from Wiktionary (CC BY-SA 4.0): https://en.wiktionary.org/wiki/%E6%A1%82%E8%8A%B1#Chinese. Mandarin: guìhuā.,noun,sweet osmanthus Osmanthus fragrans species,,,
wt:桑樹:0,桑樹,sŏng-chéu,,,,Imported from Wiktionary (CC BY-SA 4.0): https://en.wiktionary.org/wiki/%E6%A1%91%E6%A8%B9#Chinese. Mandarin: sāngshù.,noun,mulberry tree,桑树,,
wt:栽培:0,栽培,căi-buòi,,,,Imported from Wiktionary (CC BY-SA 4.0): https://en.wiktionary.org/wiki/%E6%A0%BD%E5%9F%B9#Chinese. Mandarin: zāipéi.,verb,to cultivate (plants); to grow,,,
wt:栽培:0,栽培,căi-buòi,,,,,verb,to foster (talent); to nurture; to train,,,
wt:栽培:0,栽培,căi-buòi,,,,,verb,to advance someone's career; to patronize,,,
wt:根據:0,根據,gŏng-gé̤ṳ,,,,Imported from Wiktionary (CC BY-SA 4.0): https://en.wiktionary.org/wiki/%E6%A0%B9%E6%93%9A#Chinese. Mandarin: gēnjù.,,according to; based on,根据,,
wt:根據:0,根據,gŏng-gé̤ṳ,,,,,noun,basis; grounds,根据,,
wt:桌布:0,桌布,dó̤h-buó,,,,Imported from Wiktionary (CC BY-SA 4.0): https://en.wiktionary.org/wiki/%E6%A1%8C%E5%B8%83#Chinese. Mandarin: zhuōbù.,noun,tablecloth,,,
wt:桌布:0,桌布,dó̤h-buó,,,,,noun,(computing) wallpaper; desktop background,,,
wt:核桃:0,核桃,hŏk-tò̤,,,,"Imported from Wiktionary (CC BY-SA 4.0): https://en.wiktionary.org/wiki/%E6%A0%B8%E6%A1%83#Chinese. Mandarin: hétao,hétáo,1nb=standard in Mainland,1nc=variant in Taiwan,2nb=standard in Taiwan.",noun,walnut nut,,,
wt:桎梏:0,桎梏,dék-gók,,,,Imported from Wiktionary (CC BY-SA 4.0): https://en.wiktionary.org/wiki/%E6%A1%8E%E6%A2%8F#Chinese. Mandarin: zhìgù.,noun,(figurative) shackles; fetters and handcuffs,,,
wt:桅杆:0,桅杆,ùi-găng,,,,Imported from Wiktionary (CC BY-SA 4.0): https://en.wiktionary.org/wiki/%E6%A1%85%E6%9D%86#Chinese. Mandarin: wéigān.,noun,mast,,,
wt:根基:0,根基,gŏng-gĭ,,,,Imported from Wiktionary (CC BY-SA 4.0): https://en.wiktionary.org/wiki/%E6%A0%B9%E5%9F%BA#Chinese. Mandarin: gēnjī.,noun,foundations of a building,,,
wt:根基:0,根基,gŏng-gĭ,,,,,noun,(figurative) foundation; basis; base; root; background,,,
wt:根基:0,根基,gŏng-gĭ,,,,,noun,(figurative) family wealth,,,
wt:桑箬:0,桑箬,sŏng-niŏh,,,,Imported from Wiktionary (CC BY-SA 4.0): https://en.wiktionary.org/wiki/%E6%A1%91%E7%AE%AC#Chinese.,noun,mulberry leaf,,,
wt:桁桁:0,桁桁,háung-háung,,,,Imported from Wiktionary (CC BY-SA 4.0): https://en.wiktionary.org/wiki/%E6%A1%81%E6%A1%81#Chinese.,noun,(architecture) purlin; crossbeams of a roof,,,
wt:條件:0,條件,dèu-iông,,,,Imported from Wiktionary (CC BY-SA 4.0): https://en.wiktionary.org/wiki/%E6%A2%9D%E4%BB%B6#Chinese. Mandarin: tiáojiàn.,noun,condition; term,条件,,
wt:條件:0,條件,dèu-iông,,,,,noun,circumstances; conditions; situation,条件,,
wt:條件:0,條件,dèu-iông,,,,,noun,requirement; prerequisite; criterion,条件,,
wt:條件:0,條件,dèu-iông,,,,,noun,(of a person) financial status; wealth,条件,,
wt:條件:0,條件,dèu-iông,,,,,adjective,(attributive) conditional,条件,,
wt:梧桐:0,梧桐,ngù-dùng,,,,Imported from Wiktionary (CC BY-SA 4.0): https://en.wiktionary.org/wiki/%E6%A2%A7%E6%A1%90#Chinese. Mandarin: wútóng.,noun,樹 Chinese parasol tree (Firmiana simplex),,,
wt:梧桐:0,梧桐,ngù-dùng,,,,,noun,"科 Sterculiaceae family, now Sterculioideae subfamily in Malvaceae",,,
wt:條約:0,條約,dèu-iók,,,,Imported from Wiktionary (CC BY-SA 4.0): https://en.wiktionary.org/wiki/%E6%A2%9D%E7%B4%84#Chinese. Mandarin: tiáoyuē.,noun,pact; treaty,条约,,
wt:桌頭:0,桌頭,dó̤h-tàu,,,,Imported from Wiktionary (CC BY-SA 4.0): https://en.wiktionary.org/wiki/%E6%A1%8C%E9%A0%AD#Chinese.,noun,top of a table or desk; tabletop,桌头,,
wt:桌跤:0,桌跤,dó̤h-kă,,,,Imported from Wiktionary (CC BY-SA 4.0): https://en.wiktionary.org/wiki/%E6%A1%8C%E8%B7%A4#Chinese.,noun,table leg,,,
wt:梅花鹿:0,梅花鹿,muòi-huă-lĕ̤k,,,,"Imported from Wiktionary (CC BY-SA 4.0): https://en.wiktionary.org/wiki/%E6%A2%85%E8%8A%B1%E9%B9%BF#Chinese. Mandarin: méihuālù,er=2.",noun,sika deer (Cervus nippon species),,,
wt:桑頭子:0,桑頭子,sŏng-tàu-cī,,,,Imported from Wiktionary (CC BY-SA 4.0): https://en.wiktionary.org/wiki/%E6%A1%91%E9%A0%AD%E5%AD%90#Chinese.,noun,fruit of the mulberry,桑头仔,,
wt:桑蘿子:0,桑蘿子,sŏng-lài-cī,,,,Imported from Wiktionary (CC BY-SA 4.0): https://en.wiktionary.org/wiki/%E6%A1%91%E8%98%BF%E5%AD%90#Chinese.,noun,fruit of the mulberry,桑萝仔,,
wt:栽菜:0,栽菜,căi-chái,,,,Imported from Wiktionary (CC BY-SA 4.0): https://en.wiktionary.org/wiki/%E6%A0%BD%E8%8F%9C#Chinese.,verb,to grow vegetables,,,
wt:森林:0,森林,sĕng-lìng,,,,Imported from Wiktionary (CC BY-SA 4.0): https://en.wiktionary.org/wiki/%E6%A3%AE%E6%9E%97#Chinese. Mandarin: sēnlín.,noun,(countable) forest; trees,,,
wt:森林:0,森林,sĕng-lìng,,,,,noun,(graph theory) forest graph with no cycles,,,
wt:植物:0,植物,sĭk-ŭk,,,,"Imported from Wiktionary (CC BY-SA 4.0): https://en.wiktionary.org/wiki/%E6%A4%8D%E7%89%A9#Chinese. Mandarin: zhíwù,tl=y.",noun,(botany) plant; vegetation; flora,,,
wt:植物:0,植物,sĭk-ŭk,,,,,adjective,"(medicine, attributive) vegetative",,,
wt:棕色:0,棕色,cĕ̤ng-sáik,,,,Imported from Wiktionary (CC BY-SA 4.0): https://en.wiktionary.org/wiki/%E6%A3%95%E8%89%B2#Chinese. Mandarin: zōngsè.,noun,brown color,,,
wt:棉花:0,棉花,mièng-huă,,,,"Imported from Wiktionary (CC BY-SA 4.0): https://en.wiktionary.org/wiki/%E6%A3%89%E8%8A%B1#Chinese. Mandarin: miánhuā,miánhua,1nb=standard in Mainland,1nc=standard in Taiwan,2nb=standard in Mainland,2nc=variant in Taiwan.",noun,cotton,,,
wt:棺材:0,棺材,guăng-chài,,,,"Imported from Wiktionary (CC BY-SA 4.0): https://en.wiktionary.org/wiki/%E6%A3%BA%E6%9D%90#Chinese. Mandarin: guāncai,guāncái,1nb=standard in Mainland,1nc=variant in Taiwan,2nb=standard in Taiwan.",noun,coffin,,,
wt:棋子:0,棋子,gì-cī,,,,"Imported from Wiktionary (CC BY-SA 4.0): https://en.wiktionary.org/wiki/%E6%A3%8B%E5%AD%90#Chinese. Mandarin: qízǐ,er=y.",noun,board game piece (classifier: 枚),,,
wt:棋子:0,棋子,gì-cī,,,,,noun,chess piece (classifier: 枚),,,
wt:棋子:0,棋子,gì-cī,,,,,noun,(figurative) pawn; person being used to some end (classifier: 枚),,,
wt:椅囝:0,椅囝,iē-giāng,,,,Imported from Wiktionary (CC BY-SA 4.0): https://en.wiktionary.org/wiki/%E6%A4%85%E5%9B%9D#Chinese.,noun,chair,,,
wt:棋盤:0,棋盤,gì-buàng,,,,Imported from Wiktionary (CC BY-SA 4.0): https://en.wiktionary.org/wiki/%E6%A3%8B%E7%9B%A4#Chinese. Mandarin: qípán.,noun,chessboard,棋盘,,
wt:棋盤:0,棋盤,gì-buàng,,,,,noun,"large square sheets of foil-paper, burnt to idols.",棋盘,,
wt:棉被:0,棉被,mièng-puôi,,,,Imported from Wiktionary (CC BY-SA 4.0): https://en.wiktionary.org/wiki/%E6%A3%89%E8%A2%AB#Chinese. Mandarin: miánbèi.,noun,cotton-wadded quilt,,,
wt:棉被:0,棉被,mièng-puôi,,,,,noun,quilt in general,,,
wt:棄嫌:0,棄嫌,ké-hièng,,,,Imported from Wiktionary (CC BY-SA 4.0): https://en.wiktionary.org/wiki/%E6%A3%84%E5%AB%8C#Chinese. Mandarin: qìxián.,verb,to avoid and dislike; to cold-shoulder; to shun,弃嫌,,
wt:棕樹:0,棕樹,cĕ̤ng-chéu,,,,Imported from Wiktionary (CC BY-SA 4.0): https://en.wiktionary.org/wiki/%E6%A3%95%E6%A8%B9#Chinese. Mandarin: zōngshù.,noun,palm tree,棕树,,
wt:森森:0,森森,sĕng-sĕng,,,,Imported from Wiktionary (CC BY-SA 4.0): https://en.wiktionary.org/wiki/%E6%A3%AE%E6%A3%AE#Chinese. Mandarin: sēnsēn.,adjective,"(ideophonic, of trees) dense; lush",,,
wt:森森:0,森森,sĕng-sĕng,,,,,adjective,(ideophonic) many; numerous,,,
wt:森森:0,森森,sĕng-sĕng,,,,,adjective,(ideophonic) flourishing; thriving,,,
wt:森森:0,森森,sĕng-sĕng,,,,,adjective,(ideophonic) towering; standing tall and erect,,,
wt:森森:0,森森,sĕng-sĕng,,,,,adjective,(ideophonic) gloomy; dark,,,
wt:森森:0,森森,sĕng-sĕng,,,,,adjective,(ideophonic) cold; frigid,,,
wt:森森:0,森森,sĕng-sĕng,,,,,adjective,(ideophonic) murky; confused; dazed,,,
wt:森森:0,森森,sĕng-sĕng,,,,,adjective,(ideophonic) dignified; formidable; frightening,,,
wt:森森:0,森森,sĕng-sĕng,,,,,adjective,(ideophonic) shuddering; trembling,,,
wt:森森:0,森森,sĕng-sĕng,,,,,adjective,(ideophonic) orderly; rigorous,,,
wt:森森:0,森森,sĕng-sĕng,,,,,adjective,"(ideophonic, of taste) pure and rich",,,
wt:森森:0,森森,sĕng-sĕng,,,,,noun,lush forest; dense leafy shade,,,
wt:棉桃:0,棉桃,mièng-tò̤,,,,Imported from Wiktionary (CC BY-SA 4.0): https://en.wiktionary.org/wiki/%E6%A3%89%E6%A1%83#Chinese. Mandarin: miántáo.,noun,cotton boll,,,
wt:椅頭:0,椅頭,iē-tàu,,,,Imported from Wiktionary (CC BY-SA 4.0): https://en.wiktionary.org/wiki/%E6%A4%85%E9%A0%AD#Chinese.,noun,small seat; stool; bench,椅头,,
wt:棕蓑:0,棕蓑,cĕ̤ng-săi,,,,Imported from Wiktionary (CC BY-SA 4.0): https://en.wiktionary.org/wiki/%E6%A3%95%E8%93%91#Chinese.,noun,raincoat woven from palm fiber often worn by peasants in ancient China,,,
wt:棕衣:0,棕衣,cĕ̤ng-ĭ,,,,Imported from Wiktionary (CC BY-SA 4.0): https://en.wiktionary.org/wiki/%E6%A3%95%E8%A1%A3#Chinese.,noun,raincoat woven from palm fiber often worn by peasants in ancient China,,,
wt:椅靠:0,椅靠,iē-kó̤,,,,Imported from Wiktionary (CC BY-SA 4.0): https://en.wiktionary.org/wiki/%E6%A4%85%E9%9D%A0#Chinese.,noun,back of a chair; backrest,,,
wt:椅𩩍:0,椅𩩍,iē-piăng,,,,Imported from Wiktionary (CC BY-SA 4.0): https://en.wiktionary.org/wiki/%E6%A4%85%F0%A9%A9%8D#Chinese.,noun,back of a chair; backrest,,,
wt:棋盤箔:0,棋盤箔,gì-buàng-bŏ̤h,,,,Imported from Wiktionary (CC BY-SA 4.0): https://en.wiktionary.org/wiki/%E6%A3%8B%E7%9B%A4%E7%AE%94#Chinese.,noun,"large square sheets of foil-paper, burnt to idols.",棋盘箔,,
wt:椰子:0,椰子,ià-cī,,,,Imported from Wiktionary (CC BY-SA 4.0): https://en.wiktionary.org/wiki/%E6%A4%B0%E5%AD%90#Chinese. Mandarin: 椰zi.,noun,coconut,,,
wt:楊梅:0,楊梅,iòng-muòi,,,,Imported from Wiktionary (CC BY-SA 4.0): https://en.wiktionary.org/wiki/%E6%A5%8A%E6%A2%85#Chinese. Mandarin: yángméi.,noun,"yangmei, Chinese bayberry, red bayberry, yumberry, waxberry, Chinese strawberry Myrica rubra species ⇒ Morella rubra species, a Chinese fruit",杨梅,,
wt:楊梅:0,楊梅,iòng-muòi,,,,,noun,strawberry,杨梅,,
wt:楊梅:0,楊梅,iòng-muòi,,,,,noun,short for 楊梅瘡,杨梅,,
wt:楊桃:0,楊桃,iòng-tò̤,,,,Imported from Wiktionary (CC BY-SA 4.0): https://en.wiktionary.org/wiki/%E6%A5%8A%E6%A1%83#Chinese. Mandarin: yángtáo.,noun,carambola (Averrhoa carambola species),杨桃,,
wt:楊桃:0,楊桃,iòng-tò̤,,,,,noun,star fruit; carambola the fruit,杨桃,,
wt:楊桃:0,楊桃,iòng-tò̤,,,,,noun,獼猴桃 kiwifruit,杨桃,,
wt:楊梅瘡:0,楊梅瘡,iòng-mùi-chŏng,,,,Imported from Wiktionary (CC BY-SA 4.0): https://en.wiktionary.org/wiki/%E6%A5%8A%E6%A2%85%E7%98%A1#Chinese. Mandarin: yángméichuāng.,noun,syphilis,杨梅疮,,
wt:楞蟶:0,楞蟶,léng,,,,Imported from Wiktionary (CC BY-SA 4.0): https://en.wiktionary.org/wiki/%E6%A5%9E%E8%9F%B6#Chinese. Pronounced láing-*dĕng.,adjective,naughty; mischievous,楞蛏,,
wt:楻桶:0,楻桶,kuòng-tē̤ng,,,,Imported from Wiktionary (CC BY-SA 4.0): https://en.wiktionary.org/wiki/%E6%A5%BB%E6%A1%B6#Chinese.,noun,"large wooden barrel, used for threshing or grain storage",,,
wt:楻齋:0,楻齋,kuòng-că̤,,,,Imported from Wiktionary (CC BY-SA 4.0): https://en.wiktionary.org/wiki/%E6%A5%BB%E9%BD%8B#Chinese.,verb,manage a school,楻斋,,
wt:榨菜:0,榨菜,cá-chái,,,,Imported from Wiktionary (CC BY-SA 4.0): https://en.wiktionary.org/wiki/%E6%A6%A8%E8%8F%9C#Chinese. Mandarin: zhàcài.,noun,"a type of pickled Chinese mustard plant stem originating from Sichuan, China",,,
wt:槍斃:0,槍斃,chiŏng-bé,,,,Imported from Wiktionary (CC BY-SA 4.0): https://en.wiktionary.org/wiki/%E6%A7%8D%E6%96%83#Chinese. Mandarin: qiāngbì.,verb,to execute by firing squad,枪毙,,
wt:槍斃:0,槍斃,chiŏng-bé,,,,,verb,(figuratively) to be rejected; to be shot down,枪毙,,
wt:槓槓疵:0,槓槓疵,gáung-gáung-chṳ̀,,,,Imported from Wiktionary (CC BY-SA 4.0): https://en.wiktionary.org/wiki/%E6%A7%93%E6%A7%93%E7%96%B5#Chinese.,noun,rock paper scissors game,杠杠疵,,
wt:樂園:0,樂園,lŏk-huòng,,,,Imported from Wiktionary (CC BY-SA 4.0): https://en.wiktionary.org/wiki/%E6%A8%82%E5%9C%92#Chinese. Mandarin: lèyuán.,noun,(Christianity) heaven,乐园,,
wt:樂園:0,樂園,lŏk-huòng,,,,,noun,(Christianity) Garden of Eden,乐园,,
wt:樂園:0,樂園,lŏk-huòng,,,,,noun,paradise,乐园,,
wt:樂園:0,樂園,lŏk-huòng,,,,,noun,playground; amusement park,乐园,,
wt:樂園:0,樂園,lŏk-huòng,,,,,noun,garden of pleasure; land of happiness,乐园,,
wt:機器:0,機器,gĭ-ké,,,,"Imported from Wiktionary (CC BY-SA 4.0): https://en.wiktionary.org/wiki/%E6%A9%9F%E5%99%A8#Chinese. Mandarin: jīqì,tl=y.",noun,machine,机器,,
wt:機器:0,機器,gĭ-ké,,,,,noun,sewing machine,机器,,
wt:樓梯:0,樓梯,làu-tăi,,,,Imported from Wiktionary (CC BY-SA 4.0): https://en.wiktionary.org/wiki/%E6%A8%93%E6%A2%AF#Chinese. Mandarin: lóutī.,noun,stairs; staircase,楼梯,,
wt:樓梯:0,樓梯,làu-tăi,,,,,noun,ladder,楼梯,,
wt:標準:0,標準,biĕu-cūng,,,,Imported from Wiktionary (CC BY-SA 4.0): https://en.wiktionary.org/wiki/%E6%A8%99%E6%BA%96#Chinese. Mandarin: biāozhǔn.,noun,standard; criterion,标准,,
wt:標準:0,標準,biĕu-cūng,,,,,adjective,"standard falling within an accepted range of size, amount, power, quality, etc.",标准,,
wt:標準化:0,標準化,biĕu-cūng-huá,,,,Imported from Wiktionary (CC BY-SA 4.0): https://en.wiktionary.org/wiki/%E6%A8%99%E6%BA%96%E5%8C%96#Chinese. Mandarin: biāozhǔnhuà.,verb,to standardize,标准化,,
wt:樣式:0,樣式,iông-sék,,,,Imported from Wiktionary (CC BY-SA 4.0): https://en.wiktionary.org/wiki/%E6%A8%A3%E5%BC%8F#Chinese. Mandarin: yàngshì.,noun,type; style; pattern,样式,,
wt:樟腦:0,樟腦,ciŏng-nō̤,,,,Imported from Wiktionary (CC BY-SA 4.0): https://en.wiktionary.org/wiki/%E6%A8%9F%E8%85%A6#Chinese. Mandarin: zhāngnǎo.,noun,(ganic compound) camphor,樟脑,,
wt:樓下:0,樓下,làu-â,,,,Imported from Wiktionary (CC BY-SA 4.0): https://en.wiktionary.org/wiki/%E6%A8%93%E4%B8%8B#Chinese. Mandarin: lóuxià.,noun,downstairs,楼下,,
wt:樓下:0,樓下,làu-â,,,,,noun,(Internet slang) next replier in a forum thread,楼下,,
wt:樓下:0,樓下,làu-â,,,,,noun,(HKC) below; less than,楼下,,
wt:橢圓:0,橢圓,tiō-uòng,,,,"Imported from Wiktionary (CC BY-SA 4.0): https://en.wiktionary.org/wiki/%E6%A9%A2%E5%9C%93#Chinese. Mandarin: tuǒyuán,er=y.",noun,(geometry) ellipse,椭圆,,
wt:橢圓:0,橢圓,tiō-uòng,,,,,noun,oval shape,椭圆,,
wt:樓頂:0,樓頂,làu-dīng,,,,Imported from Wiktionary (CC BY-SA 4.0): https://en.wiktionary.org/wiki/%E6%A8%93%E9%A0%82#Chinese. Mandarin: lóudǐng.,noun,rooftop of a (tall) building,楼顶,,
wt:樓頂:0,樓頂,làu-dīng,,,,,noun,upstairs,楼顶,,
wt:橢圓形:0,橢圓形,tiō-uòng-hìng,,,,Imported from Wiktionary (CC BY-SA 4.0): https://en.wiktionary.org/wiki/%E6%A9%A2%E5%9C%93%E5%BD%A2#Chinese. Mandarin: tuǒyuánxíng.,noun,oval shape,椭圆形,,
wt:機器梯:0,機器梯,gĭ-ké-tăi,,,,Imported from Wiktionary (CC BY-SA 4.0): https://en.wiktionary.org/wiki/%E6%A9%9F%E5%99%A8%E6%A2%AF#Chinese.,noun,elevator; lift,机器梯,,
wt:機場:0,機場,gĭ-diòng,,,,Imported from Wiktionary (CC BY-SA 4.0): https://en.wiktionary.org/wiki/%E6%A9%9F%E5%A0%B4#Chinese. Mandarin: jī場.,noun,airport; airfield,机场,,
wt:機場:0,機場,gĭ-diòng,,,,,noun,(slang) service provider for Shadowsocks or similar software to circumvent Internet censorship,机场,,
wt:機會:0,機會,gĭ-huôi,,,,"Imported from Wiktionary (CC BY-SA 4.0): https://en.wiktionary.org/wiki/%E6%A9%9F%E6%9C%83#Chinese. Mandarin: jīhuì,tl=y.",noun,opportunity; chance,机会,,
wt:橄欖:0,橄欖,gā-lāng,,,,Imported from Wiktionary (CC BY-SA 4.0): https://en.wiktionary.org/wiki/%E6%A9%84%E6%AC%96#Chinese. Mandarin: gǎnlǎn. Other readings: gāng-lāng.,noun,Chinese olive (Canarium album),橄榄,,
wt:橄欖:0,橄欖,gā-lāng,,,,,noun,European olive (Olea europaea species),橄榄,,
wt:橄欖:0,橄欖,gā-lāng,,,,,verb,"(Internet slang, vulgar) alternative form of 幹爛 (to ruin)",橄榄,,
wt:樹林:0,樹林,sê̤ṳ-lìng,,,,Imported from Wiktionary (CC BY-SA 4.0): https://en.wiktionary.org/wiki/%E6%A8%B9%E6%9E%97#Chinese. Mandarin: shùlín.,noun,(collective) forest; woods; grove,树林,,
wt:機械:0,機械,gĭ-huôi,,,,Imported from Wiktionary (CC BY-SA 4.0): https://en.wiktionary.org/wiki/%E6%A9%9F%E6%A2%B0#Chinese. Mandarin: jīxiè.,noun,machine; machinery,机械,,
wt:機械:0,機械,gĭ-huôi,,,,,noun,(Classical) machination,机械,,
wt:機械:0,機械,gĭ-huôi,,,,,adjective,(figuratively) stiff; inflexible,机械,,
wt:橡皮:0,橡皮,chiông-puòi,,,,Imported from Wiktionary (CC BY-SA 4.0): https://en.wiktionary.org/wiki/%E6%A9%A1%E7%9A%AE#Chinese. Mandarin: xiàngpí.,noun,rubber material derived from the sap of the rubber tree,,,
wt:橡皮:0,橡皮,chiông-puòi,,,,,noun,eraser tool used to erase marks left by a pencil; rubber,,,
wt:橙色:0,橙色,cèng-sáik,,,,Imported from Wiktionary (CC BY-SA 4.0): https://en.wiktionary.org/wiki/%E6%A9%99%E8%89%B2#Chinese. Mandarin: chéngsè.,noun,the color orange,,,
wt:樹皮:0,樹皮,chéu-puòi,,,,Imported from Wiktionary (CC BY-SA 4.0): https://en.wiktionary.org/wiki/%E6%A8%B9%E7%9A%AE#Chinese. Mandarin: shùpí.,noun,bark of a tree,树皮,,
wt:樹皮:0,樹皮,chéu-puòi,,,,,noun,"tree lungwort Lobaria pulmonaria, as eaten in Bai cuisine",树皮,,
wt:機票:0,機票,gĭ-piéu,,,,Imported from Wiktionary (CC BY-SA 4.0): https://en.wiktionary.org/wiki/%E6%A9%9F%E7%A5%A8#Chinese. Mandarin: jīpiào.,noun,airline ticket; plane ticket,机票,,
wt:樹木:0,樹木,sê̤ṳ-mŭk,,,,Imported from Wiktionary (CC BY-SA 4.0): https://en.wiktionary.org/wiki/%E6%A8%B9%E6%9C%A8#Chinese. Mandarin: shùmù.,noun,(collective) tree,树木,,
wt:樹木:0,樹木,sê̤ṳ-mŭk,,,,,verb,(Classical) to stick a piece of wood,树木,,
wt:樹木:0,樹木,sê̤ṳ-mŭk,,,,,verb,(Classical) to plant trees,树木,,
wt:機緣:0,機緣,gĭ-iòng,,,,Imported from Wiktionary (CC BY-SA 4.0): https://en.wiktionary.org/wiki/%E6%A9%9F%E7%B7%A3#Chinese. Mandarin: jīyuán.,noun,good luck; lucky chance,机缘,,
wt:機緣:0,機緣,gĭ-iòng,,,,,noun,(Buddhism) predestined situation,机缘,,
wt:樹枝:0,樹枝,chéu-ciĕ,,,,Imported from Wiktionary (CC BY-SA 4.0): https://en.wiktionary.org/wiki/%E6%A8%B9%E6%9E%9D#Chinese. Mandarin: shùzhī.,noun,"tree branch; twig (classifier: 根, 枝)",树枝,,
wt:樹奶:0,樹奶,chéu-nĕng,,,,Imported from Wiktionary (CC BY-SA 4.0): https://en.wiktionary.org/wiki/%E6%A8%B9%E5%A5%B6#Chinese. Other readings: chéu-nĭ.,noun,rubber,树奶,,
wt:橫直:0,橫直,huàng-dĭk,,,,Imported from Wiktionary (CC BY-SA 4.0): https://en.wiktionary.org/wiki/%E6%A9%AB%E7%9B%B4#Chinese. Mandarin: héngzhí.,adverb,might as well,横直,,
wt:樹根:0,樹根,chéu-gṳ̆ng,,,,Imported from Wiktionary (CC BY-SA 4.0): https://en.wiktionary.org/wiki/%E6%A8%B9%E6%A0%B9#Chinese. Mandarin: shùgēn.,noun,root of a tree,树根,,
wt:樹箬:0,樹箬,chiú-niŏh,,,,Imported from Wiktionary (CC BY-SA 4.0): https://en.wiktionary.org/wiki/%E6%A8%B9%E7%AE%AC#Chinese.,noun,tree leaf,树箬,,
wt:樹椏:0,樹椏,chéu-ngâ,,,,Imported from Wiktionary (CC BY-SA 4.0): https://en.wiktionary.org/wiki/%E6%A8%B9%E6%A4%8F#Chinese.,noun,a large branch of a tree; a base branch splitting from the tree fork,树桠,,
wt:檐墘:0,檐墘,sìng-gièng,,,,Imported from Wiktionary (CC BY-SA 4.0): https://en.wiktionary.org/wiki/%E6%AA%90%E5%A2%98#Chinese.,noun,eaves,,,
wt:檐墘頭:0,檐墘頭,sìng-gièng-tàu,,,,Imported from Wiktionary (CC BY-SA 4.0): https://en.wiktionary.org/wiki/%E6%AA%90%E5%A2%98%E9%A0%AD#Chinese.,noun,eaves,檐墘头,,
wt:櫻桃:0,櫻桃,ĕng-tò̤,,,,"Imported from Wiktionary (CC BY-SA 4.0): https://en.wiktionary.org/wiki/%E6%AB%BB%E6%A1%83#Chinese. Mandarin: yīngtáo,tl=y,er=y.",noun,cherry plant and fruit,樱桃,,
wt:櫻桃:0,櫻桃,ĕng-tò̤,,,,,noun,(figurative) reddish mouth of a beautiful girl,樱桃,,
wt:檸檬:0,檸檬,nìng-mùng,,,,Imported from Wiktionary (CC BY-SA 4.0): https://en.wiktionary.org/wiki/%E6%AA%B8%E6%AA%AC#Chinese. Mandarin: níngméng.,noun,"lemon fruit, tree",柠檬,,
wt:欄杆:0,欄杆,làng-găng,,,,Imported from Wiktionary (CC BY-SA 4.0): https://en.wiktionary.org/wiki/%E6%AC%84%E6%9D%86#Chinese. Mandarin: lángān.,noun,railing; handrail; banister,栏杆,,
wt:欄杆:0,欄杆,làng-găng,,,,,noun,tollbar; tollgate,栏杆,,
wt:檸檬水:0,檸檬水,nìng-mùng-cūi,,,,"Imported from Wiktionary (CC BY-SA 4.0): https://en.wiktionary.org/wiki/%E6%AA%B8%E6%AA%AC%E6%B0%B4#Chinese. Mandarin: níngméngshuǐ,er=y.",noun,lemonade,柠檬水,,
wt:權利:0,權利,guòng-lé,,,,Imported from Wiktionary (CC BY-SA 4.0): https://en.wiktionary.org/wiki/%E6%AC%8A%E5%88%A9#Chinese. Mandarin: quánlì.,noun,power and wealth,权利,,
wt:權利:0,權利,guòng-lé,,,,,noun,right; entitlement,权利,,
wt:檳榔:0,檳榔,bĭng-lòng,,,,Imported from Wiktionary (CC BY-SA 4.0): https://en.wiktionary.org/wiki/%E6%AA%B3%E6%A6%94#Chinese. Mandarin: 檳láng.,noun,betel palm,槟榔,,
wt:檳榔:0,檳榔,bĭng-lòng,,,,,noun,betel nut; areca nut,槟榔,,
wt:檸檬酸:0,檸檬酸,nìng-mùng-sŏng,,,,Imported from Wiktionary (CC BY-SA 4.0): https://en.wiktionary.org/wiki/%E6%AA%B8%E6%AA%AC%E9%85%B8#Chinese. Mandarin: níngméngsuān.,noun,(carboxylic acid) citric acid,柠檬酸,,
wt:欠債:0,欠債,kiéng-cái,,,,Imported from Wiktionary (CC BY-SA 4.0): https://en.wiktionary.org/wiki/%E6%AC%A0%E5%82%B5#Chinese. Mandarin: qiànzhài.,verb,to be in debt; to owe a debt,欠债,,
wt:欠債:0,欠債,kiéng-cái,,,,,noun,debt; the sum owed,欠债,,
wt:欛欛:0,欛欛,bá-bá,,,,Imported from Wiktionary (CC BY-SA 4.0): https://en.wiktionary.org/wiki/%E6%AC%9B%E6%AC%9B#Chinese.,noun,penis; dick,,,
wt:欛欛囝:0,欛欛囝,bá-bá-giāng,,,,Imported from Wiktionary (CC BY-SA 4.0): https://en.wiktionary.org/wiki/%E6%AC%9B%E6%AC%9B%E5%9B%9D#Chinese.,noun,(childish) penis; dick especially of a boy,,,
wt:欠數:0,欠數,kiéng-só,,,,Imported from Wiktionary (CC BY-SA 4.0): https://en.wiktionary.org/wiki/%E6%AC%A0%E6%95%B8#Chinese.,verb,to owe debt,欠数,,
wt:檻門囝:0,檻門囝,kāng-muòng-giāng,,,,Imported from Wiktionary (CC BY-SA 4.0): https://en.wiktionary.org/wiki/%E6%AA%BB%E9%96%80%E5%9B%9D#Chinese. Other readings: kāng-muòng>muŏng-giāng.,noun,window,槛门囝,,
wt:檻門:0,檻門,kāng-muòng,,,,Imported from Wiktionary (CC BY-SA 4.0): https://en.wiktionary.org/wiki/%E6%AA%BB%E9%96%80#Chinese.,noun,window,槛门,,
wt:檻門窗:0,檻門窗,kāng-muòng-chŏng,,,,Imported from Wiktionary (CC BY-SA 4.0): https://en.wiktionary.org/wiki/%E6%AA%BB%E9%96%80%E7%AA%97#Chinese. Other readings: kāng-muòng-chŏng.,noun,window,槛门窗,,
wt:檻囟:0,檻囟,kāng-séng,,,,Imported from Wiktionary (CC BY-SA 4.0): https://en.wiktionary.org/wiki/%E6%AA%BB%E5%9B%9F#Chinese.,noun,fontanelle,槛囟,,
wt:檻門囟:0,檻門囟,kāng-muòng-séng,,,,Imported from Wiktionary (CC BY-SA 4.0): https://en.wiktionary.org/wiki/%E6%AA%BB%E9%96%80%E5%9B%9F#Chinese.,noun,fontanelle,槛门囟,,
wt:歌手:0,歌手,gŏ̤-chiū,,,,Imported from Wiktionary (CC BY-SA 4.0): https://en.wiktionary.org/wiki/%E6%AD%8C%E6%89%8B#Chinese. Mandarin: gēshǒu.,noun,singer; vocalist; artist recording artist,,,
wt:歐洲:0,歐洲,Ĕu-ciŭ,,,,Imported from Wiktionary (CC BY-SA 4.0): https://en.wiktionary.org/wiki/%E6%AD%90%E6%B4%B2#Chinese. Mandarin: Ōuzhōu.,adjective,"(neologism, slang, in gacha games) of good luck",欧洲,,
wt:正月:0,正月,ciăng-nguŏk,,,,Imported from Wiktionary (CC BY-SA 4.0): https://en.wiktionary.org/wiki/%E6%AD%A3%E6%9C%88#Chinese. Mandarin: zhēngyuè.,noun,the first month of the Chinese lunar calendar,,,
wt:正月:0,正月,ciăng-nguŏk,,,,,noun,(dated) January,,,
wt:歡喜:0,歡喜,huăng-hī,,,,Imported from Wiktionary (CC BY-SA 4.0): https://en.wiktionary.org/wiki/%E6%AD%A1%E5%96%9C#Chinese. Mandarin: huānxǐ.,adjective,joyful; happy; delighted,欢喜,,
wt:歡喜:0,歡喜,huăng-hī,,,,,verb,"(including, Sichuanese) to like; to be fond of",欢喜,,
wt:欺騙:0,欺騙,kĭ-piéng,,,,Imported from Wiktionary (CC BY-SA 4.0): https://en.wiktionary.org/wiki/%E6%AC%BA%E9%A8%99#Chinese. Mandarin: qīpiàn.,verb,(transitive) to deceive; to cheat; to swindle; to defraud,欺骗,,
wt:歡迎:0,歡迎,huăng-ngìng,,,,Imported from Wiktionary (CC BY-SA 4.0): https://en.wiktionary.org/wiki/%E6%AD%A1%E8%BF%8E#Chinese. Mandarin: huānyíng.,verb,to welcome,欢迎,,
wt:歡迎:0,歡迎,huăng-ngìng,,,,,verb,to be happy to accept; to appreciate,欢迎,,
wt:正式:0,正式,ciáng-sék,,,,Imported from Wiktionary (CC BY-SA 4.0): https://en.wiktionary.org/wiki/%E6%AD%A3%E5%BC%8F#Chinese. Mandarin: zhèngshì.,adjective,(attributive) official,,,
wt:正式:0,正式,ciáng-sék,,,,,adjective,formal; real; substantial,,,
wt:歌詞:0,歌詞,gŏ̤-sṳ̀,,,,"Imported from Wiktionary (CC BY-SA 4.0): https://en.wiktionary.org/wiki/%E6%AD%8C%E8%A9%9E#Chinese. Mandarin: gēcí,er=y.",noun,(music) lyrics,歌词,,
wt:正是:0,正是,ciáng-sê,,,,Imported from Wiktionary (CC BY-SA 4.0): https://en.wiktionary.org/wiki/%E6%AD%A3%E6%98%AF#Chinese. Mandarin: zhèngshì.,verb,to be precisely; to just happen to be; to be exactly; to be none other than,,,
wt:歡迎光臨:0,歡迎光臨,huăng-ngìng guŏng-lìng,,,,Imported from Wiktionary (CC BY-SA 4.0): https://en.wiktionary.org/wiki/%E6%AD%A1%E8%BF%8E%E5%85%89%E8%87%A8#Chinese. Mandarin: huānyíng guānglín.,particle,welcome said to a customer entering a shop,欢迎光临,,
wt:正文:0,正文,ciáng-ùng,,,,Imported from Wiktionary (CC BY-SA 4.0): https://en.wiktionary.org/wiki/%E6%AD%A3%E6%96%87#Chinese. Mandarin: zhèngwén.,noun,the main part or body of a text or work,,,
wt:正文:0,正文,ciáng-ùng,,,,,noun,body text,,,
wt:正文:0,正文,ciáng-ùng,,,,,noun,original form of character; etymological character,,,
wt:正文:0,正文,ciáng-ùng,,,,,noun,article that conforms to normal standards of writing,,,
wt:正宗:0,正宗,ciáng-cŭng,,,,Imported from Wiktionary (CC BY-SA 4.0): https://en.wiktionary.org/wiki/%E6%AD%A3%E5%AE%97#Chinese. Mandarin: zhèngzōng.,adjective,authentic especially of cuisine; orthodox; traditional; proper; genuine,,,
wt:正宗:0,正宗,ciáng-cŭng,,,,,noun,"(originally, Buddhism) orthodox school",,,
wt:正正:0,正正,ciáng-ciáng,,,,Imported from Wiktionary (CC BY-SA 4.0): https://en.wiktionary.org/wiki/%E6%AD%A3%E6%AD%A3#Chinese. Mandarin: zhèngzhèng.,adverb,just; exactly,,,
wt:正正:0,正正,ciáng-ciáng,,,,,adjective,genuine; true; authentic,,,
wt:正月十五:0,正月十五,ciăng-nguŏk-sĕk-ngô,,,,Imported from Wiktionary (CC BY-SA 4.0): https://en.wiktionary.org/wiki/%E6%AD%A3%E6%9C%88%E5%8D%81%E4%BA%94#Chinese. Mandarin: zhēngyuè shíwǔ.,noun,fifteenth day of the first lunar month; Lantern Festival,,,
wt:正手:0,正手,ciáng-chiēu,,,,Imported from Wiktionary (CC BY-SA 4.0): https://en.wiktionary.org/wiki/%E6%AD%A3%E6%89%8B#Chinese. Mandarin: zhèngshǒu.,noun,dominant hand (of someone),,,
wt:正手:0,正手,ciáng-chiēu,,,,,noun,(racket sports) forehand,,,
wt:正手:0,正手,ciáng-chiēu,,,,,noun,right side; the right,,,
wt:歇涼:0,歇涼,hiók-liòng,,,,Imported from Wiktionary (CC BY-SA 4.0): https://en.wiktionary.org/wiki/%E6%AD%87%E6%B6%BC#Chinese. Mandarin: xiēliáng.,verb,to relax in a cool place,歇凉,,
wt:欲挃:0,欲挃,buóh dĭk,,,,Imported from Wiktionary (CC BY-SA 4.0): https://en.wiktionary.org/wiki/%E6%AC%B2%E6%8C%83#Chinese. Other readings: buóh>buŏ-dĭk.,verb,to wish to have; to want (something),,,
wt:歷史:0,歷史,lĭk-sṳ̄,,,,Imported from Wiktionary (CC BY-SA 4.0): https://en.wiktionary.org/wiki/%E6%AD%B7%E5%8F%B2#Chinese. Mandarin: lìshǐ.,noun,(uncountable) history the study of past events,历史,,
wt:歷史:0,歷史,lĭk-sṳ̄,,,,,noun,(countable) past events; historical happenings; history (classifier: 段),历史,,
wt:歷史:0,歷史,lĭk-sṳ̄,,,,,noun,(uncountable) short 歷史學,历史,,
wt:歷史:0,歷史,lĭk-sṳ̄,,,,,noun,"(countable, computing) history record of previous user events",历史,,
wt:正確:0,正確,ciáng-káuk,,,,Imported from Wiktionary (CC BY-SA 4.0): https://en.wiktionary.org/wiki/%E6%AD%A3%E7%A2%BA#Chinese. Mandarin: zhèngquè.,adjective,correct; accurate; proper,正确,,
wt:武器:0,武器,ū-kí,,,,Imported from Wiktionary (CC BY-SA 4.0): https://en.wiktionary.org/wiki/%E6%AD%A6%E5%99%A8#Chinese. Mandarin: wǔqì.,noun,weapon; arms,,,
wt:武器:0,武器,ū-kí,,,,,noun,(figurative) weapon means of gaining an advantage over someone or something,,,
wt:正氣:0,正氣,ciáng-ké,,,,Imported from Wiktionary (CC BY-SA 4.0): https://en.wiktionary.org/wiki/%E6%AD%A3%E6%B0%A3#Chinese. Mandarin: zhèngqì.,noun,healthy atmosphere; healthy tendency,正气,,
wt:正氣:0,正氣,ciáng-ké,,,,,noun,righteousness; moral courage; mettle,正气,,
wt:正氣:0,正氣,ciáng-ké,,,,,noun,(TCM) vital energy,正气,,
wt:正經:0,正經,ciáng-gĭng,,,,"Imported from Wiktionary (CC BY-SA 4.0): https://en.wiktionary.org/wiki/%E6%AD%A3%E7%B6%93#Chinese. Mandarin: zhèngjīng,zhèngjǐng,tl=y,1nb=standard in Mainland and Taiwan,2nb=common variant for the adjective and adverb senses.",adjective,solemn; stately; serious,正经,,
wt:正經:0,正經,ciáng-gĭng,,,,,adjective,earnest; serious,正经,,
wt:正經:0,正經,ciáng-gĭng,,,,,adjective,standard; adhering to regulations,正经,,
wt:正經:0,正經,ciáng-gĭng,,,,,adjective,proper; decent; upright; honourable,正经,,
wt:正經:0,正經,ciáng-gĭng,,,,,noun,Chinese literary classics especially the Thirteen Classics,正经,,
wt:此刻:0,此刻,chṳ̄-káik,,,,Imported from Wiktionary (CC BY-SA 4.0): https://en.wiktionary.org/wiki/%E6%AD%A4%E5%88%BB#Chinese. Mandarin: cǐkè.,adverb,at present; now; this moment,,,
wt:此刻:0,此刻,chṳ̄-káik,,,,,adverb,quickly; hurriedly; without delay,,,
wt:歷史學:0,歷史學,lĭk-sṳ̄-hŏk,,,,Imported from Wiktionary (CC BY-SA 4.0): https://en.wiktionary.org/wiki/%E6%AD%B7%E5%8F%B2%E5%AD%B8#Chinese. Mandarin: lìshǐxué.,noun,historiography the study of the discipline and practice of history,历史学,,
wt:武夷岩茶:0,武夷岩茶,ū-ì-ngàng-dà,,,,Imported from Wiktionary (CC BY-SA 4.0): https://en.wiktionary.org/wiki/%E6%AD%A6%E5%A4%B7%E5%B2%A9%E8%8C%B6#Chinese. Mandarin: Wǔyí yánchá.,noun,"bohea; Wuyi rock tea a collective name for styles of tea, cultivated and processed around :w:Wuyi Mountains",,,
wt:武打:0,武打,ū-dā,,,,Imported from Wiktionary (CC BY-SA 4.0): https://en.wiktionary.org/wiki/%E6%AD%A6%E6%89%93#Chinese. Mandarin: wǔdǎ.,noun,acrobatic fighting in Chinese opera or dance,,,
wt:武旦:0,武旦,ū-dáng,,,,Imported from Wiktionary (CC BY-SA 4.0): https://en.wiktionary.org/wiki/%E6%AD%A6%E6%97%A6#Chinese. Mandarin: wǔdàn.,noun,(opera) one of the main divisions of the *旦 or female role in traditional opera traditionally the role of a female warrior or martial artist,,,
wt:死人:0,死人,sī-nè̤ng,,,,Imported from Wiktionary (CC BY-SA 4.0): https://en.wiktionary.org/wiki/%E6%AD%BB%E4%BA%BA#Chinese. Mandarin: sǐrén.,noun,dead person,,,
wt:死人:0,死人,sī-nè̤ng,,,,,noun,corpse,,,
wt:死人:0,死人,sī-nè̤ng,,,,,noun,"(slightly, vulgar, jocular) unpleasant person; bastard; son of a bitch",,,
wt:死人:0,死人,sī-nè̤ng,,,,,verb,(impersonal) a person dies,,,
wt:死人:0,死人,sī-nè̤ng,,,,,verb,(usually in exaggerations) to make people die; to be dangerous,,,
wt:死命:0,死命,sī-miâng,,,,Imported from Wiktionary (CC BY-SA 4.0): https://en.wiktionary.org/wiki/%E6%AD%BB%E5%91%BD#Chinese. Mandarin: sǐmìng.,adverb,as if one's life depended on it; desperately,,,
wt:死命:0,死命,sī-miâng,,,,,noun,fate of death; death sentence,,,
wt:死屍:0,死屍,sī-sĭ,,,,Imported from Wiktionary (CC BY-SA 4.0): https://en.wiktionary.org/wiki/%E6%AD%BB%E5%B1%8D#Chinese. Mandarin: sǐshī.,noun,dead body (of a person); corpse,死尸,,
wt:殉難:0,殉難,sŭng-nâng,,,,Imported from Wiktionary (CC BY-SA 4.0): https://en.wiktionary.org/wiki/%E6%AE%89%E9%9B%A3#Chinese. Mandarin: xùnnàn.,verb,"to sacrifice one's life for country, community, religion etc.; to die for a just cause",殉难,,
wt:殉情:0,殉情,sŭng-cìng,,,,Imported from Wiktionary (CC BY-SA 4.0): https://en.wiktionary.org/wiki/%E6%AE%89%E6%83%85#Chinese. Mandarin: xùnqíng.,verb,to die for love; to die together in the name of love,,,
wt:死心:0,死心,sī-sĭng,,,,Imported from Wiktionary (CC BY-SA 4.0): https://en.wiktionary.org/wiki/%E6%AD%BB%E5%BF%83#Chinese. Mandarin: sǐxīn.,verb,to give up on; to drop,,,
wt:死心:0,死心,sī-sĭng,,,,,noun,willingness and determination to serve till death,,,
wt:殉葬:0,殉葬,sŭng-cáung,,,,Imported from Wiktionary (CC BY-SA 4.0): https://en.wiktionary.org/wiki/%E6%AE%89%E8%91%AC#Chinese. Mandarin: xùnzàng.,verb,to be buried with the dead (especially alive),,,
wt:死貨:0,死貨,sī-huó,,,,Imported from Wiktionary (CC BY-SA 4.0): https://en.wiktionary.org/wiki/%E6%AD%BB%E8%B2%A8#Chinese.,noun,(offensive) devil,死货,,
wt:歸西:0,歸西,gŭi-să̤,,,,Imported from Wiktionary (CC BY-SA 4.0): https://en.wiktionary.org/wiki/%E6%AD%B8%E8%A5%BF#Chinese. Mandarin: guīxī.,verb,(euphemistic) to die,归西,,
wt:死假眼:0,死假眼,sī-gā-ngāng,,,,Imported from Wiktionary (CC BY-SA 4.0): https://en.wiktionary.org/wiki/%E6%AD%BB%E5%81%87%E7%9C%BC#Chinese.,noun,someone with eyeglasses,,,
wt:母語:0,母語,mū-ngṳ̄,,,,Imported from Wiktionary (CC BY-SA 4.0): https://en.wiktionary.org/wiki/%E6%AF%8D%E8%AA%9E#Chinese. Mandarin: mǔyǔ.,noun,mother tongue; native language; first language,母语,,
wt:母語:0,母語,mū-ngṳ̄,,,,,noun,mother tongue; heritage language,母语,,
wt:比賽:0,比賽,bī-suói,,,,Imported from Wiktionary (CC BY-SA 4.0): https://en.wiktionary.org/wiki/%E6%AF%94%E8%B3%BD#Chinese. Mandarin: bǐsài.,verb,to compete; to have a match,比赛,,
wt:比賽:0,比賽,bī-suói,,,,,noun,"match; competition; tournament (classifier: 場, 次)",比赛,,
wt:毛巾:0,毛巾,mò̤-gṳ̆ng,,,,Imported from Wiktionary (CC BY-SA 4.0): https://en.wiktionary.org/wiki/%E6%AF%9B%E5%B7%BE#Chinese. Mandarin: máojīn.,noun,towel,,,
wt:毛管:0,毛管,mò̤-guōng,,,,Imported from Wiktionary (CC BY-SA 4.0): https://en.wiktionary.org/wiki/%E6%AF%9B%E7%AE%A1#Chinese. Mandarin: máoguǎn.,noun,pore (in skin),,,
wt:毛管:0,毛管,mò̤-guōng,,,,,noun,capillary,,,
wt:毛毛:0,毛毛,mò̤-mò̤,,,,Imported from Wiktionary (CC BY-SA 4.0): https://en.wiktionary.org/wiki/%E6%AF%9B%E6%AF%9B#Chinese. Mandarin: máomao.,noun,fine hair,,,
wt:毛毛:0,毛毛,mò̤-mò̤,,,,,noun,baby,,,
wt:毛毛:0,毛毛,mò̤-mò̤,,,,,noun,hair; fur; feather,,,
wt:每月:0,每月,muōi-nguŏk,,,,Imported from Wiktionary (CC BY-SA 4.0): https://en.wiktionary.org/wiki/%E6%AF%8F%E6%9C%88#Chinese. Mandarin: měiyuè.,adverb,every month; monthly,,,
wt:每日晡:0,每日晡,muōi-nĭk buŏ,,,,Imported from Wiktionary (CC BY-SA 4.0): https://en.wiktionary.org/wiki/%E6%AF%8F%E6%97%A5%E6%99%A1#Chinese.,adverb,every night; nightly; night after night,,,
wt:每日暝晡:0,每日暝晡,muōi nĭk màng-buŏ,,,,Imported from Wiktionary (CC BY-SA 4.0): https://en.wiktionary.org/wiki/%E6%AF%8F%E6%97%A5%E6%9A%9D%E6%99%A1#Chinese.,adverb,every night; nightly; night after night,,,
wt:比並:0,比並,bī-piâng,,,,Imported from Wiktionary (CC BY-SA 4.0): https://en.wiktionary.org/wiki/%E6%AF%94%E4%B8%A6#Chinese. Mandarin: bǐbìng.,verb,to compare; to contrast; to match,比并,,
wt:比並:0,比並,bī-piâng,,,,,verb,to unrealistically compare oneself with a much stronger counterpart; to compete (with each other socially); to try to keep up with the Joneses,比并,,
wt:民主主義:0,民主主義,mìng-ciō-ciō-ngiê,,,,Imported from Wiktionary (CC BY-SA 4.0): https://en.wiktionary.org/wiki/%E6%B0%91%E4%B8%BB%E4%B8%BB%E7%BE%A9#Chinese. Mandarin: mínzhǔzhǔyì.,noun,democracy,民主主义,,
wt:民族:0,民族,mìng-cŭk,,,,Imported from Wiktionary (CC BY-SA 4.0): https://en.wiktionary.org/wiki/%E6%B0%91%E6%97%8F#Chinese. Mandarin: mínzú.,noun,people; nation; nationality; ethnic group; minority; ethnos (classifier: 個),,,
wt:民族:0,民族,mìng-cŭk,,,,,noun,short for 少數民族,,,
wt:氣力:0,氣力,kí-lĭh,,,,"Imported from Wiktionary (CC BY-SA 4.0): https://en.wiktionary.org/wiki/%E6%B0%A3%E5%8A%9B#Chinese. Mandarin: qìlì,tl=y.",noun,strength; power; energy,气力,,
wt:氣力:0,氣力,kí-lĭh,,,,,noun,effort; exertion; endeavor,气力,,
wt:民主:0,民主,mìng-ciō,,,,Imported from Wiktionary (CC BY-SA 4.0): https://en.wiktionary.org/wiki/%E6%B0%91%E4%B8%BB#Chinese. Mandarin: mínzhǔ.,noun,democracy,,,
wt:民主:0,民主,mìng-ciō,,,,,noun,(classical) monarch,,,
wt:民主:0,民主,mìng-ciō,,,,,noun,(classical) functionary; official,,,
wt:民主:0,民主,mìng-ciō,,,,,adjective,democratic,,,
wt:氣候:0,氣候,ké-hâiu,,,,Imported from Wiktionary (CC BY-SA 4.0): https://en.wiktionary.org/wiki/%E6%B0%A3%E5%80%99#Chinese. Mandarin: qìhòu.,noun,climate an area's typical weather pattern,气候,,
wt:氣候:0,氣候,ké-hâiu,,,,,noun,climate a particular situation,气候,,
wt:氣候:0,氣候,ké-hâiu,,,,,noun,the twenty-four solar terms and 72 pentads,气候,,
wt:氣候:0,氣候,ké-hâiu,,,,,noun,(figuratively) season of the year,气候,,
wt:氣候:0,氣候,ké-hâiu,,,,,noun,weather,气候,,
wt:氣候:0,氣候,ké-hâiu,,,,,noun,(figuratively) prospects; accomplishments,气候,,
wt:氣候:0,氣候,ké-hâiu,,,,,noun,"style of a painting, piece of calligraphy, etc.; tone; spirit; character",气候,,
wt:氣候:0,氣候,ké-hâiu,,,,,noun,appearance and bearing of a person,气候,,
wt:民眾:0,民眾,mìng-cé̤ṳng,,,,Imported from Wiktionary (CC BY-SA 4.0): https://en.wiktionary.org/wiki/%E6%B0%91%E7%9C%BE#Chinese. Mandarin: mínzhòng.,noun,the people; the general populace,民众,,
wt:民事:0,民事,mìng-sê̤ṳ,,,,Imported from Wiktionary (CC BY-SA 4.0): https://en.wiktionary.org/wiki/%E6%B0%91%E4%BA%8B#Chinese. Mandarin: mínshì.,adjective,"(legal, attributive) of or relating to civil law; civil",,,
wt:民事:0,民事,mìng-sê̤ṳ,,,,,noun,(legal) civil law,,,
wt:民事:0,民事,mìng-sê̤ṳ,,,,,noun,farm work; farming; agriculture; husbandry; agricultural affairs,,,
wt:民事:0,民事,mìng-sê̤ṳ,,,,,noun,civil administration,,,
wt:民事:0,民事,mìng-sê̤ṳ,,,,,noun,governmental affairs; politics,,,
wt:民事:0,民事,mìng-sê̤ṳ,,,,,noun,corvee,,,
wt:民國:0,民國,mìng-guók,,,,Imported from Wiktionary (CC BY-SA 4.0): https://en.wiktionary.org/wiki/%E6%B0%91%E5%9C%8B#Chinese. Mandarin: mínguó.,noun,republic,民国,,
wt:水果:0,水果,cuōi-guō,,,,"Imported from Wiktionary (CC BY-SA 4.0): https://en.wiktionary.org/wiki/%E6%B0%B4%E6%9E%9C#Chinese. Mandarin: shuǐguǒ,er=y.",noun,"fruit a juicy or fleshy one, like an apple or banana",,,
wt:水果:0,水果,cuōi-guō,,,,,noun,(archaic) edible part of an aquatic plant,,,
wt:水銀:0,水銀,cṳ̄-ngṳ̀ng,,,,Imported from Wiktionary (CC BY-SA 4.0): https://en.wiktionary.org/wiki/%E6%B0%B4%E9%8A%80#Chinese. Mandarin: shuǐyín.,noun,mercury; quicksilver,水银,,
wt:水銀:0,水銀,cṳ̄-ngṳ̀ng,,,,,noun,(poetic) moon,水银,,
wt:水銀:0,水銀,cṳ̄-ngṳ̀ng,,,,,noun,(poetic) glob; drop of water,水银,,
wt:水道:0,水道,cūi-dô̤,,,,Imported from Wiktionary (CC BY-SA 4.0): https://en.wiktionary.org/wiki/%E6%B0%B4%E9%81%93#Chinese. Mandarin: shuǐdào.,noun,canal; ditch,,,
wt:水道:0,水道,cūi-dô̤,,,,,noun,water course; waterway,,,
wt:水道:0,水道,cūi-dô̤,,,,,noun,lane in swimming pool,,,
wt:水道:0,水道,cūi-dô̤,,,,,noun,urethra,,,
wt:水管:0,水管,cūi-guāng,,,,"Imported from Wiktionary (CC BY-SA 4.0): https://en.wiktionary.org/wiki/%E6%B0%B4%E7%AE%A1#Chinese. Mandarin: shuǐguǎn,er=y.",noun,water pipe; hose,,,
wt:水管:0,水管,cūi-guāng,,,,,noun,(neuroanatomy) 導水管 aqueduct,,,
wt:水仙:0,水仙,cūi-siĕng,,,,Imported from Wiktionary (CC BY-SA 4.0): https://en.wiktionary.org/wiki/%E6%B0%B4%E4%BB%99#Chinese. Mandarin: shuǐxiān.,noun,paperwhite; Chinese sacred lily (Narcissus tazetta species),,,
wt:水仙:0,水仙,cūi-siĕng,,,,,noun,屬 narcissus any of several bulbous flowering plants of the genus Narcissus,,,
wt:水仙:0,水仙,cūi-siĕng,,,,,noun,茶 Shui Hsien tea a kind of oolong tea,,,
wt:氣體:0,氣體,ké-tā̤,,,,Imported from Wiktionary (CC BY-SA 4.0): https://en.wiktionary.org/wiki/%E6%B0%A3%E9%AB%94#Chinese. Mandarin: qìtǐ.,noun,gas matter in an intermediate state between liquid and plasma,气体,,
wt:水桶:0,水桶,cūi-tūng,,,,Imported from Wiktionary (CC BY-SA 4.0): https://en.wiktionary.org/wiki/%E6%B0%B4%E6%A1%B6#Chinese. Mandarin: shuǐtǒng.,noun,(literally) bucket container used to hold and carry liquids,,,
wt:水桶:0,水桶,cūi-tūng,,,,,noun,(figuratively) big waist,,,
wt:水庫:0,水庫,cūi-kó,,,,Imported from Wiktionary (CC BY-SA 4.0): https://en.wiktionary.org/wiki/%E6%B0%B4%E5%BA%AB#Chinese. Mandarin: shuǐkù.,noun,reservoir natural or artificial lake used to store water,水库,,
wt:氣球:0,氣球,ké-giù,,,,"Imported from Wiktionary (CC BY-SA 4.0): https://en.wiktionary.org/wiki/%E6%B0%A3%E7%90%83#Chinese. Mandarin: qìqiú,er=y.",noun,balloon,气球,,
wt:氣球:0,氣球,ké-giù,,,,,noun,(obsolete) football the inflated ball played by kicking,气球,,
wt:水族:0,水族,cūi-cŭk,,,,Imported from Wiktionary (CC BY-SA 4.0): https://en.wiktionary.org/wiki/%E6%B0%B4%E6%97%8F#Chinese. Mandarin: Shuǐzú.,noun,"Sui people ethnic group in Guizhou, China",,,
wt:水井:0,水井,cūi-cāng,,,,Imported from Wiktionary (CC BY-SA 4.0): https://en.wiktionary.org/wiki/%E6%B0%B4%E4%BA%95#Chinese. Mandarin: shuǐjǐng.,noun,(countable) well for collecting water,,,
wt:水餃:0,水餃,cṳ̄-giĕu,,,,"Imported from Wiktionary (CC BY-SA 4.0): https://en.wiktionary.org/wiki/%E6%B0%B4%E9%A4%83#Chinese. Mandarin: shuǐjiǎo,er=y.",noun,boiled jiaozi dumpling,水饺,,
wt:水餃:0,水餃,cṳ̄-giĕu,,,,,noun,jiaozi dumpling in general,水饺,,
wt:水災:0,水災,cūi-căi,,,,Imported from Wiktionary (CC BY-SA 4.0): https://en.wiktionary.org/wiki/%E6%B0%B4%E7%81%BD#Chinese. Mandarin: shuǐzāi.,noun,flood usually disastrous overflow from a body of water,水灾,,
wt:水溝:0,水溝,cūi-gău,,,,Imported from Wiktionary (CC BY-SA 4.0): https://en.wiktionary.org/wiki/%E6%B0%B4%E6%BA%9D#Chinese. Mandarin: shuǐgōu. Other readings: cṳ̄-gău.,noun,ditch; trench,水沟,,
wt:水師:0,水師,cūi-sṳ̆,,,,Imported from Wiktionary (CC BY-SA 4.0): https://en.wiktionary.org/wiki/%E6%B0%B4%E5%B8%AB#Chinese. Mandarin: shuǐshī.,noun,(dated) navy,水师,,
wt:水雞:0,水雞,cūi-giĕ,,,,Imported from Wiktionary (CC BY-SA 4.0): https://en.wiktionary.org/wiki/%E6%B0%B4%E9%9B%9E#Chinese. Mandarin: shuǐjī. Other readings: cūi>cṳ̄-giĕ.,noun,frog,水鸡,,
wt:水雞:0,水雞,cūi-giĕ,,,,,noun,秧雞 rail (bird),水鸡,,
wt:水雞:0,水雞,cūi-giĕ,,,,,noun,蜑家 Tanka people,水鸡,,
wt:氣死:0,氣死,ké sī,,,,Imported from Wiktionary (CC BY-SA 4.0): https://en.wiktionary.org/wiki/%E6%B0%A3%E6%AD%BB#Chinese. Mandarin: qìsǐ.,verb,(intransitive) to be extremely annoyed; to be angry; to be mad,气死,,
wt:氣死:0,氣死,ké sī,,,,,verb,(transitive) to annoy; to anger; to madden,气死,,
wt:水膠:0,水膠,cūi-gă,,,,Imported from Wiktionary (CC BY-SA 4.0): https://en.wiktionary.org/wiki/%E6%B0%B4%E8%86%A0#Chinese.,noun,glue,水胶,,
wt:水酒:0,水酒,cūi-ciū,,,,Imported from Wiktionary (CC BY-SA 4.0): https://en.wiktionary.org/wiki/%E6%B0%B4%E9%85%92#Chinese. Pronounced iū.,noun,very weak alcohol,,,
wt:水酒:0,水酒,cūi-ciū,,,,,noun,(humble) the alcohol one prepares when hosting a banquet,,,
wt:永遠:0,永遠,īng-uōng,,,,Imported from Wiktionary (CC BY-SA 4.0): https://en.wiktionary.org/wiki/%E6%B0%B8%E9%81%A0#Chinese. Mandarin: yǒngyuǎn.,adverb,forever; always; permanently,永远,,
wt:永遠:0,永遠,īng-uōng,,,,,noun,eternity,永远,,
wt:永生:0,永生,īng-sĕng,,,,Imported from Wiktionary (CC BY-SA 4.0): https://en.wiktionary.org/wiki/%E6%B0%B8%E7%94%9F#Chinese. Mandarin: yǒngshēng.,verb,to live forever; to be immortal,,,
wt:永生:0,永生,īng-sĕng,,,,,noun,(religion) eternal life; immortality,,,
wt:永生:0,永生,īng-sĕng,,,,,noun,lifetime; all one's life; one's whole life,,,
wt:汗國:0,汗國,háng-guók,,,,Imported from Wiktionary (CC BY-SA 4.0): https://en.wiktionary.org/wiki/%E6%B1%97%E5%9C%8B#Chinese. Mandarin: hánguó.,noun,khanate,汗国,,
wt:汝各儂:0,汝各儂,nṳ̄ gáuk,,,,Imported from Wiktionary (CC BY-SA 4.0): https://en.wiktionary.org/wiki/%E6%B1%9D%E5%90%84%E5%84%82#Chinese. Pronounced gó̤k-nè̤ng.,pronoun,you plural,汝各侬,,
wt:汝儂:0,汝儂,nṳ̄-nè̤ng,,,,Imported from Wiktionary (CC BY-SA 4.0): https://en.wiktionary.org/wiki/%E6%B1%9D%E5%84%82#Chinese.,pronoun,"(;, ;, ;) you plural",汝侬,,
wt:汽車:0,汽車,ké-chiă,,,,"Imported from Wiktionary (CC BY-SA 4.0): https://en.wiktionary.org/wiki/%E6%B1%BD%E8%BB%8A#Chinese. Mandarin: qìchē,er=y.",noun,automobile; motor vehicle; car,汽车,,
wt:汽車:0,汽車,ké-chiă,,,,,noun,bus; coach,汽车,,
wt:汽車:0,汽車,ké-chiă,,,,,noun,(obsolete) train,汽车,,
wt:決定:0,決定,giók-dêng,,,,Imported from Wiktionary (CC BY-SA 4.0): https://en.wiktionary.org/wiki/%E6%B1%BA%E5%AE%9A#Chinese. Mandarin: juédìng.,verb,to decide; to make a decision,决定,,
wt:決定:0,決定,giók-dêng,,,,,verb,to determine; to govern,决定,,
wt:決定:0,決定,giók-dêng,,,,,noun,decision,决定,,
wt:沙漠:0,沙漠,să-mŏk,,,,Imported from Wiktionary (CC BY-SA 4.0): https://en.wiktionary.org/wiki/%E6%B2%99%E6%BC%A0#Chinese. Mandarin: shāmò.,noun,desert barren area,,,
wt:沙漠:0,沙漠,să-mŏk,,,,,noun,(obsolete) the Gobi Desert.,,,
wt:汽油:0,汽油,ké-ìu,,,,"Imported from Wiktionary (CC BY-SA 4.0): https://en.wiktionary.org/wiki/%E6%B1%BD%E6%B2%B9#Chinese. Mandarin: qìyóu,er=y.",noun,petrol; gasoline,,,
wt:汗衫:0,汗衫,hâng-săng,,,,Imported from Wiktionary (CC BY-SA 4.0): https://en.wiktionary.org/wiki/%E6%B1%97%E8%A1%AB#Chinese. Mandarin: hànshān.,noun,undershirt; singlet,,,
wt:汗衫:0,汗衫,hâng-săng,,,,,noun,T-shirt,,,
wt:汗衫:0,汗衫,hâng-săng,,,,,noun,shirt,,,
wt:沉淪:0,沉淪,tìng-lùng,,,,Imported from Wiktionary (CC BY-SA 4.0): https://en.wiktionary.org/wiki/%E6%B2%89%E6%B7%AA#Chinese. Mandarin: chénlún.,verb,"to sink into; to fall into vice, depravity, degradation, etc.",沉沦,,
wt:汽燈:0,汽燈,kí-dĕng,,,,Imported from Wiktionary (CC BY-SA 4.0): https://en.wiktionary.org/wiki/%E6%B1%BD%E7%87%88#Chinese. Mandarin: qìdēng.,noun,gas lamp,汽灯,,
wt:汝好:0,汝好,nṳ̄ hō̤,,,,Imported from Wiktionary (CC BY-SA 4.0): https://en.wiktionary.org/wiki/%E6%B1%9D%E5%A5%BD#Chinese.,particle,(literal) you OK,,,
wt:汝好:0,汝好,nṳ̄ hō̤,,,,,particle,hello,,,
wt:沾光:0,沾光,ciĕng-guŏng,,,,Imported from Wiktionary (CC BY-SA 4.0): https://en.wiktionary.org/wiki/%E6%B2%BE%E5%85%89#Chinese. Mandarin: zhānguāng.,verb,to benefit from an association with someone,,,
wt:沃雨:0,沃雨,uóh-ṳ̄,,,,Imported from Wiktionary (CC BY-SA 4.0): https://en.wiktionary.org/wiki/%E6%B2%83%E9%9B%A8#Chinese.,verb,to get wet in the rain,,,
wt:汽車路:0,汽車路,ké-chiă-luô,,,,Imported from Wiktionary (CC BY-SA 4.0): https://en.wiktionary.org/wiki/%E6%B1%BD%E8%BB%8A%E8%B7%AF#Chinese.,noun,highway; road,汽车路,,
wt:沰價:0,沰價,dŏ̤h-gá,,,,Imported from Wiktionary (CC BY-SA 4.0): https://en.wiktionary.org/wiki/%E6%B2%B0%E5%83%B9#Chinese.,verb,to fall in price; to become cheaper,沰价,,
wt:法律:0,法律,huák-lŭk,,,,Imported from Wiktionary (CC BY-SA 4.0): https://en.wiktionary.org/wiki/%E6%B3%95%E5%BE%8B#Chinese. Mandarin: fǎlǜ.,noun,law body of binding rules and regulations,,,
wt:注意:0,注意,cé̤ṳ-é,,,,Imported from Wiktionary (CC BY-SA 4.0): https://en.wiktionary.org/wiki/%E6%B3%A8%E6%84%8F#Chinese. Mandarin: zhùyì.,verb,to pay attention to; to take note of; to require attention; to notice; to mind; to watch for,,,
wt:注意:0,注意,cé̤ṳ-é,,,,,noun,(psychology) attention; focus,,,
wt:泅水:0,泅水,siù-cūi,,,,Imported from Wiktionary (CC BY-SA 4.0): https://en.wiktionary.org/wiki/%E6%B3%85%E6%B0%B4#Chinese. Mandarin: qiúshuǐ.,verb,to swim,,,
wt:法門:0,法門,huák-muòng,,,,Imported from Wiktionary (CC BY-SA 4.0): https://en.wiktionary.org/wiki/%E6%B3%95%E9%96%80#Chinese. Mandarin: fǎmén.,noun,(Buddhism) gateway for entry into the dharma,法门,,
wt:泉水:0,泉水,ciòng-cūi,,,,Imported from Wiktionary (CC BY-SA 4.0): https://en.wiktionary.org/wiki/%E6%B3%89%E6%B0%B4#Chinese. Mandarin: quánshuǐ.,noun,springwater,,,
wt:法庭:0,法庭,huák-tìng,,,,"Imported from Wiktionary (CC BY-SA 4.0): https://en.wiktionary.org/wiki/%E6%B3%95%E5%BA%AD#Chinese. Mandarin: fǎtíng,er=y.",noun,(legal) court; court of law; tribunal,,,
wt:法庭:0,法庭,huák-tìng,,,,,noun,(legal) courtroom,,,
wt:法院:0,法院,huák-iêng,,,,Imported from Wiktionary (CC BY-SA 4.0): https://en.wiktionary.org/wiki/%E6%B3%95%E9%99%A2#Chinese. Mandarin: fǎyuàn.,noun,(legal) court; court of law; tribunal,,,
wt:泡茶:0,泡茶,páu-dà,,,,Imported from Wiktionary (CC BY-SA 4.0): https://en.wiktionary.org/wiki/%E6%B3%A1%E8%8C%B6#Chinese. Mandarin: pàochá.,verb,to make (infuse) tea,,,
wt:注目:0,注目,cé̤ṳ-mŭk,,,,Imported from Wiktionary (CC BY-SA 4.0): https://en.wiktionary.org/wiki/%E6%B3%A8%E7%9B%AE#Chinese. Mandarin: zhùmù.,verb,to stare; to gaze,,,
wt:油漆:0,油漆,iù-chék,,,,Imported from Wiktionary (CC BY-SA 4.0): https://en.wiktionary.org/wiki/%E6%B2%B9%E6%BC%86#Chinese. Mandarin: yóuqī.,noun,paint,,,
wt:油漆:0,油漆,iù-chék,,,,,verb,to paint,,,
wt:注音符號:0,注音符號,ció-ĭng hù-hô̤,,,,Imported from Wiktionary (CC BY-SA 4.0): https://en.wiktionary.org/wiki/%E6%B3%A8%E9%9F%B3%E7%AC%A6%E8%99%9F#Chinese. Mandarin: zhùyīn fúhào.,noun,"Zhuyin fuhao, Zhuyin, a phonetic alphabet used to transcribe Mandarin for students of that language and for inputting Chinese, used in Taiwan, also known as bopomofo",注音符号,,
wt:波長:0,波長,pŏ̤-diòng,,,,Imported from Wiktionary (CC BY-SA 4.0): https://en.wiktionary.org/wiki/%E6%B3%A2%E9%95%B7#Chinese. Mandarin: bōcháng.,noun,(physics) wavelength,波长,,
wt:法輪:0,法輪,huák-lùng,,,,Imported from Wiktionary (CC BY-SA 4.0): https://en.wiktionary.org/wiki/%E6%B3%95%E8%BC%AA#Chinese. Mandarin: fǎlún.,noun,(Buddhism) dharmachakra; wheel of the dharma (law); the eternal wheel of life,法轮,,
wt:法老:0,法老,huák-lō̤,,,,Imported from Wiktionary (CC BY-SA 4.0): https://en.wiktionary.org/wiki/%E6%B3%95%E8%80%81#Chinese. Mandarin: fǎlǎo.,noun,pharaoh supreme ruler of ancient Egypt,,,
wt:油船:0,油船,iù-sùng,,,,Imported from Wiktionary (CC BY-SA 4.0): https://en.wiktionary.org/wiki/%E6%B2%B9%E8%88%B9#Chinese. Mandarin: yóuchuán.,noun,tanker vessel,,,
wt:油污:0,油污,iù-ŭ,,,,Imported from Wiktionary (CC BY-SA 4.0): https://en.wiktionary.org/wiki/%E6%B2%B9%E6%B1%A1#Chinese. Mandarin: yóuwū.,noun,greasy dirt,,,
wt:油污:0,油污,iù-ŭ,,,,,adjective,greasy and dirty,,,
wt:法眼:0,法眼,huák-ngāng,,,,Imported from Wiktionary (CC BY-SA 4.0): https://en.wiktionary.org/wiki/%E6%B3%95%E7%9C%BC#Chinese. Mandarin: fǎyǎn.,noun,"(Buddhism) ""eye of the law"" either ""mind which perceives both past and future"" or ""insight into the dharma""",,,
wt:法眼:0,法眼,huák-ngāng,,,,,noun,(Buddhism) Buddhist teaching,,,
wt:法眼:0,法眼,huák-ngāng,,,,,noun,(figurative) insight; astuteness; perspicacity; cognizance,,,
wt:法眼:0,法眼,huák-ngāng,,,,,noun,"(humble, ironic) someone's appreciation, notice, or acknowledgement",,,
wt:法身:0,法身,huák-sĭng,,,,Imported from Wiktionary (CC BY-SA 4.0): https://en.wiktionary.org/wiki/%E6%B3%95%E8%BA%AB#Chinese. Mandarin: fǎshēn.,noun,(Buddhism) dharmakaya,,,
wt:沬水:0,沬水,mê-cuī,,,,Imported from Wiktionary (CC BY-SA 4.0): https://en.wiktionary.org/wiki/%E6%B2%AC%E6%B0%B4#Chinese.,verb,to dive; to be under water,,,
wt:沬水:0,沬水,mê-cuī,,,,,verb,to hold one's breath under water,,,
wt:油甜苞:0,油甜苞,iù-diĕng-báu,,,,Imported from Wiktionary (CC BY-SA 4.0): https://en.wiktionary.org/wiki/%E6%B2%B9%E7%94%9C%E8%8B%9E#Chinese.,noun,corn; maize,,,
wt:活動:0,活動,uăk-dông,,,,"Imported from Wiktionary (CC BY-SA 4.0): https://en.wiktionary.org/wiki/%E6%B4%BB%E5%8B%95#Chinese. Mandarin: huódòng,tl=y.",verb,to move; to move about,活动,,
wt:活動:0,活動,uăk-dông,,,,,verb,to exercise to engage in physical activity to improve fitness,活动,,
wt:活動:0,活動,uăk-dông,,,,,verb,to maneuver; to wangle,活动,,
wt:活動:0,活動,uăk-dông,,,,,noun,(uncountable) activity condition in which things are happening,活动,,
wt:活動:0,活動,uăk-dông,,,,,noun,(countable) activity a thing that is done; event,活动,,
wt:活動:0,活動,uăk-dông,,,,,noun,"(countable, uncountable, advertising) promotion; campaign; event",活动,,
wt:活動:0,活動,uăk-dông,,,,,adjective,shaky; unstable,活动,,
wt:活動:0,活動,uăk-dông,,,,,adjective,flexible; movable,活动,,
wt:洗手:0,洗手,sā̤-chiū,,,,Imported from Wiktionary (CC BY-SA 4.0): https://en.wiktionary.org/wiki/%E6%B4%97%E6%89%8B#Chinese. Mandarin: xǐshǒu.,verb,to wash one's hands,,,
wt:洗手:0,洗手,sā̤-chiū,,,,,verb,(euphemistic) to go to the toilet,,,
wt:洗手:0,洗手,sā̤-chiū,,,,,verb,"(euphemistic, of criminals) to reform; to retire",,,
wt:洪災:0,洪災,hùng-căi,,,,Imported from Wiktionary (CC BY-SA 4.0): https://en.wiktionary.org/wiki/%E6%B4%AA%E7%81%BD#Chinese. Mandarin: hóngzāi.,noun,flood usually disastrous overflow from a body of water,洪灾,,
wt:流汗:0,流汗,làu-gâng,,,,Imported from Wiktionary (CC BY-SA 4.0): https://en.wiktionary.org/wiki/%E6%B5%81%E6%B1%97#Chinese. Mandarin: liúhàn.,verb,(intransitive) to sweat to emit sweat; to perspire,,,
wt:洋灰:0,洋灰,iòng-hŭi,,,,Imported from Wiktionary (CC BY-SA 4.0): https://en.wiktionary.org/wiki/%E6%B4%8B%E7%81%B0#Chinese. Mandarin: yánghuī.,noun,(dated) cement,,,
wt:洋油:0,洋油,iòng-iù,,,,"Imported from Wiktionary (CC BY-SA 4.0): https://en.wiktionary.org/wiki/%E6%B4%8B%E6%B2%B9#Chinese. Mandarin: yángyóu,er=y.",noun,(dated) kerosene,,,
wt:洋油:0,洋油,iòng-iù,,,,,noun,imported oil e.g. petrol,,,
wt:活命:0,活命,uăk-miâng,,,,Imported from Wiktionary (CC BY-SA 4.0): https://en.wiktionary.org/wiki/%E6%B4%BB%E5%91%BD#Chinese. Mandarin: huómìng.,verb,to eke out an existence; to scrape a living,,,
wt:活命:0,活命,uăk-miâng,,,,,verb,to save a life; to rescue someone,,,
wt:活命:0,活命,uăk-miâng,,,,,noun,life; survival,,,
wt:洗牙:0,洗牙,sā̤-ngāi,,,,Imported from Wiktionary (CC BY-SA 4.0): https://en.wiktionary.org/wiki/%E6%B4%97%E7%89%99#Chinese. Mandarin: xǐyá.,verb,(of a dentist or dental hygienist) to clean the teeth; to perform teeth scaling,,,
wt:洗牙:0,洗牙,sā̤-ngāi,,,,,verb,to brush one's teeth,,,
wt:洗身:0,洗身,sā̤-sĭng,,,,Imported from Wiktionary (CC BY-SA 4.0): https://en.wiktionary.org/wiki/%E6%B4%97%E8%BA%AB#Chinese.,verb,to take a shower; to take a bath,,,
wt:洩尿:0,洩尿,siê-niêu,,,,Imported from Wiktionary (CC BY-SA 4.0): https://en.wiktionary.org/wiki/%E6%B4%A9%E5%B0%BF#Chinese.,verb,to wet the bed,泄尿,,
wt:洋船:0,洋船,iòng-sùng,,,,Imported from Wiktionary (CC BY-SA 4.0): https://en.wiktionary.org/wiki/%E6%B4%8B%E8%88%B9#Chinese.,noun,(dated) steamship; steamer,,,
wt:洗湯:0,洗湯,sā̤-tŏng,,,,Imported from Wiktionary (CC BY-SA 4.0): https://en.wiktionary.org/wiki/%E6%B4%97%E6%B9%AF#Chinese.,verb,to take a shower or bath (in hot water),洗汤,,
wt:消息:0,消息,siĕu-sék,,,,"Imported from Wiktionary (CC BY-SA 4.0): https://en.wiktionary.org/wiki/%E6%B6%88%E6%81%AF#Chinese. Mandarin: xiāoxi,xiāoxī,xiāoxí,1nb=Mainland,2nb=Mainland,3nb=Taiwan,er=y.",noun,"(countable, uncountable) message; news; information (classifier: 條, 個)",,,
wt:消息:0,消息,siĕu-sék,,,,,noun,(countable) sign; clue,,,
wt:消息:0,消息,siĕu-sék,,,,,noun,(countable) hidden mechanical device that moves other parts of the contraption when touched,,,
wt:消息:0,消息,siĕu-sék,,,,,verb,(archaic) to increase and decrease; to ebb and flow; to rise and fall,,,
wt:消息:0,消息,siĕu-sék,,,,,verb,(archaic) to subjoin,,,
wt:消息:0,消息,siĕu-sék,,,,,verb,(archaic) to change,,,
wt:消息:0,消息,siĕu-sék,,,,,verb,(archaic) to rest; to recuperate,,,
wt:消息:0,消息,siĕu-sék,,,,,verb,(archaic) to calm down,,,
wt:消息:0,消息,siĕu-sék,,,,,verb,(archaic) to deliberate,,,
wt:海外:0,海外,hāi-nguôi,,,,Imported from Wiktionary (CC BY-SA 4.0): https://en.wiktionary.org/wiki/%E6%B5%B7%E5%A4%96#Chinese. Mandarin: hǎiwài.,noun,overseas; abroad,,,
wt:海水:0,海水,hāi-cūi,,,,Imported from Wiktionary (CC BY-SA 4.0): https://en.wiktionary.org/wiki/%E6%B5%B7%E6%B0%B4#Chinese. Mandarin: hǎishuǐ.,noun,seawater; ocean water,,,
wt:海帶:0,海帶,hāi-dái,,,,Imported from Wiktionary (CC BY-SA 4.0): https://en.wiktionary.org/wiki/%E6%B5%B7%E5%B8%B6#Chinese. Mandarin: hǎidài.,noun,kelp; seaweed (Saccharina japonica),海带,,
wt:海帶:0,海帶,hāi-dái,,,,,noun,"(neologism, humorous) alternative form of 海待 (one who has studied abroad and returned to home, but is unable to find employment)",海带,,
wt:海味:0,海味,hāi-ê,,,,Imported from Wiktionary (CC BY-SA 4.0): https://en.wiktionary.org/wiki/%E6%B5%B7%E5%91%B3#Chinese. Mandarin: hǎiwèi.,noun,seafood especially delicacies,,,
wt:洗車:0,洗車,sā̤-chiă,,,,Imported from Wiktionary (CC BY-SA 4.0): https://en.wiktionary.org/wiki/%E6%B4%97%E8%BB%8A#Chinese. Mandarin: xǐchē.,verb,(intransitive) to wash a car,洗车,,
wt:海底摸針:0,海底摸針,hāi-dā̤-muŏ-cĕng,,,,Imported from Wiktionary (CC BY-SA 4.0): https://en.wiktionary.org/wiki/%E6%B5%B7%E5%BA%95%E6%91%B8%E9%87%9D#Chinese. Mandarin: hǎidǐmōzhēn.,phrase,to look for a needle in a haystack,海底摸针,,
wt:海墘:0,海墘,hāi-gièng,,,,Imported from Wiktionary (CC BY-SA 4.0): https://en.wiktionary.org/wiki/%E6%B5%B7%E5%A2%98#Chinese.,noun,seashore; beach; waterfront,,,
wt:海冰:0,海冰,hāi-bĭng,,,,Imported from Wiktionary (CC BY-SA 4.0): https://en.wiktionary.org/wiki/%E6%B5%B7%E5%86%B0#Chinese. Mandarin: hǎibīng.,noun,sea ice,,,
wt:海南人:0,海南人,Hāi-nàng-nè̤ng,,,,Imported from Wiktionary (CC BY-SA 4.0): https://en.wiktionary.org/wiki/%E6%B5%B7%E5%8D%97%E4%BA%BA#Chinese. Mandarin: Hǎinánrén.,noun,Hainanese person,,,
wt:海亂:0,海亂,hāi-lóng,,,,Imported from Wiktionary (CC BY-SA 4.0): https://en.wiktionary.org/wiki/%E6%B5%B7%E4%BA%82#Chinese.,noun,tsunami,海乱,,
wt:海苔:0,海苔,hāi-tì,,,,Imported from Wiktionary (CC BY-SA 4.0): https://en.wiktionary.org/wiki/%E6%B5%B7%E8%8B%94#Chinese. Mandarin: hǎitái.,noun,"nori Pyropia yezoensis, especially in its dried and processed form",,,
wt:海苔:0,海苔,hāi-tì,,,,,noun,edible seaweed; sea vegetable,,,
wt:海馬:0,海馬,hāi-mā,,,,Imported from Wiktionary (CC BY-SA 4.0): https://en.wiktionary.org/wiki/%E6%B5%B7%E9%A6%AC#Chinese. Mandarin: hǎimǎ.,noun,sea horse,海马,,
wt:海馬:0,海馬,hāi-mā,,,,,noun,(obsolete) walrus,海马,,
wt:海馬:0,海馬,hāi-mā,,,,,noun,(obsolete) frog,海马,,
wt:海馬:0,海馬,hāi-mā,,,,,noun,short for 海馬體,海马,,
wt:海賊:0,海賊,hāi-chĕk,,,,Imported from Wiktionary (CC BY-SA 4.0): https://en.wiktionary.org/wiki/%E6%B5%B7%E8%B3%8A#Chinese. Mandarin: hǎizéi.,noun,pirate,海贼,,
wt:海賊:0,海賊,hāi-chĕk,,,,,noun,bad person,海贼,,
wt:海灘:0,海灘,hāi-lăng,,,,Imported from Wiktionary (CC BY-SA 4.0): https://en.wiktionary.org/wiki/%E6%B5%B7%E7%81%98#Chinese. Mandarin: hǎitān.,noun,beach on a coast,海滩,,
wt:海防:0,海防,hāi-huòng,,,,Imported from Wiktionary (CC BY-SA 4.0): https://en.wiktionary.org/wiki/%E6%B5%B7%E9%98%B2#Chinese. Mandarin: hǎifáng.,noun,coastal defense,,,
wt:海角:0,海角,hāi-gáe̤k,,,,Imported from Wiktionary (CC BY-SA 4.0): https://en.wiktionary.org/wiki/%E6%B5%B7%E8%A7%92#Chinese. Mandarin: hǎijiǎo.,noun,(landforms) cape; promontory,,,
wt:消災:0,消災,siĕu-căi,,,,Imported from Wiktionary (CC BY-SA 4.0): https://en.wiktionary.org/wiki/%E6%B6%88%E7%81%BD#Chinese. Mandarin: xiāozāi.,verb,to avoid calamities; to be rid of calamities,消灾,,
wt:海碗:0,海碗,hāi-uāng,,,,Imported from Wiktionary (CC BY-SA 4.0): https://en.wiktionary.org/wiki/%E6%B5%B7%E7%A2%97#Chinese. Mandarin: hǎiwǎn.,noun,very big bowl,,,
wt:海陂:0,海陂,hāi-piĕk,,,,Imported from Wiktionary (CC BY-SA 4.0): https://en.wiktionary.org/wiki/%E6%B5%B7%E9%99%82#Chinese.,noun,beach on a coast,,,
wt:海軍航空兵:0,海軍航空兵,hāi-gŭng hòng-kŭng bĭng,,,,Imported from Wiktionary (CC BY-SA 4.0): https://en.wiktionary.org/wiki/%E6%B5%B7%E8%BB%8D%E8%88%AA%E7%A9%BA%E5%85%B5#Chinese. Mandarin: hǎijūn hángkōng bīng.,noun,navy aircraft pilot; naval aviator,海军航空兵,,
wt:海軍航空兵:0,海軍航空兵,hāi-gŭng hòng-kŭng bĭng,,,,,noun,member of the aviation division of a navy (who may or may not be an aircraft pilot),海军航空兵,,
wt:清楚:0,清楚,chĭng-chū,,,,"Imported from Wiktionary (CC BY-SA 4.0): https://en.wiktionary.org/wiki/%E6%B8%85%E6%A5%9A#Chinese. Mandarin: qīngchu,qīngchǔ,1nb=standard in Mainland,2nb=standard in Taiwan,2nc=variant in Mainland,2a=Zh-qīngchu.ogg.",adjective,clear; lucid,,,
wt:清楚:0,清楚,chĭng-chū,,,,,adjective,clear about a matter; unambiguous,,,
wt:清楚:0,清楚,chĭng-chū,,,,,adjective,plain; distinct; obvious,,,
wt:清楚:0,清楚,chĭng-chū,,,,,adjective,(obsolete) tidy; neat; refined,,,
wt:清楚:0,清楚,chĭng-chū,,,,,adjective,"(ACG, neologism, of a person) pure; innocent",,,
wt:清楚:0,清楚,chĭng-chū,,,,,adverb,clearly,,,
wt:清楚:0,清楚,chĭng-chū,,,,,adverb,"until a matter is clear making sense, unambiguous, etc.",,,
wt:清楚:0,清楚,chĭng-chū,,,,,verb,to understand; to know; to comprehend,,,
wt:清水:0,清水,chĭng-cūi,,,,Imported from Wiktionary (CC BY-SA 4.0): https://en.wiktionary.org/wiki/%E6%B8%85%E6%B0%B4#Chinese. Mandarin: qīngshuǐ.,noun,clear and pure water; fresh water,,,
wt:清水:0,清水,chĭng-cūi,,,,,noun,saliva; slobber; drool,,,
wt:清真:0,清真,chĭng-cĭng,,,,Imported from Wiktionary (CC BY-SA 4.0): https://en.wiktionary.org/wiki/%E6%B8%85%E7%9C%9F#Chinese. Mandarin: qīngzhēn.,adjective,"(Islam) halal or qingzhen; permissible according to Muslim religious customs, especially of food preparation",,,
wt:清真:0,清真,chĭng-cĭng,,,,,adjective,naive; artless,,,
wt:清真:0,清真,chĭng-cĭng,,,,,adjective,pure; sincere,,,
wt:淫亂:0,淫亂,ìng-luâng,,,,Imported from Wiktionary (CC BY-SA 4.0): https://en.wiktionary.org/wiki/%E6%B7%AB%E4%BA%82#Chinese. Mandarin: yínluàn.,verb,to be promiscuous; to be licentious,淫乱,,
wt:淫語:0,淫語,ìng-ngṳ̄,,,,Imported from Wiktionary (CC BY-SA 4.0): https://en.wiktionary.org/wiki/%E6%B7%AB%E8%AA%9E#Chinese. Mandarin: yínyǔ.,noun,dirty talk,淫语,,
wt:涼茶:0,涼茶,liòng-dà,,,,Imported from Wiktionary (CC BY-SA 4.0): https://en.wiktionary.org/wiki/%E6%B6%BC%E8%8C%B6#Chinese. Mandarin: liángchá.,noun,Chinese herb tea; medicinal herb tea,凉茶,,
wt:深水:0,深水,chĭng-cūi,,,,Imported from Wiktionary (CC BY-SA 4.0): https://en.wiktionary.org/wiki/%E6%B7%B1%E6%B0%B4#Chinese. Mandarin: shēnshuǐ.,noun,deep water,,,
wt:清明菜:0,清明菜,chĭng-mìng-chái,,,,Imported from Wiktionary (CC BY-SA 4.0): https://en.wiktionary.org/wiki/%E6%B8%85%E6%98%8E%E8%8F%9C#Chinese.,noun,spinach,,,
wt:淺藍:0,淺藍,chiēng-làng,,,,Imported from Wiktionary (CC BY-SA 4.0): https://en.wiktionary.org/wiki/%E6%B7%BA%E8%97%8D#Chinese. Mandarin: qiǎnlán.,noun,light blue colour,浅蓝,,
wt:淺灰:0,淺灰,chiēng-huŏi,,,,Imported from Wiktionary (CC BY-SA 4.0): https://en.wiktionary.org/wiki/%E6%B7%BA%E7%81%B0#Chinese. Mandarin: qiǎnhuī.,noun,light gray colour,浅灰,,
wt:涼風:0,涼風,liòng-hŭng,,,,Imported from Wiktionary (CC BY-SA 4.0): https://en.wiktionary.org/wiki/%E6%B6%BC%E9%A2%A8#Chinese. Mandarin: liángfēng.,noun,cool breeze,凉风,,
wt:涼風:0,涼風,liòng-hŭng,,,,,noun,(Classical) autumn wind,凉风,,
wt:涼風:0,涼風,liòng-hŭng,,,,,verb,to relax in a cool place,凉风,,
wt:液體:0,液體,ĭk-tā̤,,,,Imported from Wiktionary (CC BY-SA 4.0): https://en.wiktionary.org/wiki/%E6%B6%B2%E9%AB%94#Chinese. Mandarin: 液tǐ.,noun,liquid; fluid,液体,,
wt:渺茫:0,渺茫,miēu-mòng,,,,Imported from Wiktionary (CC BY-SA 4.0): https://en.wiktionary.org/wiki/%E6%B8%BA%E8%8C%AB#Chinese. Mandarin: miǎománg.,adjective,vague; indistinct; remote,,,
wt:渺茫:0,渺茫,miēu-mòng,,,,,adjective,"(of hope, future, etc.) uncertain; slim; marginal; tenuous",,,
wt:渺茫:0,渺茫,miēu-mòng,,,,,adjective,(of water) expansive; vast; boundless,,,
wt:湘語:0,湘語,Siŏng-ngṳ̄,,,,Imported from Wiktionary (CC BY-SA 4.0): https://en.wiktionary.org/wiki/%E6%B9%98%E8%AA%9E#Chinese. Mandarin: xiāngyǔ.,noun,Xiang a Chinese language spoken mainly in Hunan province; Hunanese,湘语,,
wt:減法:0,減法,gēng-huák,,,,Imported from Wiktionary (CC BY-SA 4.0): https://en.wiktionary.org/wiki/%E6%B8%9B%E6%B3%95#Chinese. Mandarin: jiǎnfǎ.,noun,(arithmetic) subtraction,减法,,
wt:湯池:0,湯池,tŏng-diè,,,,Imported from Wiktionary (CC BY-SA 4.0): https://en.wiktionary.org/wiki/%E6%B9%AF%E6%B1%A0#Chinese. Mandarin: tāngchí.,noun,(historical) city moat; impregnable fortress of a city,汤池,,
wt:湯池:0,湯池,tŏng-diè,,,,,noun,hot water or hot spring bathing pool,汤池,,
wt:滋陰:0,滋陰,cṳ̀-ĭng,,,,Imported from Wiktionary (CC BY-SA 4.0): https://en.wiktionary.org/wiki/%E6%BB%8B%E9%99%B0#Chinese. Mandarin: zīyīn.,verb,(TCM) to treat yin deficiency by enriching body fluids and nourishing the blood,滋阴,,
wt:𣹇淺:0,𣹇淺,kó̤-chiēng,,,,Imported from Wiktionary (CC BY-SA 4.0): https://en.wiktionary.org/wiki/%F0%A3%B9%87%E6%B7%BA#Chinese.,verb,to run aground; to be stranded,𣹇浅,,
wt:湖鰍:0,湖鰍,hù-chiŭ,,,,Imported from Wiktionary (CC BY-SA 4.0): https://en.wiktionary.org/wiki/%E6%B9%96%E9%B0%8D#Chinese. Pronounced liŭ.,noun,loach,湖鳅,,
wt:測字:0,測字,cháik-cê,,,,Imported from Wiktionary (CC BY-SA 4.0): https://en.wiktionary.org/wiki/%E6%B8%AC%E5%AD%97#Chinese. Mandarin: cèzì.,verb,to perform glyphomancy; to tell fortunes by disassembling Chinese characters,测字,,
wt:湖色:0,湖色,hù-sáik,,,,Imported from Wiktionary (CC BY-SA 4.0): https://en.wiktionary.org/wiki/%E6%B9%96%E8%89%B2#Chinese. Mandarin: húsè.,noun,light green,,,
wt:湖色:0,湖色,hù-sáik,,,,,noun,light blue,,,
wt:湖色:0,湖色,hù-sáik,,,,,noun,pale blue,,,
wt:湯丸:0,湯丸,tŏng-uòng,,,,Imported from Wiktionary (CC BY-SA 4.0): https://en.wiktionary.org/wiki/%E6%B9%AF%E4%B8%B8#Chinese.,noun,alternative form of 湯圓,汤丸,,
wt:渾化:0,渾化,hùng-huá,,,,Imported from Wiktionary (CC BY-SA 4.0): https://en.wiktionary.org/wiki/%E6%B8%BE%E5%8C%96#Chinese.,adjective,"careless, sloppy, lackadaisical",浑化,,
wt:準備:0,準備,cūng-bê,,,,"Imported from Wiktionary (CC BY-SA 4.0): https://en.wiktionary.org/wiki/%E6%BA%96%E5%82%99#Chinese. Mandarin: zhǔnbèi,tl=y.",verb,to prepare; to get ready,准备,,
wt:準備:0,準備,cūng-bê,,,,,verb,to plan; to intend,准备,,
wt:準備:0,準備,cūng-bê,,,,,noun,preparation,准备,,
wt:溶液:0,溶液,ṳ̀ng-ĭk,,,,Imported from Wiktionary (CC BY-SA 4.0): https://en.wiktionary.org/wiki/%E6%BA%B6%E6%B6%B2#Chinese. Mandarin: róng液.,noun,chemical solution,,,
wt:源頭:0,源頭,nguòng-tàu,,,,Imported from Wiktionary (CC BY-SA 4.0): https://en.wiktionary.org/wiki/%E6%BA%90%E9%A0%AD#Chinese. Mandarin: yuántóu.,noun,source of a river; headwaters; headspring; fountainhead,源头,,
wt:源頭:0,源頭,nguòng-tàu,,,,,noun,(figurative) source; origin; fountainhead,源头,,
wt:溪水:0,溪水,kă̤-cūi,,,,Imported from Wiktionary (CC BY-SA 4.0): https://en.wiktionary.org/wiki/%E6%BA%AA%E6%B0%B4#Chinese. Mandarin: xīshuǐ.,noun,creek water; creek,,,
wt:準字謎:0,準字謎,cūng-cê-mê,,,,Imported from Wiktionary (CC BY-SA 4.0): https://en.wiktionary.org/wiki/%E6%BA%96%E5%AD%97%E8%AC%8E#Chinese.,verb,to guess a riddle,准字谜,,
wt:溪墘:0,溪墘,kă̤-gièng,,,,Imported from Wiktionary (CC BY-SA 4.0): https://en.wiktionary.org/wiki/%E6%BA%AA%E5%A2%98#Chinese.,noun,riverside; riverbank,,,
wt:漢字:0,漢字,háng-cê,,,,Imported from Wiktionary (CC BY-SA 4.0): https://en.wiktionary.org/wiki/%E6%BC%A2%E5%AD%97#Chinese. Mandarin: hànzì.,noun,Chinese character; Han character; hanzi,汉字,,
wt:漢語:0,漢語,Háng-ngṳ̄,,,,"Imported from Wiktionary (CC BY-SA 4.0): https://en.wiktionary.org/wiki/%E6%BC%A2%E8%AA%9E#Chinese. Mandarin: Hànyǔ,cap=y.",noun,the Chinese language(s),汉语,,
wt:漢語:0,漢語,Háng-ngṳ̄,,,,,noun,(narrow sense) the language of the Han Chinese,汉语,,
wt:漂亮:0,漂亮,piĕu-liông,,,,"Imported from Wiktionary (CC BY-SA 4.0): https://en.wiktionary.org/wiki/%E6%BC%82%E4%BA%AE#Chinese. Mandarin: piàoliang,piàoliàng,1nb=standard in Mainland,1nc=variant in Taiwan,2nb=standard in Taiwan.",adjective,pretty; beautiful; handsome,,,
wt:漂亮:0,漂亮,piĕu-liông,,,,,adjective,brilliant; splendid,,,
wt:漁船:0,漁船,ngṳ̀-sùng,,,,Imported from Wiktionary (CC BY-SA 4.0): https://en.wiktionary.org/wiki/%E6%BC%81%E8%88%B9#Chinese. Mandarin: yúchuán.,noun,"(countable) fishing boat (classifier: 條, 艘)",渔船,,
wt:漢人:0,漢人,háng-ìng,,,,Imported from Wiktionary (CC BY-SA 4.0): https://en.wiktionary.org/wiki/%E6%BC%A2%E4%BA%BA#Chinese. Mandarin: Hànrén.,noun,Han Chinese (the largest ethnic group indigenous to China); Han Chinese person,汉人,,
wt:漢人:0,漢人,háng-ìng,,,,,noun,(historical) people of the Han dynasty,汉人,,
wt:漢族:0,漢族,háng-cŭk,,,,Imported from Wiktionary (CC BY-SA 4.0): https://en.wiktionary.org/wiki/%E6%BC%A2%E6%97%8F#Chinese. Mandarin: Hànzú.,noun,Han Chinese (the largest ethnic group indigenous to China),汉族,,
wt:滿洲:0,滿洲,Muāng-ciŭ,,,,Imported from Wiktionary (CC BY-SA 4.0): https://en.wiktionary.org/wiki/%E6%BB%BF%E6%B4%B2#Chinese. Mandarin: Mǎnzhōu.,noun,(collective) Manchu people,满洲,,
wt:漂流:0,漂流,piĕu-liù,,,,Imported from Wiktionary (CC BY-SA 4.0): https://en.wiktionary.org/wiki/%E6%BC%82%E6%B5%81#Chinese. Mandarin: piāoliú.,verb,to drift about on water; to float; to be adrift,,,
wt:漂流:0,漂流,piĕu-liù,,,,,verb,(figurative) to drift along; to lead a wandering existence,,,
wt:漂流:0,漂流,piĕu-liù,,,,,verb,(sport) to go white-water rafting,,,
wt:演化:0,演化,iēng-huá,,,,Imported from Wiktionary (CC BY-SA 4.0): https://en.wiktionary.org/wiki/%E6%BC%94%E5%8C%96#Chinese. Mandarin: yǎnhuà.,verb,to evolve,,,
wt:漢藏語系:0,漢藏語系,Háng-Câung ngṳ̄-hiê,,,,Imported from Wiktionary (CC BY-SA 4.0): https://en.wiktionary.org/wiki/%E6%BC%A2%E8%97%8F%E8%AA%9E%E7%B3%BB#Chinese. Mandarin: Hàn-Zàng yǔxì.,noun,(linguistics) Sino-Tibetan language family,汉藏语系,,
wt:滾湯:0,滾湯,gūng-tŏng,,,,Imported from Wiktionary (CC BY-SA 4.0): https://en.wiktionary.org/wiki/%E6%BB%BE%E6%B9%AF#Chinese. Mandarin: gǔntāng.,noun,boiling soup,滚汤,,
wt:滾湯:0,滾湯,gūng-tŏng,,,,,noun,boiling water; boiled water,滚汤,,
wt:漢藏:0,漢藏,Háng-Câung,,,,Imported from Wiktionary (CC BY-SA 4.0): https://en.wiktionary.org/wiki/%E6%BC%A2%E8%97%8F#Chinese. Mandarin: hàn-zàng.,adjective,(attributive) Sino-Tibetan,汉藏,,
wt:漂洋過海:0,漂洋過海,piĕu-iòng-guó-hāi,,,,Imported from Wiktionary (CC BY-SA 4.0): https://en.wiktionary.org/wiki/%E6%BC%82%E6%B4%8B%E9%81%8E%E6%B5%B7#Chinese. Mandarin: piāoyángguòhǎi.,phrase,to sail across the sea to a foreign land; to travel across the sea; to go abroad,漂洋过海,,
wt:漢字文化圈:0,漢字文化圈,háng-cê ùng-huá-kuŏng,,,,Imported from Wiktionary (CC BY-SA 4.0): https://en.wiktionary.org/wiki/%E6%BC%A2%E5%AD%97%E6%96%87%E5%8C%96%E5%9C%88#Chinese. Mandarin: hànzì wénhuàquān.,noun,Chinese character cultural sphere; Sinosphere,汉字文化圈,,
wt:漳冰:0,漳冰,ciŏng-bĭng,,,,Imported from Wiktionary (CC BY-SA 4.0): https://en.wiktionary.org/wiki/%E6%BC%B3%E5%86%B0#Chinese.,noun,rock sugar,,,
wt:漁𦁧:0,漁𦁧,ngṳ̀-maê̤ng,,,,Imported from Wiktionary (CC BY-SA 4.0): https://en.wiktionary.org/wiki/%E6%BC%81%F0%A6%81%A7#Chinese.,noun,fishing net,渔𰬨,,
wt:潮州話:0,潮州話,Dièu-ciŭ-uâ,,,,Imported from Wiktionary (CC BY-SA 4.0): https://en.wiktionary.org/wiki/%E6%BD%AE%E5%B7%9E%E8%A9%B1#Chinese. Mandarin: Cháozhōuhuà.,noun,"Teochew, a variety of Southern Min Chinese native to Chaoshan, a region of Guangdong province",潮州话,,
wt:潮州話:0,潮州話,Dièu-ciŭ-uâ,,,,,noun,(specifically) the dialect of Teochew spoken in the city of Chaozhou,潮州话,,
wt:澈潔:0,澈潔,táh-gáik,,,,Imported from Wiktionary (CC BY-SA 4.0): https://en.wiktionary.org/wiki/%E6%BE%88%E6%BD%94#Chinese.,adjective,clean; neat and tidy,澈洁,,
wt:火星:0,火星,Huŏ-sĭng,,,,Imported from Wiktionary (CC BY-SA 4.0): https://en.wiktionary.org/wiki/%E7%81%AB%E6%98%9F#Chinese. Mandarin: Huǒxīng.,verb,"(neologism, Internet slang) to be outdated and unaware; to not know something that everyone else knows",,,
wt:火山:0,火山,huōi-săng,,,,Imported from Wiktionary (CC BY-SA 4.0): https://en.wiktionary.org/wiki/%E7%81%AB%E5%B1%B1#Chinese. Mandarin: huǒshān.,noun,volcano (classifier: 座),,,
wt:瀑布:0,瀑布,bŭk-buó,,,,"Imported from Wiktionary (CC BY-SA 4.0): https://en.wiktionary.org/wiki/%E7%80%91%E5%B8%83#Chinese. Mandarin: pùbù,bàobù.",noun,waterfall a flow of water over the edge of a cliff,,,
wt:火把:0,火把,huōi-bā,,,,Imported from Wiktionary (CC BY-SA 4.0): https://en.wiktionary.org/wiki/%E7%81%AB%E6%8A%8A#Chinese. Mandarin: huǒbǎ.,noun,torch stick with a flame on one end,,,
wt:瀉藥:0,瀉藥,siá-iŏh,,,,"Imported from Wiktionary (CC BY-SA 4.0): https://en.wiktionary.org/wiki/%E7%80%89%E8%97%A5#Chinese. Mandarin: xièyào,er=y.",noun,cathartic; laxative,泻药,,
wt:濟世:0,濟世,cá̤-sié,,,,Imported from Wiktionary (CC BY-SA 4.0): https://en.wiktionary.org/wiki/%E6%BF%9F%E4%B8%96#Chinese. Mandarin: jìshì.,verb,to benefit mankind; to save the world,济世,,
wt:瀾遮:0,瀾遮,lāng-ciă,,,,Imported from Wiktionary (CC BY-SA 4.0): https://en.wiktionary.org/wiki/%E7%80%BE%E9%81%AE#Chinese.,noun,bib item of clothing for babies,澜遮,,
wt:灘塗:0,灘塗,tăng-tù,,,,Imported from Wiktionary (CC BY-SA 4.0): https://en.wiktionary.org/wiki/%E7%81%98%E5%A1%97#Chinese. Mandarin: tāntú.,noun,tidal flat,滩涂,,
wt:濫𡞟:0,濫𡞟,lâng-buâng,,,,Imported from Wiktionary (CC BY-SA 4.0): https://en.wiktionary.org/wiki/%E6%BF%AB%F0%A1%9E%9F#Chinese.,adjective,"dirty of clothes, etc.",滥𡞟,,
wt:火雞:0,火雞,huōi-giĕ,,,,Imported from Wiktionary (CC BY-SA 4.0): https://en.wiktionary.org/wiki/%E7%81%AB%E9%9B%9E#Chinese. Mandarin: huǒjī.,noun,turkey Meleagris genus,火鸡,,
wt:火雞:0,火雞,huōi-giĕ,,,,,noun,cassowary Casuarius genus,火鸡,,
wt:火雞:0,火雞,huōi-giĕ,,,,,noun,(Guangxi Yue) lighter,火鸡,,
wt:火車:0,火車,huōi-chiă,,,,"Imported from Wiktionary (CC BY-SA 4.0): https://en.wiktionary.org/wiki/%E7%81%AB%E8%BB%8A#Chinese. Mandarin: huǒchē,er=y.",noun,train,火车,,
wt:火車:0,火車,huōi-chiă,,,,,noun,(historical) combat chariot carrying equipment for attack by fire,火车,,
wt:火車:0,火車,huōi-chiă,,,,,noun,(Buddhism) fiery chariot that sends a sinner to hell,火车,,
wt:灶前:0,灶前,cáu-sèng,,,,Imported from Wiktionary (CC BY-SA 4.0): https://en.wiktionary.org/wiki/%E7%81%B6%E5%89%8D#Chinese.,noun,kitchen,,,
wt:火鉗:0,火鉗,huōi-kìng,,,,Imported from Wiktionary (CC BY-SA 4.0): https://en.wiktionary.org/wiki/%E7%81%AB%E9%89%97#Chinese. Mandarin: huǒqián.,noun,fire tongs,火钳,,
wt:火盆:0,火盆,huōi-buòng,,,,Imported from Wiktionary (CC BY-SA 4.0): https://en.wiktionary.org/wiki/%E7%81%AB%E7%9B%86#Chinese. Mandarin: huǒpén.,noun,brazier,,,
wt:灶君:0,灶君,cáu-gŭng,,,,Imported from Wiktionary (CC BY-SA 4.0): https://en.wiktionary.org/wiki/%E7%81%B6%E5%90%9B#Chinese. Mandarin: zàojūn.,noun,(Chinese folk religion) kitchen god,,,
wt:火箸:0,火箸,huōi-dê̤ṳ,,,,Imported from Wiktionary (CC BY-SA 4.0): https://en.wiktionary.org/wiki/%E7%81%AB%E7%AE%B8#Chinese. Mandarin: huǒzhù.,noun,fire tongs,,,
wt:火燒厝:0,火燒厝,huōi-siĕu-chió,,,,Imported from Wiktionary (CC BY-SA 4.0): https://en.wiktionary.org/wiki/%E7%81%AB%E7%87%92%E5%8E%9D#Chinese.,verb,(of a house) to be on fire,火烧厝,,
wt:火籠:0,火籠,huōi-lè̤ng,,,,Imported from Wiktionary (CC BY-SA 4.0): https://en.wiktionary.org/wiki/%E7%81%AB%E7%B1%A0#Chinese. Mandarin: huǒlóng.,noun,handwarmer,火笼,,
wt:火爿:0,火爿,huōi-bèng,,,,Imported from Wiktionary (CC BY-SA 4.0): https://en.wiktionary.org/wiki/%E7%81%AB%E7%88%BF#Chinese.,noun,火,,,
wt:灶墘:0,灶墘,cáu-gièng,,,,Imported from Wiktionary (CC BY-SA 4.0): https://en.wiktionary.org/wiki/%E7%81%B6%E5%A2%98#Chinese.,noun,edge of a kitchen range top,,,
wt:災難:0,災難,căi-nâng,,,,Imported from Wiktionary (CC BY-SA 4.0): https://en.wiktionary.org/wiki/%E7%81%BD%E9%9B%A3#Chinese. Mandarin: zāinàn.,noun,"disaster; calamity; catastrophe (classifier: 場, 次)",灾难,,
wt:炎炎:0,炎炎,ièng-ièng,,,,Imported from Wiktionary (CC BY-SA 4.0): https://en.wiktionary.org/wiki/%E7%82%8E%E7%82%8E#Chinese. Mandarin: yányán.,adjective,flaming; burning,,,
wt:炎熱:0,炎熱,ièng-iĕk,,,,Imported from Wiktionary (CC BY-SA 4.0): https://en.wiktionary.org/wiki/%E7%82%8E%E7%86%B1#Chinese. Mandarin: yánrè.,adjective,(of weather) extremely hot; blistering hot; scorching; blazing; sweltering,炎热,,
wt:炮仗:0,炮仗,páu-tuông,,,,Imported from Wiktionary (CC BY-SA 4.0): https://en.wiktionary.org/wiki/%E7%82%AE%E4%BB%97#Chinese. Mandarin: pàozhang.,noun,firecracker,,,
wt:炊床:0,炊床,chuŏi-sòng,,,,Imported from Wiktionary (CC BY-SA 4.0): https://en.wiktionary.org/wiki/%E7%82%8A%E5%BA%8A#Chinese.,noun,steamer basket,,,
wt:灶雞:0,灶雞,cáu-giĕ,,,,Imported from Wiktionary (CC BY-SA 4.0): https://en.wiktionary.org/wiki/%E7%81%B6%E9%9B%9E#Chinese.,noun,camel cricket,灶鸡,,
wt:炕床:0,炕床,káung-chòng,,,,Imported from Wiktionary (CC BY-SA 4.0): https://en.wiktionary.org/wiki/%E7%82%95%E5%BA%8A#Chinese.,noun,northern Chinese-style heatable brick bed,,,
wt:灶邊:0,灶邊,cáu-biĕng,,,,Imported from Wiktionary (CC BY-SA 4.0): https://en.wiktionary.org/wiki/%E7%81%B6%E9%82%8A#Chinese.,noun,edge of a kitchen range top,灶边,,
wt:灶邊:0,灶邊,cáu-biĕng,,,,,noun,kitchen,灶边,,
wt:烏鴉:0,烏鴉,ŭ-ă,,,,Imported from Wiktionary (CC BY-SA 4.0): https://en.wiktionary.org/wiki/%E7%83%8F%E9%B4%89#Chinese. Mandarin: wūyā.,noun,crow; raven,乌鸦,,
wt:烏龍茶:0,烏龍茶,ŭ-lṳ̀ng-dà,,,,Imported from Wiktionary (CC BY-SA 4.0): https://en.wiktionary.org/wiki/%E7%83%8F%E9%BE%8D%E8%8C%B6#Chinese. Mandarin: wūlóngchá.,noun,oolong tea,乌龙茶,,
wt:烏龜:0,烏龜,ŭ-gŭi,,,,Imported from Wiktionary (CC BY-SA 4.0): https://en.wiktionary.org/wiki/%E7%83%8F%E9%BE%9C#Chinese. Mandarin: wūguī.,noun,turtle; tortoise,乌龟,,
wt:烏龜:0,烏龜,ŭ-gŭi,,,,,noun,(zoology) Mauremys reevesii,乌龟,,
wt:烏龜:0,烏龜,ŭ-gŭi,,,,,noun,(derogatory) cuckold,乌龟,,
wt:烏龜:0,烏龜,ŭ-gŭi,,,,,noun,"(derogatory) incompetent, irresponsible person",乌龟,,
wt:烘火:0,烘火,hĕ̤ng-huōi,,,,Imported from Wiktionary (CC BY-SA 4.0): https://en.wiktionary.org/wiki/%E7%83%98%E7%81%AB#Chinese.,verb,to warm oneself by a fire,,,
wt:然後:0,然後,iòng-âu,,,,Imported from Wiktionary (CC BY-SA 4.0): https://en.wiktionary.org/wiki/%E7%84%B6%E5%BE%8C#Chinese. Mandarin: ránhòu.,,then; after that; afterwards; and,然后,,
wt:無知:0,無知,ù-dĭ,,,,Imported from Wiktionary (CC BY-SA 4.0): https://en.wiktionary.org/wiki/%E7%84%A1%E7%9F%A5#Chinese. Mandarin: wúzhī.,verb,to be ignorant,无知,,
wt:無事:0,無事,mò̤-dâi,,,,Imported from Wiktionary (CC BY-SA 4.0): https://en.wiktionary.org/wiki/%E7%84%A1%E4%BA%8B#Chinese. Mandarin: wúshì. Other readings: ù-sê̤ṳ.,verb,to have nothing to do; to be free,无事,,
wt:無事:0,無事,mò̤-dâi,,,,,verb,to be OK; to be all right; to be out of danger or trouble; to be fine,无事,,
wt:無心:0,無心,ù-sĭng,,,,Imported from Wiktionary (CC BY-SA 4.0): https://en.wiktionary.org/wiki/%E7%84%A1%E5%BF%83#Chinese. Mandarin: wúxīn.,adjective,without the desire or intention; unwitting,无心,,
wt:無心:0,無心,ù-sĭng,,,,,adverb,accidentally; inadvertently; unwittingly,无心,,
wt:無心:0,無心,ù-sĭng,,,,,adverb,not in the mood to,无心,,
wt:無心:0,無心,ù-sĭng,,,,,noun,(Buddhism) state of no-mindness,无心,,
wt:無要緊:0,無要緊,mò̤-iéu-gīng,,,,Imported from Wiktionary (CC BY-SA 4.0): https://en.wiktionary.org/wiki/%E7%84%A1%E8%A6%81%E7%B7%8A#Chinese.,particle,no problem; it doesn't matter; never mind,无要紧,,
wt:無數:0,無數,ù-só,,,,Imported from Wiktionary (CC BY-SA 4.0): https://en.wiktionary.org/wiki/%E7%84%A1%E6%95%B8#Chinese. Mandarin: wúshù.,adjective,innumerable; countless,无数,,
wt:無數:0,無數,ù-só,,,,,verb,to not know for certain,无数,,
wt:無禮:0,無禮,ù-lā̤,,,,Imported from Wiktionary (CC BY-SA 4.0): https://en.wiktionary.org/wiki/%E7%84%A1%E7%A6%AE#Chinese. Mandarin: wúlǐ.,verb,(formal) to lack courtesy; to show disrespect,无礼,,
wt:無禮:0,無禮,ù-lā̤,,,,,adjective,(formal) impolite; discourteous; disrespectful,无礼,,
wt:無花果:0,無花果,ù-huă-guō,,,,Imported from Wiktionary (CC BY-SA 4.0): https://en.wiktionary.org/wiki/%E7%84%A1%E8%8A%B1%E6%9E%9C#Chinese. Mandarin: wúhuāguǒ.,noun,fig,无花果,,
wt:無故:0,無故,ù-gó,,,,Imported from Wiktionary (CC BY-SA 4.0): https://en.wiktionary.org/wiki/%E7%84%A1%E6%95%85#Chinese. Mandarin: wúgù.,adverb,for no reason; without a reason,无故,,
wt:無名指:0,無名指,mò̤-miàng-cāi,,,,Imported from Wiktionary (CC BY-SA 4.0): https://en.wiktionary.org/wiki/%E7%84%A1%E5%90%8D%E6%8C%87#Chinese. Mandarin: wúmíngzhǐ.,noun,ring finger,无名指,,
wt:焚化:0,焚化,hùng-huá,,,,Imported from Wiktionary (CC BY-SA 4.0): https://en.wiktionary.org/wiki/%E7%84%9A%E5%8C%96#Chinese. Mandarin: fénhuà.,verb,to cremate; to incinerate a body,,,
wt:煮飯:0,煮飯,cṳ̄-buông,,,,Imported from Wiktionary (CC BY-SA 4.0): https://en.wiktionary.org/wiki/%E7%85%AE%E9%A3%AF#Chinese. Mandarin: zhǔfàn.,verb,to cook,煮饭,,
wt:無妨:0,無妨,ù-huòng,,,,Imported from Wiktionary (CC BY-SA 4.0): https://en.wiktionary.org/wiki/%E7%84%A1%E5%A6%A8#Chinese. Mandarin: wúfáng.,verb,would have no harm; there is no harm (in); might as well,无妨,,
wt:無能耐:0,無能耐,mò̤-niĕng-nài,,,,Imported from Wiktionary (CC BY-SA 4.0): https://en.wiktionary.org/wiki/%E7%84%A1%E8%83%BD%E8%80%90#Chinese. Pronounced ài. Other readings: mò̤-niĕ-nài>ài.,verb,to not be able to; cannot,无能耐,,
wt:無能耐:0,無能耐,mò̤-niĕng-nài,,,,,verb,to not feel well,无能耐,,
wt:無能耐:0,無能耐,mò̤-niĕng-nài,,,,,adverb,terribly; awfully; extremely,无能耐,,
wt:無大無細:0,無大無細,mò̤-duâi-mò̤-sá̤,,,,Imported from Wiktionary (CC BY-SA 4.0): https://en.wiktionary.org/wiki/%E7%84%A1%E5%A4%A7%E7%84%A1%E7%B4%B0#Chinese.,phrase,to have no sense of who is senior and who is junior; to show no respect to elders,无大无细,,
wt:無閒:0,無閒,mò̤-èng,,,,Imported from Wiktionary (CC BY-SA 4.0): https://en.wiktionary.org/wiki/%E7%84%A1%E9%96%92#Chinese.,adjective,busy; having no free time,无闲,,
wt:無去:0,無去,mò̤ kó̤,,,,Imported from Wiktionary (CC BY-SA 4.0): https://en.wiktionary.org/wiki/%E7%84%A1%E5%8E%BB#Chinese. Pronounced ó̤.,verb,to disappear; to be lost; to be misplaced,无去,,
wt:無奶囝:0,無奶囝,mò̤-nā̤-giāng,,,,Imported from Wiktionary (CC BY-SA 4.0): https://en.wiktionary.org/wiki/%E7%84%A1%E5%A5%B6%E5%9B%9D#Chinese.,noun,orphan,无奶囝,,
wt:無名信:0,無名信,mò̤-miàng-séng,,,,"Imported from Wiktionary (CC BY-SA 4.0): https://en.wiktionary.org/wiki/%E7%84%A1%E5%90%8D%E4%BF%A1#Chinese. Mandarin: wúmíngxìn,er=2.",noun,anonymous letter,无名信,,
wt:無插:0,無插,mò̤-chák,,,,Imported from Wiktionary (CC BY-SA 4.0): https://en.wiktionary.org/wiki/%E7%84%A1%E6%8F%92#Chinese.,verb,to not care; to ignore,无插,,
wt:熱天:0,熱天,iĕk-tiĕng,,,,"Imported from Wiktionary (CC BY-SA 4.0): https://en.wiktionary.org/wiki/%E7%86%B1%E5%A4%A9#Chinese. Mandarin: rètiān,er=y.",noun,hot day,热天,,
wt:熱天:0,熱天,iĕk-tiĕng,,,,,noun,hot weather,热天,,
wt:熱天:0,熱天,iĕk-tiĕng,,,,,noun,summer,热天,,
wt:照顧:0,照顧,ciéu-gó,,,,"Imported from Wiktionary (CC BY-SA 4.0): https://en.wiktionary.org/wiki/%E7%85%A7%E9%A1%A7#Chinese. Mandarin: zhàogù,tl=y.",verb,to take into consideration; to consider,照顾,,
wt:照顧:0,照顧,ciéu-gó,,,,,verb,to give special or preferential treatment,照顾,,
wt:照顧:0,照顧,ciéu-gó,,,,,verb,to look after; to take care of; to care for; to attend to,照顾,,
wt:照顧:0,照顧,ciéu-gó,,,,,verb,to frequent as a customer; to patronise,照顾,,
wt:熨斗:0,熨斗,ók,,,,"Imported from Wiktionary (CC BY-SA 4.0): https://en.wiktionary.org/wiki/%E7%86%A8%E6%96%97#Chinese. Mandarin: yùndǒu,er=y. Pronounced úk-dāu.",noun,iron for pressing clothes,,,
wt:煙筒:0,煙筒,iĕng-dè̤ng,,,,"Imported from Wiktionary (CC BY-SA 4.0): https://en.wiktionary.org/wiki/%E7%85%99%E7%AD%92#Chinese. Mandarin: yāntǒng,tl=y.",noun,chimney; stovepipe; smokestack,烟筒,,
wt:熟語:0,熟語,sṳ̆k-ngṳ̄,,,,Imported from Wiktionary (CC BY-SA 4.0): https://en.wiktionary.org/wiki/%E7%86%9F%E8%AA%9E#Chinese. Mandarin: 熟yǔ.,noun,idiom,熟语,,
wt:燒酒:0,燒酒,siĕu-ciū,,,,Imported from Wiktionary (CC BY-SA 4.0): https://en.wiktionary.org/wiki/%E7%87%92%E9%85%92#Chinese. Mandarin: shāojiǔ.,noun,a type of alcoholic beverage during the Tang dynasty,烧酒,,
wt:燒酒:0,燒酒,siĕu-ciū,,,,,noun,shaojiu; (East Asian) spirits,烧酒,,
wt:燒酒:0,燒酒,siĕu-ciū,,,,,verb,to make an alcoholic beverage,烧酒,,
wt:熱水器:0,熱水器,iĕk-cūi-ké,,,,Imported from Wiktionary (CC BY-SA 4.0): https://en.wiktionary.org/wiki/%E7%86%B1%E6%B0%B4%E5%99%A8#Chinese. Mandarin: rèshuǐqì.,noun,hot water heater for domestic use; geyser,热水器,,
wt:燈籠:0,燈籠,dĕng-lè̤ng,,,,"Imported from Wiktionary (CC BY-SA 4.0): https://en.wiktionary.org/wiki/%E7%87%88%E7%B1%A0#Chinese. Mandarin: dēnglóng,tl=y.",noun,Chinese lantern (classifier: 盞),灯笼,,
wt:燒賣:0,燒賣,siĕu-mâi,,,,Imported from Wiktionary (CC BY-SA 4.0): https://en.wiktionary.org/wiki/%E7%87%92%E8%B3%A3#Chinese. Mandarin: shāomài.,noun,shumai,烧卖,,
wt:爛泥:0,爛泥,lâng-nà̤,,,,Imported from Wiktionary (CC BY-SA 4.0): https://en.wiktionary.org/wiki/%E7%88%9B%E6%B3%A5#Chinese. Mandarin: lànní.,noun,mud; slush; ooze; mire,烂泥,,
wt:燒香:0,燒香,siĕu-hiŏng,,,,"Imported from Wiktionary (CC BY-SA 4.0): https://en.wiktionary.org/wiki/%E7%87%92%E9%A6%99#Chinese. Mandarin: shāoxiāng,er=y.",verb,(religion) to burn incense before an altar of an idol or an ancestor,烧香,,
wt:燒香:0,燒香,siĕu-hiŏng,,,,,verb,(figurative) to bribe,烧香,,
wt:燕皮:0,燕皮,iéng puòi,,,,Imported from Wiktionary (CC BY-SA 4.0): https://en.wiktionary.org/wiki/%E7%87%95%E7%9A%AE#Chinese. Mandarin: yànpí.,noun,yanpi a wonton wrapper made out of ground meat and starch,,,
wt:熱水壺:0,熱水壺,iĕk-cūi-ù,,,,Imported from Wiktionary (CC BY-SA 4.0): https://en.wiktionary.org/wiki/%E7%86%B1%E6%B0%B4%E5%A3%BA#Chinese. Mandarin: rèshuǐhú.,noun,thermos; vacuum flask,热水壶,,
wt:燕鳥:0,燕鳥,iéng-cēu,,,,Imported from Wiktionary (CC BY-SA 4.0): https://en.wiktionary.org/wiki/%E7%87%95%E9%B3%A5#Chinese.,noun,swallow bird,燕鸟,,
wt:熬眠:0,熬眠,ngò̤-mìng,,,,Imported from Wiktionary (CC BY-SA 4.0): https://en.wiktionary.org/wiki/%E7%86%AC%E7%9C%A0#Chinese.,verb,to stay up late or all night,,,
wt:爆燃:0,爆燃,bŭk-iòng,,,,Imported from Wiktionary (CC BY-SA 4.0): https://en.wiktionary.org/wiki/%E7%88%86%E7%87%83#Chinese. Mandarin: bàorán.,verb,to deflagrate,,,
wt:爽快:0,爽快,sōng-kuái,,,,"Imported from Wiktionary (CC BY-SA 4.0): https://en.wiktionary.org/wiki/%E7%88%BD%E5%BF%AB#Chinese. Mandarin: shuǎngkuài,tl=y.",adjective,frank; open; outright; straightforward,,,
wt:爽快:0,爽快,sōng-kuái,,,,,adjective,refreshed; comfortable,,,
wt:爽快:0,爽快,sōng-kuái,,,,,adjective,happy; cheerful; in good spirits,,,
wt:爽快:0,爽快,sōng-kuái,,,,,adjective,interesting,,,
wt:爽快:0,爽快,sōng-kuái,,,,,adverb,readily; with alacrity,,,
wt:爸奶:0,爸奶,bâ-nā̤,,,,Imported from Wiktionary (CC BY-SA 4.0): https://en.wiktionary.org/wiki/%E7%88%B8%E5%A5%B6#Chinese.,noun,parents,,,
wt:爽適:0,爽適,sōng-sék,,,,Imported from Wiktionary (CC BY-SA 4.0): https://en.wiktionary.org/wiki/%E7%88%BD%E9%81%A9#Chinese.,adjective,comfortable; cozy; snug,爽适,,
wt:版本:0,版本,bāng-buōng,,,,Imported from Wiktionary (CC BY-SA 4.0): https://en.wiktionary.org/wiki/%E7%89%88%E6%9C%AC#Chinese. Mandarin: bǎnběn.,noun,version (classifier: 個),,,
wt:版本:0,版本,bāng-buōng,,,,,noun,(publishing) edition work published by a certain editor or in a certain manner (classifier: 個),,,
wt:牙齒:0,牙齒,ngāi,,,,Imported from Wiktionary (CC BY-SA 4.0): https://en.wiktionary.org/wiki/%E7%89%99%E9%BD%92#Chinese. Mandarin: yáchǐ. Other readings: ngà-kī.,noun,(anatomy) tooth,牙齿,,
wt:牙刷:0,牙刷,ngāi-sáuk,,,,"Imported from Wiktionary (CC BY-SA 4.0): https://en.wiktionary.org/wiki/%E7%89%99%E5%88%B7#Chinese. Mandarin: yáshuā,er=y.",noun,toothbrush,,,
wt:牙膏:0,牙膏,ngāi-gŏ̤,,,,"Imported from Wiktionary (CC BY-SA 4.0): https://en.wiktionary.org/wiki/%E7%89%99%E8%86%8F#Chinese. Mandarin: yágāo,er=y.",noun,toothpaste,,,
wt:版圖:0,版圖,bāng-dù,,,,Imported from Wiktionary (CC BY-SA 4.0): https://en.wiktionary.org/wiki/%E7%89%88%E5%9C%96#Chinese. Mandarin: bǎntú.,noun,household registers and maps; population and territory,版图,,
wt:版圖:0,版圖,bāng-dù,,,,,noun,domain; dominion; territory,版图,,
wt:牙齦:0,牙齦,ngāi-ngṳ̀ng,,,,Imported from Wiktionary (CC BY-SA 4.0): https://en.wiktionary.org/wiki/%E7%89%99%E9%BD%A6#Chinese. Mandarin: yáyín.,noun,(anatomy) gum,牙龈,,
wt:牙齦:0,牙齦,ngāi-ngṳ̀ng,,,,,noun,dental plaque,牙龈,,
wt:牌坊:0,牌坊,bà̤-huŏng,,,,"Imported from Wiktionary (CC BY-SA 4.0): https://en.wiktionary.org/wiki/%E7%89%8C%E5%9D%8A#Chinese. Mandarin: páifāng,tl=y.",noun,(architecture) paifang traditional style of Chinese architectural arch or gateway structure,,,
wt:牙蛀:0,牙蛀,ngāi ciéu,,,,Imported from Wiktionary (CC BY-SA 4.0): https://en.wiktionary.org/wiki/%E7%89%99%E8%9B%80#Chinese.,noun,dental caries; tooth decay,,,
wt:牙罐:0,牙罐,ngāi-guáng,,,,Imported from Wiktionary (CC BY-SA 4.0): https://en.wiktionary.org/wiki/%E7%89%99%E7%BD%90#Chinese.,noun,mug for mouth-rinsing or tooth-cleaning; tooth mug,,,
wt:牙齪:0,牙齪,ngāi-ché̤ṳk,,,,Imported from Wiktionary (CC BY-SA 4.0): https://en.wiktionary.org/wiki/%E7%89%99%E9%BD%AA#Chinese.,noun,(anatomy) dental plaque,牙龊,,
wt:牙座:0,牙座,ngāi-cô̤,,,,Imported from Wiktionary (CC BY-SA 4.0): https://en.wiktionary.org/wiki/%E7%89%99%E5%BA%A7#Chinese.,noun,gum flesh around teeth,,,
wt:牙箸:0,牙箸,ngà-dê̤ṳ,,,,Imported from Wiktionary (CC BY-SA 4.0): https://en.wiktionary.org/wiki/%E7%89%99%E7%AE%B8#Chinese.,noun,ivory chopsticks,,,
wt:牙醬:0,牙醬,ngāi-cuóng,,,,Imported from Wiktionary (CC BY-SA 4.0): https://en.wiktionary.org/wiki/%E7%89%99%E9%86%AC#Chinese.,noun,(old-style) toothpaste,牙酱,,
wt:牛肉:0,牛肉,ngù-nṳ̆k,,,,Imported from Wiktionary (CC BY-SA 4.0): https://en.wiktionary.org/wiki/%E7%89%9B%E8%82%89#Chinese. Mandarin: niúròu.,noun,beef,,,
wt:牛奶:0,牛奶,ngù-nèng,,,,Imported from Wiktionary (CC BY-SA 4.0): https://en.wiktionary.org/wiki/%E7%89%9B%E5%A5%B6#Chinese. Mandarin: niúnǎi.,noun,cow's milk,,,
wt:特別:0,特別,dĕk-biék,,,,Imported from Wiktionary (CC BY-SA 4.0): https://en.wiktionary.org/wiki/%E7%89%B9%E5%88%A5#Chinese. Mandarin: tèbié.,adjective,special,特别,,
wt:特別:0,特別,dĕk-biék,,,,,adverb,especially; particularly,特别,,
wt:特別:0,特別,dĕk-biék,,,,,adverb,specially; purposely,特别,,
wt:特別:0,特別,dĕk-biék,,,,,adverb,extremely; very; highly,特别,,
wt:物質:0,物質,ŭk-cék,,,,"Imported from Wiktionary (CC BY-SA 4.0): https://en.wiktionary.org/wiki/%E7%89%A9%E8%B3%AA#Chinese. Mandarin: wù質,tl=y.",noun,matter; material; substance,物质,,
wt:物質:0,物質,ŭk-cék,,,,,noun,means of subsistence; livelihood; wealth,物质,,
wt:物質:0,物質,ŭk-cék,,,,,adjective,materialistic,物质,,
wt:牲畜:0,牲畜,sĕng-hé̤ṳk,,,,Imported from Wiktionary (CC BY-SA 4.0): https://en.wiktionary.org/wiki/%E7%89%B2%E7%95%9C#Chinese. Mandarin: shēngchù.,noun,livestock; domestic animals,,,
wt:牧師:0,牧師,mŭk-sṳ̆,,,,"Imported from Wiktionary (CC BY-SA 4.0): https://en.wiktionary.org/wiki/%E7%89%A7%E5%B8%AB#Chinese. Mandarin: mùshī,tl=y.",noun,"(Protestantism) pastor (usually ordained); minister; Reverend; clergyman; priest; chaplain (classifier: 個, 位)",牧师,,
wt:牢牢:0,牢牢,lò̤-lò̤,,,,Imported from Wiktionary (CC BY-SA 4.0): https://en.wiktionary.org/wiki/%E7%89%A2%E7%89%A2#Chinese. Mandarin: láoláo.,adjective,firm,,,
wt:牢牢:0,牢牢,lò̤-lò̤,,,,,adjective,safe; reliable,,,
wt:牢牢:0,牢牢,lò̤-lò̤,,,,,adjective,boundless; vast,,,
wt:牢牢:0,牢牢,lò̤-lò̤,,,,,adverb,all along; always; constantly; long; the entire time,,,
wt:牛筋:0,牛筋,ngù-gṳ̆ng,,,,Imported from Wiktionary (CC BY-SA 4.0): https://en.wiktionary.org/wiki/%E7%89%9B%E7%AD%8B#Chinese. Mandarin: niújīn.,noun,tendon or ligament of cattle (often as food),,,
wt:牛筋:0,牛筋,ngù-gṳ̆ng,,,,,noun,rubber band; elastic band,,,
wt:牛筋:0,牛筋,ngù-gṳ̆ng,,,,,adjective,(figurative) stubborn,,,
wt:牛母:0,牛母,ngù-mō̤,,,,Imported from Wiktionary (CC BY-SA 4.0): https://en.wiktionary.org/wiki/%E7%89%9B%E6%AF%8D#Chinese.,noun,female cow,,,
wt:牛舌:0,牛舌,ngù-siĕk,,,,Imported from Wiktionary (CC BY-SA 4.0): https://en.wiktionary.org/wiki/%E7%89%9B%E8%88%8C#Chinese. Mandarin: niúshé.,noun,ox tongue,,,
wt:牛囝:0,牛囝,ngù-giāng,,,,Imported from Wiktionary (CC BY-SA 4.0): https://en.wiktionary.org/wiki/%E7%89%9B%E5%9B%9D#Chinese.,noun,(Yongchun) calf young cow or bull,,,
wt:牛犅:0,牛犅,ngù-gē̤ng,,,,Imported from Wiktionary (CC BY-SA 4.0): https://en.wiktionary.org/wiki/%E7%89%9B%E7%8A%85#Chinese.,noun,bull,牛𰠫,,
wt:牛犅:0,牛犅,ngù-gē̤ng,,,,,noun,bullock; steer,牛𰠫,,
wt:牛肚:0,牛肚,ngù-dô,,,,Imported from Wiktionary (CC BY-SA 4.0): https://en.wiktionary.org/wiki/%E7%89%9B%E8%82%9A#Chinese. Mandarin: niúdǔ.,noun,tripe; cow stomach,,,
wt:牛屎龜:0,牛屎龜,ngù-sāi-gŭi,,,,Imported from Wiktionary (CC BY-SA 4.0): https://en.wiktionary.org/wiki/%E7%89%9B%E5%B1%8E%E9%BE%9C#Chinese.,noun,dung beetle,牛屎龟,,
wt:牛奶膏:0,牛奶膏,ngù-nèng-gŏ̤,,,,Imported from Wiktionary (CC BY-SA 4.0): https://en.wiktionary.org/wiki/%E7%89%9B%E5%A5%B6%E8%86%8F#Chinese.,noun,condensed milk,,,
wt:牛母牛囝:0,牛母牛囝,ngù-mō̤-ngù-giāng,,,,Imported from Wiktionary (CC BY-SA 4.0): https://en.wiktionary.org/wiki/%E7%89%9B%E6%AF%8D%E7%89%9B%E5%9B%9D#Chinese.,noun,snail,,,
wt:牛囝褲:0,牛囝褲,ngù-giāng-kó,,,,Imported from Wiktionary (CC BY-SA 4.0): https://en.wiktionary.org/wiki/%E7%89%9B%E5%9B%9D%E8%A4%B2#Chinese.,noun,jeans; blue jeans,牛囝裤,,
wt:牛奶油:0,牛奶油,ngù-nèng-ièu,,,,Imported from Wiktionary (CC BY-SA 4.0): https://en.wiktionary.org/wiki/%E7%89%9B%E5%A5%B6%E6%B2%B9#Chinese.,noun,butter,,,
wt:牛喙舌:0,牛喙舌,ngù-ché̤ṳ-siĕk,,,,Imported from Wiktionary (CC BY-SA 4.0): https://en.wiktionary.org/wiki/%E7%89%9B%E5%96%99%E8%88%8C#Chinese.,noun,ox tongue food,,,
wt:犯人:0,犯人,huâng-nè̤ng,,,,Imported from Wiktionary (CC BY-SA 4.0): https://en.wiktionary.org/wiki/%E7%8A%AF%E4%BA%BA#Chinese. Mandarin: fànrén.,noun,criminal,,,
wt:犯人:0,犯人,huâng-nè̤ng,,,,,noun,convict; prisoner,,,
wt:犯罪:0,犯罪,huâng-cô̤i,,,,Imported from Wiktionary (CC BY-SA 4.0): https://en.wiktionary.org/wiki/%E7%8A%AF%E7%BD%AA#Chinese. Mandarin: fànzuì.,verb,(intransitive) to commit a crime,,,
wt:犯罪:0,犯罪,huâng-cô̤i,,,,,verb,"(religion, intransitive) to sin",,,
wt:犯罪:0,犯罪,huâng-cô̤i,,,,,adjective,"(medicine, attributive) culprit (vessel, lesion, etc.)",,,
wt:犯罪學:0,犯罪學,huâng-cô̤i-hŏk,,,,Imported from Wiktionary (CC BY-SA 4.0): https://en.wiktionary.org/wiki/%E7%8A%AF%E7%BD%AA%E5%AD%B8#Chinese. Mandarin: fànzuìxué.,noun,criminology,犯罪学,,
wt:特指:0,特指,dĕk-cī,,,,Imported from Wiktionary (CC BY-SA 4.0): https://en.wiktionary.org/wiki/%E7%89%B9%E6%8C%87#Chinese. Mandarin: tèzhǐ.,verb,to refer in particular to; to refer specifically to,,,
wt:特意:0,特意,dĭk-é,,,,Imported from Wiktionary (CC BY-SA 4.0): https://en.wiktionary.org/wiki/%E7%89%B9%E6%84%8F#Chinese. Mandarin: tèyì.,adverb,specially; purposely,,,
wt:特區:0,特區,dĕk-kṳ̆,,,,Imported from Wiktionary (CC BY-SA 4.0): https://en.wiktionary.org/wiki/%E7%89%B9%E5%8D%80#Chinese. Mandarin: tèqū.,noun,special zone; special area,特区,,
wt:特區:0,特區,dĕk-kṳ̆,,,,,noun,special administrative region or zone within a country,特区,,
wt:犬囝:0,犬囝,kēng-giāng,,,,Imported from Wiktionary (CC BY-SA 4.0): https://en.wiktionary.org/wiki/%E7%8A%AC%E5%9B%9D#Chinese.,noun,puppy,,,
wt:犬囝:0,犬囝,kēng-giāng,,,,,noun,dog in general,,,
wt:牽手:0,牽手,kĕng-chiū,,,,"Imported from Wiktionary (CC BY-SA 4.0): https://en.wiktionary.org/wiki/%E7%89%BD%E6%89%8B#Chinese. Mandarin: qiānshǒu,er=y.",verb,to hold hands; to lead by the hand,牵手,,
wt:牽手:0,牽手,kĕng-chiū,,,,,verb,(figurative) to join hands; to act together,牵手,,
wt:牽連:0,牽連,kĕng-lièng,,,,Imported from Wiktionary (CC BY-SA 4.0): https://en.wiktionary.org/wiki/%E7%89%BD%E9%80%A3#Chinese. Mandarin: qiānlián.,verb,to involve in trouble; to implicate,牵连,,
wt:牽連:0,牽連,kĕng-lièng,,,,,verb,to tie up with; to integrate with,牵连,,
wt:特大:0,特大,dĕk-duâi,,,,Imported from Wiktionary (CC BY-SA 4.0): https://en.wiktionary.org/wiki/%E7%89%B9%E5%A4%A7#Chinese. Mandarin: tèdà.,adjective,of an exceptionally large size or scale; extra large; mega-; catastrophic,,,
wt:特級:0,特級,dĕk-ngék,,,,Imported from Wiktionary (CC BY-SA 4.0): https://en.wiktionary.org/wiki/%E7%89%B9%E7%B4%9A#Chinese. Mandarin: tèjí.,adjective,(attributive) top quality; superior grade; superfine,特级,,
wt:犬母:0,犬母,kēng-mō̤,,,,Imported from Wiktionary (CC BY-SA 4.0): https://en.wiktionary.org/wiki/%E7%8A%AC%E6%AF%8D#Chinese.,noun,female dog,,,
wt:犬母:0,犬母,kēng-mō̤,,,,,noun,(derogatory) bitch,,,
wt:犬公:0,犬公,kēng-gē̤ng,,,,Imported from Wiktionary (CC BY-SA 4.0): https://en.wiktionary.org/wiki/%E7%8A%AC%E5%85%AC#Chinese.,noun,male dog,,,
wt:犬雄:0,犬雄,kēng-hṳ̀ng,,,,Imported from Wiktionary (CC BY-SA 4.0): https://en.wiktionary.org/wiki/%E7%8A%AC%E9%9B%84#Chinese.,noun,male dog,,,
wt:犬宿:0,犬宿,kēng,,,,Imported from Wiktionary (CC BY-SA 4.0): https://en.wiktionary.org/wiki/%E7%8A%AC%E5%AE%BF#Chinese. Pronounced kèng-*siéu.,noun,kennel; doghouse,,,
wt:犬角:0,犬角,kēng-gáe̤k,,,,Imported from Wiktionary (CC BY-SA 4.0): https://en.wiktionary.org/wiki/%E7%8A%AC%E8%A7%92#Chinese.,noun,male dog,,,
wt:犬港:0,犬港,kēng-gē̤ng,,,,Imported from Wiktionary (CC BY-SA 4.0): https://en.wiktionary.org/wiki/%E7%8A%AC%E6%B8%AF#Chinese.,noun,male dog,,,
wt:犬囝囝:0,犬囝囝,kēng-giāng,,,,Imported from Wiktionary (CC BY-SA 4.0): https://en.wiktionary.org/wiki/%E7%8A%AC%E5%9B%9D%E5%9B%9D#Chinese. Pronounced iāng*-giāng.,noun,extremely young puppy,,,
wt:犬尾秮:0,犬尾秮,kēng-muōi-dăi,,,,Imported from Wiktionary (CC BY-SA 4.0): https://en.wiktionary.org/wiki/%E7%8A%AC%E5%B0%BE%E7%A7%AE#Chinese.,noun,foxtail millet Setaria italica species,,,
wt:牽絲爿:0,牽絲爿,kĕng-sĭ-bèng,,,,Imported from Wiktionary (CC BY-SA 4.0): https://en.wiktionary.org/wiki/%E7%89%BD%E7%B5%B2%E7%88%BF#Chinese.,noun,(Xianyou) 糹,牵丝爿,,
wt:犬豚囝:0,犬豚囝,kēng-tòng-giāng,,,,Imported from Wiktionary (CC BY-SA 4.0): https://en.wiktionary.org/wiki/%E7%8A%AC%E8%B1%9A%E5%9B%9D#Chinese.,noun,half-grown puppy that has been raised for a while after weaning,,,
wt:特特:0,特特,dĭk-dĭk,,,,Imported from Wiktionary (CC BY-SA 4.0): https://en.wiktionary.org/wiki/%E7%89%B9%E7%89%B9#Chinese. Mandarin: tètè.,adverb,specially,,,
wt:特特:0,特特,dĭk-dĭk,,,,,adverb,with a clattering sound,,,
wt:狐狸:0,狐狸,hù-lì,,,,"Imported from Wiktionary (CC BY-SA 4.0): https://en.wiktionary.org/wiki/%E7%8B%90%E7%8B%B8#Chinese. Mandarin: húli,húlí,1nb=standard in Mainland and Taiwan,2nb=standard in Taiwan.",noun,fox,,,
wt:狐狸:0,狐狸,hù-lì,,,,,noun,(figurative) sly person; treacherous person,,,
wt:狀態:0,狀態,cáung-tái,,,,Imported from Wiktionary (CC BY-SA 4.0): https://en.wiktionary.org/wiki/%E7%8B%80%E6%85%8B#Chinese. Mandarin: zhuàngtài.,noun,"state of a situation, object, person, etc.; status; condition",状态,,
wt:狐狸精:0,狐狸精,hù-lì-ciăng,,,,Imported from Wiktionary (CC BY-SA 4.0): https://en.wiktionary.org/wiki/%E7%8B%90%E7%8B%B8%E7%B2%BE#Chinese. Mandarin: húlijīng.,noun,(Chinese mythology) hulijing; fox spirit,,,
wt:狐狸精:0,狐狸精,hù-lì-ciăng,,,,,noun,"(figurative, derogatory) woman of easy virtue; woman who seduces a married or otherwise romantically involved man; homewrecker; vixen",,,
wt:狸貓:0,狸貓,lì-mà,,,,Imported from Wiktionary (CC BY-SA 4.0): https://en.wiktionary.org/wiki/%E7%8B%B8%E8%B2%93#Chinese. Mandarin: límāo.,noun,leopard cat (Prionailurus bengalensis species),狸猫,,
wt:狸貓:0,狸貓,lì-mà,,,,,noun,raccoon dog,狸猫,,
wt:狸貓:0,狸貓,lì-mà,,,,,noun,Lihua cat,狸猫,,
wt:狂眠:0,狂眠,kuòng-mìng,,,,Imported from Wiktionary (CC BY-SA 4.0): https://en.wiktionary.org/wiki/%E7%8B%82%E7%9C%A0#Chinese.,verb,to talk in one's sleep; to sleeptalk,,,
wt:猶太:0,猶太,Iù-tái,,,,Imported from Wiktionary (CC BY-SA 4.0): https://en.wiktionary.org/wiki/%E7%8C%B6%E5%A4%AA#Chinese. Mandarin: Yóutài.,adjective,Jewish,犹太,,
wt:獨立:0,獨立,dŭk-lĭk,,,,Imported from Wiktionary (CC BY-SA 4.0): https://en.wiktionary.org/wiki/%E7%8D%A8%E7%AB%8B#Chinese. Mandarin: dúlì.,verb,to be independent; to stand on one's own,独立,,
wt:獨立:0,獨立,dŭk-lĭk,,,,,verb,"(of a country, ethnic group, etc.) to be independent",独立,,
wt:獨立:0,獨立,dŭk-lĭk,,,,,verb,(literal) to stand alone,独立,,
wt:獨立:0,獨立,dŭk-lĭk,,,,,adjective,extraordinary; preeminent,独立,,
wt:獨立:0,獨立,dŭk-lĭk,,,,,adjective,independent; separate,独立,,
wt:猩猩:0,猩猩,sĭng-sĭng,,,,"Imported from Wiktionary (CC BY-SA 4.0): https://en.wiktionary.org/wiki/%E7%8C%A9%E7%8C%A9#Chinese. Mandarin: xīngxing,er=y.",noun,"An unspecified kind of ape; generally assumed to be gibbons or orangutans, since they are the only ones geographically possible. (classifier: 隻)",,,
wt:猩猩:0,猩猩,sĭng-sĭng,,,,,noun,orangutan,,,
wt:猶太人:0,猶太人,Iù-tái-nè̤ng,,,,Imported from Wiktionary (CC BY-SA 4.0): https://en.wiktionary.org/wiki/%E7%8C%B6%E5%A4%AA%E4%BA%BA#Chinese. Mandarin: yóutàirén.,noun,Jew; Jewish person,犹太人,,
wt:猶太教:0,猶太教,Iù-tái-gáu,,,,Imported from Wiktionary (CC BY-SA 4.0): https://en.wiktionary.org/wiki/%E7%8C%B6%E5%A4%AA%E6%95%99#Chinese. Mandarin: Yóutàijiào.,noun,Judaism,犹太教,,
wt:猴蚓:0,猴蚓,gà-gūng,,,,Imported from Wiktionary (CC BY-SA 4.0): https://en.wiktionary.org/wiki/%E7%8C%B4%E8%9A%93#Chinese.,noun,earthworm,,,
wt:獨眼龍:0,獨眼龍,dŭk-ngāng-lṳ̀ng,,,,"Imported from Wiktionary (CC BY-SA 4.0): https://en.wiktionary.org/wiki/%E7%8D%A8%E7%9C%BC%E9%BE%8D#Chinese. Mandarin: dúyǎnlóng,er=2.",noun,(humorous) person blind in one eye,独眼龙,,
wt:猴囝:0,猴囝,gàu-giāng,,,,Imported from Wiktionary (CC BY-SA 4.0): https://en.wiktionary.org/wiki/%E7%8C%B4%E5%9B%9D#Chinese.,noun,monkey,,,
wt:王國:0,王國,uòng-guók,,,,Imported from Wiktionary (CC BY-SA 4.0): https://en.wiktionary.org/wiki/%E7%8E%8B%E5%9C%8B#Chinese. Mandarin: wángguó.,noun,kingdom,王国,,
wt:玫瑰:0,玫瑰,muòi-gói,,,,"Imported from Wiktionary (CC BY-SA 4.0): https://en.wiktionary.org/wiki/%E7%8E%AB%E7%91%B0#Chinese. Mandarin: méigui,méiguī,méiguì,1nb=standard,2nb=colloquial,3nb=non-standard variant.",noun,(botany) rugosa rose (Rosa rugosa species),,,
wt:玫瑰:0,玫瑰,muòi-gói,,,,,noun,hybrid roses for ornamental and edible uses,,,
wt:玫瑰:0,玫瑰,muòi-gói,,,,,noun,花 rose flower,,,
wt:玫瑰:0,玫瑰,muòi-gói,,,,,noun,色 rose colour,,,
wt:玫瑰:0,玫瑰,muòi-gói,,,,,noun,(historical) a kind of beautiful jade,,,
wt:王梨:0,王梨,uòng-lì,,,,Imported from Wiktionary (CC BY-SA 4.0): https://en.wiktionary.org/wiki/%E7%8E%8B%E6%A2%A8#Chinese.,noun,pineapple,,,
wt:獻策:0,獻策,hióng-cháik,,,,Imported from Wiktionary (CC BY-SA 4.0): https://en.wiktionary.org/wiki/%E7%8D%BB%E7%AD%96#Chinese. Mandarin: xiàncè.,verb,to offer advice; to make suggestions,献策,,
wt:王法:0,王法,uòng-huák,,,,Imported from Wiktionary (CC BY-SA 4.0): https://en.wiktionary.org/wiki/%E7%8E%8B%E6%B3%95#Chinese. Mandarin: wángfǎ.,noun,law of the land or the state,,,
wt:玩譽:0,玩譽,nguâng-ê̤ṳ,,,,Imported from Wiktionary (CC BY-SA 4.0): https://en.wiktionary.org/wiki/%E7%8E%A9%E8%AD%BD#Chinese.,verb,to trifle with life; to do dishonorable and scandalous things,玩誉,,
wt:理想:0,理想,lī-siōng,,,,Imported from Wiktionary (CC BY-SA 4.0): https://en.wiktionary.org/wiki/%E7%90%86%E6%83%B3#Chinese. Mandarin: lǐxiǎng.,noun,ideal; dream,,,
wt:理想:0,理想,lī-siōng,,,,,noun,theory,,,
wt:理想:0,理想,lī-siōng,,,,,noun,(math) ideal,,,
wt:理想:0,理想,lī-siōng,,,,,adjective,ideal,,,
wt:現在:0,現在,hiêng-câi,,,,"Imported from Wiktionary (CC BY-SA 4.0): https://en.wiktionary.org/wiki/%E7%8F%BE%E5%9C%A8#Chinese. Mandarin: xiànzài,xiàn'ài,2nb=colloquial.",noun,now; the present time; the present moment; the current time,现在,,
wt:現在:0,現在,hiêng-câi,,,,,noun,this life; this world,现在,,
wt:現在:0,現在,hiêng-câi,,,,,verb,to remain; to still exist,现在,,
wt:現在:0,現在,hiêng-câi,,,,,verb,to be alive,现在,,
wt:現在:0,現在,hiêng-câi,,,,,verb,(formal) to be currently at; to be currently in,现在,,
wt:玻璃:0,玻璃,bŏ̤-là̤,,,,"Imported from Wiktionary (CC BY-SA 4.0): https://en.wiktionary.org/wiki/%E7%8E%BB%E7%92%83#Chinese. Mandarin: bōli,bōlí,1nb=standard in Mainland and Taiwan,2nb=former standard in Mainland,2nc=common variant in Taiwan.",noun,glass,,,
wt:玻璃:0,玻璃,bŏ̤-là̤,,,,,noun,"generic term for any film material with glass-like transparency, such as cellophane, nylon, plastic, etc.",,,
wt:玻璃:0,玻璃,bŏ̤-là̤,,,,,noun,"(Sichuanese, humorous) plain boiled water",,,
wt:玻璃:0,玻璃,bŏ̤-là̤,,,,,noun,(slang) gay person; male homosexual,,,
wt:現金:0,現金,hiêng-gĭng,,,,Imported from Wiktionary (CC BY-SA 4.0): https://en.wiktionary.org/wiki/%E7%8F%BE%E9%87%91#Chinese. Mandarin: xiànjīn.,noun,cash money in the form of notes and coins,现金,,
wt:現金:0,現金,hiêng-gĭng,,,,,noun,"(finance) Liquid assets, money that can be traded quickly, as distinct from assets that are invested and cannot be easily exchanged.",现金,,
wt:現代:0,現代,hiêng-dâi,,,,Imported from Wiktionary (CC BY-SA 4.0): https://en.wiktionary.org/wiki/%E7%8F%BE%E4%BB%A3#Chinese. Mandarin: xiàndài.,noun,modern times,现代,,
wt:現代:0,現代,hiêng-dâi,,,,,adjective,(attributive) modern; contemporary,现代,,
wt:理事:0,理事,lī-sê̤ṳ,,,,Imported from Wiktionary (CC BY-SA 4.0): https://en.wiktionary.org/wiki/%E7%90%86%E4%BA%8B#Chinese. Mandarin: lǐshì.,noun,member of a council; director,,,
wt:理事:0,理事,lī-sê̤ṳ,,,,,verb,to take care of matters; to attend to business,,,
wt:珍珠:0,珍珠,dĭng-ciŏ,,,,Imported from Wiktionary (CC BY-SA 4.0): https://en.wiktionary.org/wiki/%E7%8F%8D%E7%8F%A0#Chinese. Mandarin: zhēnzhū.,noun,pearl gem (classifier: 粒),,,
wt:珍珠:0,珍珠,dĭng-ciŏ,,,,,noun,tapioca pearl (classifier: 粒),,,
wt:珍珠:0,珍珠,dĭng-ciŏ,,,,,noun,(figurative) tear; teardrop,,,
wt:珊瑚:0,珊瑚,săng-hù,,,,Imported from Wiktionary (CC BY-SA 4.0): https://en.wiktionary.org/wiki/%E7%8F%8A%E7%91%9A#Chinese. Mandarin: shānhú. Other readings: dăng-hù.,noun,coral,,,
wt:琉璃:0,琉璃,liù-liè,,,,"Imported from Wiktionary (CC BY-SA 4.0): https://en.wiktionary.org/wiki/%E7%90%89%E7%92%83#Chinese. Mandarin: liúlí,tl=y.",noun,"(originally) a kind of blue and translucent natural precious stone, probably lapis lazuli (however, lapis lazuli is opaque)",,,
wt:琉璃:0,琉璃,liù-liè,,,,,noun,coloured glaze similar to this kind of stone,,,
wt:琉璃:0,琉璃,liù-liè,,,,,noun,lamp made from glass,,,
wt:琉璃:0,琉璃,liù-liè,,,,,noun,(figuratively) any translucent object,,,
wt:理事會:0,理事會,lī-sê̤ṳ-huôi,,,,Imported from Wiktionary (CC BY-SA 4.0): https://en.wiktionary.org/wiki/%E7%90%86%E4%BA%8B%E6%9C%83#Chinese. Mandarin: lǐshìhuì.,noun,council,理事会,,
wt:現時:0,現時,hiêng-sṳ̀,,,,Imported from Wiktionary (CC BY-SA 4.0): https://en.wiktionary.org/wiki/%E7%8F%BE%E6%99%82#Chinese. Mandarin: xiànshí.,noun,now; present,现时,,
wt:現時:0,現時,hiêng-sṳ̀,,,,,adverb,currently; at present,现时,,
wt:現世:0,現世,hiêng-sié,,,,Imported from Wiktionary (CC BY-SA 4.0): https://en.wiktionary.org/wiki/%E7%8F%BE%E4%B8%96#Chinese. Mandarin: xiànshì.,noun,this life,现世,,
wt:現世:0,現世,hiêng-sié,,,,,verb,to see the light of day; to come out,现世,,
wt:現世:0,現世,hiêng-sié,,,,,verb,to lose face; to be disgraced; to bring shame on oneself,现世,,
wt:現世:0,現世,hiêng-sié,,,,,verb,to suffer disaster; to fall into a plight; to come to grief,现世,,
wt:現世:0,現世,hiêng-sié,,,,,adjective,pitiful; pitiable; poor,现世,,
wt:現世:0,現世,hiêng-sié,,,,,adjective,hard up; short of money; in financial difficulties,现世,,
wt:理治:0,理治,lī-dê,,,,Imported from Wiktionary (CC BY-SA 4.0): https://en.wiktionary.org/wiki/%E7%90%86%E6%B2%BB#Chinese. Mandarin: lǐzhì.,verb,to govern; to rule; to preside over,,,
wt:珓杯:0,珓杯,gá-buŏi,,,,Imported from Wiktionary (CC BY-SA 4.0): https://en.wiktionary.org/wiki/%E7%8F%93%E6%9D%AF#Chinese. Mandarin: jiàobēi.,noun,moon blocks,,,
wt:琵琶:0,琵琶,bì-bà,,,,"Imported from Wiktionary (CC BY-SA 4.0): https://en.wiktionary.org/wiki/%E7%90%B5%E7%90%B6#Chinese. Mandarin: pípá,tl=y.",noun,pipa plucked Chinese string instrument,,,
wt:琥珀:0,琥珀,hū-páe̤k,,,,Imported from Wiktionary (CC BY-SA 4.0): https://en.wiktionary.org/wiki/%E7%90%A5%E7%8F%80#Chinese. Mandarin: hǔpò.,noun,amber,,,
wt:瑪瑙:0,瑪瑙,mā-nō̤,,,,Imported from Wiktionary (CC BY-SA 4.0): https://en.wiktionary.org/wiki/%E7%91%AA%E7%91%99#Chinese. Mandarin: mǎnǎo.,noun,(mineralogy) agate,玛瑙,,
wt:琵琶兜壁:0,琵琶兜壁,bì-bà-dău-biék,,,,Imported from Wiktionary (CC BY-SA 4.0): https://en.wiktionary.org/wiki/%E7%90%B5%E7%90%B6%E5%85%9C%E5%A3%81#Chinese.,noun,bat small flying mammal of order Chiroptera order,,,
wt:環境:0,環境,kuàng-gīng,,,,Imported from Wiktionary (CC BY-SA 4.0): https://en.wiktionary.org/wiki/%E7%92%B0%E5%A2%83#Chinese. Mandarin: huánjìng.,noun,"environment place in which people, animals and plants live; surroundings",环境,,
wt:環境:0,環境,kuàng-gīng,,,,,noun,environment setting or conditions in which an activity is carried out,环境,,
wt:環境:0,環境,kuàng-gīng,,,,,noun,circumstances; context,环境,,
wt:瓜子:0,瓜子,guă-cī,,,,"Imported from Wiktionary (CC BY-SA 4.0): https://en.wiktionary.org/wiki/%E7%93%9C%E5%AD%90#Chinese. Mandarin: guāzǐ,er=y.",noun,melon seed,,,
wt:瓜子:0,瓜子,guă-cī,,,,,noun,"any edible seed consumed as a snack, e.g. watermelon seeds, pumpkin seeds, sunflower seeds, etc.",,,
wt:瓜子:0,瓜子,guă-cī,,,,,noun,(specifically) sunflower seed,,,
wt:甄別:0,甄別,ĭng-biék,,,,Imported from Wiktionary (CC BY-SA 4.0): https://en.wiktionary.org/wiki/%E7%94%84%E5%88%A5#Chinese. Mandarin: zhēnbié.,verb,to examine and distinguish; to screen; to distinguish,甄别,,
wt:甄別:0,甄別,ĭng-biék,,,,,verb,to reexamine a case,甄别,,
wt:瓢羹:0,瓢羹,pièu-gĕng,,,,"Imported from Wiktionary (CC BY-SA 4.0): https://en.wiktionary.org/wiki/%E7%93%A2%E7%BE%B9#Chinese. Mandarin: piáogēng,er=y. Pronounced bĕng.",noun,(dated) spoon,,,
wt:瓶瓶:0,瓶瓶,bìng-bìng,,,,Imported from Wiktionary (CC BY-SA 4.0): https://en.wiktionary.org/wiki/%E7%93%B6%E7%93%B6#Chinese.,noun,bottle,,,
wt:瓶瓶蓋:0,瓶瓶蓋,bìng-bìng-gái,,,,Imported from Wiktionary (CC BY-SA 4.0): https://en.wiktionary.org/wiki/%E7%93%B6%E7%93%B6%E8%93%8B#Chinese.,noun,bottle cap,瓶瓶盖,,
wt:瓶瓶塞:0,瓶瓶塞,bìng-bìng-sáik,,,,Imported from Wiktionary (CC BY-SA 4.0): https://en.wiktionary.org/wiki/%E7%93%B6%E7%93%B6%E5%A1%9E#Chinese.,noun,cork bottle stopper,,,
wt:生活:0,生活,sĕng-uăk,,,,Imported from Wiktionary (CC BY-SA 4.0): https://en.wiktionary.org/wiki/%E7%94%9F%E6%B4%BB#Chinese. Mandarin: shēnghuó.,noun,life activities in life,,,
wt:生活:0,生活,sĕng-uăk,,,,,noun,livelihood,,,
wt:生活:0,生活,sĕng-uăk,,,,,noun,job; task,,,
wt:生活:0,生活,sĕng-uăk,,,,,verb,to live; to exist; to lead a lifestyle,,,
wt:生日:0,生日,săng-nĭk,,,,"Imported from Wiktionary (CC BY-SA 4.0): https://en.wiktionary.org/wiki/%E7%94%9F%E6%97%A5#Chinese. Mandarin: shēngrì,tl=y.",noun,birthday,,,
wt:生物:0,生物,sĕng-ŭk,,,,Imported from Wiktionary (CC BY-SA 4.0): https://en.wiktionary.org/wiki/%E7%94%9F%E7%89%A9#Chinese. Mandarin: shēngwù.,noun,(biology) organism; living being; lifeform (classifier: 個),,,
wt:生物:0,生物,sĕng-ŭk,,,,,noun,biology study of all life or living matter,,,
wt:生物:0,生物,sĕng-ŭk,,,,,adjective,(attributive) biological; bio-,,,
wt:產品:0,產品,sāng-pīng,,,,Imported from Wiktionary (CC BY-SA 4.0): https://en.wiktionary.org/wiki/%E7%94%A2%E5%93%81#Chinese. Mandarin: chǎnpǐn.,noun,"product; produce (classifier: 個, 件, 款)",产品,,
wt:產品:0,產品,sāng-pīng,,,,,noun,"(Internet, doujin) a couple",产品,,
wt:生理:0,生理,sĕng-lī,,,,Imported from Wiktionary (CC BY-SA 4.0): https://en.wiktionary.org/wiki/%E7%94%9F%E7%90%86#Chinese. Mandarin: shēnglǐ.,noun,physiology; normal functioning of living organisms and their parts,,,
wt:生理:0,生理,sĕng-lī,,,,,noun,ways to maintain good health,,,
wt:生理:0,生理,sĕng-lī,,,,,noun,science of growth and propagation (of plants),,,
wt:生理:0,生理,sĕng-lī,,,,,noun,rules of conduct,,,
wt:生理:0,生理,sĕng-lī,,,,,noun,hope of surviving,,,
wt:生理:0,生理,sĕng-lī,,,,,noun,life; living; livelihood,,,
wt:生理:0,生理,sĕng-lī,,,,,noun,work; job; profession,,,
wt:生理:0,生理,sĕng-lī,,,,,noun,business; trade; buying and selling,,,
wt:生理:0,生理,sĕng-lī,,,,,noun,property; wealth,,,
wt:生命:0,生命,sĕng-mêng,,,,Imported from Wiktionary (CC BY-SA 4.0): https://en.wiktionary.org/wiki/%E7%94%9F%E5%91%BD#Chinese. Mandarin: shēngmìng.,noun,"(countable, uncountable) life characteristic of living beings, state of being alive",,,
wt:生命:0,生命,sĕng-mêng,,,,,noun,living being; creature,,,
wt:生命:0,生命,sĕng-mêng,,,,,noun,(figuratively) timespan of an activity; career,,,
wt:生意:0,生意,sĕng-é,,,,Imported from Wiktionary (CC BY-SA 4.0): https://en.wiktionary.org/wiki/%E7%94%9F%E6%84%8F#Chinese. Mandarin: shēngyi.,noun,business; trade (classifier: 筆),,,
wt:生意:0,生意,sĕng-é,,,,,noun,vitality,,,
wt:甘草:0,甘草,găng-chō̤,,,,Imported from Wiktionary (CC BY-SA 4.0): https://en.wiktionary.org/wiki/%E7%94%98%E8%8D%89#Chinese. Mandarin: gāncǎo.,noun,"licorice Glycyrrhiza uralensis, whose root often used in traditional Chinese medicine to improve qi",,,
wt:甘草:0,甘草,găng-chō̤,,,,,noun,"(figurative) supporting character, or actors performing such roles, especially experienced ones",,,
wt:用戶:0,用戶,ê̤ṳng-hô,,,,Imported from Wiktionary (CC BY-SA 4.0): https://en.wiktionary.org/wiki/%E7%94%A8%E6%88%B6#Chinese. Mandarin: yònghù.,noun,user; consumer; customer; subscriber,用户,,
wt:生態學:0,生態學,sĕng-tái-hŏk,,,,Imported from Wiktionary (CC BY-SA 4.0): https://en.wiktionary.org/wiki/%E7%94%9F%E6%85%8B%E5%AD%B8#Chinese. Mandarin: shēngtàixué.,noun,ecology,生态学,,
wt:生育:0,生育,sĕng-ṳ̆k,,,,Imported from Wiktionary (CC BY-SA 4.0): https://en.wiktionary.org/wiki/%E7%94%9F%E8%82%B2#Chinese. Mandarin: shēngyù.,verb,to give birth; to procreate; to have children,,,
wt:生薑:0,生薑,chăng-giŏng,,,,Imported from Wiktionary (CC BY-SA 4.0): https://en.wiktionary.org/wiki/%E7%94%9F%E8%96%91#Chinese. Mandarin: shēngjiāng.,noun,fresh ginger,生姜,,
wt:甘蔗:0,甘蔗,găng-ciá,,,,"Imported from Wiktionary (CC BY-SA 4.0): https://en.wiktionary.org/wiki/%E7%94%98%E8%94%97#Chinese. Mandarin: gānzhe,gānzhè,1nb=standard in Mainland,2nb=standard in Taiwan.",noun,sugar cane,,,
wt:甘心:0,甘心,găng-sĭng,,,,Imported from Wiktionary (CC BY-SA 4.0): https://en.wiktionary.org/wiki/%E7%94%98%E5%BF%83#Chinese. Mandarin: gānxīn.,verb,to be willing; to be glad to do something,,,
wt:甘心:0,甘心,găng-sĭng,,,,,verb,(usually in the negative) to be contented,,,
wt:甘心:0,甘心,găng-sĭng,,,,,verb,to be resigned to,,,
wt:甘願:0,甘願,găng-nguông,,,,Imported from Wiktionary (CC BY-SA 4.0): https://en.wiktionary.org/wiki/%E7%94%98%E9%A1%98#Chinese. Mandarin: gānyuàn.,verb,to be willing; to be ready,甘愿,,
wt:生分:0,生分,săng-hông,,,,"Imported from Wiktionary (CC BY-SA 4.0): https://en.wiktionary.org/wiki/%E7%94%9F%E5%88%86#Chinese. Mandarin: shēngfèn,tl=y.",verb,to grow apart; to become estranged,,,
wt:生分:0,生分,săng-hông,,,,,adjective,estranged,,,
wt:生分:0,生分,săng-hông,,,,,adjective,strange; unfamiliar,,,
wt:生囝:0,生囝,săng-giāng,,,,Imported from Wiktionary (CC BY-SA 4.0): https://en.wiktionary.org/wiki/%E7%94%9F%E5%9B%9D#Chinese.,verb,to give birth (to a child),,,
wt:生鉎:0,生鉎,săng-cĭng,,,,Imported from Wiktionary (CC BY-SA 4.0): https://en.wiktionary.org/wiki/%E7%94%9F%E9%89%8E#Chinese.,verb,to rust; to get rusty; to corrode; to oxidise,生𰽫,,
wt:生去:0,生去,sĕng kó̤,,,,Imported from Wiktionary (CC BY-SA 4.0): https://en.wiktionary.org/wiki/%E7%94%9F%E5%8E%BB#Chinese. Pronounced ó̤.,verb,(euphemistic) to die; to pass away,,,
wt:生去:1,生去,săng kó̤,,,,Imported from Wiktionary (CC BY-SA 4.0): https://en.wiktionary.org/wiki/%E7%94%9F%E5%8E%BB#Chinese. Pronounced ó̤.,verb,to give birth (to a child),,,
wt:男性:0,男性,nàng-séng,,,,Imported from Wiktionary (CC BY-SA 4.0): https://en.wiktionary.org/wiki/%E7%94%B7%E6%80%A7#Chinese. Mandarin: nánxìng.,noun,(attributive) the male sex; male,,,
wt:男性:0,男性,nàng-séng,,,,,noun,man; male,,,
wt:甲子:0,甲子,gák-cṳ̄,,,,Imported from Wiktionary (CC BY-SA 4.0): https://en.wiktionary.org/wiki/%E7%94%B2%E5%AD%90#Chinese. Mandarin: jiǎzǐ.,noun,"The first term of the Chinese sexagenary cycle, sometimes glossed as ""wood",,,
wt:甲子:0,甲子,gák-cṳ̄,,,,,noun,A full or completed set of the sexagenary cycle.,,,
wt:男人:0,男人,nàng-ìng,,,,Imported from Wiktionary (CC BY-SA 4.0): https://en.wiktionary.org/wiki/%E7%94%B7%E4%BA%BA#Chinese. Mandarin: nánrén.,noun,man,,,
wt:男人:0,男人,nàng-ìng,,,,,adjective,manly; masculine,,,
wt:男人:0,男人,nàng-ìng,,,,,noun,husband,,,
wt:田地:0,田地,chèng-dê,,,,Imported from Wiktionary (CC BY-SA 4.0): https://en.wiktionary.org/wiki/%E7%94%B0%E5%9C%B0#Chinese. Mandarin: tiándì.,noun,agricultural field; cropland; farmland,,,
wt:田地:0,田地,chèng-dê,,,,,noun,(informal) adverse or disadvantageous state or situation,,,
wt:田地:0,田地,chèng-dê,,,,,noun,place; region,,,
wt:田地:0,田地,chèng-dê,,,,,noun,travel distance,,,
wt:男巫:0,男巫,nàng-ŭ,,,,Imported from Wiktionary (CC BY-SA 4.0): https://en.wiktionary.org/wiki/%E7%94%B7%E5%B7%AB#Chinese. Mandarin: nánwū.,noun,wizard; warlock; sorcerer,,,
wt:男界:0,男界,nàng-gái,,,,Imported from Wiktionary (CC BY-SA 4.0): https://en.wiktionary.org/wiki/%E7%94%B7%E7%95%8C#Chinese.,noun,man; male,,,
wt:男囝:0,男囝,nàng-giāng,,,,Imported from Wiktionary (CC BY-SA 4.0): https://en.wiktionary.org/wiki/%E7%94%B7%E5%9B%9D#Chinese.,noun,boy,,,
wt:申冤:0,申冤,sĭng-uŏng,,,,Imported from Wiktionary (CC BY-SA 4.0): https://en.wiktionary.org/wiki/%E7%94%B3%E5%86%A4#Chinese. Mandarin: shēnyuān.,verb,to redress an injustice,,,
wt:申冤:0,申冤,sĭng-uŏng,,,,,verb,to appeal for justice; to demand redress for an injustice,,,
wt:田塍:0,田塍,chèng-chìng,,,,Imported from Wiktionary (CC BY-SA 4.0): https://en.wiktionary.org/wiki/%E7%94%B0%E5%A1%8D#Chinese. Mandarin: tiánchéng. Pronounced ìng.,noun,dyke,,,
wt:男形母相:0,男形母相,nàng-hìng mū-sióng,,,,Imported from Wiktionary (CC BY-SA 4.0): https://en.wiktionary.org/wiki/%E7%94%B7%E5%BD%A2%E6%AF%8D%E7%9B%B8#Chinese.,verb,to be sissy,,,
wt:男形女相:0,男形女相,nàng-hìng nṳ̄-sióng,,,,Imported from Wiktionary (CC BY-SA 4.0): https://en.wiktionary.org/wiki/%E7%94%B7%E5%BD%A2%E5%A5%B3%E7%9B%B8#Chinese.,verb,to be sissy,,,
wt:田塗:0,田塗,chèng-tù,,,,Imported from Wiktionary (CC BY-SA 4.0): https://en.wiktionary.org/wiki/%E7%94%B0%E5%A1%97#Chinese.,noun,soil from a field; farmland soil,田涂,,
wt:畢業:0,畢業,bék-ngiĕk,,,,Imported from Wiktionary (CC BY-SA 4.0): https://en.wiktionary.org/wiki/%E7%95%A2%E6%A5%AD#Chinese. Mandarin: bìyè.,verb,to graduate; to finish school,毕业,,
wt:畢業:0,畢業,bék-ngiĕk,,,,,verb,"(Japanese entertainment, fandom slang) to graduate to leave a group",毕业,,
wt:畢業:0,畢業,bék-ngiĕk,,,,,verb,"(figurative, business) to quit [a job]; to be fired",毕业,,
wt:番人:0,番人,huăng-nè̤ng,,,,Imported from Wiktionary (CC BY-SA 4.0): https://en.wiktionary.org/wiki/%E7%95%AA%E4%BA%BA#Chinese. Mandarin: fānrén.,noun,(Classical) foreigner,,,
wt:番客:0,番客,huăng-káh,,,,Imported from Wiktionary (CC BY-SA 4.0): https://en.wiktionary.org/wiki/%E7%95%AA%E5%AE%A2#Chinese. Mandarin: fānkè.,noun,(including) a foreigner or a non-Han person who resides in China during the Tang and Song dynasties,,,
wt:番囝薯:0,番囝薯,huăng-giāng-sṳ̀,,,,Imported from Wiktionary (CC BY-SA 4.0): https://en.wiktionary.org/wiki/%E7%95%AA%E5%9B%9D%E8%96%AF#Chinese.,noun,potato,,,
wt:畚斗:0,畚斗,bóng-dāu,,,,Imported from Wiktionary (CC BY-SA 4.0): https://en.wiktionary.org/wiki/%E7%95%9A%E6%96%97#Chinese.,noun,alternative form of 糞斗 (dustpan),,,
wt:番囝:0,番囝,huăng-giāng,,,,Imported from Wiktionary (CC BY-SA 4.0): https://en.wiktionary.org/wiki/%E7%95%AA%E5%9B%9D#Chinese.,noun,"(Guangdong) foreigner, especially a Westerner",,,
wt:番囝:0,番囝,huăng-giāng,,,,,noun,A native in a land where the Chinese are immigrants:,,,
wt:番儂:0,番儂,huăng-nè̤ng,,,,Imported from Wiktionary (CC BY-SA 4.0): https://en.wiktionary.org/wiki/%E7%95%AA%E5%84%82#Chinese.,noun,alternative form of 番人,番侬,,
wt:番囝哥:0,番囝哥,huăng-giāng-gŏ̤,,,,Imported from Wiktionary (CC BY-SA 4.0): https://en.wiktionary.org/wiki/%E7%95%AA%E5%9B%9D%E5%93%A5#Chinese.,noun,"foreigner, especially a Westerner",,,
wt:番國:0,番國,huăng-guók,,,,Imported from Wiktionary (CC BY-SA 4.0): https://en.wiktionary.org/wiki/%E7%95%AA%E5%9C%8B#Chinese. Mandarin: fānguó.,noun,"(historical, dated) foreign country",番国,,
wt:當歸:0,當歸,dŏng-gŭi,,,,Imported from Wiktionary (CC BY-SA 4.0): https://en.wiktionary.org/wiki/%E7%95%B6%E6%AD%B8#Chinese. Mandarin: dāngguī.,noun,(TCM) Chinese angelica; dong quai (Angelica sinensis species),当归,,
wt:番石榴:0,番石榴,huăng-siŏh-liù,,,,"Imported from Wiktionary (CC BY-SA 4.0): https://en.wiktionary.org/wiki/%E7%95%AA%E7%9F%B3%E6%A6%B4#Chinese. Mandarin: fānshíliú,tl=y.",noun,guava,,,
wt:番薯:0,番薯,huăng-sṳ̀,,,,Imported from Wiktionary (CC BY-SA 4.0): https://en.wiktionary.org/wiki/%E7%95%AA%E8%96%AF#Chinese. Mandarin: fānshǔ.,noun,sweet potato,,,
wt:當真:0,當真,dŏng-cĭng,,,,"Imported from Wiktionary (CC BY-SA 4.0): https://en.wiktionary.org/wiki/%E7%95%B6%E7%9C%9F#Chinese. Mandarin: dàngzhēn,dāngzhēn,2nb=variant.",adverb,truly; indeed,当真,,
wt:當真:0,當真,dŏng-cĭng,,,,,verb,to take seriously; to accept as true,当真,,
wt:當面:0,當面,dŏng-méng,,,,Imported from Wiktionary (CC BY-SA 4.0): https://en.wiktionary.org/wiki/%E7%95%B6%E9%9D%A2#Chinese. Mandarin: dāngmiàn.,adverb,to somebody's face; in somebody's presence; face to face,当面,,
wt:番柿:0,番柿,huăng-kê,,,,Imported from Wiktionary (CC BY-SA 4.0): https://en.wiktionary.org/wiki/%E7%95%AA%E6%9F%BF#Chinese.,noun,"(Fujian, Changting) tomato",,,
wt:番檨:0,番檨,huăng-siông,,,,Imported from Wiktionary (CC BY-SA 4.0): https://en.wiktionary.org/wiki/%E7%95%AA%E6%AA%A8#Chinese. Mandarin: fānshē.,noun,mango,,,
wt:畲族:0,畲族,Siă-cŭk,,,,Imported from Wiktionary (CC BY-SA 4.0): https://en.wiktionary.org/wiki/%E7%95%B2%E6%97%8F#Chinese. Mandarin: Shēzú.,noun,She people ethnic group in China,,,
wt:番邦:0,番邦,huăng-băng,,,,Imported from Wiktionary (CC BY-SA 4.0): https://en.wiktionary.org/wiki/%E7%95%AA%E9%82%A6#Chinese. Mandarin: fānbāng.,noun,(dated) foreign country especially from Southeast Asia,,,
wt:當店:0,當店,dáung-dáing,,,,Imported from Wiktionary (CC BY-SA 4.0): https://en.wiktionary.org/wiki/%E7%95%B6%E5%BA%97#Chinese. Mandarin: dàngdiàn.,noun,pawnshop,当店,,
wt:番椒:0,番椒,huăng-ciĕu,,,,Imported from Wiktionary (CC BY-SA 4.0): https://en.wiktionary.org/wiki/%E7%95%AA%E6%A4%92#Chinese. Mandarin: fānjiāo.,noun,"Capsicum annuum species, a capsicum chilli, including chili pepper and bell pepper",,,
wt:番話:0,番話,huăng-uâ,,,,Imported from Wiktionary (CC BY-SA 4.0): https://en.wiktionary.org/wiki/%E7%95%AA%E8%A9%B1#Chinese.,noun,(dated) foreign language usually a Western language,番话,,
wt:當票:0,當票,dáung-piéu,,,,"Imported from Wiktionary (CC BY-SA 4.0): https://en.wiktionary.org/wiki/%E7%95%B6%E7%A5%A8#Chinese. Mandarin: dàngpiào,er=y.",noun,pawnticket,当票,,
wt:病院:0,病院,bêng-iêng,,,,Imported from Wiktionary (CC BY-SA 4.0): https://en.wiktionary.org/wiki/%E7%97%85%E9%99%A2#Chinese. Mandarin: bìngyuàn.,noun,specialized hospital,,,
wt:病囝:0,病囝,bâng-giāng,,,,Imported from Wiktionary (CC BY-SA 4.0): https://en.wiktionary.org/wiki/%E7%97%85%E5%9B%9D#Chinese.,verb,to have morning sickness,,,
wt:病囝:0,病囝,bâng-giāng,,,,,verb,to be pregnant,,,
wt:病毒:0,病毒,bâng-dŭk,,,,Imported from Wiktionary (CC BY-SA 4.0): https://en.wiktionary.org/wiki/%E7%97%85%E6%AF%92#Chinese. Mandarin: bìngdú.,noun,(medicine) virus,,,
wt:病毒:0,病毒,bâng-dŭk,,,,,noun,(computing) virus,,,
wt:疫苗:0,疫苗,ĭk-mièu,,,,"Imported from Wiktionary (CC BY-SA 4.0): https://en.wiktionary.org/wiki/%E7%96%AB%E8%8B%97#Chinese. Mandarin: yìmiáo,er=y.",noun,vaccine; inoculation,,,
wt:痕跡:0,痕跡,hòng-ciáh,,,,Imported from Wiktionary (CC BY-SA 4.0): https://en.wiktionary.org/wiki/%E7%97%95%E8%B7%A1#Chinese. Mandarin: hén迹.,noun,trace; mark; evidence; vestige; trail,痕迹,,
wt:病啞:0,病啞,bâng-ā,,,,Imported from Wiktionary (CC BY-SA 4.0): https://en.wiktionary.org/wiki/%E7%97%85%E5%95%9E#Chinese.,noun,mute person; dumb person,病哑,,
wt:病瀉:0,病瀉,bâng-siá,,,,Imported from Wiktionary (CC BY-SA 4.0): https://en.wiktionary.org/wiki/%E7%97%85%E7%80%89#Chinese.,verb,to have diarrhea,病泻,,
wt:病吐瀉:0,病吐瀉,bâng-tó-siá,,,,Imported from Wiktionary (CC BY-SA 4.0): https://en.wiktionary.org/wiki/%E7%97%85%E5%90%90%E7%80%89#Chinese.,noun,(disease) cholera a severe diarrhoeal disease,病吐泻,,
wt:病吐瀉:0,病吐瀉,bâng-tó-siá,,,,,verb,"(derogatory, figurative) to die a miserable death",病吐泻,,
wt:病殼:0,病殼,bâng-káe̤k,,,,Imported from Wiktionary (CC BY-SA 4.0): https://en.wiktionary.org/wiki/%E7%97%85%E6%AE%BC#Chinese.,noun,疒,病壳,,
wt:癆病:0,癆病,lò̤-bâng,,,,Imported from Wiktionary (CC BY-SA 4.0): https://en.wiktionary.org/wiki/%E7%99%86%E7%97%85#Chinese. Mandarin: láobìng.,noun,tuberculosis especially pulmonary tuberculosis,痨病,,
wt:痞囝:0,痞囝,pāi-giāng,,,,Imported from Wiktionary (CC BY-SA 4.0): https://en.wiktionary.org/wiki/%E7%97%9E%E5%9B%9D#Chinese.,noun,"hooligan, rascal",,,
wt:瘸跤:0,瘸跤,kuò-kă,,,,Imported from Wiktionary (CC BY-SA 4.0): https://en.wiktionary.org/wiki/%E7%98%B8%E8%B7%A4#Chinese.,adjective,lame; crippled,,,
wt:瘸跤:0,瘸跤,kuò-kă,,,,,noun,cripple; lame person,,,
wt:㾪肉:0,㾪肉,sēng-nṳ̆k,,,,Imported from Wiktionary (CC BY-SA 4.0): https://en.wiktionary.org/wiki/%E3%BE%AA%E8%82%89#Chinese.,noun,lean meat (especially pork),,,
wt:痰盆:0,痰盆,tàng-puòng,,,,Imported from Wiktionary (CC BY-SA 4.0): https://en.wiktionary.org/wiki/%E7%97%B0%E7%9B%86#Chinese.,noun,spittoon,,,
wt:痞神氣:0,痞神氣,pāi-sìng-ké,,,,Imported from Wiktionary (CC BY-SA 4.0): https://en.wiktionary.org/wiki/%E7%97%9E%E7%A5%9E%E6%B0%A3#Chinese.,adjective,"nasty, disgraceful",痞神气,,
wt:痼𤶁:0,痼𤶁,gó-lō̤,,,,Imported from Wiktionary (CC BY-SA 4.0): https://en.wiktionary.org/wiki/%E7%97%BC%F0%A4%B6%81#Chinese. Other readings: gó-lô̤.,noun,leprosy,,,
wt:痼𤶁:0,痼𤶁,gó-lō̤,,,,,noun,"leper, sufferer of leprosy",,,
wt:㾸𤶁:0,㾸𤶁,gò̤-lō̤,,,,Imported from Wiktionary (CC BY-SA 4.0): https://en.wiktionary.org/wiki/%E3%BE%B8%F0%A4%B6%81#Chinese. Other readings: gò̤-lô̤.,noun,scabies,,,
wt:發展:0,發展,huák-diēng,,,,Imported from Wiktionary (CC BY-SA 4.0): https://en.wiktionary.org/wiki/%E7%99%BC%E5%B1%95#Chinese. Mandarin: fāzhǎn.,verb,(ergative) to develop; to expand; to grow,发展,,
wt:發展:0,發展,huák-diēng,,,,,verb,(intransitive) to develop (on a personal level); to grow,发展,,
wt:發展:0,發展,huák-diēng,,,,,verb,(transitive) to admit; to recruit (new members),发展,,
wt:發燒:0,發燒,huák-siĕu,,,,Imported from Wiktionary (CC BY-SA 4.0): https://en.wiktionary.org/wiki/%E7%99%BC%E7%87%92#Chinese. Mandarin: fāshāo.,verb,(medical sign) to have a fever; to have a high body temperature,发烧,,
wt:發燒:0,發燒,huák-siĕu,,,,,verb,(figurative) to be fascinated with something; to be a fan of,发烧,,
wt:發燒:0,發燒,huák-siĕu,,,,,verb,(figurative) to be flourishing; to be thriving,发烧,,
wt:發燒:0,發燒,huák-siĕu,,,,,verb,(music) to be of audiophile sound quality,发烧,,
wt:發音:0,發音,huák-ĭng,,,,Imported from Wiktionary (CC BY-SA 4.0): https://en.wiktionary.org/wiki/%E7%99%BC%E9%9F%B3#Chinese. Mandarin: fāyīn.,noun,pronunciation,发音,,
wt:發音:0,發音,huák-ĭng,,,,,verb,to pronounce,发音,,
wt:發生:0,發生,huák-sĕng,,,,"Imported from Wiktionary (CC BY-SA 4.0): https://en.wiktionary.org/wiki/%E7%99%BC%E7%94%9F#Chinese. Mandarin: fāshēng,tl=y.",verb,to happen; to occur; to take place,发生,,
wt:發現:0,發現,huák-hiêng,,,,"Imported from Wiktionary (CC BY-SA 4.0): https://en.wiktionary.org/wiki/%E7%99%BC%E7%8F%BE#Chinese. Mandarin: fāxiàn,tl=y.",verb,to discover; to find; to find out,发现,,
wt:發現:0,發現,huák-hiêng,,,,,noun,discovery,发现,,
wt:發明:0,發明,huák-mìng,,,,Imported from Wiktionary (CC BY-SA 4.0): https://en.wiktionary.org/wiki/%E7%99%BC%E6%98%8E#Chinese. Mandarin: fāmíng.,verb,to invent,发明,,
wt:發明:0,發明,huák-mìng,,,,,verb,to expound,发明,,
wt:發明:0,發明,huák-mìng,,,,,verb,to show; to prove,发明,,
wt:發明:0,發明,huák-mìng,,,,,verb,(Classical) to enlighten; to inspire,发明,,
wt:發明:0,發明,huák-mìng,,,,,verb,(Korean Classical Chinese) to make excuses; to claim an alibi; to lie,发明,,
wt:發明:0,發明,huák-mìng,,,,,noun,invention,发明,,
wt:發明:0,發明,huák-mìng,,,,,noun,(mythology) a kind of legendary bird from the east,发明,,
wt:登岸:0,登岸,dĕng-ngâng,,,,Imported from Wiktionary (CC BY-SA 4.0): https://en.wiktionary.org/wiki/%E7%99%BB%E5%B2%B8#Chinese. Mandarin: dēng'àn.,verb,to go ashore,,,
wt:白果:0,白果,băh-guō,,,,"Imported from Wiktionary (CC BY-SA 4.0): https://en.wiktionary.org/wiki/%E7%99%BD%E6%9E%9C#Chinese. Mandarin: báiguǒ,er=y.",noun,ginkgo nut,,,
wt:白果:0,白果,băh-guō,,,,,noun,"樹 ginkgo Ginkgo biloba species, tree",,,
wt:發財:0,發財,huák-cài,,,,Imported from Wiktionary (CC BY-SA 4.0): https://en.wiktionary.org/wiki/%E7%99%BC%E8%B2%A1#Chinese. Mandarin: fācái.,verb,to make a fortune,发财,,
wt:發財:0,發財,huák-cài,,,,,verb,"(polite, chiefly in questions) to work; to make a living",发财,,
wt:發財:0,發財,huák-cài,,,,,noun,(mahjong) green dragon,发财,,
wt:白人:0,白人,băh-nè̤ng,,,,Imported from Wiktionary (CC BY-SA 4.0): https://en.wiktionary.org/wiki/%E7%99%BD%E4%BA%BA#Chinese. Mandarin: báirén.,noun,white person; Caucasian,,,
wt:發票:0,發票,huák-piéu,,,,Imported from Wiktionary (CC BY-SA 4.0): https://en.wiktionary.org/wiki/%E7%99%BC%E7%A5%A8#Chinese. Mandarin: fāpiào.,noun,receipt; invoice; fapiao,发票,,
wt:發怒:0,發怒,huák-nô,,,,Imported from Wiktionary (CC BY-SA 4.0): https://en.wiktionary.org/wiki/%E7%99%BC%E6%80%92#Chinese. Mandarin: fānù.,verb,to become angry; to fly into a rage,发怒,,
wt:發熱:0,發熱,huák-iĕk,,,,Imported from Wiktionary (CC BY-SA 4.0): https://en.wiktionary.org/wiki/%E7%99%BC%E7%86%B1#Chinese. Mandarin: fārè.,verb,to give out or generate heat,发热,,
wt:發熱:0,發熱,huák-iĕk,,,,,verb,(medical sign) to have a fever; to run a temperature,发热,,
wt:發熱:0,發熱,huák-iĕk,,,,,verb,(figurative) to be hotheaded; to be impetuous,发热,,
wt:發熱:0,發熱,huák-iĕk,,,,,verb,(figurative) to be passionate about; to be obsessed with,发热,,
wt:發芽:0,發芽,buók-ngà,,,,Imported from Wiktionary (CC BY-SA 4.0): https://en.wiktionary.org/wiki/%E7%99%BC%E8%8A%BD#Chinese. Mandarin: fāyá.,verb,"(botany, intransitive) to sprout; to germinate; to bud",发芽,,
wt:登高:0,登高,dĕng-gŏ̤,,,,Imported from Wiktionary (CC BY-SA 4.0): https://en.wiktionary.org/wiki/%E7%99%BB%E9%AB%98#Chinese. Mandarin: dēnggāo.,verb,to ascend a height; to climb to a high place,,,
wt:登高:0,登高,dĕng-gŏ̤,,,,,verb,to climb a mountain,,,
wt:白片:0,白片,băh-piéng,,,,Imported from Wiktionary (CC BY-SA 4.0): https://en.wiktionary.org/wiki/%E7%99%BD%E7%89%87#Chinese.,noun,pornographic film,,,
wt:白仁:0,白仁,băh-nìng,,,,Imported from Wiktionary (CC BY-SA 4.0): https://en.wiktionary.org/wiki/%E7%99%BD%E4%BB%81#Chinese.,noun,(Hengyang) white of the eye,,,
wt:白㾀:0,白㾀,băh-kē̤,,,,Imported from Wiktionary (CC BY-SA 4.0): https://en.wiktionary.org/wiki/%E7%99%BD%E3%BE%80#Chinese.,noun,dandruff,,,
wt:發癲:0,發癲,buók-diĕng,,,,Imported from Wiktionary (CC BY-SA 4.0): https://en.wiktionary.org/wiki/%E7%99%BC%E7%99%B2#Chinese. Mandarin: fādiān.,verb,to go mad; to go crazy; to lose one's mind; to go nuts; to freak out,发癫,,
wt:發財票:0,發財票,huák-cài-piéu,,,,Imported from Wiktionary (CC BY-SA 4.0): https://en.wiktionary.org/wiki/%E7%99%BC%E8%B2%A1%E7%A5%A8#Chinese.,noun,lottery ticket,发财票,,
wt:白撞:0,白撞,băh-dâung,,,,Imported from Wiktionary (CC BY-SA 4.0): https://en.wiktionary.org/wiki/%E7%99%BD%E6%92%9E#Chinese.,noun,thief who enters someone's property to steal during the day; trespasser,,,
wt:發溪水:0,發溪水,huák-kă̤-cūi,,,,Imported from Wiktionary (CC BY-SA 4.0): https://en.wiktionary.org/wiki/%E7%99%BC%E6%BA%AA%E6%B0%B4#Chinese.,verb,to be flooded; to be inundated,发溪水,,
wt:百科全書:0,百科全書,báik-kuŏ-ciòng-cṳ̆,,,,Imported from Wiktionary (CC BY-SA 4.0): https://en.wiktionary.org/wiki/%E7%99%BE%E7%A7%91%E5%85%A8%E6%9B%B8#Chinese. Mandarin: bǎikēquánshū.,noun,encyclopaedia,百科全书,,
wt:白話:0,白話,băh-uâ,,,,Imported from Wiktionary (CC BY-SA 4.0): https://en.wiktionary.org/wiki/%E7%99%BD%E8%A9%B1#Chinese. Mandarin: báihuà.,noun,vernacular Chinese as opposed to Classical Chinese; plain language,白话,,
wt:白話:0,白話,băh-uâ,,,,,noun,proverb; common saying,白话,,
wt:白話:0,白話,băh-uâ,,,,,noun,empty words; meaningless talk,白话,,
wt:白話:0,白話,băh-uâ,,,,,verb,to chat,白话,,
wt:白話:0,白話,băh-uâ,,,,,verb,to brag; to boast; to talk big,白话,,
wt:白菜:0,白菜,băh-cái,,,,"Imported from Wiktionary (CC BY-SA 4.0): https://en.wiktionary.org/wiki/%E7%99%BD%E8%8F%9C#Chinese. Mandarin: báicài,tl=y.",noun,"Various varieties of Brassica rapa species, including:",,,
wt:白酒:0,白酒,băh-ciū,,,,Imported from Wiktionary (CC BY-SA 4.0): https://en.wiktionary.org/wiki/%E7%99%BD%E9%85%92#Chinese. Mandarin: báijiǔ.,noun,baijiu distilled liquor,,,
wt:白酒:0,白酒,băh-ciū,,,,,noun,white wine,,,
wt:皇帝:0,皇帝,huòng-dá̤,,,,Imported from Wiktionary (CC BY-SA 4.0): https://en.wiktionary.org/wiki/%E7%9A%87%E5%B8%9D#Chinese. Mandarin: huángdì.,noun,"emperor any monarch ruling an empire, irrespective of gender",,,
wt:皇帝:0,皇帝,huòng-dá̤,,,,,noun,(tarot) the Emperor,,,
wt:百姓:0,百姓,báh-sáng,,,,"Imported from Wiktionary (CC BY-SA 4.0): https://en.wiktionary.org/wiki/%E7%99%BE%E5%A7%93#Chinese. Mandarin: bǎixìng,bóxìng.",noun,the common people; the masses; ordinary citizens,,,
wt:百姓:0,百姓,báh-sáng,,,,,noun,"(obsolete, archaic) ⟨ in periods prior to the Han dynasty, ⟩ all the clan names of the noble families; all the nobles; all aristocrats as a category; the countless (noble) government officials",,,
wt:百姓:0,百姓,báh-sáng,,,,,noun,"(obsolete, Classical) all kinds of government officials",,,
wt:百萬:0,百萬,báh-uâng,,,,Imported from Wiktionary (CC BY-SA 4.0): https://en.wiktionary.org/wiki/%E7%99%BE%E8%90%AC#Chinese. Mandarin: bǎiwàn.,noun,million,百万,,
wt:百萬:0,百萬,báh-uâng,,,,,noun,a vast amount,百万,,
wt:白米:0,白米,băh-mī,,,,Imported from Wiktionary (CC BY-SA 4.0): https://en.wiktionary.org/wiki/%E7%99%BD%E7%B1%B3#Chinese. Mandarin: báimǐ.,noun,white rice; polished rice,,,
wt:白米:0,白米,băh-mī,,,,,noun,(in general) husked uncooked rice,,,
wt:白面:0,白面,băh-méng,,,,Imported from Wiktionary (CC BY-SA 4.0): https://en.wiktionary.org/wiki/%E7%99%BD%E9%9D%A2#Chinese. Mandarin: báimiàn.,noun,(literally) pale face,,,
wt:白面:0,白面,băh-méng,,,,,noun,female prostitute,,,
wt:白面:0,白面,băh-méng,,,,,noun,(figuratively) short 白面書生: a young scholar who is well-versed in academic theories but lacks real life experience,,,
wt:白露:0,白露,băh-ló,,,,Imported from Wiktionary (CC BY-SA 4.0): https://en.wiktionary.org/wiki/%E7%99%BD%E9%9C%B2#Chinese. Mandarin: báilù.,noun,dew in autumn,,,
wt:白露:0,白露,băh-ló,,,,,noun,a kind of tea,,,
wt:白露:0,白露,băh-ló,,,,,verb,(Classical) to express; to reveal,,,
wt:白話字:0,白話字,băh-uâ-cê,,,,Imported from Wiktionary (CC BY-SA 4.0): https://en.wiktionary.org/wiki/%E7%99%BD%E8%A9%B1%E5%AD%97#Chinese. Mandarin: báihuàzì.,noun,vernacular writing,白话字,,
wt:白話字:0,白話字,băh-uâ-cê,,,,,noun,Pe̍h-ōe-jī a Latin alphabet-based orthography for Hokkien; POJ,白话字,,
wt:白話字:0,白話字,băh-uâ-cê,,,,,noun,Bǽh-oe-tu a Latin alphabet-based orthography for Hainanese; BOT,白话字,,
wt:白話字:0,白話字,băh-uâ-cê,,,,,noun,Pha̍k-fa-sṳ a Latin alphabet-based orthography for Hakka; PFS,白话字,,
wt:白話字:0,白話字,băh-uâ-cê,,,,,noun,Pha̍k-oa-chhi a Latin alphabet-based orthography for Gan Chinese; POC,白话字,,
wt:白話字:0,白話字,băh-uâ-cê,,,,,noun,(Putian) Báⁿ-uā-ci̍ a Latin alphabet-based orthography for Puxian Min; BUC,白话字,,
wt:白紙:0,白紙,băh-cāi,,,,Imported from Wiktionary (CC BY-SA 4.0): https://en.wiktionary.org/wiki/%E7%99%BD%E7%B4%99#Chinese. Mandarin: báizhǐ.,noun,blank sheet of paper,白纸,,
wt:白紙:0,白紙,băh-cāi,,,,,noun,"(figurative) one with no prior experience in life, dating, expertise, etc.",白纸,,
wt:白紙:0,白紙,băh-cāi,,,,,noun,(archaic) money burnt for the dead,白纸,,
wt:白紙:0,白紙,băh-cāi,,,,,noun,obituary,白纸,,
wt:皇曆:0,皇曆,uòng-lík,,,,"Imported from Wiktionary (CC BY-SA 4.0): https://en.wiktionary.org/wiki/%E7%9A%87%E6%9B%86#Chinese. Mandarin: huánglì,tl=y.",noun,almanac; ephemeris,皇历,,
wt:白雪雪:0,白雪雪,băh-suók-suók,,,,Imported from Wiktionary (CC BY-SA 4.0): https://en.wiktionary.org/wiki/%E7%99%BD%E9%9B%AA%E9%9B%AA#Chinese.,adjective,snow-white; very white,,,
wt:白讀:0,白讀,băh-tĕ̤k,,,,Imported from Wiktionary (CC BY-SA 4.0): https://en.wiktionary.org/wiki/%E7%99%BD%E8%AE%80#Chinese. Mandarin: báidú.,noun,colloquial/vernacular reading of a Chinese character,白读,,
wt:白鴿:0,白鴿,băh-gák,,,,"Imported from Wiktionary (CC BY-SA 4.0): https://en.wiktionary.org/wiki/%E7%99%BD%E9%B4%BF#Chinese. Mandarin: báigē,er=y. Pronounced lák.",noun,white pigeon,白鸽,,
wt:白鴿:0,白鴿,băh-gák,,,,,noun,pigeon; dove (regardless of colors),白鸽,,
wt:白食:0,白食,băh-siăh,,,,Imported from Wiktionary (CC BY-SA 4.0): https://en.wiktionary.org/wiki/%E7%99%BD%E9%A3%9F#Chinese. Mandarin: báishí. Pronounced siĕh.,verb,to eat for free,,,
wt:白食:0,白食,băh-siăh,,,,,verb,to get something without any effort or payment; to get a free lunch; to live off of others,,,
wt:白食:0,白食,băh-siăh,,,,,verb,"to eat rice without an accompanying dish, or vice versa",,,
wt:白面書生:0,白面書生,bĕk-miêng-cṳ̆-sĕng,,,,Imported from Wiktionary (CC BY-SA 4.0): https://en.wiktionary.org/wiki/%E7%99%BD%E9%9D%A2%E6%9B%B8%E7%94%9F#Chinese. Mandarin: báimiànshūshēng.,phrase,young scholar who is well-versed in academic theories but lacks real-life experience; young and inexperienced person without practical experience,白面书生,,
wt:白面厝:0,白面厝,băh-méng-chió,,,,Imported from Wiktionary (CC BY-SA 4.0): https://en.wiktionary.org/wiki/%E7%99%BD%E9%9D%A2%E5%8E%9D#Chinese.,noun,brothel,,,
wt:皮膚:0,皮膚,puòi-hŭ,,,,Imported from Wiktionary (CC BY-SA 4.0): https://en.wiktionary.org/wiki/%E7%9A%AE%E8%86%9A#Chinese. Mandarin: pífū.,noun,skin; dermis,皮肤,,
wt:皮膚:0,皮膚,puòi-hŭ,,,,,noun,(GUI) skin,皮肤,,
wt:皮膚:0,皮膚,puòi-hŭ,,,,,noun,(video games) skin alternative outfit for a game character,皮肤,,
wt:皺紋:0,皺紋,cáiu-ùng,,,,"Imported from Wiktionary (CC BY-SA 4.0): https://en.wiktionary.org/wiki/%E7%9A%BA%E7%B4%8B#Chinese. Mandarin: zhòuwén,er=y.",noun,wrinkle line or crease in the skin caused by age or fatigue,皱纹,,
wt:皮帶:0,皮帶,puòi-dái,,,,Imported from Wiktionary (CC BY-SA 4.0): https://en.wiktionary.org/wiki/%E7%9A%AE%E5%B8%B6#Chinese. Mandarin: pídài.,noun,belt band around waist,皮带,,
wt:皮帶:0,皮帶,puòi-dái,,,,,noun,belt band of material used in machinery,皮带,,
wt:皮鞋:0,皮鞋,puòi-à̤,,,,Imported from Wiktionary (CC BY-SA 4.0): https://en.wiktionary.org/wiki/%E7%9A%AE%E9%9E%8B#Chinese. Mandarin: píxié.,noun,leather shoe; dress shoe,,,
wt:盔甲:0,盔甲,kuŏi-gák,,,,Imported from Wiktionary (CC BY-SA 4.0): https://en.wiktionary.org/wiki/%E7%9B%94%E7%94%B2#Chinese. Mandarin: kuījiǎ.,noun,armour; body armour and helmet,,,
wt:皮卵:0,皮卵,puòi-lâung,,,,Imported from Wiktionary (CC BY-SA 4.0): https://en.wiktionary.org/wiki/%E7%9A%AE%E5%8D%B5#Chinese.,noun,century egg,,,
wt:盆魚:0,盆魚,buòng,,,,Imported from Wiktionary (CC BY-SA 4.0): https://en.wiktionary.org/wiki/%E7%9B%86%E9%AD%9A#Chinese. Pronounced buò-ngṳ̀.,noun,goldfish,盆鱼,,
wt:目睭:0,目睭,mĕk-ciŭ,,,,Imported from Wiktionary (CC BY-SA 4.0): https://en.wiktionary.org/wiki/%E7%9B%AE%E7%9D%AD#Chinese. Other readings: mĕ̤k-ciŭ.,noun,eye,,,
wt:盤費:0,盤費,buàng-hié,,,,"Imported from Wiktionary (CC BY-SA 4.0): https://en.wiktionary.org/wiki/%E7%9B%A4%E8%B2%BB#Chinese. Mandarin: pánfèi,tl=y.",noun,travel expenses,盘费,,
wt:目錄:0,目錄,mŭk-liŏh,,,,Imported from Wiktionary (CC BY-SA 4.0): https://en.wiktionary.org/wiki/%E7%9B%AE%E9%8C%84#Chinese. Mandarin: mùlù.,noun,table of contents,目录,,
wt:目錄:0,目錄,mŭk-liŏh,,,,,noun,directory; list; catalogue,目录,,
wt:目錄:0,目錄,mŭk-liŏh,,,,,noun,(computing) directory virtual container,目录,,
wt:目標:0,目標,mṳ̆ng-biĕu,,,,Imported from Wiktionary (CC BY-SA 4.0): https://en.wiktionary.org/wiki/%E7%9B%AE%E6%A8%99#Chinese. Mandarin: mùbiāo.,noun,target,目标,,
wt:目標:0,目標,mṳ̆ng-biĕu,,,,,noun,goal; objective; aim; target,目标,,
wt:目屎:0,目屎,mĕ̤k,,,,Imported from Wiktionary (CC BY-SA 4.0): https://en.wiktionary.org/wiki/%E7%9B%AE%E5%B1%8E#Chinese. Pronounced mĕk-sāi. Other readings: mĕ̤k>maĕ̤k-sāi.,noun,sleep; eye booger; rheum in the eye substance found in the eyes after waking,,,
wt:盪雨:0,盪雨,dâung-ṳ̄,,,,Imported from Wiktionary (CC BY-SA 4.0): https://en.wiktionary.org/wiki/%E7%9B%AA%E9%9B%A8#Chinese.,verb,to rain,荡雨,,
wt:盪雨:0,盪雨,dâung-ṳ̄,,,,,verb,(dated) to have a thunder shower,荡雨,,
wt:盤數:0,盤數,buàng-só,,,,Imported from Wiktionary (CC BY-SA 4.0): https://en.wiktionary.org/wiki/%E7%9B%A4%E6%95%B8#Chinese.,verb,to suffer losses; to be at a disadvantage,盘数,,
wt:盤數:0,盤數,buàng-só,,,,,noun,"loss, disadvantage",盘数,,
wt:目滓:0,目滓,mĕ̤k-cāi,,,,Imported from Wiktionary (CC BY-SA 4.0): https://en.wiktionary.org/wiki/%E7%9B%AE%E6%BB%93#Chinese. Other readings: mĕk-cāi.,noun,tears,,,
wt:監犯:0,監犯,găng-huâng,,,,Imported from Wiktionary (CC BY-SA 4.0): https://en.wiktionary.org/wiki/%E7%9B%A3%E7%8A%AF#Chinese. Mandarin: jiānfàn.,noun,(archaic) prisoner,监犯,,
wt:監囚:0,監囚,găng-chiù,,,,Imported from Wiktionary (CC BY-SA 4.0): https://en.wiktionary.org/wiki/%E7%9B%A3%E5%9B%9A#Chinese.,noun,prisoner,监囚,,
wt:目睭仁:0,目睭仁,mĕk-ciŭ-nìng,,,,Imported from Wiktionary (CC BY-SA 4.0): https://en.wiktionary.org/wiki/%E7%9B%AE%E7%9D%AD%E4%BB%81#Chinese. Other readings: mĕ̤k-ciŭ-nìng.,noun,eyeball,,,
wt:目尾:0,目尾,mĕ̤k-muōi,,,,Imported from Wiktionary (CC BY-SA 4.0): https://en.wiktionary.org/wiki/%E7%9B%AE%E5%B0%BE#Chinese.,noun,(anatomy) lateral canthus; outer corner of the eye,,,
wt:盤川:0,盤川,buàng-chiŏng,,,,Imported from Wiktionary (CC BY-SA 4.0): https://en.wiktionary.org/wiki/%E7%9B%A4%E5%B7%9D#Chinese. Mandarin: pánchuān.,noun,travel expenses,盘川,,
wt:盤錢:0,盤錢,buàng-cièng,,,,Imported from Wiktionary (CC BY-SA 4.0): https://en.wiktionary.org/wiki/%E7%9B%A4%E9%8C%A2#Chinese.,noun,travel expenses,盘钱,,
wt:目眨:0,目眨,mĕ̤k-tiák,,,,Imported from Wiktionary (CC BY-SA 4.0): https://en.wiktionary.org/wiki/%E7%9B%AE%E7%9C%A8#Chinese.,noun,eyelash,,,
wt:盒盒:0,盒盒,ăk-ăk,,,,Imported from Wiktionary (CC BY-SA 4.0): https://en.wiktionary.org/wiki/%E7%9B%92%E7%9B%92#Chinese.,noun,box; case,,,
wt:盪雪:0,盪雪,dâung-siók,,,,Imported from Wiktionary (CC BY-SA 4.0): https://en.wiktionary.org/wiki/%E7%9B%AA%E9%9B%AA#Chinese.,verb,to snow,荡雪,,
wt:盪晡時:0,盪晡時,dâung-buŏ-sì,,,,Imported from Wiktionary (CC BY-SA 4.0): https://en.wiktionary.org/wiki/%E7%9B%AA%E6%99%A1%E6%99%82#Chinese.,verb,to have a thunder shower usually on summer afternoons,荡晡时,,
wt:盪雹:0,盪雹,dâung-pĕ̤k,,,,Imported from Wiktionary (CC BY-SA 4.0): https://en.wiktionary.org/wiki/%E7%9B%AA%E9%9B%B9#Chinese.,verb,to hail,荡雹,,
wt:目皮:0,目皮,mĕ̤k-puòi,,,,Imported from Wiktionary (CC BY-SA 4.0): https://en.wiktionary.org/wiki/%E7%9B%AE%E7%9A%AE#Chinese.,noun,eyelid,,,
wt:看見:0,看見,káng-giéng,,,,"Imported from Wiktionary (CC BY-SA 4.0): https://en.wiktionary.org/wiki/%E7%9C%8B%E8%A6%8B#Chinese. Mandarin: kànjiàn,tl=y.",verb,(transitive) to see; to sight,看见,,
wt:眉毛:0,眉毛,mì-mò̤,,,,"Imported from Wiktionary (CC BY-SA 4.0): https://en.wiktionary.org/wiki/%E7%9C%89%E6%AF%9B#Chinese. Mandarin: méimáo,tl=y.",noun,eyebrow,,,
wt:相信:0,相信,siŏng-séng,,,,Imported from Wiktionary (CC BY-SA 4.0): https://en.wiktionary.org/wiki/%E7%9B%B8%E4%BF%A1#Chinese. Mandarin: xiāngxìn.,verb,to believe in; to trust; to have faith in,,,
wt:相信:0,相信,siŏng-séng,,,,,verb,to trust one another,,,
wt:直轄市:0,直轄市,dĭk-hăk-chê,,,,Imported from Wiktionary (CC BY-SA 4.0): https://en.wiktionary.org/wiki/%E7%9B%B4%E8%BD%84%E5%B8%82#Chinese. Mandarin: zhíxiáshì.,noun,(countable) municipality directly under the central government,直辖市,,
wt:相片:0,相片,sióng-piéng,,,,"Imported from Wiktionary (CC BY-SA 4.0): https://en.wiktionary.org/wiki/%E7%9B%B8%E7%89%87#Chinese. Mandarin: xiàngpiàn,xiàngpiān,2nb=colloquial in Mainland,er=y,2er=y. Other readings: sióng-piéng.",noun,photo; photograph,,,
wt:看脈:0,看脈,káng-măh,,,,Imported from Wiktionary (CC BY-SA 4.0): https://en.wiktionary.org/wiki/%E7%9C%8B%E8%84%88#Chinese. Mandarin: kànmài.,verb,to take someone's pulse,看脉,,
wt:直轄:0,直轄,dĭk-hăk,,,,Imported from Wiktionary (CC BY-SA 4.0): https://en.wiktionary.org/wiki/%E7%9B%B4%E8%BD%84#Chinese. Mandarin: zhíxiá.,verb,(of the central government) to directly administer,直辖,,
wt:直轄:0,直轄,dĭk-hăk,,,,,verb,to be administered directly by the central government,直辖,,
wt:眉頭:0,眉頭,mì-tàu,,,,Imported from Wiktionary (CC BY-SA 4.0): https://en.wiktionary.org/wiki/%E7%9C%89%E9%A0%AD#Chinese. Mandarin: méitóu.,noun,brows ridge over the eyes,眉头,,
wt:眉頭:0,眉頭,mì-tàu,,,,,noun,forehead,眉头,,
wt:盾牌:0,盾牌,dōng-bà̤,,,,Imported from Wiktionary (CC BY-SA 4.0): https://en.wiktionary.org/wiki/%E7%9B%BE%E7%89%8C#Chinese. Mandarin: dùnpái.,noun,shield,,,
wt:盾牌:0,盾牌,dōng-bà̤,,,,,noun,(figuratively) pretext; excuse,,,
wt:相好:0,相好,sŏng-hō̤,,,,Imported from Wiktionary (CC BY-SA 4.0): https://en.wiktionary.org/wiki/%E7%9B%B8%E5%A5%BD#Chinese. Mandarin: xiānghǎo.,verb,to be on intimate terms,,,
wt:相好:0,相好,sŏng-hō̤,,,,,verb,to have an affair,,,
wt:相好:0,相好,sŏng-hō̤,,,,,noun,intimate friend,,,
wt:相好:0,相好,sŏng-hō̤,,,,,noun,lover; mistress,,,
wt:相思:0,相思,siŏng-sṳ̆,,,,"Imported from Wiktionary (CC BY-SA 4.0): https://en.wiktionary.org/wiki/%E7%9B%B8%E6%80%9D#Chinese. Mandarin: xiāngsī,er=y.",verb,to yearn for; to pine for; to miss each other,,,
wt:相思:0,相思,siŏng-sṳ̆,,,,,noun,lovesickness,,,
wt:相拍:0,相拍,siŏng-páh,,,,Imported from Wiktionary (CC BY-SA 4.0): https://en.wiktionary.org/wiki/%E7%9B%B8%E6%8B%8D#Chinese.,verb,to fight,,,
wt:相爭:0,相爭,sŏng-căng,,,,Imported from Wiktionary (CC BY-SA 4.0): https://en.wiktionary.org/wiki/%E7%9B%B8%E7%88%AD#Chinese. Mandarin: xiāngzhēng.,verb,to conflict; to contend; to fight each other for,相争,,
wt:相爭:0,相爭,sŏng-căng,,,,,verb,to quarrel; to argue; to dispute,相争,,
wt:相爭:0,相爭,sŏng-căng,,,,,noun,contention; discord,相争,,
wt:相簿:0,相簿,sióng-buó,,,,Imported from Wiktionary (CC BY-SA 4.0): https://en.wiktionary.org/wiki/%E7%9B%B8%E7%B0%BF#Chinese. Mandarin: xiàngbù.,noun,photo album,,,
wt:相罵:0,相罵,sŏng-má,,,,Imported from Wiktionary (CC BY-SA 4.0): https://en.wiktionary.org/wiki/%E7%9B%B8%E7%BD%B5#Chinese. Mandarin: xiāngmà.,verb,to exchange insults,相骂,,
wt:相罵:0,相罵,sŏng-má,,,,,verb,to quarrel; to argue,相骂,,
wt:眉毛月:0,眉毛月,mì-mò̤-nguŏk,,,,Imported from Wiktionary (CC BY-SA 4.0): https://en.wiktionary.org/wiki/%E7%9C%89%E6%AF%9B%E6%9C%88#Chinese.,noun,crescent moon,,,
wt:眼鏡:0,眼鏡,ngiāng-giáng,,,,"Imported from Wiktionary (CC BY-SA 4.0): https://en.wiktionary.org/wiki/%E7%9C%BC%E9%8F%A1#Chinese. Mandarin: yǎnjìng,er=y.",noun,glasses; eyeglasses; spectacles,眼镜,,
wt:真珠:0,真珠,cĭng-ciŏ,,,,Imported from Wiktionary (CC BY-SA 4.0): https://en.wiktionary.org/wiki/%E7%9C%9F%E7%8F%A0#Chinese. Mandarin: zhēnzhū.,noun,alternative form of 珍珠 (pearl),,,
wt:真珠:0,真珠,cĭng-ciŏ,,,,,noun,pearl-beaded curtain,,,
wt:眾人:0,眾人,cé̤ṳng-nè̤ng,,,,Imported from Wiktionary (CC BY-SA 4.0): https://en.wiktionary.org/wiki/%E7%9C%BE%E4%BA%BA#Chinese. Mandarin: zhòngrén. Other readings: cé̤ṳng-ìng.,noun,everybody; everyone,众人,,
wt:眾人:0,眾人,cé̤ṳng-nè̤ng,,,,,noun,(Classical) normal people; ordinary people; commoner,众人,,
wt:眾人:0,眾人,cé̤ṳng-nè̤ng,,,,,noun,"(Classical, historical) serf (in the Shang and Zhou dynasties)",众人,,
wt:真理:0,真理,cĭng-lī,,,,Imported from Wiktionary (CC BY-SA 4.0): https://en.wiktionary.org/wiki/%E7%9C%9F%E7%90%86#Chinese. Mandarin: zhēnlǐ.,noun,truth,,,
wt:真實:0,真實,cĭng-sĭk,,,,Imported from Wiktionary (CC BY-SA 4.0): https://en.wiktionary.org/wiki/%E7%9C%9F%E5%AF%A6#Chinese. Mandarin: zhēnshí.,adjective,real; true; genuine,真实,,
wt:真主:0,真主,cĭng-ciō,,,,Imported from Wiktionary (CC BY-SA 4.0): https://en.wiktionary.org/wiki/%E7%9C%9F%E4%B8%BB#Chinese. Mandarin: zhēnzhǔ.,noun,preordained emperor,,,
wt:真主:0,真主,cĭng-ciō,,,,,noun,(by extension) wise emperor,,,
wt:睏眠:0,睏眠,káung-mìng,,,,Imported from Wiktionary (CC BY-SA 4.0): https://en.wiktionary.org/wiki/%E7%9D%8F%E7%9C%A0#Chinese.,noun,sleep,困眠,,
wt:眼眶:0,眼眶,mṳ̆ng-kuông,,,,Imported from Wiktionary (CC BY-SA 4.0): https://en.wiktionary.org/wiki/%E7%9C%BC%E7%9C%B6#Chinese. Mandarin: yǎn眶.,noun,eye socket,,,
wt:眼眶:0,眼眶,mṳ̆ng-kuông,,,,,noun,rim of the eye; skin around the eyes,,,
wt:眩車:0,眩車,hìng-chiă,,,,Imported from Wiktionary (CC BY-SA 4.0): https://en.wiktionary.org/wiki/%E7%9C%A9%E8%BB%8A#Chinese.,verb,to become carsick,眩车,,
wt:眩船:0,眩船,hìng-sùng,,,,Imported from Wiktionary (CC BY-SA 4.0): https://en.wiktionary.org/wiki/%E7%9C%A9%E8%88%B9#Chinese.,verb,to become seasick,,,
wt:睏晝:0,睏晝,káung-dáu,,,,Imported from Wiktionary (CC BY-SA 4.0): https://en.wiktionary.org/wiki/%E7%9D%8F%E6%99%9D#Chinese.,verb,to take an afternoon nap; to take a nap after lunch,困昼,,
wt:眠床頭:0,眠床頭,mìng-chòng-tàu,,,,Imported from Wiktionary (CC BY-SA 4.0): https://en.wiktionary.org/wiki/%E7%9C%A0%E5%BA%8A%E9%A0%AD#Chinese.,noun,head of a bed; bedhead,眠床头,,
wt:眯眯:0,眯眯,mĭ-mĭ,,,,Imported from Wiktionary (CC BY-SA 4.0): https://en.wiktionary.org/wiki/%E7%9C%AF%E7%9C%AF#Chinese.,noun,(derogatory) myopic person,,,
wt:眯囝:0,眯囝,mĭ-giāng,,,,Imported from Wiktionary (CC BY-SA 4.0): https://en.wiktionary.org/wiki/%E7%9C%AF%E5%9B%9D#Chinese.,noun,(childish) kitten,,,
wt:䀹相:0,䀹相,kiák-sióng,,,,Imported from Wiktionary (CC BY-SA 4.0): https://en.wiktionary.org/wiki/%E4%80%B9%E7%9B%B8#Chinese.,verb,to take a picture; to photograph,𥅴相,,
wt:睏𣍐著:0,睏𣍐著,káung-mâ̤-duŏk,,,,Imported from Wiktionary (CC BY-SA 4.0): https://en.wiktionary.org/wiki/%E7%9D%8F%F0%A3%8D%90%E8%91%97#Chinese.,verb,to be unable to sleep,困𫧃着,,
wt:䀹相機:0,䀹相機,kiák-sióng-gĭ,,,,Imported from Wiktionary (CC BY-SA 4.0): https://en.wiktionary.org/wiki/%E4%80%B9%E7%9B%B8%E6%A9%9F#Chinese.,noun,camera,𥅴相机,,
wt:睡衣:0,睡衣,sói-ĭ,,,,Imported from Wiktionary (CC BY-SA 4.0): https://en.wiktionary.org/wiki/%E7%9D%A1%E8%A1%A3#Chinese. Mandarin: shuìyī.,noun,pyjamas; pajamas,,,
wt:睥睨:0,睥睨,bê-ngā̤,,,,"Imported from Wiktionary (CC BY-SA 4.0): https://en.wiktionary.org/wiki/%E7%9D%A5%E7%9D%A8#Chinese. Mandarin: pìnì,bìnì,1nb=Mainland,2nb=Taiwan,2nc=dated variant in Mainland.",verb,to look disdainfully out of the corner of one's eye,,,
wt:睥睨:0,睥睨,bê-ngā̤,,,,,verb,to spy upon; to stare at,,,
wt:睥睨:0,睥睨,bê-ngā̤,,,,,noun,crenelated parapet wall,,,
wt:䁐牛:0,䁐牛,áung-ngù,,,,Imported from Wiktionary (CC BY-SA 4.0): https://en.wiktionary.org/wiki/%E4%81%90%E7%89%9B#Chinese.,verb,to graze cattle; to put cattle out to pasture,,,
wt:睏衣裳:0,睏衣裳,káung-ĭ-siòng,,,,Imported from Wiktionary (CC BY-SA 4.0): https://en.wiktionary.org/wiki/%E7%9D%8F%E8%A1%A3%E8%A3%B3#Chinese.,noun,pyjamas; pajamas,困衣裳,,
wt:䁐羊:0,䁐羊,áung-iòng,,,,Imported from Wiktionary (CC BY-SA 4.0): https://en.wiktionary.org/wiki/%E4%81%90%E7%BE%8A#Chinese.,verb,to graze sheep,,,
wt:䁐松柏:0,䁐松柏,áung-sṳ̀ng-bák,,,,Imported from Wiktionary (CC BY-SA 4.0): https://en.wiktionary.org/wiki/%E4%81%90%E6%9D%BE%E6%9F%8F#Chinese.,verb,"(euphemistic, humorous) to pass away; to die",,,
wt:䁐松柏樹:0,䁐松柏樹,áung,,,,Imported from Wiktionary (CC BY-SA 4.0): https://en.wiktionary.org/wiki/%E4%81%90%E6%9D%BE%E6%9F%8F%E6%A8%B9#Chinese. Pronounced āung-*sṳ̀ng-báh-chéu.,verb,"(euphemistic, humorous) to pass away; to die",䁐松柏树,,
wt:䁐厝:0,䁐厝,áung-chió,,,,Imported from Wiktionary (CC BY-SA 4.0): https://en.wiktionary.org/wiki/%E4%81%90%E5%8E%9D#Chinese.,verb,to look after the house; to watch over a house,,,
wt:䁐水:0,䁐水,áung-cūi,,,,Imported from Wiktionary (CC BY-SA 4.0): https://en.wiktionary.org/wiki/%E4%81%90%E6%B0%B4#Chinese.,verb,to manage water in a farmland to drain or add water when needed,,,
wt:知識:0,知識,dĭ-sék,,,,"Imported from Wiktionary (CC BY-SA 4.0): https://en.wiktionary.org/wiki/%E7%9F%A5%E8%AD%98#Chinese. Mandarin: zhīshi,zhīshì,1nb=standard in Mainland,2nb=standard in Taiwan.",noun,knowledge,知识,,
wt:知識:0,知識,dĭ-sék,,,,,verb,to know; to be familiar with,知识,,
wt:知識:0,知識,dĭ-sék,,,,,noun,acquaintance; friend,知识,,
wt:石榴:0,石榴,siŏh-lìu,,,,"Imported from Wiktionary (CC BY-SA 4.0): https://en.wiktionary.org/wiki/%E7%9F%B3%E6%A6%B4#Chinese. Mandarin: shíliú,tl=y,er=y,ertl=y.",noun,pomegranate,,,
wt:石頭:0,石頭,siŏh-tàu,,,,Imported from Wiktionary (CC BY-SA 4.0): https://en.wiktionary.org/wiki/%E7%9F%B3%E9%A0%AD#Chinese. Mandarin: shítou.,noun,stone; rock,石头,,
wt:矛盾:0,矛盾,màu-dōng,,,,"Imported from Wiktionary (CC BY-SA 4.0): https://en.wiktionary.org/wiki/%E7%9F%9B%E7%9B%BE#Chinese. Mandarin: máodùn,máoshǔn,1nb=standard,2nb=old variant.",noun,contradiction; inconsistency; disagreement; incongruity,,,
wt:矛盾:0,矛盾,màu-dōng,,,,,noun,problem; issue; conflict,,,
wt:矛盾:0,矛盾,màu-dōng,,,,,noun,"(logic, philosophy) paradox",,,
wt:矛盾:0,矛盾,màu-dōng,,,,,adjective,conflicted; vacillating between two options,,,
wt:石棉:0,石棉,siŏh-mièng,,,,Imported from Wiktionary (CC BY-SA 4.0): https://en.wiktionary.org/wiki/%E7%9F%B3%E6%A3%89#Chinese. Mandarin: shímián.,noun,asbestos,,,
wt:石灰:0,石灰,siŏh-huŏi,,,,Imported from Wiktionary (CC BY-SA 4.0): https://en.wiktionary.org/wiki/%E7%9F%B3%E7%81%B0#Chinese. Mandarin: shíhuī.,noun,(mineral) lime,,,
wt:石板:0,石板,siŏh-bēng,,,,Imported from Wiktionary (CC BY-SA 4.0): https://en.wiktionary.org/wiki/%E7%9F%B3%E6%9D%BF#Chinese. Mandarin: shíbǎn.,noun,slab of stone; slabstone; flagstone,,,
wt:石板:0,石板,siŏh-bēng,,,,,noun,slate (for writing),,,
wt:短褲:0,短褲,dōi-kó,,,,Imported from Wiktionary (CC BY-SA 4.0): https://en.wiktionary.org/wiki/%E7%9F%AD%E8%A4%B2#Chinese. Mandarin: duǎnkù.,noun,shorts trousers that do not go lower than the knees (classifier: 條),短裤,,
wt:短褲:0,短褲,dōi-kó,,,,,noun,shorts underwear bottoms (classifier: 條),短裤,,
wt:知音:0,知音,dĭ-ĭng,,,,Imported from Wiktionary (CC BY-SA 4.0): https://en.wiktionary.org/wiki/%E7%9F%A5%E9%9F%B3#Chinese. Mandarin: zhīyīn.,noun,friend keenly appreciative of one's talents; bosom friend; intimate friend; soul mate,,,
wt:知音:0,知音,dĭ-ĭng,,,,,verb,(literal) to have a thorough understanding of music; to be proficient in music,,,
wt:石獅:0,石獅,siŏh-săi,,,,Imported from Wiktionary (CC BY-SA 4.0): https://en.wiktionary.org/wiki/%E7%9F%B3%E7%8D%85#Chinese. Mandarin: shíshī.,noun,"(architecture) foo dog a stone guardian lion traditionally placed at the entrances of imperial palaces and tombs, temples, etc.",石狮,,
wt:矢文:0,矢文,chī-ùng,,,,Imported from Wiktionary (CC BY-SA 4.0): https://en.wiktionary.org/wiki/%E7%9F%A2%E6%96%87#Chinese.,adverb,just; just now; a moment ago,,,
wt:矮嫩:0,矮嫩,ā̤-nâung,,,,Imported from Wiktionary (CC BY-SA 4.0): https://en.wiktionary.org/wiki/%E7%9F%AE%E5%AB%A9#Chinese.,adjective,short for and small; undersized,,,
wt:石頭卵:0,石頭卵,siŏh-tàu-lâung,,,,Imported from Wiktionary (CC BY-SA 4.0): https://en.wiktionary.org/wiki/%E7%9F%B3%E9%A0%AD%E5%8D%B5#Chinese.,noun,cobblestone; pebble,石头卵,,
wt:研究:0,研究,ngiĕng-géu,,,,"Imported from Wiktionary (CC BY-SA 4.0): https://en.wiktionary.org/wiki/%E7%A0%94%E7%A9%B6#Chinese. Mandarin: yán究,tl=y.",verb,"(intransitive, transitive) to research; to study",,,
wt:研究:0,研究,ngiĕng-géu,,,,,verb,(transitive) to deliberate; to discuss; to investigate,,,
wt:研究:0,研究,ngiĕng-géu,,,,,noun,"(countable, uncountable) research; study; investigation",,,
wt:破壞:0,破壞,pó̤-huâi,,,,Imported from Wiktionary (CC BY-SA 4.0): https://en.wiktionary.org/wiki/%E7%A0%B4%E5%A3%9E#Chinese. Mandarin: pòhuài.,verb,to damage; to destroy; to ruin; to vandalize; to sabotage; to contaminate,破坏,,
wt:破壞:0,破壞,pó̤-huâi,,,,,verb,to eliminate; to get rid of,破坏,,
wt:破壞:0,破壞,pó̤-huâi,,,,,verb,to violate,破坏,,
wt:砧板:0,砧板,dĭng-pēng,,,,Imported from Wiktionary (CC BY-SA 4.0): https://en.wiktionary.org/wiki/%E7%A0%A7%E6%9D%BF#Chinese. Mandarin: zhēnbǎn.,noun,chopping board; cutting board or block,,,
wt:砒霜:0,砒霜,piĕ-sŏng,,,,Imported from Wiktionary (CC BY-SA 4.0): https://en.wiktionary.org/wiki/%E7%A0%92%E9%9C%9C#Chinese. Mandarin: pīshuāng.,noun,(chemistry) arsenic trioxide,,,
wt:砒霜:0,砒霜,piĕ-sŏng,,,,,noun,(mineral) arsenolite,,,
wt:破病:0,破病,puái-bâng,,,,Imported from Wiktionary (CC BY-SA 4.0): https://en.wiktionary.org/wiki/%E7%A0%B4%E7%97%85#Chinese.,verb,to fall ill; to catch a disease; to contract an illness,,,
wt:砍樹:0,砍樹,kāng-chéu,,,,Imported from Wiktionary (CC BY-SA 4.0): https://en.wiktionary.org/wiki/%E7%A0%8D%E6%A8%B9#Chinese. Mandarin: kǎnshù.,verb,to chop down trees; to chop wood,砍树,,
wt:硋器:0,硋器,hài-ké,,,,Imported from Wiktionary (CC BY-SA 4.0): https://en.wiktionary.org/wiki/%E7%A1%8B%E5%99%A8#Chinese.,noun,pottery; earthenware,,,
wt:矺驚:0,矺驚,dáh-giăng,,,,Imported from Wiktionary (CC BY-SA 4.0): https://en.wiktionary.org/wiki/%E7%9F%BA%E9%A9%9A#Chinese.,noun,"to help someone get over a shock; to help comfort someone frightened by treating to food and drink, etc.",矺惊,,
wt:矺紙:0,矺紙,dáh-cāi,,,,Imported from Wiktionary (CC BY-SA 4.0): https://en.wiktionary.org/wiki/%E7%9F%BA%E7%B4%99#Chinese.,verb,to visit a grave to honor the memory of the dead,矺纸,,
wt:確實:0,確實,káuk-sĭk,,,,Imported from Wiktionary (CC BY-SA 4.0): https://en.wiktionary.org/wiki/%E7%A2%BA%E5%AF%A6#Chinese. Mandarin: quèshí.,adjective,certain; true; real,确实,,
wt:確實:0,確實,káuk-sĭk,,,,,adverb,indeed; really,确实,,
wt:確實:0,確實,káuk-sĭk,,,,,particle,(internet slang) Indeed! (Possibly influenced by Japanese 確かに.),确实,,
wt:碼頭:0,碼頭,mā-tàu,,,,"Imported from Wiktionary (CC BY-SA 4.0): https://en.wiktionary.org/wiki/%E7%A2%BC%E9%A0%AD#Chinese. Mandarin: mǎtou,mǎtóu,1nb=standard in Mainland and Taiwan,2nb=standard in Mainland.",noun,pier; wharf; dock; quay,码头,,
wt:碼頭:0,碼頭,mā-tàu,,,,,noun,port city,码头,,
wt:磁鐵:0,磁鐵,cṳ̀-tiék,,,,Imported from Wiktionary (CC BY-SA 4.0): https://en.wiktionary.org/wiki/%E7%A3%81%E9%90%B5#Chinese. Mandarin: cítiě.,noun,magnet piece of material that attracts some metals by magnetism,磁铁,,
wt:碰撞:0,碰撞,puâng-dùng,,,,Imported from Wiktionary (CC BY-SA 4.0): https://en.wiktionary.org/wiki/%E7%A2%B0%E6%92%9E#Chinese. Mandarin: pèngzhuàng.,verb,to collide; to run into; to hit; to impact,,,
wt:碰撞:0,碰撞,puâng-dùng,,,,,verb,to offend; to hurt; to affront,,,
wt:硬朗:0,硬朗,ngâing-lōng,,,,"Imported from Wiktionary (CC BY-SA 4.0): https://en.wiktionary.org/wiki/%E7%A1%AC%E6%9C%97#Chinese. Mandarin: yìnglang,yìnglǎng,1nb=standard in Mainland,1nc=variant in Taiwan,2nb=standard in Taiwan.",adjective,hale and hearty; robust; healthy,,,
wt:硬朗:0,硬朗,ngâing-lōng,,,,,adjective,firm and powerful,,,
wt:硼砂:0,硼砂,bèng-să,,,,Imported from Wiktionary (CC BY-SA 4.0): https://en.wiktionary.org/wiki/%E7%A1%BC%E7%A0%82#Chinese. Mandarin: péngshā.,noun,borax; sodium borate,,,
wt:碗帽:0,碗帽,uāng-mô̤,,,,Imported from Wiktionary (CC BY-SA 4.0): https://en.wiktionary.org/wiki/%E7%A2%97%E5%B8%BD#Chinese.,noun,watermelon cap Qing-era skullcap worn by men,,,
wt:碗囝:0,碗囝,uāng-giāng,,,,Imported from Wiktionary (CC BY-SA 4.0): https://en.wiktionary.org/wiki/%E7%A2%97%E5%9B%9D#Chinese.,noun,small bowl,,,
wt:碎錢:0,碎錢,chó̤i-cièng,,,,Imported from Wiktionary (CC BY-SA 4.0): https://en.wiktionary.org/wiki/%E7%A2%8E%E9%8C%A2#Chinese.,noun,loose change; banknotes of small value or coins,碎钱,,
wt:碎錢:0,碎錢,chó̤i-cièng,,,,,noun,pocket money,碎钱,,
wt:碟碟:0,碟碟,diĕk-diĕk,,,,Imported from Wiktionary (CC BY-SA 4.0): https://en.wiktionary.org/wiki/%E7%A2%9F%E7%A2%9F#Chinese.,noun,small dish; plate,,,
wt:硩歲錢:0,硩歲錢,dáh-huói-cièng,,,,Imported from Wiktionary (CC BY-SA 4.0): https://en.wiktionary.org/wiki/%E7%A1%A9%E6%AD%B2%E9%8C%A2#Chinese.,noun,"money given to children during the Chinese New Year, usually in a red envelope",硩岁钱,,
wt:碎票:0,碎票,chó̤i-piéu,,,,Imported from Wiktionary (CC BY-SA 4.0): https://en.wiktionary.org/wiki/%E7%A2%8E%E7%A5%A8#Chinese.,noun,loose change; banknotes of small value or coins,,,
wt:碎使:0,碎使,chó̤i-sāi,,,,Imported from Wiktionary (CC BY-SA 4.0): https://en.wiktionary.org/wiki/%E7%A2%8E%E4%BD%BF#Chinese.,noun,pocket money,,,
wt:社會主義:0,社會主義,siâ-huôi-ciō-ngiê,,,,Imported from Wiktionary (CC BY-SA 4.0): https://en.wiktionary.org/wiki/%E7%A4%BE%E6%9C%83%E4%B8%BB%E7%BE%A9#Chinese. Mandarin: shèhuì zhǔyì.,noun,socialism,社会主义,,
wt:示威:0,示威,sê-ŭi,,,,Imported from Wiktionary (CC BY-SA 4.0): https://en.wiktionary.org/wiki/%E7%A4%BA%E5%A8%81#Chinese. Mandarin: shìwēi.,verb,to show power; to show one's might; to show one's state of being intimidating,,,
wt:示威:0,示威,sê-ŭi,,,,,verb,to hold a protest; to demonstrate,,,
wt:示威:0,示威,sê-ŭi,,,,,noun,demonstration (classifier: 場),,,
wt:示威:0,示威,sê-ŭi,,,,,noun,(military) show of force,,,
wt:示範:0,示範,sê-huâng,,,,Imported from Wiktionary (CC BY-SA 4.0): https://en.wiktionary.org/wiki/%E7%A4%BA%E7%AF%84#Chinese. Mandarin: shìfàn.,verb,to set an example; to demonstrate; to model,示范,,
wt:磨房:0,磨房,mô̤-bùng,,,,Imported from Wiktionary (CC BY-SA 4.0): https://en.wiktionary.org/wiki/%E7%A3%A8%E6%88%BF#Chinese. Mandarin: mòfáng.,noun,mill,,,
wt:磚坯:0,磚坯,cuŏng-puŏi,,,,Imported from Wiktionary (CC BY-SA 4.0): https://en.wiktionary.org/wiki/%E7%A3%9A%E5%9D%AF#Chinese. Mandarin: zhuān坯.,noun,unburnt brick; adobe,砖坯,,
wt:祖母:0,祖母,cū-mū,,,,Imported from Wiktionary (CC BY-SA 4.0): https://en.wiktionary.org/wiki/%E7%A5%96%E6%AF%8D#Chinese. Mandarin: zǔmǔ.,noun,(formal) paternal grandmother,,,
wt:神父:0,神父,sìng-hô,,,,"Imported from Wiktionary (CC BY-SA 4.0): https://en.wiktionary.org/wiki/%E7%A5%9E%E7%88%B6#Chinese. Mandarin: shénfù,tl=y.",noun,"(Catholicism, Eastern Orthodoxy) father; priest",,,
wt:神聖:0,神聖,sìng-séng,,,,Imported from Wiktionary (CC BY-SA 4.0): https://en.wiktionary.org/wiki/%E7%A5%9E%E8%81%96#Chinese. Mandarin: shénshèng.,adjective,sacred; holy,神圣,,
wt:神主:0,神主,sìng-cṳ̄,,,,Imported from Wiktionary (CC BY-SA 4.0): https://en.wiktionary.org/wiki/%E7%A5%9E%E4%B8%BB#Chinese. Mandarin: shénzhǔ.,noun,spirit tablet; ancestral tablet tablet with the name of an ancestor inscribed on it,,,
wt:神話:0,神話,sìng-uâ,,,,Imported from Wiktionary (CC BY-SA 4.0): https://en.wiktionary.org/wiki/%E7%A5%9E%E8%A9%B1#Chinese. Mandarin: shénhuà.,noun,myth; fairy tale; mythology,神话,,
wt:神話:0,神話,sìng-uâ,,,,,noun,nonsense; myth; baseless and absurd view,神话,,
wt:神經:0,神經,sìng-gĭng,,,,"Imported from Wiktionary (CC BY-SA 4.0): https://en.wiktionary.org/wiki/%E7%A5%9E%E7%B6%93#Chinese. Mandarin: shénjīng,tl=y.",noun,(anatomy) nerve bundle of neurons,神经,,
wt:神經:0,神經,sìng-gĭng,,,,,noun,(Classical) mysterious classics,神经,,
wt:神經:0,神經,sìng-gĭng,,,,,adjective,(informal) crazy; insane; neurotic,神经,,
wt:祝福:0,祝福,cé̤ṳk-hók,,,,Imported from Wiktionary (CC BY-SA 4.0): https://en.wiktionary.org/wiki/%E7%A5%9D%E7%A6%8F#Chinese. Mandarin: zhùfú.,verb,to wish well; to bless; to wish happiness to to express good wishes for someone,,,
wt:祝福:0,祝福,cé̤ṳk-hók,,,,,noun,blessing; benediction,,,
wt:祝福:0,祝福,cé̤ṳk-hók,,,,,noun,new year's sacrifice,,,
wt:神州:0,神州,Sìng-cĭu,,,,Imported from Wiktionary (CC BY-SA 4.0): https://en.wiktionary.org/wiki/%E7%A5%9E%E5%B7%9E#Chinese. Mandarin: shénzhōu.,noun,capital city (of a country),,,
wt:神經病:0,神經病,sìng-gĭng-bâng,,,,Imported from Wiktionary (CC BY-SA 4.0): https://en.wiktionary.org/wiki/%E7%A5%9E%E7%B6%93%E7%97%85#Chinese. Mandarin: shénjīngbìng.,noun,(medicine) neurological disorder; neuropathy,神经病,,
wt:神經病:0,神經病,sìng-gĭng-bâng,,,,,noun,(informal) 精神病 mental disorder,神经病,,
wt:神經病:0,神經病,sìng-gĭng-bâng,,,,,noun,"(figurative, derogatory) crazy person; nut case; loony",神经病,,
wt:祠堂:0,祠堂,sṳ̀-dòng,,,,Imported from Wiktionary (CC BY-SA 4.0): https://en.wiktionary.org/wiki/%E7%A5%A0%E5%A0%82#Chinese. Mandarin: cítáng.,noun,ancestral shrine; ancestral hall; ancestral temple; lineage temple,,,
wt:神學:0,神學,sìng-hŏk,,,,Imported from Wiktionary (CC BY-SA 4.0): https://en.wiktionary.org/wiki/%E7%A5%9E%E5%AD%B8#Chinese. Mandarin: shénxué.,noun,"theology study of God, or a god, or gods",神学,,
wt:祈求:0,祈求,gì-giù,,,,Imported from Wiktionary (CC BY-SA 4.0): https://en.wiktionary.org/wiki/%E7%A5%88%E6%B1%82#Chinese. Mandarin: qíqiú.,verb,to pray for; to appeal; to supplicate,,,
wt:神韻:0,神韻,sìng-ông,,,,Imported from Wiktionary (CC BY-SA 4.0): https://en.wiktionary.org/wiki/%E7%A5%9E%E9%9F%BB#Chinese. Mandarin: shényùn.,noun,charm; grace in art or poetry,神韵,,
wt:祖厝:0,祖厝,cū-chió,,,,Imported from Wiktionary (CC BY-SA 4.0): https://en.wiktionary.org/wiki/%E7%A5%96%E5%8E%9D#Chinese.,noun,ancestral home,,,
wt:祈夢:0,祈夢,gì-máe̤ng,,,,Imported from Wiktionary (CC BY-SA 4.0): https://en.wiktionary.org/wiki/%E7%A5%88%E5%A4%A2#Chinese.,verb,pray for a prophetic dream,祈梦,,
wt:神主牌:0,神主牌,sìng-cṳ̄-bà̤,,,,Imported from Wiktionary (CC BY-SA 4.0): https://en.wiktionary.org/wiki/%E7%A5%9E%E4%B8%BB%E7%89%8C#Chinese. Mandarin: shénzhǔpái.,noun,spirit tablet; ancestral tablet tablet with the name of an ancestor inscribed on it,,,
wt:神媽:0,神媽,sìng-mā,,,,Imported from Wiktionary (CC BY-SA 4.0): https://en.wiktionary.org/wiki/%E7%A5%9E%E5%AA%BD#Chinese.,noun,witch; sorceress,神妈,,
wt:福州話:0,福州話,Hók-ciŭ-uâ,,,,Imported from Wiktionary (CC BY-SA 4.0): https://en.wiktionary.org/wiki/%E7%A6%8F%E5%B7%9E%E8%A9%B1#Chinese. Mandarin: Fúzhōuhuà.,noun,Fuzhounese; Fuzhou dialect a dialect of Eastern Min Chinese,福州话,,
wt:福音:0,福音,hók-ĭng,,,,Imported from Wiktionary (CC BY-SA 4.0): https://en.wiktionary.org/wiki/%E7%A6%8F%E9%9F%B3#Chinese. Mandarin: fúyīn.,noun,(Christianity) gospel,,,
wt:福音:0,福音,hók-ĭng,,,,,noun,(figurative) good news; good tidings,,,
wt:祭司:0,祭司,cié-sĭ,,,,Imported from Wiktionary (CC BY-SA 4.0): https://en.wiktionary.org/wiki/%E7%A5%AD%E5%8F%B8#Chinese. Mandarin: jìsī.,noun,(countable) priest,,,
wt:福氣:0,福氣,hók-ké,,,,"Imported from Wiktionary (CC BY-SA 4.0): https://en.wiktionary.org/wiki/%E7%A6%8F%E6%B0%A3#Chinese. Mandarin: fúqi,fúqì,1nb=standard in Mainland,2nb=standard in Taiwan.",noun,good fortune,福气,,
wt:祭文:0,祭文,cié-ùng,,,,Imported from Wiktionary (CC BY-SA 4.0): https://en.wiktionary.org/wiki/%E7%A5%AD%E6%96%87#Chinese. Mandarin: jìwén.,noun,funeral oration; memorial address,,,
wt:福清話:0,福清話,Hók-chiăng-uâ,,,,Imported from Wiktionary (CC BY-SA 4.0): https://en.wiktionary.org/wiki/%E7%A6%8F%E6%B8%85%E8%A9%B1#Chinese. Mandarin: Fúqīnghuà.,noun,Fuqing dialect of Eastern Min; Hokcia; Hockcia,福清话,,
wt:福清哥:0,福清哥,Hók-chiăng-gŏ̤,,,,Imported from Wiktionary (CC BY-SA 4.0): https://en.wiktionary.org/wiki/%E7%A6%8F%E6%B8%85%E5%93%A5#Chinese.,noun,"(previously, pejorative) man from Fuqing; Fuqingese",,,
wt:視死如歸:0,視死如歸,sê-sṳ̄-ṳ̀-gŭi,,,,Imported from Wiktionary (CC BY-SA 4.0): https://en.wiktionary.org/wiki/%E8%A6%96%E6%AD%BB%E5%A6%82%E6%AD%B8#Chinese. Mandarin: shìsǐrúguī.,phrase,(simile) to be courageous and not fear death; to not fear sacrificing oneself for a greater cause,视死如归,,
wt:祭灶:0,祭灶,cié-cáu,,,,Imported from Wiktionary (CC BY-SA 4.0): https://en.wiktionary.org/wiki/%E7%A5%AD%E7%81%B6#Chinese. Mandarin: jìzào.,verb,to offer sacrifices to the kitchen god (on the 23rd or 24th of the 12th lunar month),,,
wt:福州戲:0,福州戲,hók-ciŭ-hié,,,,Imported from Wiktionary (CC BY-SA 4.0): https://en.wiktionary.org/wiki/%E7%A6%8F%E5%B7%9E%E6%88%B2#Chinese. Mandarin: fúzhōuxì.,noun,Min opera,福州戏,,
wt:祭墓:0,祭墓,cié-muó,,,,Imported from Wiktionary (CC BY-SA 4.0): https://en.wiktionary.org/wiki/%E7%A5%AD%E5%A2%93#Chinese.,verb,to visit a grave to honor the memory of the dead,,,
wt:私生子:0,私生子,sṳ̆-sáing-cṳ̄,,,,Imported from Wiktionary (CC BY-SA 4.0): https://en.wiktionary.org/wiki/%E7%A7%81%E7%94%9F%E5%AD%90#Chinese. Mandarin: sīshēngzǐ.,noun,illegitimate child usually a boy; bastard child; child born out of wedlock; love child,,,
wt:禮拜:0,禮拜,lā̤-bái,,,,Imported from Wiktionary (CC BY-SA 4.0): https://en.wiktionary.org/wiki/%E7%A6%AE%E6%8B%9C#Chinese. Mandarin: lǐbài.,noun,(religion) service; prayer; salat,礼拜,,
wt:禮拜:0,禮拜,lā̤-bái,,,,,noun,week,礼拜,,
wt:禮拜:0,禮拜,lā̤-bái,,,,,noun,Sunday; day off,礼拜,,
wt:禮拜:0,禮拜,lā̤-bái,,,,,verb,(transitive) to worship,礼拜,,
wt:禮物:0,禮物,lā̤-ŭk,,,,Imported from Wiktionary (CC BY-SA 4.0): https://en.wiktionary.org/wiki/%E7%A6%AE%E7%89%A9#Chinese. Mandarin: lǐwù.,noun,"gift; present (classifier: 件, 份, 個)",礼物,,
wt:禮物:0,禮物,lā̤-ŭk,,,,,noun,(obsolete) rites and relics,礼物,,
wt:秀才:0,秀才,séu-cài,,,,"Imported from Wiktionary (CC BY-SA 4.0): https://en.wiktionary.org/wiki/%E7%A7%80%E6%89%8D#Chinese. Mandarin: xiùcái,tl=y. Other readings: séu-còi.",noun,(historical) licentiate scholar who has passed the entry-level examination to study at a college,,,
wt:秀才:0,秀才,séu-cài,,,,,noun,"(historical) synonym 孝廉, a person recommended for a government post by local governors",,,
wt:秀才:0,秀才,séu-cài,,,,,noun,(by extension) scholar; intellectual; person of knowledge,,,
wt:私人:0,私人,sṳ̆-ìng,,,,Imported from Wiktionary (CC BY-SA 4.0): https://en.wiktionary.org/wiki/%E7%A7%81%E4%BA%BA#Chinese. Mandarin: sīrén.,adjective,(attributive) private as opposed to public; personal,,,
wt:私人:0,私人,sṳ̆-ìng,,,,,adjective,concerning one's private life; personal,,,
wt:私人:0,私人,sṳ̆-ìng,,,,,adjective,"(slang, humorous, sarcastic, euphemistic) A homophone for 死人, used to describe overused and irritating sound effects",,,
wt:私人:0,私人,sṳ̆-ìng,,,,,noun,personal friend or relative; confidant,,,
wt:禮拜二:0,禮拜二,lā̤-bái-nê,,,,Imported from Wiktionary (CC BY-SA 4.0): https://en.wiktionary.org/wiki/%E7%A6%AE%E6%8B%9C%E4%BA%8C#Chinese. Mandarin: lǐbài'èr.,noun,Tuesday,礼拜二,,
wt:禮拜六:0,禮拜六,lā̤-bái-lĕ̤k,,,,Imported from Wiktionary (CC BY-SA 4.0): https://en.wiktionary.org/wiki/%E7%A6%AE%E6%8B%9C%E5%85%AD#Chinese. Mandarin: lǐbàiliù.,noun,Saturday,礼拜六,,
wt:禮拜日:0,禮拜日,lā̤-bái-nĭk,,,,Imported from Wiktionary (CC BY-SA 4.0): https://en.wiktionary.org/wiki/%E7%A6%AE%E6%8B%9C%E6%97%A5#Chinese. Mandarin: lǐbàirì.,noun,Sunday,礼拜日,,
wt:禮拜三:0,禮拜三,lā̤-bái-săng,,,,Imported from Wiktionary (CC BY-SA 4.0): https://en.wiktionary.org/wiki/%E7%A6%AE%E6%8B%9C%E4%B8%89#Chinese. Mandarin: lǐbàisān.,noun,Wednesday,礼拜三,,
wt:禮拜四:0,禮拜四,lā̤-bái-sé,,,,Imported from Wiktionary (CC BY-SA 4.0): https://en.wiktionary.org/wiki/%E7%A6%AE%E6%8B%9C%E5%9B%9B#Chinese. Mandarin: lǐbàisì.,noun,Thursday,礼拜四,,
wt:禮拜五:0,禮拜五,lā̤-bái-ngô,,,,Imported from Wiktionary (CC BY-SA 4.0): https://en.wiktionary.org/wiki/%E7%A6%AE%E6%8B%9C%E4%BA%94#Chinese. Mandarin: lǐbàiwǔ.,noun,Friday,礼拜五,,
wt:禮拜一:0,禮拜一,lā̤-bái-ék,,,,Imported from Wiktionary (CC BY-SA 4.0): https://en.wiktionary.org/wiki/%E7%A6%AE%E6%8B%9C%E4%B8%80#Chinese. Mandarin: lǐbàiyī.,noun,Monday,礼拜一,,
wt:禮儀:0,禮儀,lā̤-ngì,,,,Imported from Wiktionary (CC BY-SA 4.0): https://en.wiktionary.org/wiki/%E7%A6%AE%E5%84%80#Chinese. Mandarin: lǐyí.,noun,ceremony; etiquette; rituals; rites; protocol; decorum,礼仪,,
wt:禮數:0,禮數,lā̤-só,,,,Imported from Wiktionary (CC BY-SA 4.0): https://en.wiktionary.org/wiki/%E7%A6%AE%E6%95%B8#Chinese. Mandarin: lǐshù.,noun,courtesy; etiquette; rites,礼数,,
wt:禮數:0,禮數,lā̤-só,,,,,noun,"(historical) a hierarchical system of etiquette prevalent in premodern China, with different grades of courtesy based on differences in one's social rank",礼数,,
wt:禪師:0,禪師,sièng-sṳ̆,,,,Imported from Wiktionary (CC BY-SA 4.0): https://en.wiktionary.org/wiki/%E7%A6%AA%E5%B8%AB#Chinese. Mandarin: chánshī.,noun,"(Buddhism, honorific, usually as a title) Buddhist monk",禅师,,
wt:禪寺:0,禪寺,sièng-sê,,,,Imported from Wiktionary (CC BY-SA 4.0): https://en.wiktionary.org/wiki/%E7%A6%AA%E5%AF%BA#Chinese. Mandarin: chánsì.,noun,Buddhist temple,禅寺,,
wt:移動:0,移動,iè-dông,,,,Imported from Wiktionary (CC BY-SA 4.0): https://en.wiktionary.org/wiki/%E7%A7%BB%E5%8B%95#Chinese. Mandarin: yídòng.,adjective,mobile; movable,移动,,
wt:移動:0,移動,iè-dông,,,,,verb,to move; to shift; to transfer,移动,,
wt:科學:0,科學,kuŏ-hŏk,,,,Imported from Wiktionary (CC BY-SA 4.0): https://en.wiktionary.org/wiki/%E7%A7%91%E5%AD%B8#Chinese. Mandarin: kēxué.,noun,(uncountable) science,科学,,
wt:科學:0,科學,kuŏ-hŏk,,,,,adjective,scientific having a quality derived from the scientific method; systematic; methodical,科学,,
wt:秘密:0,秘密,bé-mĭk,,,,"Imported from Wiktionary (CC BY-SA 4.0): https://en.wiktionary.org/wiki/%E7%A7%98%E5%AF%86#Chinese. Mandarin: mìmì,tl=y.",noun,secret knowledge that is hidden,,,
wt:秘密:0,秘密,bé-mĭk,,,,,adjective,secret being or kept hidden,,,
wt:秘書:0,秘書,bé-cṳ̆,,,,"Imported from Wiktionary (CC BY-SA 4.0): https://en.wiktionary.org/wiki/%E7%A7%98%E6%9B%B8#Chinese. Mandarin: mìshū,tl=y.",noun,secretary person who does clerical work,秘书,,
wt:秘書:0,秘書,bé-cṳ̆,,,,,noun,(historical) title for an official in charge of reports to the throne as well as imperial correspondence and directives,秘书,,
wt:科舉:0,科舉,kuŏ-gṳ̄,,,,Imported from Wiktionary (CC BY-SA 4.0): https://en.wiktionary.org/wiki/%E7%A7%91%E8%88%89#Chinese. Mandarin: kējǔ.,noun,(historical) Chinese imperial examination,科举,,
wt:秫米:0,秫米,sŭk-mī,,,,Imported from Wiktionary (CC BY-SA 4.0): https://en.wiktionary.org/wiki/%E7%A7%AB%E7%B1%B3#Chinese. Mandarin: shúmǐ.,noun,husked sorghum,,,
wt:秫米:0,秫米,sŭk-mī,,,,,noun,glutinous rice; sticky rice,,,
wt:秤錘:0,秤錘,chéng-tùi,,,,Imported from Wiktionary (CC BY-SA 4.0): https://en.wiktionary.org/wiki/%E7%A7%A4%E9%8C%98#Chinese. Mandarin: chèngchuí.,noun,sliding weight of a steelyard,秤锤,,
wt:稠稠:0,稠稠,sèu-sèu,,,,Imported from Wiktionary (CC BY-SA 4.0): https://en.wiktionary.org/wiki/%E7%A8%A0%E7%A8%A0#Chinese. Mandarin: chóuchóu.,adjective,(of solutions) thick,,,
wt:稠稠:0,稠稠,sèu-sèu,,,,,adverb,often; frequently,,,
wt:穩當:0,穩當,ūng-dáung,,,,"Imported from Wiktionary (CC BY-SA 4.0): https://en.wiktionary.org/wiki/%E7%A9%A9%E7%95%B6#Chinese. Mandarin: wěndang,wěndàng,1nb=standard in Mainland,2nb=standard in Taiwan.",adjective,reliable; trustworthy,稳当,,
wt:穩當:0,穩當,ūng-dáung,,,,,adjective,stable; secure; steady,稳当,,
wt:種珠:0,種珠,cé̤ṳng-ciŏ,,,,Imported from Wiktionary (CC BY-SA 4.0): https://en.wiktionary.org/wiki/%E7%A8%AE%E7%8F%A0#Chinese.,verb,(immunology) to vaccinate against smallpox,种珠,,
wt:䆊種:0,䆊種,iê-cṳ̄ng,,,,Imported from Wiktionary (CC BY-SA 4.0): https://en.wiktionary.org/wiki/%E4%86%8A%E7%A8%AE#Chinese.,verb,to sow seeds,䆊种,,
wt:穄黍:0,穄黍,cié-sē̤,,,,Imported from Wiktionary (CC BY-SA 4.0): https://en.wiktionary.org/wiki/%E7%A9%84%E9%BB%8D#Chinese.,noun,sorghum,,,
wt:空氣:0,空氣,kŭng-ké,,,,Imported from Wiktionary (CC BY-SA 4.0): https://en.wiktionary.org/wiki/%E7%A9%BA%E6%B0%A3#Chinese. Mandarin: kōngqì.,noun,(meteorology) air,空气,,
wt:空氣:0,空氣,kŭng-ké,,,,,noun,(Taoism) empty qi; pneuma,空气,,
wt:空氣:0,空氣,kŭng-ké,,,,,noun,(figurative) atmosphere; ambience; environment,空气,,
wt:空氣:0,空氣,kŭng-ké,,,,,noun,(figurative) public opinion; information; rumour,空气,,
wt:穿山甲:0,穿山甲,chiŏng-săng-gák,,,,Imported from Wiktionary (CC BY-SA 4.0): https://en.wiktionary.org/wiki/%E7%A9%BF%E5%B1%B1%E7%94%B2#Chinese. Mandarin: chuānshānjiǎ.,noun,pangolin,,,
wt:穿山甲:0,穿山甲,chiŏng-săng-gák,,,,,noun,(TCM) pangolin scales,,,
wt:空虛:0,空虛,kŭng-hṳ̆,,,,Imported from Wiktionary (CC BY-SA 4.0): https://en.wiktionary.org/wiki/%E7%A9%BA%E8%99%9B#Chinese. Mandarin: kōngxū.,adjective,hollow; empty,空虚,,
wt:空虛:0,空虛,kŭng-hṳ̆,,,,,adjective,devoid of meaning,空虚,,
wt:空調:0,空調,kŭng-dièu,,,,Imported from Wiktionary (CC BY-SA 4.0): https://en.wiktionary.org/wiki/%E7%A9%BA%E8%AA%BF#Chinese. Mandarin: kōngtiáo.,noun,"(mainland, countable) air conditioner",空调,,
wt:空調:0,空調,kŭng-dièu,,,,,noun,"(mainland, uncountable) air conditioning",空调,,
wt:窗臺:0,窗臺,chŏng-dài,,,,"Imported from Wiktionary (CC BY-SA 4.0): https://en.wiktionary.org/wiki/%E7%AA%97%E8%87%BA#Chinese. Mandarin: chuāngtái,er=y.",noun,windowsill; window ledge,窗台,,
wt:穿心爿:0,穿心爿,chuŏng-sĭng-bèng,,,,Imported from Wiktionary (CC BY-SA 4.0): https://en.wiktionary.org/wiki/%E7%A9%BF%E5%BF%83%E7%88%BF#Chinese.,noun,(Putian) 忄,,,
wt:竹筍:0,竹筍,dé̤ṳk-sūng,,,,Imported from Wiktionary (CC BY-SA 4.0): https://en.wiktionary.org/wiki/%E7%AB%B9%E7%AD%8D#Chinese. Mandarin: zhúsǔn.,noun,bamboo shoots,竹笋,,
wt:立志:0,立志,lĭk-cé,,,,Imported from Wiktionary (CC BY-SA 4.0): https://en.wiktionary.org/wiki/%E7%AB%8B%E5%BF%97#Chinese. Mandarin: lìzhì.,verb,to be resolved; to be determined,,,
wt:竹篙:0,竹篙,dé̤ṳk-gŏ̤,,,,Imported from Wiktionary (CC BY-SA 4.0): https://en.wiktionary.org/wiki/%E7%AB%B9%E7%AF%99#Chinese. Mandarin: zhúgāo.,noun,bamboo pole,,,
wt:竹夫人:0,竹夫人,dé̤ṳk-hŭ-ìng,,,,Imported from Wiktionary (CC BY-SA 4.0): https://en.wiktionary.org/wiki/%E7%AB%B9%E5%A4%AB%E4%BA%BA#Chinese. Mandarin: zhúfūrén.,noun,bamboo wife,,,
wt:竮跤:0,竮跤,piāng-kă,,,,Imported from Wiktionary (CC BY-SA 4.0): https://en.wiktionary.org/wiki/%E7%AB%AE%E8%B7%A4#Chinese.,adjective,lame; crippled,,,
wt:竮跤:0,竮跤,piāng-kă,,,,,noun,cripple; lame person,,,
wt:竹箬:0,竹箬,dé̤ṳk-niŏh,,,,Imported from Wiktionary (CC BY-SA 4.0): https://en.wiktionary.org/wiki/%E7%AB%B9%E7%AE%AC#Chinese.,noun,bamboo leaf,,,
wt:第一:0,第一,dâ̤-ék,,,,Imported from Wiktionary (CC BY-SA 4.0): https://en.wiktionary.org/wiki/%E7%AC%AC%E4%B8%80#Chinese. Mandarin: dì-yī.,noun,"(literally, figuratively) first; 1st",,,
wt:第一:0,第一,dâ̤-ék,,,,,noun,"number one; #1; first in a test, competition, etc.",,,
wt:第一:0,第一,dâ̤-ék,,,,,adverb,firstly,,,
wt:第一:0,第一,dâ̤-ék,,,,,adverb,"being the most important consideration; being essential, or a priority; coming first",,,
wt:第一次:0,第一次,dâ̤-ék-ché̤ṳ,,,,Imported from Wiktionary (CC BY-SA 4.0): https://en.wiktionary.org/wiki/%E7%AC%AC%E4%B8%80%E6%AC%A1#Chinese. Mandarin: dì-yī cì.,noun,(literally) first time,,,
wt:第一次:0,第一次,dâ̤-ék-ché̤ṳ,,,,,noun,(euphemism) first sexual experience,,,
wt:笊籬:0,笊籬,ciá-liè,,,,Imported from Wiktionary (CC BY-SA 4.0): https://en.wiktionary.org/wiki/%E7%AC%8A%E7%B1%AC#Chinese. Mandarin: zhàoli.,noun,"strainer made of bamboo, wicker, or wire",笊篱,,
wt:笑杯:0,笑杯,chiéu-buŏi,,,,Imported from Wiktionary (CC BY-SA 4.0): https://en.wiktionary.org/wiki/%E7%AC%91%E6%9D%AF#Chinese.,noun,inconclusive result in divination using moon blocks showing with two blocks flat,,,
wt:竹頭:0,竹頭,dé̤ṳk-tàu,,,,Imported from Wiktionary (CC BY-SA 4.0): https://en.wiktionary.org/wiki/%E7%AB%B9%E9%A0%AD#Chinese.,noun,𥫗,竹头,,
wt:竹篾:0,竹篾,dé̤ṳk-miĕk,,,,Imported from Wiktionary (CC BY-SA 4.0): https://en.wiktionary.org/wiki/%E7%AB%B9%E7%AF%BE#Chinese. Mandarin: zhúmiè.,noun,thin bamboo strip,,,
wt:筋肉:0,筋肉,gṳ̆ng-nṳ̆k,,,,Imported from Wiktionary (CC BY-SA 4.0): https://en.wiktionary.org/wiki/%E7%AD%8B%E8%82%89#Chinese. Mandarin: jīnròu.,noun,muscle,,,
wt:符號:0,符號,hù-hô̤,,,,Imported from Wiktionary (CC BY-SA 4.0): https://en.wiktionary.org/wiki/%E7%AC%A6%E8%99%9F#Chinese. Mandarin: fúhào.,noun,mark; symbol; sign,符号,,
wt:符號:0,符號,hù-hô̤,,,,,noun,insignia,符号,,
wt:符號:0,符號,hù-hô̤,,,,,noun,(programming) symbol internal identifier used by a debugger to relate parts of the compiled program to the corresponding names in the source code,符号,,
wt:等等:0,等等,dēng-dēng,,,,Imported from Wiktionary (CC BY-SA 4.0): https://en.wiktionary.org/wiki/%E7%AD%89%E7%AD%89#Chinese. Mandarin: děngděng.,adverb,et cetera (etc.); and so on,,,
wt:等等:0,等等,dēng-dēng,,,,,particle,wait a minute,,,
wt:答應:0,答應,dák-éng,,,,"Imported from Wiktionary (CC BY-SA 4.0): https://en.wiktionary.org/wiki/%E7%AD%94%E6%87%89#Chinese. Mandarin: dāyìng,tl=y.",verb,to answer; to respond,答应,,
wt:答應:0,答應,dák-éng,,,,,verb,to agree; to say yes; to allow; to permit,答应,,
wt:答應:0,答應,dák-éng,,,,,verb,to promise,答应,,
wt:筆法:0,筆法,bék-huák,,,,Imported from Wiktionary (CC BY-SA 4.0): https://en.wiktionary.org/wiki/%E7%AD%86%E6%B3%95#Chinese. Mandarin: bǐfǎ.,noun,style of writing or drawing; penmanship,笔法,,
wt:等級:0,等級,dēng-ngék,,,,Imported from Wiktionary (CC BY-SA 4.0): https://en.wiktionary.org/wiki/%E7%AD%89%E7%B4%9A#Chinese. Mandarin: děngjí.,noun,grade; level; rank; ranking; class,等级,,
wt:等級:0,等級,dēng-ngék,,,,,noun,hierarchy,等级,,
wt:第二:0,第二,dâ̤-nê,,,,Imported from Wiktionary (CC BY-SA 4.0): https://en.wiktionary.org/wiki/%E7%AC%AC%E4%BA%8C#Chinese. Mandarin: dì'èr.,adjective,second,,,
wt:第二:0,第二,dâ̤-nê,,,,,adjective,next,,,
wt:第二:0,第二,dâ̤-nê,,,,,adverb,secondly,,,
wt:第二:0,第二,dâ̤-nê,,,,,noun,second; 2nd; number two,,,
wt:第三:0,第三,dâ̤-săng,,,,Imported from Wiktionary (CC BY-SA 4.0): https://en.wiktionary.org/wiki/%E7%AC%AC%E4%B8%89#Chinese. Mandarin: dì-sān.,adjective,third,,,
wt:第三:0,第三,dâ̤-săng,,,,,noun,third,,,
wt:第三:0,第三,dâ̤-săng,,,,,adverb,thirdly,,,
wt:第四:0,第四,dâ̤-sé,,,,Imported from Wiktionary (CC BY-SA 4.0): https://en.wiktionary.org/wiki/%E7%AC%AC%E5%9B%9B#Chinese. Mandarin: dì-sì.,adjective,fourth,,,
wt:第四:0,第四,dâ̤-sé,,,,,adverb,fourthly,,,
wt:第四:0,第四,dâ̤-sé,,,,,noun,fourth,,,
wt:第五:0,第五,dâ̤-ngô,,,,Imported from Wiktionary (CC BY-SA 4.0): https://en.wiktionary.org/wiki/%E7%AC%AC%E4%BA%94#Chinese. Mandarin: dì-wǔ.,adjective,fifth,,,
wt:第五:0,第五,dâ̤-ngô,,,,,adverb,fifthly,,,
wt:第五:0,第五,dâ̤-ngô,,,,,noun,fifth,,,
wt:第六:0,第六,dâ̤-lĕ̤k,,,,Imported from Wiktionary (CC BY-SA 4.0): https://en.wiktionary.org/wiki/%E7%AC%AC%E5%85%AD#Chinese. Mandarin: dì-liù.,adjective,sixth,,,
wt:第六:0,第六,dâ̤-lĕ̤k,,,,,adverb,sixthly,,,
wt:第六:0,第六,dâ̤-lĕ̤k,,,,,noun,sixth,,,
wt:第七:0,第七,dâ̤-chék,,,,Imported from Wiktionary (CC BY-SA 4.0): https://en.wiktionary.org/wiki/%E7%AC%AC%E4%B8%83#Chinese. Mandarin: dì-qī.,adverb,seventhly,,,
wt:第七:0,第七,dâ̤-chék,,,,,noun,seventh,,,
wt:第八:0,第八,dâ̤-báik,,,,Imported from Wiktionary (CC BY-SA 4.0): https://en.wiktionary.org/wiki/%E7%AC%AC%E5%85%AB#Chinese. Mandarin: dì-bā.,adverb,eighthly,,,
wt:第八:0,第八,dâ̤-báik,,,,,noun,eighth,,,
wt:第九:0,第九,dâ̤-gāu,,,,Imported from Wiktionary (CC BY-SA 4.0): https://en.wiktionary.org/wiki/%E7%AC%AC%E4%B9%9D#Chinese. Mandarin: dì-jiǔ.,adverb,ninthly,,,
wt:第九:0,第九,dâ̤-gāu,,,,,noun,ninth,,,
wt:第十:0,第十,dâ̤-sĕk,,,,Imported from Wiktionary (CC BY-SA 4.0): https://en.wiktionary.org/wiki/%E7%AC%AC%E5%8D%81#Chinese. Mandarin: dì-shí.,adverb,tenthly,,,
wt:第十:0,第十,dâ̤-sĕk,,,,,noun,tenth,,,
wt:筆筒:0,筆筒,bék-dè̤ng,,,,Imported from Wiktionary (CC BY-SA 4.0): https://en.wiktionary.org/wiki/%E7%AD%86%E7%AD%92#Chinese. Mandarin: bǐtǒng.,noun,pen container; brush pot; brush case,笔筒,,
wt:筆筒:0,筆筒,bék-dè̤ng,,,,,noun,"cap of a pen, pencil, or writing brush",笔筒,,
wt:第二次:0,第二次,dâ̤-nê-ché̤ṳ,,,,Imported from Wiktionary (CC BY-SA 4.0): https://en.wiktionary.org/wiki/%E7%AC%AC%E4%BA%8C%E6%AC%A1#Chinese. Mandarin: dì-èr cì.,noun,second time; second; number two,,,
wt:筍乾:0,筍乾,sūng-găng,,,,"Imported from Wiktionary (CC BY-SA 4.0): https://en.wiktionary.org/wiki/%E7%AD%8D%E4%B9%BE#Chinese. Mandarin: sǔngān,er=y.",noun,dried bamboo shoots,笋干,,
wt:筍乾:0,筍乾,sūng-găng,,,,,noun,dried and fermented bamboo shoots; menma,笋干,,
wt:筆架:0,筆架,bék-gá,,,,"Imported from Wiktionary (CC BY-SA 4.0): https://en.wiktionary.org/wiki/%E7%AD%86%E6%9E%B6#Chinese. Mandarin: bǐjià,er=y.",noun,pen rack; pen holder,笔架,,
wt:筅堂:0,筅堂,cēng-dòng,,,,Imported from Wiktionary (CC BY-SA 4.0): https://en.wiktionary.org/wiki/%E7%AD%85%E5%A0%82#Chinese.,noun,long broom for cleaning high places,,,
wt:筅堂:0,筅堂,cēng-dòng,,,,,noun,"cleaning before Lunar New Year, often using such a broom",,,
wt:筅帚:0,筅帚,chēng-chiū,,,,Imported from Wiktionary (CC BY-SA 4.0): https://en.wiktionary.org/wiki/%E7%AD%85%E5%B8%9A#Chinese. Mandarin: xiǎnzhǒu.,noun,broom made of bamboo twigs,,,
wt:筅帚星:0,筅帚星,chēng-chiū-sĭng,,,,Imported from Wiktionary (CC BY-SA 4.0): https://en.wiktionary.org/wiki/%E7%AD%85%E5%B8%9A%E6%98%9F#Chinese.,noun,(astronomy) comet,,,
wt:筅帚星:0,筅帚星,chēng-chiū-sĭng,,,,,noun,(figurative) bearer of ill luck; person with the evil eye,,,
wt:筍殼:0,筍殼,sūng-káe̤k,,,,Imported from Wiktionary (CC BY-SA 4.0): https://en.wiktionary.org/wiki/%E7%AD%8D%E6%AE%BC#Chinese. Mandarin: sǔnké.,noun,sheath of bamboo shoots,笋壳,,
wt:筆𢯽:0,筆𢯽,bék-chó̤,,,,Imported from Wiktionary (CC BY-SA 4.0): https://en.wiktionary.org/wiki/%E7%AD%86%F0%A2%AF%BD#Chinese.,noun,"eraser, rubber",笔𢯽,,
wt:算盤:0,算盤,sáung-buàng,,,,"Imported from Wiktionary (CC BY-SA 4.0): https://en.wiktionary.org/wiki/%E7%AE%97%E7%9B%A4#Chinese. Mandarin: suànpán,tl=y.",noun,(mathematics) abacus,算盘,,
wt:算盤:0,算盤,sáung-buàng,,,,,noun,(figurative) plan; plan of action; master plan,算盘,,
wt:管理:0,管理,guāng-lī,,,,Imported from Wiktionary (CC BY-SA 4.0): https://en.wiktionary.org/wiki/%E7%AE%A1%E7%90%86#Chinese. Mandarin: guǎnlǐ.,verb,to manage; to administer; to supervise; to regulate; to oversee,,,
wt:管理:0,管理,guāng-lī,,,,,verb,to look after people or animals; to tend; to keep good control of,,,
wt:節目:0,節目,cáik-mŭk,,,,Imported from Wiktionary (CC BY-SA 4.0): https://en.wiktionary.org/wiki/%E7%AF%80%E7%9B%AE#Chinese. Mandarin: jiémù.,noun,program; show (classifier: 檔),节目,,
wt:節目:0,節目,cáik-mŭk,,,,,noun,plan,节目,,
wt:算命:0,算命,sáung-miâng,,,,Imported from Wiktionary (CC BY-SA 4.0): https://en.wiktionary.org/wiki/%E7%AE%97%E5%91%BD#Chinese. Mandarin: suànmìng.,verb,to tell someone's fortune,,,
wt:節省:0,節省,cáik-sēng,,,,Imported from Wiktionary (CC BY-SA 4.0): https://en.wiktionary.org/wiki/%E7%AF%80%E7%9C%81#Chinese. Mandarin: jiéshěng.,verb,to save; to cut down,节省,,
wt:節省:0,節省,cáik-sēng,,,,,adjective,frugal; thrifty; economical,节省,,
wt:節儉:0,節儉,ciék-giêng,,,,Imported from Wiktionary (CC BY-SA 4.0): https://en.wiktionary.org/wiki/%E7%AF%80%E5%84%89#Chinese. Mandarin: jiéjiǎn.,adjective,frugal; thrifty; economical,节俭,,
wt:節氣:0,節氣,cáik-ké,,,,"Imported from Wiktionary (CC BY-SA 4.0): https://en.wiktionary.org/wiki/%E7%AF%80%E6%B0%A3#Chinese. Mandarin: jiéqì,tl=y.",noun,solar term in the Chinese lunar calendar,节气,,
wt:節氣:0,節氣,cáik-ké,,,,,noun,season and climate,节气,,
wt:節氣:0,節氣,cáik-ké,,,,,noun,integrity; moral principles,节气,,
wt:節氣:0,節氣,cáik-ké,,,,,noun,(Dungan) national holiday; public holiday,节气,,
wt:筵席:0,筵席,iòng-sĭk,,,,Imported from Wiktionary (CC BY-SA 4.0): https://en.wiktionary.org/wiki/%E7%AD%B5%E5%B8%AD#Chinese. Mandarin: yánxí.,noun,mat for sitting,,,
wt:筵席:0,筵席,iòng-sĭk,,,,,noun,feast; banquet,,,
wt:算盤子:0,算盤子,sáung-buàng-cī,,,,"Imported from Wiktionary (CC BY-SA 4.0): https://en.wiktionary.org/wiki/%E7%AE%97%E7%9B%A4%E5%AD%90#Chinese. Mandarin: suànpánzǐ,er=y,tl2=y,ertl2=y.",noun,abacus bead,算盘子,,
wt:算盤子:0,算盤子,sáung-buàng-cī,,,,,noun,"Glochidion puberum, especially its fruit",算盘子,,
wt:算盤子:0,算盤子,sáung-buàng-cī,,,,,noun,abacus seeds; abacus beads a Hakka dish made with taro,算盘子,,
wt:算盤子:0,算盤子,sáung-buàng-cī,,,,,noun,(Putian) finger ring with dotted patterns,算盘子,,
wt:管閒事:0,管閒事,guāng-èng-dâi,,,,Imported from Wiktionary (CC BY-SA 4.0): https://en.wiktionary.org/wiki/%E7%AE%A1%E9%96%92%E4%BA%8B#Chinese. Mandarin: guǎnxiánshì.,verb,to poke one's nose into other people's business; to meddle,管闲事,,
wt:節肢動物:0,節肢動物,ciék-ciĕ dông-ŭk,,,,"Imported from Wiktionary (CC BY-SA 4.0): https://en.wiktionary.org/wiki/%E7%AF%80%E8%82%A2%E5%8B%95%E7%89%A9#Chinese. Mandarin: jiézhī dòngwù,tl=y.",noun,arthropod,节肢动物,,
wt:算學:0,算學,sáung-hŏk,,,,Imported from Wiktionary (CC BY-SA 4.0): https://en.wiktionary.org/wiki/%E7%AE%97%E5%AD%B8#Chinese. Mandarin: suànxué.,noun,(dated) mathematics,算学,,
wt:算學:0,算學,sáung-hŏk,,,,,noun,(dated) arithmetic,算学,,
wt:算命先生:0,算命先生,sáung-miâng sĭng-săng,,,,Imported from Wiktionary (CC BY-SA 4.0): https://en.wiktionary.org/wiki/%E7%AE%97%E5%91%BD%E5%85%88%E7%94%9F#Chinese. Mandarin: suànmìng xiānsheng.,noun,fortune-teller,,,
wt:算打:0,算打,sáung-dā,,,,Imported from Wiktionary (CC BY-SA 4.0): https://en.wiktionary.org/wiki/%E7%AE%97%E6%89%93#Chinese.,noun,plan; project,,,
wt:算打:0,算打,sáung-dā,,,,,verb,to plot; to plan,,,
wt:簡單:0,簡單,gāng-dăng,,,,Imported from Wiktionary (CC BY-SA 4.0): https://en.wiktionary.org/wiki/%E7%B0%A1%E5%96%AE#Chinese. Mandarin: jiǎndān.,adjective,simple; uncomplicated; easy,简单,,
wt:簡單:0,簡單,gāng-dăng,,,,,adjective,(chiefly in the negative) commonplace; ordinary,简单,,
wt:簡單:0,簡單,gāng-dăng,,,,,adjective,sloppy; careless; skimpy; negligent; casual; oversimplified,简单,,
wt:箴言:0,箴言,cĭng-ngiòng,,,,Imported from Wiktionary (CC BY-SA 4.0): https://en.wiktionary.org/wiki/%E7%AE%B4%E8%A8%80#Chinese. Mandarin: zhēnyán.,noun,admonition; exhortation; maxim,,,
wt:箸籠:0,箸籠,dê̤ṳ-lê̤ng,,,,Imported from Wiktionary (CC BY-SA 4.0): https://en.wiktionary.org/wiki/%E7%AE%B8%E7%B1%A0#Chinese. Mandarin: zhùlóng.,noun,chopstick holder,箸笼,,
wt:箬箬:0,箬箬,niŏh-niŏh,,,,Imported from Wiktionary (CC BY-SA 4.0): https://en.wiktionary.org/wiki/%E7%AE%AC%E7%AE%AC#Chinese.,noun,leaf,,,
wt:箱箱:0,箱箱,siŏng-siŏng,,,,Imported from Wiktionary (CC BY-SA 4.0): https://en.wiktionary.org/wiki/%E7%AE%B1%E7%AE%B1#Chinese.,noun,"any large rectangular container such as a box, case, crate or chest",,,
wt:篦梳:0,篦梳,bê-sĕ̤,,,,Imported from Wiktionary (CC BY-SA 4.0): https://en.wiktionary.org/wiki/%E7%AF%A6%E6%A2%B3#Chinese.,noun,double-edged fine-tooth comb,,,
wt:篷船:0,篷船,pùng-sùng,,,,Imported from Wiktionary (CC BY-SA 4.0): https://en.wiktionary.org/wiki/%E7%AF%B7%E8%88%B9#Chinese.,noun,sailboat; junk,,,
wt:米蟲:0,米蟲,mī-tè̤ng,,,,Imported from Wiktionary (CC BY-SA 4.0): https://en.wiktionary.org/wiki/%E7%B1%B3%E8%9F%B2#Chinese. Mandarin: mǐchóng.,noun,rice weevil,米虫,,
wt:米蟲:0,米蟲,mī-tè̤ng,,,,,noun,(figurative) good-for-nothing; freeloader,米虫,,
wt:籃球:0,籃球,làng-giù,,,,"Imported from Wiktionary (CC BY-SA 4.0): https://en.wiktionary.org/wiki/%E7%B1%83%E7%90%83#Chinese. Mandarin: lánqiú,er=y.",noun,basketball sport in which two opposing teams of five players strive to put a ball through a hoop,篮球,,
wt:籃球:0,籃球,làng-giù,,,,,noun,basketball particular kind of ball used in the sport of basketball,篮球,,
wt:米酒:0,米酒,mī-ciū,,,,Imported from Wiktionary (CC BY-SA 4.0): https://en.wiktionary.org/wiki/%E7%B1%B3%E9%85%92#Chinese. Mandarin: mǐjiǔ.,noun,mijiu; rice wine,,,
wt:米酒:0,米酒,mī-ciū,,,,,noun,jiuniang,,,
wt:米粉:0,米粉,mī-hūng,,,,Imported from Wiktionary (CC BY-SA 4.0): https://en.wiktionary.org/wiki/%E7%B1%B3%E7%B2%89#Chinese. Mandarin: mǐfěn.,noun,rice vermicelli,,,
wt:米粉:0,米粉,mī-hūng,,,,,noun,rice flour,,,
wt:米粉:0,米粉,mī-hūng,,,,,noun,(slang) Xiaomi fan,,,
wt:粉絲:0,粉絲,hūng-sĭ,,,,Imported from Wiktionary (CC BY-SA 4.0): https://en.wiktionary.org/wiki/%E7%B2%89%E7%B5%B2#Chinese. Mandarin: fěnsī.,noun,cellophane noodles; Chinese vermicelli transparent noodle made from starch,粉丝,,
wt:粉絲:1,粉絲,hūng-sĭ,,,,Imported from Wiktionary (CC BY-SA 4.0): https://en.wiktionary.org/wiki/%E7%B2%89%E7%B5%B2#Chinese.,adjective,"(of fabric) in small, thin pieces",粉丝,,
wt:簸箕:0,簸箕,buái-gĭ,,,,"Imported from Wiktionary (CC BY-SA 4.0): https://en.wiktionary.org/wiki/%E7%B0%B8%E7%AE%95#Chinese. Mandarin: bòji,bòjī,bòqi,1nb=standard in Mainland,2nb=standard in Taiwan,3n=Beijing dialect.",noun,winnowing basket often made of wicker or bamboo,,,
wt:簸箕:0,簸箕,buái-gĭ,,,,,noun,dustpan,,,
wt:簸箕:0,簸箕,buái-gĭ,,,,,noun,loop fingerprint,,,
wt:米篩:0,米篩,mī-tăi,,,,Imported from Wiktionary (CC BY-SA 4.0): https://en.wiktionary.org/wiki/%E7%B1%B3%E7%AF%A9#Chinese. Mandarin: mǐshāi.,noun,sieve used for rice,米筛,,
wt:籧篨:0,籧篨,gṳ̀-dṳ̀,,,,Imported from Wiktionary (CC BY-SA 4.0): https://en.wiktionary.org/wiki/%E7%B1%A7%E7%AF%A8#Chinese. Mandarin: qúchú.,noun,large coarse reed or bamboo mat,,,
wt:籧篨:0,籧篨,gṳ̀-dṳ̀,,,,,noun,a disease that causes bloating and prevents someone from bowing,,,
wt:籃籃:0,籃籃,làng-làng,,,,Imported from Wiktionary (CC BY-SA 4.0): https://en.wiktionary.org/wiki/%E7%B1%83%E7%B1%83#Chinese.,noun,(Sichuan) basket,篮篮,,
wt:簿簿:0,簿簿,puô-puô,,,,Imported from Wiktionary (CC BY-SA 4.0): https://en.wiktionary.org/wiki/%E7%B0%BF%E7%B0%BF#Chinese.,noun,notebook (book in which notes are written),,,
wt:精神:0,精神,cĭng-sìng,,,,"Imported from Wiktionary (CC BY-SA 4.0): https://en.wiktionary.org/wiki/%E7%B2%BE%E7%A5%9E#Chinese. Mandarin: jīngshén,er=y.",noun,spirit; soul; will,,,
wt:精神:0,精神,cĭng-sìng,,,,,noun,"(psychology, psychiatry) mind; mental state",,,
wt:精神:0,精神,cĭng-sìng,,,,,noun,drive; energy; vigor,,,
wt:精神:0,精神,cĭng-sìng,,,,,noun,essence; gist,,,
wt:精神:0,精神,cĭng-sìng,,,,,adjective,(attributive) spiritual; immaterial; cultural,,,
wt:精神:0,精神,cĭng-sìng,,,,,adjective,(attributive) mental; psychiatric; psychological,,,
wt:精神:0,精神,cĭng-sìng,,,,,adjective,lively; active; brisk; in good spirits; spirited; energetic,,,
wt:粵語:0,粵語,Uŏk-ngṳ̄,,,,Imported from Wiktionary (CC BY-SA 4.0): https://en.wiktionary.org/wiki/%E7%B2%B5%E8%AA%9E#Chinese. Mandarin: Yuèyǔ.,noun,Yue; Cantonese language,粤语,,
wt:粳米:0,粳米,găng-mī,,,,Imported from Wiktionary (CC BY-SA 4.0): https://en.wiktionary.org/wiki/%E7%B2%B3%E7%B1%B3#Chinese. Mandarin: 粳mǐ.,noun,"polished, round-grained, non-glutinous rice; grains of japonica rice (Oryza sativa species subsp. japonica)",,,
wt:粗話:0,粗話,chŭ-uâ,,,,"Imported from Wiktionary (CC BY-SA 4.0): https://en.wiktionary.org/wiki/%E7%B2%97%E8%A9%B1#Chinese. Mandarin: cūhuà,cúhuà,2nb=common variant in {{w.",noun,vulgar language,粗话,,
wt:粗殘:0,粗殘,chŭ-chàng,,,,Imported from Wiktionary (CC BY-SA 4.0): https://en.wiktionary.org/wiki/%E7%B2%97%E6%AE%98#Chinese.,adjective,"deft, efficient at work, agile",粗残,,
wt:粿粞:0,粿粞,guōi-chá̤,,,,Imported from Wiktionary (CC BY-SA 4.0): https://en.wiktionary.org/wiki/%E7%B2%BF%E7%B2%9E#Chinese.,noun,food made from flour,,,
wt:糞掃:0,糞掃,bóng-só̤,,,,Imported from Wiktionary (CC BY-SA 4.0): https://en.wiktionary.org/wiki/%E7%B3%9E%E6%8E%83#Chinese.,noun,trash; rubbish; garbage,粪扫,,
wt:糖尿病:0,糖尿病,tòng-niêu-bâng,,,,Imported from Wiktionary (CC BY-SA 4.0): https://en.wiktionary.org/wiki/%E7%B3%96%E5%B0%BF%E7%97%85#Chinese. Mandarin: tángniàobìng.,noun,(disease) diabetes mellitus; diabetes,,,
wt:糧草:0,糧草,liòng-chō̤,,,,Imported from Wiktionary (CC BY-SA 4.0): https://en.wiktionary.org/wiki/%E7%B3%A7%E8%8D%89#Chinese. Mandarin: liángcǎo.,noun,rations; provisions,粮草,,
wt:糞池:0,糞池,bóng-diè,,,,Imported from Wiktionary (CC BY-SA 4.0): https://en.wiktionary.org/wiki/%E7%B3%9E%E6%B1%A0#Chinese. Mandarin: fènchí.,noun,cesspool,粪池,,
wt:糞坑:0,糞坑,bóng-kăng,,,,Imported from Wiktionary (CC BY-SA 4.0): https://en.wiktionary.org/wiki/%E7%B3%9E%E5%9D%91#Chinese. Mandarin: fènkēng.,noun,cesspit; cesspool; manure pit,粪坑,,
wt:糴米:0,糴米,diăh,,,,Imported from Wiktionary (CC BY-SA 4.0): https://en.wiktionary.org/wiki/%E7%B3%B4%E7%B1%B3#Chinese. Mandarin: dímǐ. Pronounced diĕh-mī.,verb,to buy rice,籴米,,
wt:糶米:0,糶米,tiéu-mī,,,,Imported from Wiktionary (CC BY-SA 4.0): https://en.wiktionary.org/wiki/%E7%B3%B6%E7%B1%B3#Chinese. Mandarin: tiàomǐ.,verb,to sell rice,粜米,,
wt:糖粿:0,糖粿,tòng-guōi,,,,Imported from Wiktionary (CC BY-SA 4.0): https://en.wiktionary.org/wiki/%E7%B3%96%E7%B2%BF#Chinese.,noun,nian gao a Chinese New Year's cake made of glutinous rice flour,,,
wt:糞土:0,糞土,bóng-tū,,,,Imported from Wiktionary (CC BY-SA 4.0): https://en.wiktionary.org/wiki/%E7%B3%9E%E5%9C%9F#Chinese. Mandarin: fèntǔ.,noun,dung and dirt; muck,粪土,,
wt:糞土:0,糞土,bóng-tū,,,,,noun,(figurative) worthless thing; nothing,粪土,,
wt:糞斗:0,糞斗,bóng-dāu,,,,Imported from Wiktionary (CC BY-SA 4.0): https://en.wiktionary.org/wiki/%E7%B3%9E%E6%96%97#Chinese.,noun,dustpan,粪斗,,
wt:糞坑厝:0,糞坑厝,bóng-kăng-chió,,,,Imported from Wiktionary (CC BY-SA 4.0): https://en.wiktionary.org/wiki/%E7%B3%9E%E5%9D%91%E5%8E%9D#Chinese.,noun,toilet,粪坑厝,,
wt:紅茶:0,紅茶,è̤ng-dà,,,,Imported from Wiktionary (CC BY-SA 4.0): https://en.wiktionary.org/wiki/%E7%B4%85%E8%8C%B6#Chinese. Mandarin: hóngchá.,noun,black tea,红茶,,
wt:紅色:0,紅色,è̤ng-sáik,,,,Imported from Wiktionary (CC BY-SA 4.0): https://en.wiktionary.org/wiki/%E7%B4%85%E8%89%B2#Chinese. Mandarin: hóngsè.,noun,the color red,红色,,
wt:紅色:0,紅色,è̤ng-sáik,,,,,adjective,red,红色,,
wt:紅色:0,紅色,è̤ng-sáik,,,,,adjective,revolutionary,红色,,
wt:紅綠燈:0,紅綠燈,è̤ng-liŏh-dĕng,,,,"Imported from Wiktionary (CC BY-SA 4.0): https://en.wiktionary.org/wiki/%E7%B4%85%E7%B6%A0%E7%87%88#Chinese. Mandarin: hónglǜdēng,er=y.",noun,traffic light,红绿灯,,
wt:紅酒:0,紅酒,è̤ng-ciū,,,,Imported from Wiktionary (CC BY-SA 4.0): https://en.wiktionary.org/wiki/%E7%B4%85%E9%85%92#Chinese. Mandarin: hóngjiǔ.,noun,red wine made from grapes,红酒,,
wt:紅酒:0,紅酒,è̤ng-ciū,,,,,noun,"(less commonly) any other red alcoholic beverage e.g., jujube wine",红酒,,
wt:紅酒:0,紅酒,è̤ng-ciū,,,,,noun,yellow wine,红酒,,
wt:紅毛:0,紅毛,è̤ng-mò̤,,,,Imported from Wiktionary (CC BY-SA 4.0): https://en.wiktionary.org/wiki/%E7%B4%85%E6%AF%9B#Chinese. Mandarin: hóngmáo.,noun,red hair (on animals),红毛,,
wt:紅糖:0,紅糖,è̤ng-tòng,,,,Imported from Wiktionary (CC BY-SA 4.0): https://en.wiktionary.org/wiki/%E7%B4%85%E7%B3%96#Chinese. Mandarin: hóngtáng.,noun,brown sugar,红糖,,
wt:紅蚣:0,紅蚣,è̤ng,,,,Imported from Wiktionary (CC BY-SA 4.0): https://en.wiktionary.org/wiki/%E7%B4%85%E8%9A%A3#Chinese. Pronounced ĕ̤ng-gŭng.,noun,centipede,红蚣,,
wt:紅蟻:0,紅蟻,ĕ̤ng-ngiê,,,,Imported from Wiktionary (CC BY-SA 4.0): https://en.wiktionary.org/wiki/%E7%B4%85%E8%9F%BB#Chinese. Mandarin: hóngyǐ.,noun,red ant,红蚁,,
wt:紅蟻:0,紅蟻,ĕ̤ng-ngiê,,,,,noun,ant,红蚁,,
wt:紅糟:0,紅糟,è̤ng-cău,,,,Imported from Wiktionary (CC BY-SA 4.0): https://en.wiktionary.org/wiki/%E7%B4%85%E7%B3%9F#Chinese. Mandarin: hóngzāo.,noun,red fermented rice lees,红糟,,
wt:納稅:0,納稅,nák-suói,,,,Imported from Wiktionary (CC BY-SA 4.0): https://en.wiktionary.org/wiki/%E7%B4%8D%E7%A8%85#Chinese. Mandarin: nàshuì.,verb,to pay tax,纳税,,
wt:素菜:0,素菜,só-chái,,,,Imported from Wiktionary (CC BY-SA 4.0): https://en.wiktionary.org/wiki/%E7%B4%A0%E8%8F%9C#Chinese. Mandarin: sùcài.,noun,vegetable dish; vegetarian dish,,,
wt:紙鷂:0,紙鷂,cāi-iêu,,,,Imported from Wiktionary (CC BY-SA 4.0): https://en.wiktionary.org/wiki/%E7%B4%99%E9%B7%82#Chinese. Mandarin: zhǐyào.,noun,kite toy,纸鹞,,
wt:索麵:0,索麵,só̤h-miêng,,,,Imported from Wiktionary (CC BY-SA 4.0): https://en.wiktionary.org/wiki/%E7%B4%A2%E9%BA%B5#Chinese.,noun,"misua a very thin variety of salted noodles made from wheat flour from Fujian, China",索面,,
wt:索寞:0,索寞,sáuk-mŏk,,,,Imported from Wiktionary (CC BY-SA 4.0): https://en.wiktionary.org/wiki/%E7%B4%A2%E5%AF%9E#Chinese. Mandarin: suǒmò.,adjective,crestfallen; downcast; in low spirits,,,
wt:索寞:0,索寞,sáuk-mŏk,,,,,adjective,lonely; lonesome; solitary; desolate,,,
wt:細胞:0,細胞,sá̤-bàu,,,,"Imported from Wiktionary (CC BY-SA 4.0): https://en.wiktionary.org/wiki/%E7%B4%B0%E8%83%9E#Chinese. Mandarin: xìbāo,er=y.",noun,"(biology, cytology, countable) cell",细胞,,
wt:細胞:0,細胞,sá̤-bàu,,,,,noun,"(figurative, uncountable) aptitude; ability",细胞,,
wt:組織:0,組織,cū-cék,,,,"Imported from Wiktionary (CC BY-SA 4.0): https://en.wiktionary.org/wiki/%E7%B5%84%E7%B9%94#Chinese. Mandarin: zǔzhī,tl=y.",verb,to organize; to arrange,组织,,
wt:組織:0,組織,cū-cék,,,,,verb,(classical) to spin and weave fabric,组织,,
wt:組織:0,組織,cū-cék,,,,,verb,(classical) to compose poetry,组织,,
wt:組織:0,組織,cū-cék,,,,,noun,organization group of people with a purpose,组织,,
wt:組織:0,組織,cū-cék,,,,,noun,(biology) tissue,组织,,
wt:紫色:0,紫色,ciē-sáik,,,,Imported from Wiktionary (CC BY-SA 4.0): https://en.wiktionary.org/wiki/%E7%B4%AB%E8%89%B2#Chinese. Mandarin: zǐsè.,noun,purple; violet,,,
wt:終身:0,終身,cṳ̆ng-sĭng,,,,Imported from Wiktionary (CC BY-SA 4.0): https://en.wiktionary.org/wiki/%E7%B5%82%E8%BA%AB#Chinese. Mandarin: zhōngshēn.,noun,all one's life; one's lifetime,终身,,
wt:細膩:0,細膩,sá̤-nê,,,,Imported from Wiktionary (CC BY-SA 4.0): https://en.wiktionary.org/wiki/%E7%B4%B0%E8%86%A9#Chinese. Mandarin: xìnì.,adjective,"(of writing, speech, etc.) exquisite; fine",细腻,,
wt:細膩:0,細膩,sá̤-nê,,,,,adjective,(of texture) smooth; fine,细腻,,
wt:細膩:0,細膩,sá̤-nê,,,,,adjective,careful; cautious,细腻,,
wt:細膩:0,細膩,sá̤-nê,,,,,adjective,courteous; polite,细腻,,
wt:紫菜:0,紫菜,ciē-chái,,,,"Imported from Wiktionary (CC BY-SA 4.0): https://en.wiktionary.org/wiki/%E7%B4%AB%E8%8F%9C#Chinese. Mandarin: zǐcài,tl=y.",noun,"general name for edible seaweed in the genera Porphyra and Pyropia, especially the species Pyropia haitanensis and Pyropia yezoensis; laver; nori",,,
wt:紫菜:0,紫菜,ciē-chái,,,,,noun,eggplant; aubergine,,,
wt:細叔:0,細叔,sá̤-cé̤ṳk,,,,Imported from Wiktionary (CC BY-SA 4.0): https://en.wiktionary.org/wiki/%E7%B4%B0%E5%8F%94#Chinese.,noun,brother-in-law husband's younger brother,细叔,,
wt:細姨:0,細姨,sá̤-ì,,,,Imported from Wiktionary (CC BY-SA 4.0): https://en.wiktionary.org/wiki/%E7%B4%B0%E5%A7%A8#Chinese. Mandarin: xìyí.,noun,sister-in-law wife's younger sister,细姨,,
wt:細姑:0,細姑,sá̤-gŭ,,,,Imported from Wiktionary (CC BY-SA 4.0): https://en.wiktionary.org/wiki/%E7%B4%B0%E5%A7%91#Chinese.,noun,sister-in-law (husband's younger sister),细姑,,
wt:細婆:0,細婆,sá̤-bò̤,,,,Imported from Wiktionary (CC BY-SA 4.0): https://en.wiktionary.org/wiki/%E7%B4%B0%E5%A9%86#Chinese.,noun,(Putian) concubine,细婆,,
wt:細姐:0,細姐,sá̤-ciā,,,,Imported from Wiktionary (CC BY-SA 4.0): https://en.wiktionary.org/wiki/%E7%B4%B0%E5%A7%90#Chinese.,noun,(Dongguan) concubine,细姐,,
wt:結婚:0,結婚,giék-huŏng,,,,"Imported from Wiktionary (CC BY-SA 4.0): https://en.wiktionary.org/wiki/%E7%B5%90%E5%A9%9A#Chinese. Mandarin: jiéhūn,jiēhūn,2nb=common variant in Mainland.",verb,(intransitive) to get married; to marry,结婚,,
wt:結果:0,結果,giék-guōi,,,,Imported from Wiktionary (CC BY-SA 4.0): https://en.wiktionary.org/wiki/%E7%B5%90%E6%9E%9C#Chinese. Mandarin: jiéguǒ.,noun,result; outcome (classifier: 個),结果,,
wt:結果:0,結果,giék-guōi,,,,,noun,(obsolete) style of dress,结果,,
wt:結果:0,結果,giék-guōi,,,,,adverb,finally; in the end; as a result; to end up being,结果,,
wt:結果:0,結果,giék-guōi,,,,,verb,to kill; to finish off,结果,,
wt:結果:0,結果,giék-guōi,,,,,verb,(obsolete) to dress up; to deck out; to make up,结果,,
wt:結果:0,結果,giék-guōi,,,,,verb,to bear fruit,结果,,
wt:結黨:0,結黨,giék-dōng,,,,Imported from Wiktionary (CC BY-SA 4.0): https://en.wiktionary.org/wiki/%E7%B5%90%E9%BB%A8#Chinese. Mandarin: jiédǎng.,verb,to form a faction,结党,,
wt:絕食:0,絕食,ciŏk-sĭk,,,,Imported from Wiktionary (CC BY-SA 4.0): https://en.wiktionary.org/wiki/%E7%B5%95%E9%A3%9F#Chinese. Mandarin: juéshí.,verb,to go without food; to go on a hunger strike; to starve oneself,绝食,,
wt:絕對:0,絕對,ciŏk-dó̤i,,,,Imported from Wiktionary (CC BY-SA 4.0): https://en.wiktionary.org/wiki/%E7%B5%95%E5%B0%8D#Chinese. Mandarin: juéduì.,adjective,(attributive) absolute as opposed to relative; total; unconditional,绝对,,
wt:絕對:0,絕對,ciŏk-dó̤i,,,,,adverb,absolutely; totally; unconditionally; definitely,绝对,,
wt:絕對:0,絕對,ciŏk-dó̤i,,,,,noun,"(rhetoric, Chinese linguistics) a duilian line (usually the first line of a pair) that is notoriously difficult to match with a suitable second line, due to its complex wordplay, erudite allusions, or strict formal constraints; duilian that is extremely difficult, or seemingly impossible, to match with a fitting counterpart; absolute couplet; perplexing couplet; unmatchable couplet",绝对,,
wt:絲綢:0,絲綢,sĭ-dièu,,,,Imported from Wiktionary (CC BY-SA 4.0): https://en.wiktionary.org/wiki/%E7%B5%B2%E7%B6%A2#Chinese. Mandarin: sīchóu.,noun,silk as cloth or fabric,丝绸,,
wt:絕句:0,絕句,ciŏk-guó,,,,Imported from Wiktionary (CC BY-SA 4.0): https://en.wiktionary.org/wiki/%E7%B5%95%E5%8F%A5#Chinese. Mandarin: juéjù.,noun,(poetry) jueju,绝句,,
wt:結囝:0,結囝,giék-giāng,,,,Imported from Wiktionary (CC BY-SA 4.0): https://en.wiktionary.org/wiki/%E7%B5%90%E5%9B%9D#Chinese.,verb,to bear fruit,结囝,,
wt:絲蟲:0,絲蟲,sĭ-tè̤ng,,,,Imported from Wiktionary (CC BY-SA 4.0): https://en.wiktionary.org/wiki/%E7%B5%B2%E8%9F%B2#Chinese. Mandarin: sīchóng.,noun,filaria; filarial worm,丝虫,,
wt:絲蟲:0,絲蟲,sĭ-tè̤ng,,,,,noun,(Waxiang) silkworm,丝虫,,
wt:經濟:0,經濟,gĭng-cá̤,,,,Imported from Wiktionary (CC BY-SA 4.0): https://en.wiktionary.org/wiki/%E7%B6%93%E6%BF%9F#Chinese. Mandarin: jīngjì.,noun,economy,经济,,
wt:經濟:0,經濟,gĭng-cá̤,,,,,noun,finance,经济,,
wt:經濟:0,經濟,gĭng-cá̤,,,,,noun,economics,经济,,
wt:經濟:0,經濟,gĭng-cá̤,,,,,noun,financial condition; finances,经济,,
wt:經濟:0,經濟,gĭng-cá̤,,,,,adjective,"(attributive) economic relating to an economy, or to the field of economics",经济,,
wt:經濟:0,經濟,gĭng-cá̤,,,,,adjective,(attributive) of economic value,经济,,
wt:經濟:0,經濟,gĭng-cá̤,,,,,adjective,economical saving money or resources; thrifty; having value for money,经济,,
wt:經濟:0,經濟,gĭng-cá̤,,,,,verb,short for 經世濟民,经济,,
wt:經濟:0,經濟,gĭng-cá̤,,,,,verb,to be economical,经济,,
wt:經濟學:0,經濟學,gĭng-cá̤-hŏk,,,,Imported from Wiktionary (CC BY-SA 4.0): https://en.wiktionary.org/wiki/%E7%B6%93%E6%BF%9F%E5%AD%B8#Chinese. Mandarin: jīngjìxué.,noun,economics as a field of study,经济学,,
wt:經手:0,經手,gĭng-chīu,,,,Imported from Wiktionary (CC BY-SA 4.0): https://en.wiktionary.org/wiki/%E7%B6%93%E6%89%8B#Chinese. Mandarin: jīngshǒu.,verb,to handle; to deal with,经手,,
wt:經籍:0,經籍,gĭng-cĭk,,,,Imported from Wiktionary (CC BY-SA 4.0): https://en.wiktionary.org/wiki/%E7%B6%93%E7%B1%8D#Chinese. Mandarin: jīngjí.,noun,classic books; classic texts,经籍,,
wt:經籍:0,經籍,gĭng-cĭk,,,,,noun,(in general) books,经籍,,
wt:綿羊:0,綿羊,mièng-iòng,,,,Imported from Wiktionary (CC BY-SA 4.0): https://en.wiktionary.org/wiki/%E7%B6%BF%E7%BE%8A#Chinese. Mandarin: miányáng.,noun,sheep,绵羊,,
wt:維基:0,維基,mì-gĭ,,,,Imported from Wiktionary (CC BY-SA 4.0): https://en.wiktionary.org/wiki/%E7%B6%AD%E5%9F%BA#Chinese. Mandarin: wéijī.,noun,wiki,维基,,
wt:綠色:0,綠色,luŏh-sáik,,,,Imported from Wiktionary (CC BY-SA 4.0): https://en.wiktionary.org/wiki/%E7%B6%A0%E8%89%B2#Chinese. Mandarin: lǜsè.,noun,the color green,绿色,,
wt:綠色:0,綠色,luŏh-sáik,,,,,adjective,"(agriculture, of food) pollutant-free; organic; healthy",绿色,,
wt:綠色:0,綠色,luŏh-sáik,,,,,adjective,environmentally friendly; eco-friendly; sustainable,绿色,,
wt:綠色:0,綠色,luŏh-sáik,,,,,adjective,focused on environmental protection and sustainable development,绿色,,
wt:維生素:0,維生素,mì-sĕng-só,,,,Imported from Wiktionary (CC BY-SA 4.0): https://en.wiktionary.org/wiki/%E7%B6%AD%E7%94%9F%E7%B4%A0#Chinese. Mandarin: wéishēngsù.,noun,vitamin,维生素,,
wt:網誌:0,網誌,uōng-cé,,,,Imported from Wiktionary (CC BY-SA 4.0): https://en.wiktionary.org/wiki/%E7%B6%B2%E8%AA%8C#Chinese. Mandarin: wǎngzhì.,noun,blog,网志,,
wt:總統:0,總統,cūng-tūng,,,,Imported from Wiktionary (CC BY-SA 4.0): https://en.wiktionary.org/wiki/%E7%B8%BD%E7%B5%B1#Chinese. Mandarin: zǒngtǒng.,noun,president of a republic,总统,,
wt:總統:0,總統,cūng-tūng,,,,,noun,"(historical, military) commander-in-chief",总统,,
wt:編輯:0,編輯,biĕng-cék,,,,"Imported from Wiktionary (CC BY-SA 4.0): https://en.wiktionary.org/wiki/%E7%B7%A8%E8%BC%AF#Chinese. Mandarin: biānjí,tl=y.",noun,editor one who edits; compiler,编辑,,
wt:編輯:0,編輯,biĕng-cék,,,,,verb,"to edit books, documents, etc.; to compile software",编辑,,
wt:縣長:0,縣長,gâing-diōng,,,,Imported from Wiktionary (CC BY-SA 4.0): https://en.wiktionary.org/wiki/%E7%B8%A3%E9%95%B7#Chinese. Mandarin: xiànzhǎng.,noun,head of a county; county magistrate; county governor,县长,,
wt:線頭:0,線頭,siáng-tàu,,,,Imported from Wiktionary (CC BY-SA 4.0): https://en.wiktionary.org/wiki/%E7%B7%9A%E9%A0%AD#Chinese. Mandarin: xiàntóu.,noun,end of a thread,线头,,
wt:線頭:0,線頭,siáng-tàu,,,,,noun,odd piece of thread; bit of thread,线头,,
wt:總款:0,總款,cūng-kuāng,,,,Imported from Wiktionary (CC BY-SA 4.0): https://en.wiktionary.org/wiki/%E7%B8%BD%E6%AC%BE#Chinese.,pronoun,this way,总款,,
wt:總款:0,總款,cūng-kuāng,,,,,adverb,like this; in this way; so modifies verbs,总款,,
wt:線襪:0,線襪,siáng-uăk,,,,Imported from Wiktionary (CC BY-SA 4.0): https://en.wiktionary.org/wiki/%E7%B7%9A%E8%A5%AA#Chinese. Mandarin: xiànwà.,noun,cotton socks,线袜,,
wt:繼續:0,繼續,gié-sṳ̆k,,,,Imported from Wiktionary (CC BY-SA 4.0): https://en.wiktionary.org/wiki/%E7%B9%BC%E7%BA%8C#Chinese. Mandarin: jìxù.,verb,to continue; to persist,继续,,
wt:繼續:0,繼續,gié-sṳ̆k,,,,,noun,continuation,继续,,
wt:缺喙:0,缺喙,kiék-chói,,,,Imported from Wiktionary (CC BY-SA 4.0): https://en.wiktionary.org/wiki/%E7%BC%BA%E5%96%99#Chinese.,noun,harelip,,,
wt:缺喙:0,缺喙,kiék-chói,,,,,noun,person with a harelip,,,
wt:缺嘴:0,缺嘴,kiék-chói,,,,Imported from Wiktionary (CC BY-SA 4.0): https://en.wiktionary.org/wiki/%E7%BC%BA%E5%98%B4#Chinese. Mandarin: quēzuǐ.,noun,harelip,,,
wt:纏絆:0,纏絆,dièng-buáng,,,,Imported from Wiktionary (CC BY-SA 4.0): https://en.wiktionary.org/wiki/%E7%BA%8F%E7%B5%86#Chinese.,adjective,"muddled in thought, verbose in speech, and repetitive in behavior",缠绊,,
wt:缸婆:0,缸婆,gŏng-bò̤,,,,Imported from Wiktionary (CC BY-SA 4.0): https://en.wiktionary.org/wiki/%E7%BC%B8%E5%A9%86#Chinese.,noun,very big bowl,,,
wt:缸母:0,缸母,gŏng mō̤,,,,Imported from Wiktionary (CC BY-SA 4.0): https://en.wiktionary.org/wiki/%E7%BC%B8%E6%AF%8D#Chinese.,noun,very big bowl,,,
wt:羅馬:0,羅馬,Lò̤-mā,,,,Imported from Wiktionary (CC BY-SA 4.0): https://en.wiktionary.org/wiki/%E7%BE%85%E9%A6%AC#Chinese. Mandarin: Luómǎ.,adjective,(attributive) Roman pertaining to Rome or the Roman empire,罗马,,
wt:罪惡:0,罪惡,cô̤i-áuk,,,,Imported from Wiktionary (CC BY-SA 4.0): https://en.wiktionary.org/wiki/%E7%BD%AA%E6%83%A1#Chinese. Mandarin: zuì'è.,noun,crime; evil; sin,罪恶,,
wt:羅馬字:0,羅馬字,lò̤-mā-cê,,,,Imported from Wiktionary (CC BY-SA 4.0): https://en.wiktionary.org/wiki/%E7%BE%85%E9%A6%AC%E5%AD%97#Chinese. Mandarin: luómǎzì.,noun,the Latin alphabet; roman letters,罗马字,,
wt:羅馬字:0,羅馬字,lò̤-mā-cê,,,,,noun,romanization,罗马字,,
wt:羅馬字:0,羅馬字,lò̤-mā-cê,,,,,noun,rōmaji the standard Japanese 26-character Latin script,罗马字,,
wt:羅馬字:0,羅馬字,lò̤-mā-cê,,,,,noun,romaja a representation of Korean in Latin script,罗马字,,
wt:罪犯:0,罪犯,cô̤i-huâng,,,,Imported from Wiktionary (CC BY-SA 4.0): https://en.wiktionary.org/wiki/%E7%BD%AA%E7%8A%AF#Chinese. Mandarin: zuìfàn.,noun,(countable) criminal; offender; culprit,,,
wt:罰款:0,罰款,huăk-kuāng,,,,Imported from Wiktionary (CC BY-SA 4.0): https://en.wiktionary.org/wiki/%E7%BD%B0%E6%AC%BE#Chinese. Mandarin: fákuǎn.,noun,fine; penalty,罚款,,
wt:罰款:0,罰款,huăk-kuāng,,,,,verb,to fine; to impose a penalty,罚款,,
wt:罰酒:0,罰酒,huăk-ciū,,,,Imported from Wiktionary (CC BY-SA 4.0): https://en.wiktionary.org/wiki/%E7%BD%B0%E9%85%92#Chinese. Mandarin: fájiǔ.,verb,to make someone drink as a forfeit; to drink as a result of losing a bet,罚酒,,
wt:罰酒:0,罰酒,huăk-ciū,,,,,noun,forfeit drink,罚酒,,
wt:罰錢:0,罰錢,huăk-cièng,,,,Imported from Wiktionary (CC BY-SA 4.0): https://en.wiktionary.org/wiki/%E7%BD%B0%E9%8C%A2#Chinese. Mandarin: fáqián.,verb,to fine; to impose a fine,罚钱,,
wt:羚羊:0,羚羊,lìng-iòng,,,,Imported from Wiktionary (CC BY-SA 4.0): https://en.wiktionary.org/wiki/%E7%BE%9A%E7%BE%8A#Chinese. Mandarin: língyáng.,noun,antelope (classifier: 隻),,,
wt:羽毛:0,羽毛,ṳ̄-mò̤,,,,Imported from Wiktionary (CC BY-SA 4.0): https://en.wiktionary.org/wiki/%E7%BE%BD%E6%AF%9B#Chinese. Mandarin: yǔmáo.,noun,feather; plumage,,,
wt:羽毛:0,羽毛,ṳ̄-mò̤,,,,,noun,(figurative) reputation; fame; prestige,,,
wt:美女:0,美女,mī-nṳ̄,,,,Imported from Wiktionary (CC BY-SA 4.0): https://en.wiktionary.org/wiki/%E7%BE%8E%E5%A5%B3#Chinese. Mandarin: měinǚ.,noun,beautiful woman; beauty; lovely lady,,,
wt:美女:0,美女,mī-nṳ̄,,,,,noun,A polite term of address to any woman: miss; ma'am; honey,,,
wt:群體:0,群體,gùng-tā̤,,,,Imported from Wiktionary (CC BY-SA 4.0): https://en.wiktionary.org/wiki/%E7%BE%A4%E9%AB%94#Chinese. Mandarin: qúntǐ.,noun,group; community; collective especially one whose members have a common purpose,群体,,
wt:群體:0,群體,gùng-tā̤,,,,,noun,(biology) population of a species; colony,群体,,
wt:羊角:0,羊角,iòng-gáe̤k,,,,"Imported from Wiktionary (CC BY-SA 4.0): https://en.wiktionary.org/wiki/%E7%BE%8A%E8%A7%92#Chinese. Mandarin: yángjiǎo,er=y.",noun,ram's horns,,,
wt:羊角:0,羊角,iòng-gáe̤k,,,,,noun,(figurative) cyclone; whirlwind,,,
wt:羊角:0,羊角,iòng-gáe̤k,,,,,noun,jujube tree,,,
wt:羊角:0,羊角,iòng-gáe̤k,,,,,noun,ram; male goat,,,
wt:羊眩:0,羊眩,iòng-hìng,,,,Imported from Wiktionary (CC BY-SA 4.0): https://en.wiktionary.org/wiki/%E7%BE%8A%E7%9C%A9#Chinese.,noun,(medicine) epilepsy,,,
wt:羊眩:0,羊眩,iòng-hìng,,,,,noun,(Putian) dizziness,,,
wt:義親:0,義親,ngiê-chĭng,,,,Imported from Wiktionary (CC BY-SA 4.0): https://en.wiktionary.org/wiki/%E7%BE%A9%E8%A6%AA#Chinese.,noun,nominal kinship,义亲,,
wt:羊母:0,羊母,iòng-mō̤,,,,Imported from Wiktionary (CC BY-SA 4.0): https://en.wiktionary.org/wiki/%E7%BE%8A%E6%AF%8D#Chinese.,noun,ewe,,,
wt:羊公:0,羊公,iòng-gē̤ng,,,,Imported from Wiktionary (CC BY-SA 4.0): https://en.wiktionary.org/wiki/%E7%BE%8A%E5%85%AC#Chinese.,noun,ram; male goat,,,
wt:義郎爸:0,義郎爸,ngiê-lòng-bâ,,,,Imported from Wiktionary (CC BY-SA 4.0): https://en.wiktionary.org/wiki/%E7%BE%A9%E9%83%8E%E7%88%B8#Chinese.,noun,adoptive father,义郎爸,,
wt:義囝:0,義囝,ngiê-giāng,,,,Imported from Wiktionary (CC BY-SA 4.0): https://en.wiktionary.org/wiki/%E7%BE%A9%E5%9B%9D#Chinese.,noun,godson,义囝,,
wt:義奶:0,義奶,ngiê-nā̤,,,,Imported from Wiktionary (CC BY-SA 4.0): https://en.wiktionary.org/wiki/%E7%BE%A9%E5%A5%B6#Chinese.,noun,godmother; (nominally) adoptive mother,义奶,,
wt:義娘奶:0,義娘奶,ngiê-nòng-nā̤,,,,Imported from Wiktionary (CC BY-SA 4.0): https://en.wiktionary.org/wiki/%E7%BE%A9%E5%A8%98%E5%A5%B6#Chinese.,noun,godmother; (nominally) adoptive mother,义娘奶,,
wt:義校:0,義校,ngiê-hâu,,,,Imported from Wiktionary (CC BY-SA 4.0): https://en.wiktionary.org/wiki/%E7%BE%A9%E6%A0%A1#Chinese.,noun,(dated) tuition-free school from private funding or public welfare funds,义校,,
wt:義女:0,義女,ngiê-nṳ̄,,,,Imported from Wiktionary (CC BY-SA 4.0): https://en.wiktionary.org/wiki/%E7%BE%A9%E5%A5%B3#Chinese. Mandarin: yìnǚ.,noun,(nominally) adoptive daughter; goddaughter,义女,,
wt:義女:0,義女,ngiê-nṳ̄,,,,,noun,servant girl; maid,义女,,
wt:翻譯:0,翻譯,huăng-ĭk,,,,"Imported from Wiktionary (CC BY-SA 4.0): https://en.wiktionary.org/wiki/%E7%BF%BB%E8%AD%AF#Chinese. Mandarin: fānyì,tl=y.",verb,to translate to change spoken words or written text from one language to another,翻译,,
wt:翻譯:0,翻譯,huăng-ĭk,,,,,verb,(genetics) to translate to generate a chain of amino acids based on the sequence of codons in an mRNA molecule,翻译,,
wt:翻譯:0,翻譯,huăng-ĭk,,,,,noun,"translator; interpreter (classifier: 名, 位)",翻译,,
wt:習慣:0,習慣,sĭk-guáng,,,,Imported from Wiktionary (CC BY-SA 4.0): https://en.wiktionary.org/wiki/%E7%BF%92%E6%85%A3#Chinese. Mandarin: xíguàn.,verb,to be accustomed to; to be in the habit of,习惯,,
wt:習慣:0,習慣,sĭk-guáng,,,,,noun,custom; habit,习惯,,
wt:老公:0,老公,lâu,,,,Imported from Wiktionary (CC BY-SA 4.0): https://en.wiktionary.org/wiki/%E8%80%81%E5%85%AC#Chinese. Mandarin: lǎogōng. Pronounced lâ-gŭng.,noun,husband,,,
wt:老公:0,老公,lâu,,,,,noun,elderly person,,,
wt:老公:0,老公,lâu,,,,,noun,(archaic) father,,,
wt:老公:0,老公,lâu,,,,,noun,(humorous) the public,,,
wt:老公:0,老公,lâu,,,,,noun,"(internet slang, ACG, neologism) husbando",,,
wt:老公:0,老公,lâu,,,,,noun,(archaic) eunuch,,,
wt:老人:0,老人,lâu-nè̤ng,,,,Imported from Wiktionary (CC BY-SA 4.0): https://en.wiktionary.org/wiki/%E8%80%81%E4%BA%BA#Chinese. Mandarin: lǎorén.,noun,old person; the old; the elderly,,,
wt:老人:0,老人,lâu-nè̤ng,,,,,noun,elder,,,
wt:翡翠:0,翡翠,hói-chói,,,,Imported from Wiktionary (CC BY-SA 4.0): https://en.wiktionary.org/wiki/%E7%BF%A1%E7%BF%A0#Chinese. Mandarin: fěicuì.,noun,jadeite,,,
wt:翡翠:0,翡翠,hói-chói,,,,,noun,"kingfisher, especially halcyon",,,
wt:考卷:0,考卷,kō̤-guóng,,,,"Imported from Wiktionary (CC BY-SA 4.0): https://en.wiktionary.org/wiki/%E8%80%83%E5%8D%B7#Chinese. Mandarin: kǎojuàn,er=y.",noun,examination paper; exam paper,,,
wt:考場:0,考場,kō̤-diòng,,,,Imported from Wiktionary (CC BY-SA 4.0): https://en.wiktionary.org/wiki/%E8%80%83%E5%A0%B4#Chinese. Mandarin: kǎo場.,noun,examination hall; test room,考场,,
wt:老公媽:0,老公媽,lâu-gŭng-mā,,,,Imported from Wiktionary (CC BY-SA 4.0): https://en.wiktionary.org/wiki/%E8%80%81%E5%85%AC%E5%AA%BD#Chinese.,noun,husband and wife; married couple,老公妈,,
wt:老丈:0,老丈,lō̤-tuông,,,,Imported from Wiktionary (CC BY-SA 4.0): https://en.wiktionary.org/wiki/%E8%80%81%E4%B8%88#Chinese. Mandarin: lǎozhàng.,noun,old sir; venerable sir,,,
wt:老大公:0,老大公,lō̤-duâi-gŭng,,,,Imported from Wiktionary (CC BY-SA 4.0): https://en.wiktionary.org/wiki/%E8%80%81%E5%A4%A7%E5%85%AC#Chinese.,noun,great-great-grandfather the father of someone's great-grandparent,,,
wt:老具:0,老具,lō̤-gê̤ṳ,,,,Imported from Wiktionary (CC BY-SA 4.0): https://en.wiktionary.org/wiki/%E8%80%81%E5%85%B7#Chinese.,noun,walking stick; cane,,,
wt:老虎:0,老虎,lâu-hū,,,,Imported from Wiktionary (CC BY-SA 4.0): https://en.wiktionary.org/wiki/%E8%80%81%E8%99%8E#Chinese. Mandarin: lǎohǔ.,noun,tiger,,,
wt:老虎:0,老虎,lâu-hū,,,,,noun,(figurative) energy-consuming unit or machine,,,
wt:老虎:0,老虎,lâu-hū,,,,,noun,"(figurative) one who uses one's power and influence to engage in large-scale embezzlement, theft or tax evasion; high-ranking corrupt officials",,,
wt:老鼠:0,老鼠,lō̤-chṳ̄,,,,Imported from Wiktionary (CC BY-SA 4.0): https://en.wiktionary.org/wiki/%E8%80%81%E9%BC%A0#Chinese. Mandarin: lǎoshǔ.,noun,(countable) mouse and rat in general,,,
wt:老鼠:0,老鼠,lō̤-chṳ̄,,,,,noun,"cunning, deceitful person",,,
wt:老師:0,老師,lō̤-sṳ̆,,,,Imported from Wiktionary (CC BY-SA 4.0): https://en.wiktionary.org/wiki/%E8%80%81%E5%B8%AB#Chinese. Mandarin: lǎoshī.,noun,"teacher (classifier: 個, 位, 名)",老师,,
wt:老師:0,老師,lō̤-sṳ̆,,,,,noun,a term of address for a teacher,老师,,
wt:老師:0,老師,lō̤-sṳ̆,,,,,noun,"(internet slang, humorous) a term of address for a Japanese porn actress",老师,,
wt:考試:0,考試,kō̤-sé̤ṳ,,,,Imported from Wiktionary (CC BY-SA 4.0): https://en.wiktionary.org/wiki/%E8%80%83%E8%A9%A6#Chinese. Mandarin: kǎoshì. Other readings: kō̤-sé.,noun,test (of a person's proficiency or knowledge); examination; exam,考试,,
wt:考試:0,考試,kō̤-sé̤ṳ,,,,,verb,to take a test; to sit an examination; to have an exam,考试,,
wt:老婆:0,老婆,lâu-pò̤,,,,"Imported from Wiktionary (CC BY-SA 4.0): https://en.wiktionary.org/wiki/%E8%80%81%E5%A9%86#Chinese. Mandarin: lǎopo,lǎopó.",noun,wife,,,
wt:老婆:0,老婆,lâu-pò̤,,,,,noun,"(internet slang, ACG, neologism) waifu",,,
wt:老婆:0,老婆,lâu-pò̤,,,,,noun,toad,,,
wt:老婆:0,老婆,lâu-pò̤,,,,,noun,(affectionate) old woman,,,
wt:老婆:0,老婆,lâu-pò̤,,,,,noun,(dated) (old) maidservant; amah,,,
wt:老闆:0,老闆,lō̤-bēng,,,,Imported from Wiktionary (CC BY-SA 4.0): https://en.wiktionary.org/wiki/%E8%80%81%E9%97%86#Chinese. Mandarin: lǎobǎn.,noun,shop owner; business proprietor,老板,,
wt:老闆:0,老闆,lō̤-bēng,,,,,noun,boss; chief,老板,,
wt:老闆:0,老闆,lō̤-bēng,,,,,noun,(honorific) famous actor in Beijing opera,老板,,
wt:老闆:0,老闆,lō̤-bēng,,,,,noun,polite form of address for an adult,老板,,
wt:老闆:0,老闆,lō̤-bēng,,,,,noun,supervisor (a very widespread informal way Chinese graduate students refer to their supervisor),老板,,
wt:老子:0,老子,Lō̤-cṳ̄,,,,Imported from Wiktionary (CC BY-SA 4.0): https://en.wiktionary.org/wiki/%E8%80%81%E5%AD%90#Chinese. Mandarin: Lǎozǐ.,pronoun,"(male speech, humorous) I; me",,,
wt:老子:0,老子,Lō̤-cṳ̄,,,,,noun,old man,,,
wt:老子:0,老子,Lō̤-cṳ̄,,,,,noun,(slang) father; old man,,,
wt:老子:0,老子,Lō̤-cṳ̄,,,,,noun,(dated) son; young man i.e. a mother scolding her son,,,
wt:老小:0,老小,lō̤-siēu,,,,Imported from Wiktionary (CC BY-SA 4.0): https://en.wiktionary.org/wiki/%E8%80%81%E5%B0%8F#Chinese. Mandarin: lǎoxiǎo.,noun,the young and the old,,,
wt:老小:0,老小,lō̤-siēu,,,,,noun,one's entire family,,,
wt:老小:0,老小,lō̤-siēu,,,,,noun,wife,,,
wt:耳囝:0,耳囝,ngê-giāng,,,,Imported from Wiktionary (CC BY-SA 4.0): https://en.wiktionary.org/wiki/%E8%80%B3%E5%9B%9D#Chinese.,noun,(Yongchun) ear,,,
wt:老媽:0,老媽,lâu-mā,,,,"Imported from Wiktionary (CC BY-SA 4.0): https://en.wiktionary.org/wiki/%E8%80%81%E5%AA%BD#Chinese. Mandarin: lǎomā,er=y.",noun,(endearing) mum; mother; my old mum,老妈,,
wt:老媽:0,老媽,lâu-mā,,,,,noun,old woman,老妈,,
wt:老媽:0,老媽,lâu-mā,,,,,noun,old female servant; amah,老妈,,
wt:老媽:0,老媽,lâu-mā,,,,,noun,wife,老妈,,
wt:老媽:0,老媽,lâu-mā,,,,,noun,old woman; old bag,老妈,,
wt:老蛇:0,老蛇,lâu-siè,,,,Imported from Wiktionary (CC BY-SA 4.0): https://en.wiktionary.org/wiki/%E8%80%81%E8%9B%87#Chinese.,noun,snake; serpent,,,
wt:老鴉:0,老鴉,lō̤-uă,,,,Imported from Wiktionary (CC BY-SA 4.0): https://en.wiktionary.org/wiki/%E8%80%81%E9%B4%89#Chinese. Mandarin: lǎoyā.,noun,crow; raven,老鸦,,
wt:老虎母:0,老虎母,lâu-hū-mō̤,,,,Imported from Wiktionary (CC BY-SA 4.0): https://en.wiktionary.org/wiki/%E8%80%81%E8%99%8E%E6%AF%8D#Chinese.,noun,tigress,,,
wt:老虎母:0,老虎母,lâu-hū-mō̤,,,,,noun,shrew; vixen,,,
wt:老闆嫂:0,老闆嫂,lō̤-bēng-sō̤,,,,Imported from Wiktionary (CC BY-SA 4.0): https://en.wiktionary.org/wiki/%E8%80%81%E9%97%86%E5%AB%82#Chinese.,noun,proprietress; boss's wife; female boss,老板嫂,,
wt:老虎囝:0,老虎囝,lâu-hū-giāng,,,,Imported from Wiktionary (CC BY-SA 4.0): https://en.wiktionary.org/wiki/%E8%80%81%E8%99%8E%E5%9B%9D#Chinese.,noun,silkworm chrysalis,,,
wt:老後年:0,老後年,lō̤-âu-nièng,,,,Imported from Wiktionary (CC BY-SA 4.0): https://en.wiktionary.org/wiki/%E8%80%81%E5%BE%8C%E5%B9%B4#Chinese.,noun,three years from now,老后年,,
wt:考書:0,考書,kō̤-cṳ̆,,,,Imported from Wiktionary (CC BY-SA 4.0): https://en.wiktionary.org/wiki/%E8%80%83%E6%9B%B8#Chinese.,verb,to take a test; to sit for an examination,考书,,
wt:老昨日:0,老昨日,lō̤-sŏ̤h,,,,Imported from Wiktionary (CC BY-SA 4.0): https://en.wiktionary.org/wiki/%E8%80%81%E6%98%A8%E6%97%A5#Chinese. Pronounced só̤h-nĭk.,noun,three days ago,,,
wt:老辦:0,老辦,lō̤-bâing,,,,Imported from Wiktionary (CC BY-SA 4.0): https://en.wiktionary.org/wiki/%E8%80%81%E8%BE%A6#Chinese.,adjective,seasoned; experienced,老办,,
wt:老鼠趼:0,老鼠趼,lō̤-chṳ̄-nĕng,,,,Imported from Wiktionary (CC BY-SA 4.0): https://en.wiktionary.org/wiki/%E8%80%81%E9%BC%A0%E8%B6%BC#Chinese.,noun,(pathology) wart,,,
wt:老昨年:0,老昨年,lō̤,,,,Imported from Wiktionary (CC BY-SA 4.0): https://en.wiktionary.org/wiki/%E8%80%81%E6%98%A8%E5%B9%B4#Chinese. Pronounced lô̤-sŏ̤h-nièng.,noun,three years ago,,,
wt:老後日:0,老後日,lŏ̤-âu-nĭk,,,,Imported from Wiktionary (CC BY-SA 4.0): https://en.wiktionary.org/wiki/%E8%80%81%E5%BE%8C%E6%97%A5#Chinese.,noun,(Hengyang) three days from now,老后日,,
wt:耳環:0,耳環,ngê-kuàng,,,,Imported from Wiktionary (CC BY-SA 4.0): https://en.wiktionary.org/wiki/%E8%80%B3%E7%92%B0#Chinese. Mandarin: ěrhuán.,noun,earring,耳环,,
wt:耳屎:0,耳屎,ngê-sāi,,,,Imported from Wiktionary (CC BY-SA 4.0): https://en.wiktionary.org/wiki/%E8%80%B3%E5%B1%8E#Chinese. Mandarin: ěrshǐ.,noun,earwax,,,
wt:耽擱:0,耽擱,dăng-gó̤h,,,,"Imported from Wiktionary (CC BY-SA 4.0): https://en.wiktionary.org/wiki/%E8%80%BD%E6%93%B1#Chinese. Mandarin: dānge,dāngē,1nb=Mainland,2nb=Taiwan.",verb,to stop over,耽搁,,
wt:耽擱:0,耽擱,dăng-gó̤h,,,,,verb,to delay (a matter); to waste time; to hold up,耽搁,,
wt:耽擱:0,耽擱,dăng-gó̤h,,,,,verb,to miss (a chance to do something),耽搁,,
wt:耽擱:0,耽擱,dăng-gó̤h,,,,,verb,to defer; to adjourn,耽搁,,
wt:耳聾:0,耳聾,ngê-lè̤ng,,,,Imported from Wiktionary (CC BY-SA 4.0): https://en.wiktionary.org/wiki/%E8%80%B3%E8%81%BE#Chinese. Mandarin: ěrlóng.,adjective,deaf,耳聋,,
wt:耳聾:0,耳聾,ngê-lè̤ng,,,,,noun,deaf person,耳聋,,
wt:耳墜:0,耳墜,ngê-duôi,,,,"Imported from Wiktionary (CC BY-SA 4.0): https://en.wiktionary.org/wiki/%E8%80%B3%E5%A2%9C#Chinese. Mandarin: ěrzhuì,er=y.",noun,earring; eardrop,耳坠,,
wt:耳空:0,耳空,ngê-kĕ̤ng,,,,Imported from Wiktionary (CC BY-SA 4.0): https://en.wiktionary.org/wiki/%E8%80%B3%E7%A9%BA#Chinese.,noun,earhole,,,
wt:耶教:0,耶教,Ià-gáu,,,,Imported from Wiktionary (CC BY-SA 4.0): https://en.wiktionary.org/wiki/%E8%80%B6%E6%95%99#Chinese. Mandarin: 耶jiào.,noun,short for 耶穌教,,,
wt:耳扒:0,耳扒,ngê-bà,,,,Imported from Wiktionary (CC BY-SA 4.0): https://en.wiktionary.org/wiki/%E8%80%B3%E6%89%92#Chinese.,noun,earpick,,,
wt:耳扒囝:0,耳扒囝,ngê-bà-giāng,,,,Imported from Wiktionary (CC BY-SA 4.0): https://en.wiktionary.org/wiki/%E8%80%B3%E6%89%92%E5%9B%9D#Chinese.,noun,earpick,,,
wt:耳臍:0,耳臍,ngê-sài,,,,Imported from Wiktionary (CC BY-SA 4.0): https://en.wiktionary.org/wiki/%E8%80%B3%E8%87%8D#Chinese.,noun,earlobe,耳脐,,
wt:聲調:0,聲調,sĭng-diêu,,,,"Imported from Wiktionary (CC BY-SA 4.0): https://en.wiktionary.org/wiki/%E8%81%B2%E8%AA%BF#Chinese. Mandarin: shēngdiào,er=y.",noun,tone; note,声调,,
wt:聲調:0,聲調,sĭng-diêu,,,,,noun,(linguistics) tone,声调,,
wt:聖誕:0,聖誕,séng-dáng,,,,Imported from Wiktionary (CC BY-SA 4.0): https://en.wiktionary.org/wiki/%E8%81%96%E8%AA%95#Chinese. Mandarin: shèngdàn.,noun,"birth of a sage, saint, god, emperor, etc.",圣诞,,
wt:聲音:0,聲音,siăng-ĭng,,,,Imported from Wiktionary (CC BY-SA 4.0): https://en.wiktionary.org/wiki/%E8%81%B2%E9%9F%B3#Chinese. Mandarin: shēngyīn.,noun,sound; noise; voice (classifier: 個),声音,,
wt:聲音:0,聲音,siăng-ĭng,,,,,noun,opinion; voice,声音,,
wt:聲音:0,聲音,siăng-ĭng,,,,,noun,manner of speaking; accent,声音,,
wt:聲音:0,聲音,siăng-ĭng,,,,,noun,"(Dungan, linguistics) tone",声音,,
wt:聖人:0,聖人,séng-ìng,,,,"Imported from Wiktionary (CC BY-SA 4.0): https://en.wiktionary.org/wiki/%E8%81%96%E4%BA%BA#Chinese. Mandarin: shèngrén,tl=y.",noun,sage; wise man,圣人,,
wt:聖人:0,聖人,séng-ìng,,,,,noun,(Christianity) saint,圣人,,
wt:聖人:0,聖人,séng-ìng,,,,,noun,(archaic) the Emperor,圣人,,
wt:聖人:0,聖人,séng-ìng,,,,,noun,(Buddhism) enlightened individual; Buddha; bodhisattva,圣人,,
wt:聰明:0,聰明,chŭng-mìng,,,,"Imported from Wiktionary (CC BY-SA 4.0): https://en.wiktionary.org/wiki/%E8%81%B0%E6%98%8E#Chinese. Mandarin: cōngmíng,tl=y.",adjective,clever; intelligent; smart; bright,聪明,,
wt:聰明:0,聰明,chŭng-mìng,,,,,adjective,"(archaic, of hearing and vision) sharp; keen; perceptive",聪明,,
wt:聚會:0,聚會,cê̤ṳ-huôi,,,,Imported from Wiktionary (CC BY-SA 4.0): https://en.wiktionary.org/wiki/%E8%81%9A%E6%9C%83#Chinese. Mandarin: jùhuì.,verb,to gather together; to meet,聚会,,
wt:聚會:0,聚會,cê̤ṳ-huôi,,,,,noun,get-together; party; gathering,聚会,,
wt:聖旨:0,聖旨,séng-cī,,,,Imported from Wiktionary (CC BY-SA 4.0): https://en.wiktionary.org/wiki/%E8%81%96%E6%97%A8#Chinese. Mandarin: shèngzhǐ.,noun,(historical) imperial edict (classifier: 道),圣旨,,
wt:聯絡:0,聯絡,lièng-lŏk,,,,Imported from Wiktionary (CC BY-SA 4.0): https://en.wiktionary.org/wiki/%E8%81%AF%E7%B5%A1#Chinese. Mandarin: liánluò.,verb,to get in touch with; to contact,联络,,
wt:聯絡:0,聯絡,lièng-lŏk,,,,,noun,liaison; contact,联络,,
wt:聯絡:0,聯絡,lièng-lŏk,,,,,noun,(mathematics) connection,联络,,
wt:聯絡:0,聯絡,lièng-lŏk,,,,,adjective,"connected; coherent of writing, etc.",联络,,
wt:聯邦:0,聯邦,lièng-băng,,,,Imported from Wiktionary (CC BY-SA 4.0): https://en.wiktionary.org/wiki/%E8%81%AF%E9%82%A6#Chinese. Mandarin: liánbāng.,noun,federal state; federation; commonwealth; union array of states unified under one central authority,联邦,,
wt:聯合:0,聯合,lièng-hăk,,,,Imported from Wiktionary (CC BY-SA 4.0): https://en.wiktionary.org/wiki/%E8%81%AF%E5%90%88#Chinese. Mandarin: liánhé.,verb,to unite; to forge an alliance; to team up; to band together,联合,,
wt:聯合:0,聯合,lièng-hăk,,,,,adjective,combined; joint; united,联合,,
wt:聯合:0,聯合,lièng-hăk,,,,,noun,(anatomy) symphysis,联合,,
wt:聖經:0,聖經,séng-gĭng,,,,Imported from Wiktionary (CC BY-SA 4.0): https://en.wiktionary.org/wiki/%E8%81%96%E7%B6%93#Chinese. Mandarin: shèngjīng.,noun,"classics of sages, especially Confucian classics",圣经,,
wt:聖經:0,聖經,séng-gĭng,,,,,noun,Bible,圣经,,
wt:聯盟:0,聯盟,lièng-mèng,,,,Imported from Wiktionary (CC BY-SA 4.0): https://en.wiktionary.org/wiki/%E8%81%AF%E7%9B%9F#Chinese. Mandarin: liánméng.,noun,union; alliance; coalition; league,联盟,,
wt:聯盟:0,聯盟,lièng-mèng,,,,,noun,confederation (of countries); federation,联盟,,
wt:聯盟:0,聯盟,lièng-mèng,,,,,verb,to ally; to form an alliance,联盟,,
wt:聖杯:0,聖杯,siáng-buŏi,,,,Imported from Wiktionary (CC BY-SA 4.0): https://en.wiktionary.org/wiki/%E8%81%96%E6%9D%AF#Chinese. Mandarin: shèngbēi.,noun,Holy Grail,圣杯,,
wt:聖杯:0,聖杯,siáng-buŏi,,,,,noun,good result in divination using moon blocks showing with one block flat and another block round,圣杯,,
wt:聖珓:0,聖珓,siáng-gá,,,,Imported from Wiktionary (CC BY-SA 4.0): https://en.wiktionary.org/wiki/%E8%81%96%E7%8F%93#Chinese. Mandarin: shèngjiào.,noun,good result in divination using moon blocks showing with one block flat and another block round,圣珓,,
wt:聘金:0,聘金,péng-gĭng,,,,Imported from Wiktionary (CC BY-SA 4.0): https://en.wiktionary.org/wiki/%E8%81%98%E9%87%91#Chinese. Mandarin: 聘jīn.,noun,betrothal gifts from the bridegroom's to the bride's family; bride price,,,
wt:聘金:0,聘金,péng-gĭng,,,,,noun,money paid at the time of hiring; advance payment on engagement,,,
wt:聽見:0,聽見,tiăng-giéng,,,,"Imported from Wiktionary (CC BY-SA 4.0): https://en.wiktionary.org/wiki/%E8%81%BD%E8%A6%8B#Chinese. Mandarin: tīngjiàn,tl=y.",verb,(transitive) to hear,听见,,
wt:聽候:0,聽候,tĭng-hâiu,,,,Imported from Wiktionary (CC BY-SA 4.0): https://en.wiktionary.org/wiki/%E8%81%BD%E5%80%99#Chinese. Mandarin: tīnghòu.,verb,"to wait for a decision, settlement, etc. from higher authorities",听候,,
wt:肌肉:0,肌肉,gĭ-nṳ̆k,,,,Imported from Wiktionary (CC BY-SA 4.0): https://en.wiktionary.org/wiki/%E8%82%8C%E8%82%89#Chinese. Mandarin: jīròu.,noun,(anatomy) muscle,,,
wt:職銜:0,職銜,cék-gàng,,,,Imported from Wiktionary (CC BY-SA 4.0): https://en.wiktionary.org/wiki/%E8%81%B7%E9%8A%9C#Chinese. Mandarin: zhíxián.,noun,post and rank,职衔,,
wt:職業:0,職業,cék-ngiĕk,,,,Imported from Wiktionary (CC BY-SA 4.0): https://en.wiktionary.org/wiki/%E8%81%B7%E6%A5%AD#Chinese. Mandarin: zhíyè.,noun,occupation; profession; career; vocation,职业,,
wt:職業:0,職業,cék-ngiĕk,,,,,adjective,(attributive) professional; occupational; vocational; not amateur,职业,,
wt:肉片:0,肉片,nṳ̆k-piéng,,,,Imported from Wiktionary (CC BY-SA 4.0): https://en.wiktionary.org/wiki/%E8%82%89%E7%89%87#Chinese. Mandarin: ròupiàn.,noun,sliced meat; meat slice often pork,,,
wt:肉絨:0,肉絨,nṳ̆k-ṳ̀ng,,,,Imported from Wiktionary (CC BY-SA 4.0): https://en.wiktionary.org/wiki/%E8%82%89%E7%B5%A8#Chinese. Mandarin: ròuróng.,noun,rousong; meat floss,肉绒,,
wt:肉燕:0,肉燕,nṳ̆k-iéng,,,,Imported from Wiktionary (CC BY-SA 4.0): https://en.wiktionary.org/wiki/%E8%82%89%E7%87%95#Chinese. Mandarin: ròuyàn.,noun,rouyan a type of wonton found in Fujian and Taiwan,,,
wt:聽喙:0,聽喙,tiăng-chói,,,,Imported from Wiktionary (CC BY-SA 4.0): https://en.wiktionary.org/wiki/%E8%81%BD%E5%96%99#Chinese.,verb,to obey; to behave; to be obedient; to be well-disciplined,听喙,,
wt:肉身:0,肉身,nṳ̆k-sĭng,,,,Imported from Wiktionary (CC BY-SA 4.0): https://en.wiktionary.org/wiki/%E8%82%89%E8%BA%AB#Chinese. Mandarin: ròushēn.,noun,flesh body; physical body; corporeal body,,,
wt:肉包:0,肉包,nṳ̆k-bău,,,,Imported from Wiktionary (CC BY-SA 4.0): https://en.wiktionary.org/wiki/%E8%82%89%E5%8C%85#Chinese. Mandarin: ròubāo.,noun,baozi with meat filling,,,
wt:肉皮:0,肉皮,nṳ̆k-puòi,,,,"Imported from Wiktionary (CC BY-SA 4.0): https://en.wiktionary.org/wiki/%E8%82%89%E7%9A%AE#Chinese. Mandarin: ròupí,er=y.",noun,pork skin,,,
wt:肉皮:0,肉皮,nṳ̆k-puòi,,,,,noun,human skin,,,
wt:肉臚:0,肉臚,nṳ̆k-lê̤ṳ,,,,Imported from Wiktionary (CC BY-SA 4.0): https://en.wiktionary.org/wiki/%E8%82%89%E8%87%9A#Chinese.,noun,quality of skin; ability for skin to heal,肉胪,,
wt:肉柱:0,肉柱,nṳ̆k-têu,,,,Imported from Wiktionary (CC BY-SA 4.0): https://en.wiktionary.org/wiki/%E8%82%89%E6%9F%B1#Chinese.,noun,acne; pimple,,,
wt:肉絨坯:0,肉絨坯,nṳ̆k ṳ̀ng-puŏi,,,,Imported from Wiktionary (CC BY-SA 4.0): https://en.wiktionary.org/wiki/%E8%82%89%E7%B5%A8%E5%9D%AF#Chinese.,noun,rousong; meat floss,肉绒坯,,
wt:聽差:0,聽差,tĭng-chă̤,,,,Imported from Wiktionary (CC BY-SA 4.0): https://en.wiktionary.org/wiki/%E8%81%BD%E5%B7%AE#Chinese. Mandarin: tīngchāi.,noun,"manservant, footman, office attendant",听差,,
wt:肋條骨:0,肋條骨,lĕ̤k-dèu-gáuk,,,,Imported from Wiktionary (CC BY-SA 4.0): https://en.wiktionary.org/wiki/%E8%82%8B%E6%A2%9D%E9%AA%A8#Chinese. Mandarin: lèitiáogǔ.,noun,(skeleton) rib,肋条骨,,
wt:肛門:0,肛門,gŏng-muòng,,,,Imported from Wiktionary (CC BY-SA 4.0): https://en.wiktionary.org/wiki/%E8%82%9B%E9%96%80#Chinese. Mandarin: gāngmén.,noun,(anatomy) anus,肛门,,
wt:肝臟:0,肝臟,găng-câung,,,,Imported from Wiktionary (CC BY-SA 4.0): https://en.wiktionary.org/wiki/%E8%82%9D%E8%87%9F#Chinese. Mandarin: gānzàng.,noun,liver,肝脏,,
wt:股川:0,股川,gū-chiŏng,,,,Imported from Wiktionary (CC BY-SA 4.0): https://en.wiktionary.org/wiki/%E8%82%A1%E5%B7%9D#Chinese.,noun,(anatomy) buttocks; butt,,,
wt:背影:0,背影,buôi-ōng,,,,"Imported from Wiktionary (CC BY-SA 4.0): https://en.wiktionary.org/wiki/%E8%83%8C%E5%BD%B1#Chinese. Mandarin: bèiyǐng,er=y.",noun,view of someone's back; figure seen from behind,,,
wt:肩頭:0,肩頭,giĕng-tàu,,,,Imported from Wiktionary (CC BY-SA 4.0): https://en.wiktionary.org/wiki/%E8%82%A9%E9%A0%AD#Chinese. Mandarin: jiāntóu.,noun,(formal) on the shoulders,肩头,,
wt:肩頭:0,肩頭,giĕng-tàu,,,,,noun,shoulder,肩头,,
wt:肥豬:0,肥豬,bùi-dṳ̆,,,,Imported from Wiktionary (CC BY-SA 4.0): https://en.wiktionary.org/wiki/%E8%82%A5%E8%B1%AC#Chinese. Mandarin: féizhū. Other readings: bùi-dṳ̆.,noun,(literally) fat pig,肥猪,,
wt:肥豬:0,肥豬,bùi-dṳ̆,,,,,noun,"(figurative, pejorative, affectionate) fat person; fatty; fatso",肥猪,,
wt:肥豬:0,肥豬,bùi-dṳ̆,,,,,noun,"(figurative, obsolete, argot) rich person who is deemed worthy of being robbed; person kidnapped for ransom",肥猪,,
wt:肥豬:0,肥豬,bùi-dṳ̆,,,,,noun,"樹 ⟨Eastern Min, colloquial⟩ Chinese honey locust tree (Gleditsia sinensis)",肥猪,,
wt:股川空:0,股川空,gū-chiŏng-kĕ̤ng,,,,Imported from Wiktionary (CC BY-SA 4.0): https://en.wiktionary.org/wiki/%E8%82%A1%E5%B7%9D%E7%A9%BA#Chinese.,noun,anus,,,
wt:股川髀:0,股川髀,gū-chiŏng-pā̤,,,,Imported from Wiktionary (CC BY-SA 4.0): https://en.wiktionary.org/wiki/%E8%82%A1%E5%B7%9D%E9%AB%80#Chinese.,noun,(anatomy) buttocks; butt,,,
wt:肺癆病:0,肺癆病,hié-lò̤-bâng,,,,Imported from Wiktionary (CC BY-SA 4.0): https://en.wiktionary.org/wiki/%E8%82%BA%E7%99%86%E7%97%85#Chinese. Mandarin: fèiláobìng.,noun,"(diseases, TCM) pulmonary tuberculosis",肺痨病,,
wt:脊椎動物:0,脊椎動物,cék-tùi dông-ŭk,,,,"Imported from Wiktionary (CC BY-SA 4.0): https://en.wiktionary.org/wiki/%E8%84%8A%E6%A4%8E%E5%8B%95%E7%89%A9#Chinese. Mandarin: jǐzhuī dòngwù,jízhuī dòngwù,1nb=standard in Mainland and Taiwan,2nb=common variant.",noun,vertebrate,脊椎动物,,
wt:胡椒:0,胡椒,hù-ciĕu,,,,Imported from Wiktionary (CC BY-SA 4.0): https://en.wiktionary.org/wiki/%E8%83%A1%E6%A4%92#Chinese. Mandarin: hújiāo. Pronounced siĕu.,noun,"pepper, especially black pepper both the plant and the spice",,,
wt:胡椒:0,胡椒,hù-ciĕu,,,,,noun,short for 胡椒粉,,,
wt:胡椒:0,胡椒,hù-ciĕu,,,,,noun,nonsense; bullshit,,,
wt:脊髓:0,脊髓,cék-chōi,,,,"Imported from Wiktionary (CC BY-SA 4.0): https://en.wiktionary.org/wiki/%E8%84%8A%E9%AB%93#Chinese. Mandarin: jǐsuǐ,jísuǐ,2nb=common variant.",noun,spinal cord,,,
wt:胸膛:0,胸膛,hṳ̆ng-dòng,,,,Imported from Wiktionary (CC BY-SA 4.0): https://en.wiktionary.org/wiki/%E8%83%B8%E8%86%9B#Chinese. Mandarin: xiōngtáng.,noun,chest; thorax,,,
wt:脂肪:0,脂肪,ciĕ-huòng,,,,Imported from Wiktionary (CC BY-SA 4.0): https://en.wiktionary.org/wiki/%E8%84%82%E8%82%AA#Chinese. Mandarin: 脂fáng.,noun,fat; grease,,,
wt:胸部:0,胸部,hṳ̆ng-buô,,,,Imported from Wiktionary (CC BY-SA 4.0): https://en.wiktionary.org/wiki/%E8%83%B8%E9%83%A8#Chinese. Mandarin: xiōngbù.,noun,(anatomy) chest; thorax,,,
wt:胸部:0,胸部,hṳ̆ng-buô,,,,,noun,(anatomy) breast; bosom,,,
wt:脊椎:0,脊椎,cék-tùi,,,,"Imported from Wiktionary (CC BY-SA 4.0): https://en.wiktionary.org/wiki/%E8%84%8A%E6%A4%8E#Chinese. Mandarin: jǐzhuī,jízhuī,1nb=standard in Mainland and Taiwan,2nb=common variant.",noun,spine; backbone,,,
wt:脊椎:0,脊椎,cék-tùi,,,,,noun,vertebra,,,
wt:胡椒餅:0,胡椒餅,hù-ciĕu,,,,Imported from Wiktionary (CC BY-SA 4.0): https://en.wiktionary.org/wiki/%E8%83%A1%E6%A4%92%E9%A4%85#Chinese. Mandarin: hújiāobǐng. Pronounced siĕu-biāng.,noun,hujiao bing; pepper bun a Chinese snack,胡椒饼,,
wt:胃酸:0,胃酸,ôi-sŏng,,,,Imported from Wiktionary (CC BY-SA 4.0): https://en.wiktionary.org/wiki/%E8%83%83%E9%85%B8#Chinese. Mandarin: wèisuān.,noun,(biochemistry) gastric acid,,,
wt:脊柱:0,脊柱,cék-cê̤ṳ,,,,Imported from Wiktionary (CC BY-SA 4.0): https://en.wiktionary.org/wiki/%E8%84%8A%E6%9F%B1#Chinese. Mandarin: jǐzhù.,noun,(anatomy) vertebral column; spinal column; backbone; spine,,,
wt:胰皂:0,胰皂,ì-cô̤,,,,Imported from Wiktionary (CC BY-SA 4.0): https://en.wiktionary.org/wiki/%E8%83%B0%E7%9A%82#Chinese. Mandarin: yízào.,noun,soap,,,
wt:胰皂子:0,胰皂子,ì-cô̤-cī,,,,Imported from Wiktionary (CC BY-SA 4.0): https://en.wiktionary.org/wiki/%E8%83%B0%E7%9A%82%E5%AD%90#Chinese.,noun,seed of Chinese honey locust used to wash clothes,,,
wt:胰皂子樹:0,胰皂子樹,ì-cô̤-cī chéu,,,,Imported from Wiktionary (CC BY-SA 4.0): https://en.wiktionary.org/wiki/%E8%83%B0%E7%9A%82%E5%AD%90%E6%A8%B9#Chinese.,noun,Chinese honey locust tree,胰皂子树,,
wt:胳腋下:0,胳腋下,gó̤k,,,,Imported from Wiktionary (CC BY-SA 4.0): https://en.wiktionary.org/wiki/%E8%83%B3%E8%85%8B%E4%B8%8B#Chinese. Pronounced gŏ̤k-lŏ̤k.,noun,armpit; underarm,,,
wt:腎囊:0,腎囊,sêng-nòng,,,,Imported from Wiktionary (CC BY-SA 4.0): https://en.wiktionary.org/wiki/%E8%85%8E%E5%9B%8A#Chinese. Mandarin: shènnáng.,noun,(TCM) scrotum,肾囊,,
wt:脾土:0,脾土,bì-tū,,,,Imported from Wiktionary (CC BY-SA 4.0): https://en.wiktionary.org/wiki/%E8%84%BE%E5%9C%9F#Chinese.,noun,appetite; condition of one's stomach,,,
wt:脰骨:0,脰骨,dâu-gáuk,,,,Imported from Wiktionary (CC BY-SA 4.0): https://en.wiktionary.org/wiki/%E8%84%B0%E9%AA%A8#Chinese.,noun,neck,,,
wt:脫輪:0,脫輪,táuk-lùng,,,,Imported from Wiktionary (CC BY-SA 4.0): https://en.wiktionary.org/wiki/%E8%84%AB%E8%BC%AA#Chinese.,verb,to dislocate a joint,脱轮,,
wt:脰領:0,脰領,dâu-liāng,,,,Imported from Wiktionary (CC BY-SA 4.0): https://en.wiktionary.org/wiki/%E8%84%B0%E9%A0%98#Chinese.,noun,collar of a shirt,脰领,,
wt:腐箸:0,腐箸,hô-dê̤ṳ,,,,Imported from Wiktionary (CC BY-SA 4.0): https://en.wiktionary.org/wiki/%E8%85%90%E7%AE%B8#Chinese.,noun,dried beancurd strips in sticks or rolls,,,
wt:腰帶:0,腰帶,iĕu-dái,,,,Imported from Wiktionary (CC BY-SA 4.0): https://en.wiktionary.org/wiki/%E8%85%B0%E5%B8%B6#Chinese. Mandarin: yāodài.,noun,(waist) belt; girdle,腰带,,
wt:腰帶:0,腰帶,iĕu-dái,,,,,noun,long towel used by workers to gird one's waist,腰带,,
wt:腰子:0,腰子,iĕu-chī,,,,Imported from Wiktionary (CC BY-SA 4.0): https://en.wiktionary.org/wiki/%E8%85%B0%E5%AD%90#Chinese. Mandarin: yāozi.,noun,"kidney especially of an animal, used as food",,,
wt:腰子:0,腰子,iĕu-chī,,,,,noun,(figurative) guts; courage,,,
wt:腰子:0,腰子,iĕu-chī,,,,,noun,waist; lower back; small of the back,,,
wt:膽囊:0,膽囊,dāng-nòng,,,,Imported from Wiktionary (CC BY-SA 4.0): https://en.wiktionary.org/wiki/%E8%86%BD%E5%9B%8A#Chinese. Mandarin: dǎnnáng.,noun,(anatomy) gall bladder,胆囊,,
wt:腳色:0,腳色,giók-sáik,,,,"Imported from Wiktionary (CC BY-SA 4.0): https://en.wiktionary.org/wiki/%E8%85%B3%E8%89%B2#Chinese. Mandarin: juésè,jiǎosè.",noun,"character in a story, video game, etc.; role in a play, film, etc.",脚色,,
wt:腳色:0,腳色,giók-sáik,,,,,noun,character person of specific trait or social status,脚色,,
wt:腳色:0,腳色,giók-sáik,,,,,noun,(archaic) one's ins and outs,脚色,,
wt:腳色:0,腳色,giók-sáik,,,,,noun,"one's physical health, physique",脚色,,
wt:腳色:0,腳色,giók-sáik,,,,,noun,"skill, ability",脚色,,
wt:腹肚:0,腹肚,bók-lō̤,,,,Imported from Wiktionary (CC BY-SA 4.0): https://en.wiktionary.org/wiki/%E8%85%B9%E8%82%9A#Chinese. Mandarin: fùdù.,noun,abdomen; belly; stomach,,,
wt:腹肚:0,腹肚,bók-lō̤,,,,,noun,internal organs,,,
wt:腹老:0,腹老,bók-lō̤,,,,Imported from Wiktionary (CC BY-SA 4.0): https://en.wiktionary.org/wiki/%E8%85%B9%E8%80%81#Chinese.,noun,stomach; belly,,,
wt:腹臍:0,腹臍,bók-sài,,,,Imported from Wiktionary (CC BY-SA 4.0): https://en.wiktionary.org/wiki/%E8%85%B9%E8%87%8D#Chinese.,noun,navel; belly button,腹脐,,
wt:䐯鳥:0,䐯鳥,lòi-cēu,,,,Imported from Wiktionary (CC BY-SA 4.0): https://en.wiktionary.org/wiki/%E4%90%AF%E9%B3%A5#Chinese. Pronounced ciēu.,noun,penis; dick,䐯鸟,,
wt:腹老楻:0,腹老楻,bók-lō̤-kuòng,,,,Imported from Wiktionary (CC BY-SA 4.0): https://en.wiktionary.org/wiki/%E8%85%B9%E8%80%81%E6%A5%BB#Chinese.,noun,"muffin top, a bulging roll of flesh above the abdomen",,,
wt:自由:0,自由,cê̤ṳ-iù,,,,Imported from Wiktionary (CC BY-SA 4.0): https://en.wiktionary.org/wiki/%E8%87%AA%E7%94%B1#Chinese. Mandarin: zìyóu.,adjective,free; unconstrained,,,
wt:自由:0,自由,cê̤ṳ-iù,,,,,adjective,(attributive) freelance,,,
wt:自由:0,自由,cê̤ṳ-iù,,,,,noun,freedom; liberty,,,
wt:自由:0,自由,cê̤ṳ-iù,,,,,noun,(philosophy) freedom,,,
wt:自然:0,自然,cê̤ṳ-iòng,,,,"Imported from Wiktionary (CC BY-SA 4.0): https://en.wiktionary.org/wiki/%E8%87%AA%E7%84%B6#Chinese. Mandarin: zìrán,tl=y.",noun,nature; the natural world,,,
wt:自然:0,自然,cê̤ṳ-iòng,,,,,adjective,natural; of or relating to nature,,,
wt:自然:0,自然,cê̤ṳ-iòng,,,,,adjective,natural; at ease; without strain,,,
wt:自然:0,自然,cê̤ṳ-iòng,,,,,adverb,naturally; in a natural manner,,,
wt:自然:0,自然,cê̤ṳ-iòng,,,,,adverb,naturally; of course; as a matter of course,,,
wt:自然:0,自然,cê̤ṳ-iòng,,,,,,admittedly,,,
wt:自殺:0,自殺,cê̤ṳ-sák,,,,Imported from Wiktionary (CC BY-SA 4.0): https://en.wiktionary.org/wiki/%E8%87%AA%E6%AE%BA#Chinese. Mandarin: zìshā.,verb,(intransitive) to commit suicide; to kill oneself; to take one's own life,自杀,,
wt:自治區:0,自治區,cê̤ṳ-dê-kṳ̆,,,,Imported from Wiktionary (CC BY-SA 4.0): https://en.wiktionary.org/wiki/%E8%87%AA%E6%B2%BB%E5%8D%80#Chinese. Mandarin: zìzhìqū.,noun,autonomous region,自治区,,
wt:自稱:0,自稱,cê̤ṳ-chĭng,,,,Imported from Wiktionary (CC BY-SA 4.0): https://en.wiktionary.org/wiki/%E8%87%AA%E7%A8%B1#Chinese. Mandarin: zìchēng.,verb,to call oneself; to give oneself the title of,自称,,
wt:自稱:0,自稱,cê̤ṳ-chĭng,,,,,verb,to profess,自称,,
wt:自稱:0,自稱,cê̤ṳ-chĭng,,,,,verb,to praise oneself,自称,,
wt:自稱:0,自稱,cê̤ṳ-chĭng,,,,,noun,"term of self-address, endonym, autonym, selfname",自称,,
wt:自身:0,自身,cê̤ṳ-sĭng,,,,Imported from Wiktionary (CC BY-SA 4.0): https://en.wiktionary.org/wiki/%E8%87%AA%E8%BA%AB#Chinese. Mandarin: zìshēn.,pronoun,self; oneself; one's own,,,
wt:自我:0,自我,cê̤ṳ-ngō,,,,Imported from Wiktionary (CC BY-SA 4.0): https://en.wiktionary.org/wiki/%E8%87%AA%E6%88%91#Chinese. Mandarin: zìwǒ.,pronoun,self; oneself,,,
wt:自我:0,自我,cê̤ṳ-ngō,,,,,adjective,self-conscious; self-aware,,,
wt:自我:0,自我,cê̤ṳ-ngō,,,,,noun,(psychology) ego,,,
wt:自家:0,自家,cê-gă,,,,Imported from Wiktionary (CC BY-SA 4.0): https://en.wiktionary.org/wiki/%E8%87%AA%E5%AE%B6#Chinese. Mandarin: zìjiā.,pronoun,oneself,,,
wt:自重:0,自重,cê̤ṳ-dê̤ṳng,,,,Imported from Wiktionary (CC BY-SA 4.0): https://en.wiktionary.org/wiki/%E8%87%AA%E9%87%8D#Chinese. Mandarin: zìzhòng.,verb,to conduct oneself with dignity; to be self-possessed; to be dignified,,,
wt:自重:0,自重,cê̤ṳ-dê̤ṳng,,,,,verb,to raise oneself in others' esteem,,,
wt:自重:0,自重,cê̤ṳ-dê̤ṳng,,,,,noun,dead weight,,,
wt:自願:0,自願,cê̤ṳ-nguông,,,,Imported from Wiktionary (CC BY-SA 4.0): https://en.wiktionary.org/wiki/%E8%87%AA%E9%A1%98#Chinese. Mandarin: zìyuàn.,verb,to volunteer (to do something); to do (something) voluntarily,自愿,,
wt:自強:0,自強,cê̤ṳ-giòng,,,,Imported from Wiktionary (CC BY-SA 4.0): https://en.wiktionary.org/wiki/%E8%87%AA%E5%BC%B7#Chinese. Mandarin: zìqiáng.,verb,to strive for self-improvement,自强,,
wt:自來火:0,自來火,cê̤ṳ-lài,,,,"Imported from Wiktionary (CC BY-SA 4.0): https://en.wiktionary.org/wiki/%E8%87%AA%E4%BE%86%E7%81%AB#Chinese. Mandarin: zìláihuǒ,er=y. Pronounced làu-huōi.",noun,(dated) match fire-making device,自来火,,
wt:自來火:0,自來火,cê̤ṳ-lài,,,,,noun,lighter fire-making device,自来火,,
wt:自來火:0,自來火,cê̤ṳ-lài,,,,,noun,gas lamp; gaslight,自来火,,
wt:自來火:0,自來火,cê̤ṳ-lài,,,,,noun,coal gas,自来火,,
wt:自家儂:0,自家儂,cê-gă-nè̤ng,,,,Imported from Wiktionary (CC BY-SA 4.0): https://en.wiktionary.org/wiki/%E8%87%AA%E5%AE%B6%E5%84%82#Chinese.,noun,one of us; people in one's own circle or side,自家侬,,
wt:臭嘴:0,臭嘴,cháu-chói,,,,Imported from Wiktionary (CC BY-SA 4.0): https://en.wiktionary.org/wiki/%E8%87%AD%E5%98%B4#Chinese.,noun,bad breath; halitosis,,,
wt:臭嘴:0,臭嘴,cháu-chói,,,,,noun,"obscenity, foul language, profanity",,,
wt:臺灣人:0,臺灣人,Dài-uăng-nè̤ng,,,,Imported from Wiktionary (CC BY-SA 4.0): https://en.wiktionary.org/wiki/%E8%87%BA%E7%81%A3%E4%BA%BA#Chinese. Mandarin: Táiwānrén.,noun,person from Taiwan; Taiwanese people,台湾人,,
wt:臺中:0,臺中,dài-dŏng,,,,Imported from Wiktionary (CC BY-SA 4.0): https://en.wiktionary.org/wiki/%E8%87%BA%E4%B8%AD#Chinese.,noun,middle; centre,台中,,
wt:舊約:0,舊約,Gô-iók,,,,Imported from Wiktionary (CC BY-SA 4.0): https://en.wiktionary.org/wiki/%E8%88%8A%E7%B4%84#Chinese. Mandarin: jiùyuē.,noun,old agreement; former alliance,旧约,,
wt:舅公:0,舅公,giê-gŭng,,,,Imported from Wiktionary (CC BY-SA 4.0): https://en.wiktionary.org/wiki/%E8%88%85%E5%85%AC#Chinese. Mandarin: jiùgōng.,noun,great-uncle brother of one's grandmother,,,
wt:舊底:0,舊底,gô-dā̤,,,,Imported from Wiktionary (CC BY-SA 4.0): https://en.wiktionary.org/wiki/%E8%88%8A%E5%BA%95#Chinese.,adverb,in former times; in the olden days; previously,旧底,,
wt:臺中指:0,臺中指,dâi-dŏng-cāi,,,,Imported from Wiktionary (CC BY-SA 4.0): https://en.wiktionary.org/wiki/%E8%87%BA%E4%B8%AD%E6%8C%87#Chinese.,noun,middle finger,台中指,,
wt:舌囝:0,舌囝,siĕk-giāng,,,,Imported from Wiktionary (CC BY-SA 4.0): https://en.wiktionary.org/wiki/%E8%88%8C%E5%9B%9D#Chinese.,noun,uvula appendage that hangs from the palate,,,
wt:興化兄:0,興化兄,hĭng-huá-hiăng,,,,Imported from Wiktionary (CC BY-SA 4.0): https://en.wiktionary.org/wiki/%E8%88%88%E5%8C%96%E5%85%84#Chinese.,noun,(jocular) a person from Putian formerly Xinghua Prefecture,兴化兄,,
wt:興化巾:0,興化巾,hĭng-huá-gṳ̆ng,,,,Imported from Wiktionary (CC BY-SA 4.0): https://en.wiktionary.org/wiki/%E8%88%88%E5%8C%96%E5%B7%BE#Chinese.,noun,a traditional woven hand towel produced in Putian formerly Xinghua Prefecture,兴化巾,,
wt:舒暢:0,舒暢,chṳ̆-tuóng,,,,Imported from Wiktionary (CC BY-SA 4.0): https://en.wiktionary.org/wiki/%E8%88%92%E6%9A%A2#Chinese. Mandarin: shūchàng.,adjective,carefree; without worry or concern; happy,舒畅,,
wt:船民:0,船民,sùng-mìng,,,,Imported from Wiktionary (CC BY-SA 4.0): https://en.wiktionary.org/wiki/%E8%88%B9%E6%B0%91#Chinese. Mandarin: chuánmín.,noun,boat person; boat people ethnic group that live on boats,,,
wt:船民:0,船民,sùng-mìng,,,,,noun,boat person; boat people refugees fleeing by sea,,,
wt:船主:0,船主,sùng-ciō,,,,Imported from Wiktionary (CC BY-SA 4.0): https://en.wiktionary.org/wiki/%E8%88%B9%E4%B8%BB#Chinese. Mandarin: chuánzhǔ.,noun,shipowner,,,
wt:舌苔:0,舌苔,siĕk-tăi,,,,Imported from Wiktionary (CC BY-SA 4.0): https://en.wiktionary.org/wiki/%E8%88%8C%E8%8B%94#Chinese. Mandarin: shétāi.,noun,tongue coating; fur,,,
wt:舢板:0,舢板,săng-bēng,,,,Imported from Wiktionary (CC BY-SA 4.0): https://en.wiktionary.org/wiki/%E8%88%A2%E6%9D%BF#Chinese. Mandarin: shānbǎn.,noun,sampan flat-bottomed Chinese wooden boat propelled by two oars,,,
wt:舢板:0,舢板,săng-bēng,,,,,noun,"(military, navy) Cutter boat; gig; rowing boat or sailboat for racing.",,,
wt:船家:0,船家,sùng gă,,,,Imported from Wiktionary (CC BY-SA 4.0): https://en.wiktionary.org/wiki/%E8%88%B9%E5%AE%B6#Chinese. Mandarin: chuánjiā.,noun,boatperson,,,
wt:船墘:0,船墘,sùng-gièng,,,,Imported from Wiktionary (CC BY-SA 4.0): https://en.wiktionary.org/wiki/%E8%88%B9%E5%A2%98#Chinese.,noun,side of a boat,,,
wt:艾滋病:0,艾滋病,ái-cṳ̆-bâng,,,,Imported from Wiktionary (CC BY-SA 4.0): https://en.wiktionary.org/wiki/%E8%89%BE%E6%BB%8B%E7%97%85#Chinese. Mandarin: àizībìng.,noun,AIDS,,,
wt:芒果:0,芒果,mòng-guō,,,,Imported from Wiktionary (CC BY-SA 4.0): https://en.wiktionary.org/wiki/%E8%8A%92%E6%9E%9C#Chinese. Mandarin: mángguǒ.,noun,mango,,,
wt:色盲:0,色盲,sáik-màng,,,,Imported from Wiktionary (CC BY-SA 4.0): https://en.wiktionary.org/wiki/%E8%89%B2%E7%9B%B2#Chinese. Mandarin: sèmáng.,noun,color blindness,,,
wt:色盲:0,色盲,sáik-màng,,,,,adjective,color blind,,,
wt:芒種:0,芒種,Mòng-cṳ̄ng,,,,Imported from Wiktionary (CC BY-SA 4.0): https://en.wiktionary.org/wiki/%E8%8A%92%E7%A8%AE#Chinese. Mandarin: mángzhòng.,noun,(archaic) ,芒种,,
wt:艾草:0,艾草,ngié-cáu,,,,Imported from Wiktionary (CC BY-SA 4.0): https://en.wiktionary.org/wiki/%E8%89%BE%E8%8D%89#Chinese. Mandarin: àicǎo.,noun,Chinese mugwort,,,
wt:芋粿:0,芋粿,uô-guōi,,,,Imported from Wiktionary (CC BY-SA 4.0): https://en.wiktionary.org/wiki/%E8%8A%8B%E7%B2%BF#Chinese. Mandarin: yùguǒ.,noun,taro cake,,,
wt:艾菜:0,艾菜,ngié-cái,,,,Imported from Wiktionary (CC BY-SA 4.0): https://en.wiktionary.org/wiki/%E8%89%BE%E8%8F%9C#Chinese.,noun,garland chrysanthemum; crown daisy (Glebionis coronaria species),,,
wt:花園:0,花園,huă-huòng,,,,"Imported from Wiktionary (CC BY-SA 4.0): https://en.wiktionary.org/wiki/%E8%8A%B1%E5%9C%92#Chinese. Mandarin: huāyuán,er=y.",noun,flower garden; garden,花园,,
wt:花生:0,花生,huă-sĕng,,,,Imported from Wiktionary (CC BY-SA 4.0): https://en.wiktionary.org/wiki/%E8%8A%B1%E7%94%9F#Chinese. Mandarin: huāshēng.,noun,peanut (Arachis hypogaea species),,,
wt:花盆:0,花盆,huă-buòng,,,,"Imported from Wiktionary (CC BY-SA 4.0): https://en.wiktionary.org/wiki/%E8%8A%B1%E7%9B%86#Chinese. Mandarin: huāpén,er=y.",noun,flowerpot,,,
wt:花圃:0,花圃,huă-puō,,,,Imported from Wiktionary (CC BY-SA 4.0): https://en.wiktionary.org/wiki/%E8%8A%B1%E5%9C%83#Chinese. Mandarin: huāpǔ.,noun,flowerbed,,,
wt:花圃:0,花圃,huă-puō,,,,,noun,flower garden,,,
wt:花心:0,花心,huă-sĭng,,,,"Imported from Wiktionary (CC BY-SA 4.0): https://en.wiktionary.org/wiki/%E8%8A%B1%E5%BF%83#Chinese. Mandarin: huāxīn,er=y.",noun,centre of a flower; stamens and gynoecium,,,
wt:花紋:0,花紋,huă-ùng,,,,Imported from Wiktionary (CC BY-SA 4.0): https://en.wiktionary.org/wiki/%E8%8A%B1%E7%B4%8B#Chinese. Mandarin: huāwén.,noun,decorative design,花纹,,
wt:花捲:0,花捲,huă-guōng,,,,"Imported from Wiktionary (CC BY-SA 4.0): https://en.wiktionary.org/wiki/%E8%8A%B1%E6%8D%B2#Chinese. Mandarin: huājuǎn,er=y.",noun,Mandarin roll; flower roll steamed bun with a twisted shape,花卷,,
wt:花旦:0,花旦,huă-dáng,,,,Imported from Wiktionary (CC BY-SA 4.0): https://en.wiktionary.org/wiki/%E8%8A%B1%E6%97%A6#Chinese. Mandarin: huādàn.,noun,"(opera) one of the main divisions of the *旦 or female role in traditional opera (traditionally the role of a woman of questionable morals, notably a coquettish maidservant or an amorous young woman, bold, seductive, and charming; great emphasis being placed on acting)",,,
wt:花旦:0,花旦,huă-dáng,,,,,noun,(by extension) young actress,,,
wt:花生仁:0,花生仁,huă-sĕng-nìng,,,,"Imported from Wiktionary (CC BY-SA 4.0): https://en.wiktionary.org/wiki/%E8%8A%B1%E7%94%9F%E4%BB%81#Chinese. Mandarin: huāshēngrén,er=y.",noun,shelled peanut; peanut kernel,,,
wt:花生仁:0,花生仁,huă-sĕng-nìng,,,,,noun,silkworm chrysalis,,,
wt:花生油:0,花生油,huă-sĕng-iù,,,,Imported from Wiktionary (CC BY-SA 4.0): https://en.wiktionary.org/wiki/%E8%8A%B1%E7%94%9F%E6%B2%B9#Chinese. Mandarin: huāshēngyóu.,noun,peanut oil,,,
wt:花片:0,花片,huă-piéng,,,,Imported from Wiktionary (CC BY-SA 4.0): https://en.wiktionary.org/wiki/%E8%8A%B1%E7%89%87#Chinese. Mandarin: huāpiàn.,noun,falling petal,,,
wt:花片:0,花片,huă-piéng,,,,,noun,(botany) petal,,,
wt:花師:0,花師,huă-să,,,,Imported from Wiktionary (CC BY-SA 4.0): https://en.wiktionary.org/wiki/%E8%8A%B1%E5%B8%AB#Chinese. Mandarin: huāshī.,noun,person who is good at cultivating flowers and trees,花师,,
wt:花師:0,花師,huă-să,,,,,noun,gardener; florist,花师,,
wt:芝麻:0,芝麻,ciĕ-muài,,,,"Imported from Wiktionary (CC BY-SA 4.0): https://en.wiktionary.org/wiki/%E8%8A%9D%E9%BA%BB#Chinese. Mandarin: zhīma,zhīmá.",noun,sesame,,,
wt:芹菜:0,芹菜,kṳ̀ng-chái,,,,Imported from Wiktionary (CC BY-SA 4.0): https://en.wiktionary.org/wiki/%E8%8A%B9%E8%8F%9C#Chinese. Mandarin: qíncài.,noun,"celery, especially the Chinese celery (Apium graveolens var. secalinum)",,,
wt:芹菜:0,芹菜,kṳ̀ng-chái,,,,,noun,水芹 water dropwort,,,
wt:芙蓉:0,芙蓉,hù-ṳ̀ng,,,,Imported from Wiktionary (CC BY-SA 4.0): https://en.wiktionary.org/wiki/%E8%8A%99%E8%93%89#Chinese. Mandarin: fúróng.,noun,lotus Nelumbo nucifera species,,,
wt:芙蓉:0,芙蓉,hù-ṳ̀ng,,,,,noun,cotton rose Hibiscus mutabilis species,,,
wt:芙蓉:0,芙蓉,hù-ṳ̀ng,,,,,noun,canary,,,
wt:芭蕉:0,芭蕉,bă-ciĕu,,,,Imported from Wiktionary (CC BY-SA 4.0): https://en.wiktionary.org/wiki/%E8%8A%AD%E8%95%89#Chinese. Mandarin: bājiāo.,noun,Japanese banana Musa basjoo,,,
wt:芭蕉:0,芭蕉,bă-ciĕu,,,,,noun,屬 Musa,,,
wt:芭蕉:0,芭蕉,bă-ciĕu,,,,,noun,科 Musaceae family,,,
wt:芭蕉:0,芭蕉,bă-ciĕu,,,,,noun,"(Luchuan, Dungan) banana",,,
wt:芭蕉:0,芭蕉,bă-ciĕu,,,,,noun,(informal) plantain; banana,,,
wt:芥藍菜:0,芥藍菜,gái-làng-chái,,,,"Imported from Wiktionary (CC BY-SA 4.0): https://en.wiktionary.org/wiki/%E8%8A%A5%E8%97%8D%E8%8F%9C#Chinese. Mandarin: gàiláncài,jièláncài,1nb=Mainland,2nb=Mainland and Taiwan.",noun,kailan; Chinese kale,芥蓝菜,,
wt:花茶:0,花茶,huă-dà,,,,Imported from Wiktionary (CC BY-SA 4.0): https://en.wiktionary.org/wiki/%E8%8A%B1%E8%8C%B6#Chinese. Mandarin: huāchá. Other readings: huă-dà.,noun,flowering tea,,,
wt:芥菜:0,芥菜,gái-chái,,,,"Imported from Wiktionary (CC BY-SA 4.0): https://en.wiktionary.org/wiki/%E8%8A%A5%E8%8F%9C#Chinese. Mandarin: jiècài,gàicài.",noun,Chinese mustard,,,
wt:花錢:0,花錢,huă cièng,,,,Imported from Wiktionary (CC BY-SA 4.0): https://en.wiktionary.org/wiki/%E8%8A%B1%E9%8C%A2#Chinese. Mandarin: huāqián.,verb,to spend money,花钱,,
wt:花菜:0,花菜,huă-chái,,,,Imported from Wiktionary (CC BY-SA 4.0): https://en.wiktionary.org/wiki/%E8%8A%B1%E8%8F%9C#Chinese. Mandarin: huācài.,noun,cauliflower,,,
wt:花蕊:0,花蕊,huă-nūi,,,,Imported from Wiktionary (CC BY-SA 4.0): https://en.wiktionary.org/wiki/%E8%8A%B1%E8%95%8A#Chinese. Mandarin: huāruǐ.,noun,(botany) stamen and gynoecium,,,
wt:花蕊:0,花蕊,huă-nūi,,,,,noun,flower bud,,,
wt:花轎:0,花轎,huă-giêu,,,,Imported from Wiktionary (CC BY-SA 4.0): https://en.wiktionary.org/wiki/%E8%8A%B1%E8%BD%8E#Chinese. Mandarin: huājiào.,noun,bridal sedan chair (in traditional Chinese weddings),花轿,,
wt:英語:0,英語,ĭng-ngṳ̄,,,,Imported from Wiktionary (CC BY-SA 4.0): https://en.wiktionary.org/wiki/%E8%8B%B1%E8%AA%9E#Chinese. Mandarin: Yīngyǔ.,noun,(uncountable) English language,英语,,
wt:英雄:0,英雄,ĭng-hṳ̀ng,,,,Imported from Wiktionary (CC BY-SA 4.0): https://en.wiktionary.org/wiki/%E8%8B%B1%E9%9B%84#Chinese. Mandarin: yīngxióng.,noun,"(literally, martial arts, figuratively) hero",,,
wt:英雄:0,英雄,ĭng-hṳ̀ng,,,,,adjective,(attributive) heroic,,,
wt:茉莉花:0,茉莉花,mĕ̤k,,,,"Imported from Wiktionary (CC BY-SA 4.0): https://en.wiktionary.org/wiki/%E8%8C%89%E8%8E%89%E8%8A%B1#Chinese. Mandarin: mòlìhuā,tl2=y. Pronounced maĕ̤h-lê-huă. Other readings: mĕk>mĕh-lê-huă.",noun,Arabian jasmine flower Jasminum sambac species,,,
wt:若是:0,若是,iŏk-sê,,,,Imported from Wiktionary (CC BY-SA 4.0): https://en.wiktionary.org/wiki/%E8%8B%A5%E6%98%AF#Chinese. Mandarin: ruòshì.,,if; supposing,,,
wt:若是:0,若是,iŏk-sê,,,,,verb,(classical) to be like this; to be so,,,
wt:茉莉:0,茉莉,mĕ̤k,,,,"Imported from Wiktionary (CC BY-SA 4.0): https://en.wiktionary.org/wiki/%E8%8C%89%E8%8E%89#Chinese. Mandarin: mòlì,tl=y. Pronounced maĕ̤h-lê. Other readings: mĕk>mĕh-lê.",noun,Arabian jasmine (Jasminum sambac species),,,
wt:茉莉:0,茉莉,mĕ̤k,,,,,noun,(in compounds) a plant with jasmine-like flowers,,,
wt:英文:0,英文,Ĭng-ùng,,,,Imported from Wiktionary (CC BY-SA 4.0): https://en.wiktionary.org/wiki/%E8%8B%B1%E6%96%87#Chinese. Mandarin: Yīngwén.,noun,English language (especially written),,,
wt:苦瓜:0,苦瓜,kū-guă,,,,Imported from Wiktionary (CC BY-SA 4.0): https://en.wiktionary.org/wiki/%E8%8B%A6%E7%93%9C#Chinese. Mandarin: kǔguā.,noun,bitter melon; bitter gourd,,,
wt:茉莉花茶:0,茉莉花茶,mĕ̤k,,,,Imported from Wiktionary (CC BY-SA 4.0): https://en.wiktionary.org/wiki/%E8%8C%89%E8%8E%89%E8%8A%B1%E8%8C%B6#Chinese. Mandarin: mòlìhuā chá. Pronounced maĕ̤h-lê-*huă-dà. Other readings: mĕk>mĕh-lê-huă-dà.,noun,jasmine tea,,,
wt:苔蘚:0,苔蘚,tăi-siēng,,,,Imported from Wiktionary (CC BY-SA 4.0): https://en.wiktionary.org/wiki/%E8%8B%94%E8%98%9A#Chinese. Mandarin: táixiǎn.,noun,moss plants of the division Bryophyta,苔藓,,
wt:苔蘚:0,苔蘚,tăi-siēng,,,,,noun,"(medicine, in compounds) lichen",苔藓,,
wt:若夥:0,若夥,niŏh,,,,Imported from Wiktionary (CC BY-SA 4.0): https://en.wiktionary.org/wiki/%E8%8B%A5%E5%A4%A5#Chinese. Pronounced nióh-uâi. Other readings: nuâi.,adjective,how many; how much,,,
wt:若夥:0,若夥,niŏh,,,,,adverb,how to what extent,,,
wt:若夥:0,若夥,niŏh,,,,,adverb,"how indicating surprise, delight, etc.",,,
wt:茄囝:0,茄囝,giò-giāng,,,,Imported from Wiktionary (CC BY-SA 4.0): https://en.wiktionary.org/wiki/%E8%8C%84%E5%9B%9D#Chinese.,noun,eggplant; aubergine,,,
wt:茄白菜:0,茄白菜,giò-băh-chái,,,,Imported from Wiktionary (CC BY-SA 4.0): https://en.wiktionary.org/wiki/%E8%8C%84%E7%99%BD%E8%8F%9C#Chinese.,noun,eggplant; aubergine,,,
wt:草莓:0,草莓,chāu-muòi,,,,Imported from Wiktionary (CC BY-SA 4.0): https://en.wiktionary.org/wiki/%E8%8D%89%E8%8E%93#Chinese. Mandarin: cǎoméi.,noun,"strawberry fruit, or plant",,,
wt:草莓:0,草莓,chāu-muòi,,,,,noun,(slang) hickey,,,
wt:茴香:0,茴香,huòi-hiŏng,,,,"Imported from Wiktionary (CC BY-SA 4.0): https://en.wiktionary.org/wiki/%E8%8C%B4%E9%A6%99#Chinese. Mandarin: huíxiāng,tl=y.",noun,fennel,,,
wt:茴香:0,茴香,huòi-hiŏng,,,,,noun,short for 八角茴香,,,
wt:荔枝:0,荔枝,lié-ciĕ,,,,"Imported from Wiktionary (CC BY-SA 4.0): https://en.wiktionary.org/wiki/%E8%8D%94%E6%9E%9D#Chinese. Mandarin: lìzhī,tl=y.",noun,lychee Litchi chinensis species,,,
wt:草包:0,草包,chāu-bău,,,,"Imported from Wiktionary (CC BY-SA 4.0): https://en.wiktionary.org/wiki/%E8%8D%89%E5%8C%85#Chinese. Mandarin: cǎobāo,er=y.",noun,(literally) straw bag,,,
wt:草包:0,草包,chāu-bău,,,,,noun,(figurative) good-for-nothing; layabout; useless person,,,
wt:草包:0,草包,chāu-bău,,,,,adjective,useless,,,
wt:草笠:0,草笠,chāu-lĭk,,,,Imported from Wiktionary (CC BY-SA 4.0): https://en.wiktionary.org/wiki/%E8%8D%89%E7%AC%A0#Chinese.,noun,straw hat,,,
wt:茶粕:0,茶粕,dà-pó̤h,,,,Imported from Wiktionary (CC BY-SA 4.0): https://en.wiktionary.org/wiki/%E8%8C%B6%E7%B2%95#Chinese.,noun,tea dregs; tea leaves remaining after brewing tea,,,
wt:草頭:0,草頭,chō̤-tàu,,,,Imported from Wiktionary (CC BY-SA 4.0): https://en.wiktionary.org/wiki/%E8%8D%89%E9%A0%AD#Chinese. Mandarin: cǎotóu.,noun,艹 (classifier: 個),草头,,
wt:草頭:0,草頭,chō̤-tàu,,,,,noun,(archaic) end of a blade of grass,草头,,
wt:草頭:0,草頭,chō̤-tàu,,,,,noun,(dated) bandit chief,草头,,
wt:草頭:0,草頭,chō̤-tàu,,,,,noun,"(dated, euphemistic) five-digit figure; amount in the ten thousands (classifier: 個)",草头,,
wt:茶亭:0,茶亭,dà-dìng,,,,Imported from Wiktionary (CC BY-SA 4.0): https://en.wiktionary.org/wiki/%E8%8C%B6%E4%BA%AD#Chinese. Mandarin: chátíng.,noun,tea booth,,,
wt:草字:0,草字,chō̤-cê,,,,Imported from Wiktionary (CC BY-SA 4.0): https://en.wiktionary.org/wiki/%E8%8D%89%E5%AD%97#Chinese. Mandarin: cǎozì.,noun,(calligraphy) cursive script,,,
wt:草字:0,草字,chō̤-cê,,,,,noun,"(dated, humble) my humble name; nickname",,,
wt:茭筍:0,茭筍,gă-sūng,,,,Imported from Wiktionary (CC BY-SA 4.0): https://en.wiktionary.org/wiki/%E8%8C%AD%E7%AD%8D#Chinese.,noun,edible wild rice stem (galls formed on young stems of Zizania latifolia species after parasitism by the fungus Ustilago esculenta as a kind of vegetable),茭笋,,
wt:荷花:0,荷花,hò̤-huă,,,,"Imported from Wiktionary (CC BY-SA 4.0): https://en.wiktionary.org/wiki/%E8%8D%B7%E8%8A%B1#Chinese. Mandarin: héhuā,er=y.",noun,lotus Nelumbo nucifera species,,,
wt:莊嚴:0,莊嚴,cŏng-ngièng,,,,Imported from Wiktionary (CC BY-SA 4.0): https://en.wiktionary.org/wiki/%E8%8E%8A%E5%9A%B4#Chinese. Mandarin: zhuāngyán.,adjective,solemn; dignified; stately,庄严,,
wt:莧菜:0,莧菜,háing-chái,,,,Imported from Wiktionary (CC BY-SA 4.0): https://en.wiktionary.org/wiki/%E8%8E%A7%E8%8F%9C#Chinese. Mandarin: xiàncài.,noun,edible amaranth Amaranthus tricolor species,苋菜,,
wt:莓薺:0,莓薺,muōi-sì,,,,Imported from Wiktionary (CC BY-SA 4.0): https://en.wiktionary.org/wiki/%E8%8E%93%E8%96%BA#Chinese.,noun,Chinese water chestnut (Eleocharis dulcis species),莓荠,,
wt:莒光:0,莒光,gṳ̄-guŏng,,,,Imported from Wiktionary (CC BY-SA 4.0): https://en.wiktionary.org/wiki/%E8%8E%92%E5%85%89#Chinese. Mandarin: jǔguāng.,noun,"the spirit of recovering a lost country following the example of Tian Dan when he recovered the state of Qi from the small base area of Ju; the spirit of building a hardworking, thrifty military to carry forward the mission of the recovery of lost territory",,,
wt:莫細膩:0,莫細膩,mŏ̤h-sá̤-nê,,,,Imported from Wiktionary (CC BY-SA 4.0): https://en.wiktionary.org/wiki/%E8%8E%AB%E7%B4%B0%E8%86%A9#Chinese.,particle,you're welcome,莫细腻,,
wt:華僑:0,華僑,huà-gièu,,,,Imported from Wiktionary (CC BY-SA 4.0): https://en.wiktionary.org/wiki/%E8%8F%AF%E5%83%91#Chinese. Mandarin: huáqiáo.,noun,(law) Chinese national who lives outside of China,华侨,,
wt:華僑:0,華僑,huà-gièu,,,,,noun,(in general) Chinese person living abroad; overseas Chinese; Huaqiao,华侨,,
wt:華人:0,華人,Huà-ìng,,,,Imported from Wiktionary (CC BY-SA 4.0): https://en.wiktionary.org/wiki/%E8%8F%AF%E4%BA%BA#Chinese. Mandarin: Huárén.,noun,person of Chinese origin or ethnicity.,华人,,
wt:菜園:0,菜園,chái-huòng,,,,Imported from Wiktionary (CC BY-SA 4.0): https://en.wiktionary.org/wiki/%E8%8F%9C%E5%9C%92#Chinese. Mandarin: càiyuán.,noun,vegetable garden,菜园,,
wt:菜刀:0,菜刀,chái-dŏ̤,,,,Imported from Wiktionary (CC BY-SA 4.0): https://en.wiktionary.org/wiki/%E8%8F%9C%E5%88%80#Chinese. Mandarin: càidāo.,noun,chef's knife; kitchen knife; vegetable cleaver,,,
wt:菜種:0,菜種,chái-cṳ̄ng,,,,Imported from Wiktionary (CC BY-SA 4.0): https://en.wiktionary.org/wiki/%E8%8F%9C%E7%A8%AE#Chinese. Mandarin: càizhǒng.,noun,seed of vegetable,菜种,,
wt:菜瓜:0,菜瓜,chái-guă,,,,Imported from Wiktionary (CC BY-SA 4.0): https://en.wiktionary.org/wiki/%E8%8F%9C%E7%93%9C#Chinese. Mandarin: càiguā.,noun,snake melon,,,
wt:菜瓜:0,菜瓜,chái-guă,,,,,noun,cucumber,,,
wt:著痧:0,著痧,diŏh-să,,,,Imported from Wiktionary (CC BY-SA 4.0): https://en.wiktionary.org/wiki/%E8%91%97%E7%97%A7#Chinese.,verb,(medicine) to suffer from heatstroke or sunstroke,着痧,,
wt:菊花:0,菊花,gé̤ṳk-huă,,,,"Imported from Wiktionary (CC BY-SA 4.0): https://en.wiktionary.org/wiki/%E8%8F%8A%E8%8A%B1#Chinese. Mandarin: júhuā,er=y.",noun,chrysanthemum plant or flower,,,
wt:菊花:0,菊花,gé̤ṳk-huă,,,,,noun,"(slang, euphemistic) anus; asshole",,,
wt:落來:0,落來,lŏ̤h-lì,,,,Imported from Wiktionary (CC BY-SA 4.0): https://en.wiktionary.org/wiki/%E8%90%BD%E4%BE%86#Chinese.,verb,to come down,落来,,
wt:落來:0,落來,lŏ̤h-lì,,,,,verb,down towards oneself; used as a complement to a verb and placed after it,落来,,
wt:菱角:0,菱角,lèng-gáe̤k,,,,"Imported from Wiktionary (CC BY-SA 4.0): https://en.wiktionary.org/wiki/%E8%8F%B1%E8%A7%92#Chinese. Mandarin: língjiao,língjiǎo,1nb=standard in Mainland,1nc=variant in Taiwan,2nb=standard in Taiwan. Other readings: lìng-gáe̤k.",noun,water caltrop,,,
wt:落地:0,落地,lŏ̤h-dê,,,,"Imported from Wiktionary (CC BY-SA 4.0): https://en.wiktionary.org/wiki/%E8%90%BD%E5%9C%B0#Chinese. Mandarin: luòdì,làodì,1nb=literary, standard,2nb=colloquial. Other readings: lŏ̤h-dê.",verb,to fall to the ground,,,
wt:落地:0,落地,lŏ̤h-dê,,,,,verb,(of an airplane) to land,,,
wt:落地:0,落地,lŏ̤h-dê,,,,,verb,(figurative) to be born,,,
wt:落地:0,落地,lŏ̤h-dê,,,,,verb,(figurative) to implement; to put into effect; to carry out,,,
wt:落地:0,落地,lŏ̤h-dê,,,,,verb,"(without consonant assimilation, of a fire) to be put out",,,
wt:落地:0,落地,lŏ̤h-dê,,,,,adverb,(with consonant assimilation) originally,,,
wt:菖蒲:0,菖蒲,chĕ̤ng-buò,,,,Imported from Wiktionary (CC BY-SA 4.0): https://en.wiktionary.org/wiki/%E8%8F%96%E8%92%B2#Chinese. Mandarin: chāngpú.,noun,sweet flag (Acorus genus),,,
wt:菖蒲:0,菖蒲,chĕ̤ng-buò,,,,,noun,花 iris or a similar flower,,,
wt:菜頭:0,菜頭,chái-tàu,,,,Imported from Wiktionary (CC BY-SA 4.0): https://en.wiktionary.org/wiki/%E8%8F%9C%E9%A0%AD#Chinese. Mandarin: càitóu.,noun,daikon; Chinese radish,菜头,,
wt:菠薐:0,菠薐,puŏ-lìng,,,,Imported from Wiktionary (CC BY-SA 4.0): https://en.wiktionary.org/wiki/%E8%8F%A0%E8%96%90#Chinese. Mandarin: bōléng.,noun,(archaic) spinach,,,
wt:落堂:0,落堂,lŏ̤h-dòng,,,,Imported from Wiktionary (CC BY-SA 4.0): https://en.wiktionary.org/wiki/%E8%90%BD%E5%A0%82#Chinese.,verb,to finish class,,,
wt:菠薐菜:0,菠薐菜,puŏ-lìng-chái,,,,Imported from Wiktionary (CC BY-SA 4.0): https://en.wiktionary.org/wiki/%E8%8F%A0%E8%96%90%E8%8F%9C#Chinese. Mandarin: bōléngcài.,noun,spinach,,,
wt:落敗:0,落敗,lŏ̤h-bài,,,,Imported from Wiktionary (CC BY-SA 4.0): https://en.wiktionary.org/wiki/%E8%90%BD%E6%95%97#Chinese. Mandarin: luòbài.,verb,to suffer a defeat; to fail,落败,,
wt:菜頭粿:0,菜頭粿,chái-tàu-guōi,,,,Imported from Wiktionary (CC BY-SA 4.0): https://en.wiktionary.org/wiki/%E8%8F%9C%E9%A0%AD%E7%B2%BF#Chinese.,noun,radish cake; turnip cake; chai tow kway a common southern Chinese dish,菜头粿,,
wt:落價:0,落價,lŏ̤h-gá,,,,Imported from Wiktionary (CC BY-SA 4.0): https://en.wiktionary.org/wiki/%E8%90%BD%E5%83%B9#Chinese. Mandarin: làojià.,verb,to fall in price; to become cheaper,落价,,
wt:落冬:0,落冬,lŏ̤h-dĕ̤ng,,,,Imported from Wiktionary (CC BY-SA 4.0): https://en.wiktionary.org/wiki/%E8%90%BD%E5%86%AC#Chinese.,verb,to begin the winter season,,,
wt:菅菁:0,菅菁,găng-cĭng,,,,Imported from Wiktionary (CC BY-SA 4.0): https://en.wiktionary.org/wiki/%E8%8F%85%E8%8F%81#Chinese.,noun,common reed,,,
wt:菜箬:0,菜箬,chái-niŏh,,,,Imported from Wiktionary (CC BY-SA 4.0): https://en.wiktionary.org/wiki/%E8%8F%9C%E7%AE%AC#Chinese.,noun,vegetable leaf,,,
wt:葫蘆:0,葫蘆,hù-lù,,,,"Imported from Wiktionary (CC BY-SA 4.0): https://en.wiktionary.org/wiki/%E8%91%AB%E8%98%86#Chinese. Mandarin: húlu,er=y.",noun,瓜 bottle gourd; calabash,葫芦,,
wt:葡萄糖:0,葡萄糖,buò-dò̤-tòng,,,,"Imported from Wiktionary (CC BY-SA 4.0): https://en.wiktionary.org/wiki/%E8%91%A1%E8%90%84%E7%B3%96#Chinese. Mandarin: pútáotáng,tl2=y.",noun,(carbohydrate) glucose; grape sugar,,,
wt:葵花:0,葵花,gì-huă,,,,Imported from Wiktionary (CC BY-SA 4.0): https://en.wiktionary.org/wiki/%E8%91%B5%E8%8A%B1#Chinese. Mandarin: kuíhuā.,noun,sunflower,,,
wt:萵筍:0,萵筍,uŏ-sūng,,,,Imported from Wiktionary (CC BY-SA 4.0): https://en.wiktionary.org/wiki/%E8%90%B5%E7%AD%8D#Chinese. Mandarin: wōsǔn.,noun,celtuce; asparagus lettuce (Lactuca sativa var. augustana),莴笋,,
wt:萵筍:0,萵筍,uŏ-sūng,,,,,noun,lettuce,莴笋,,
wt:葵花籽:0,葵花籽,gì-huă-cī,,,,"Imported from Wiktionary (CC BY-SA 4.0): https://en.wiktionary.org/wiki/%E8%91%B5%E8%8A%B1%E7%B1%BD#Chinese. Mandarin: kuíhuāzǐ,er=y.",noun,sunflower seed,,,
wt:落雪:0,落雪,lŏ̤h-siók,,,,Imported from Wiktionary (CC BY-SA 4.0): https://en.wiktionary.org/wiki/%E8%90%BD%E9%9B%AA#Chinese. Mandarin: luòxuě.,verb,to snow,,,
wt:蒙古族:0,蒙古族,Mùng-gū-cŭk,,,,"Imported from Wiktionary (CC BY-SA 4.0): https://en.wiktionary.org/wiki/%E8%92%99%E5%8F%A4%E6%97%8F#Chinese. Mandarin: 蒙gǔzú,cap=y,2cap=y.",noun,Mongol a person of Mongol or Mongolian ethnicity,,,
wt:落車:0,落車,lŏ̤h-chiă,,,,Imported from Wiktionary (CC BY-SA 4.0): https://en.wiktionary.org/wiki/%E8%90%BD%E8%BB%8A#Chinese. Mandarin: luòchē. Pronounced giă.,verb,to get out of a carriage or chariot; to exit a vehicle,落车,,
wt:落薄:0,落薄,lŏ̤h bŏk,,,,Imported from Wiktionary (CC BY-SA 4.0): https://en.wiktionary.org/wiki/%E8%90%BD%E8%96%84#Chinese. Mandarin: luòbó.,adjective,down and out; destitute,,,
wt:落膈:0,落膈,lŏ̤h-gă̤h,,,,Imported from Wiktionary (CC BY-SA 4.0): https://en.wiktionary.org/wiki/%E8%90%BD%E8%86%88#Chinese.,adjective,feeling comfortable from food entering the digestive tract,,,
wt:落膈:0,落膈,lŏ̤h-gă̤h,,,,,adjective,comfortable; happy,,,
wt:落班:0,落班,lŏ̤h-băng,,,,Imported from Wiktionary (CC BY-SA 4.0): https://en.wiktionary.org/wiki/%E8%90%BD%E7%8F%AD#Chinese.,verb,to finish work; to get off work,,,
wt:落瀉:0,落瀉,lŏ̤h-siá,,,,Imported from Wiktionary (CC BY-SA 4.0): https://en.wiktionary.org/wiki/%E8%90%BD%E7%80%89#Chinese.,verb,to have diarrhea,落泻,,
wt:葫蘆瓠:0,葫蘆瓠,hù-lù-bù,,,,Imported from Wiktionary (CC BY-SA 4.0): https://en.wiktionary.org/wiki/%E8%91%AB%E8%98%86%E7%93%A0#Chinese.,noun,bottle gourd; calabash,葫芦瓠,,
wt:落露:0,落露,lŏ̤h-ló,,,,Imported from Wiktionary (CC BY-SA 4.0): https://en.wiktionary.org/wiki/%E8%90%BD%E9%9C%B2#Chinese.,verb,(impersonal) to have fog or mist appear,,,
wt:落露:0,落露,lŏ̤h-ló,,,,,verb,"(Lichuan, Jinhua, impersonal) to have dew appear",,,
wt:蒜頭:0,蒜頭,sáung-tàu,,,,"Imported from Wiktionary (CC BY-SA 4.0): https://en.wiktionary.org/wiki/%E8%92%9C%E9%A0%AD#Chinese. Mandarin: suàntóu,er=y.",noun,head of garlic; bulb of garlic,蒜头,,
wt:蒜苗:0,蒜苗,sáung-mièu,,,,"Imported from Wiktionary (CC BY-SA 4.0): https://en.wiktionary.org/wiki/%E8%92%9C%E8%8B%97#Chinese. Mandarin: suànmiáo,er=y.",noun,(tender) garlic scape,,,
wt:蒜苗:0,蒜苗,sáung-mièu,,,,,noun,green garlic; garlic shoot including the stalk and the leaves,,,
wt:蒲蠅:0,蒲蠅,bù-sìng,,,,Imported from Wiktionary (CC BY-SA 4.0): https://en.wiktionary.org/wiki/%E8%92%B2%E8%A0%85#Chinese.,noun,fly insect,蒲蝇,,
wt:蒲蠅屎:0,蒲蠅屎,bù-sìng-sāi,,,,Imported from Wiktionary (CC BY-SA 4.0): https://en.wiktionary.org/wiki/%E8%92%B2%E8%A0%85%E5%B1%8E#Chinese.,noun,freckle,蒲蝇屎,,
wt:蒜帕:0,蒜帕,sáung-pá,,,,Imported from Wiktionary (CC BY-SA 4.0): https://en.wiktionary.org/wiki/%E8%92%9C%E5%B8%95#Chinese.,noun,clove of garlic,,,
wt:蒜頭醬:0,蒜頭醬,sáung-tàu-cuóng,,,,Imported from Wiktionary (CC BY-SA 4.0): https://en.wiktionary.org/wiki/%E8%92%9C%E9%A0%AD%E9%86%AC#Chinese.,noun,mashed garlic,蒜头酱,,
wt:蒼頭:0,蒼頭,cŏng-tàu,,,,Imported from Wiktionary (CC BY-SA 4.0): https://en.wiktionary.org/wiki/%E8%92%BC%E9%A0%AD#Chinese.,noun,"(dated, derogatory) servant; lackey",苍头,,
wt:蓮花:0,蓮花,lièng-huă,,,,"Imported from Wiktionary (CC BY-SA 4.0): https://en.wiktionary.org/wiki/%E8%93%AE%E8%8A%B1#Chinese. Mandarin: liánhuā,er=y.",noun,lotus Nelumbo nucifera species,莲花,,
wt:蓮花:0,蓮花,lièng-huă,,,,,noun,water lily Nymphaea genus,莲花,,
wt:蓮子:0,蓮子,lièng-cī,,,,"Imported from Wiktionary (CC BY-SA 4.0): https://en.wiktionary.org/wiki/%E8%93%AE%E5%AD%90#Chinese. Mandarin: liánzǐ,er=y.",noun,lotus seed,莲子,,
wt:蕎麥:0,蕎麥,gièu-mĕk,,,,Imported from Wiktionary (CC BY-SA 4.0): https://en.wiktionary.org/wiki/%E8%95%8E%E9%BA%A5#Chinese. Mandarin: qiáomài.,noun,buckwheat,荞麦,,
wt:蓮蓬:0,蓮蓬,lièng-pùng,,,,"Imported from Wiktionary (CC BY-SA 4.0): https://en.wiktionary.org/wiki/%E8%93%AE%E8%93%AC#Chinese. Mandarin: liánpeng,liánpéng,1nb=Mainland,2nb=Taiwan.",noun,lotus seedpod (the receptacle of lotus),莲蓬,,
wt:蔥白:0,蔥白,chĕ̤ng-băh,,,,Imported from Wiktionary (CC BY-SA 4.0): https://en.wiktionary.org/wiki/%E8%94%A5%E7%99%BD#Chinese. Mandarin: cōngbái.,noun,very light blue,葱白,,
wt:蔥白:0,蔥白,chĕ̤ng-băh,,,,,noun,scallion stalk,葱白,,
wt:蔣樣:0,蔣樣,ciōng-iông,,,,Imported from Wiktionary (CC BY-SA 4.0): https://en.wiktionary.org/wiki/%E8%94%A3%E6%A8%A3#Chinese.,adverb,how,蒋样,,
wt:蔑稱:0,蔑稱,miĕk-chĭng,,,,Imported from Wiktionary (CC BY-SA 4.0): https://en.wiktionary.org/wiki/%E8%94%91%E7%A8%B1#Chinese. Mandarin: mièchēng.,noun,derogatory term of address; insult; pejorative name,蔑称,,
wt:蔑稱:0,蔑稱,miĕk-chĭng,,,,,verb,to address scornfully,蔑称,,
wt:蔓菁:0,蔓菁,muàng-cĭng,,,,"Imported from Wiktionary (CC BY-SA 4.0): https://en.wiktionary.org/wiki/%E8%94%93%E8%8F%81#Chinese. Mandarin: mánjing,mánjīng,1nb=standard in Mainland,1nc=variant in Taiwan,2nb=standard in Taiwan.",noun,turnip,,,
wt:蔣講:0,蔣講,ciōng-gōng,,,,Imported from Wiktionary (CC BY-SA 4.0): https://en.wiktionary.org/wiki/%E8%94%A3%E8%AC%9B#Chinese.,adverb,why,蒋讲,,
wt:蔥珠:0,蔥珠,chĕ̤ng-ciŏ,,,,Imported from Wiktionary (CC BY-SA 4.0): https://en.wiktionary.org/wiki/%E8%94%A5%E7%8F%A0#Chinese.,noun,chopped green onion,葱珠,,
wt:蔭凍:0,蔭凍,éng-dáe̤ng,,,,Imported from Wiktionary (CC BY-SA 4.0): https://en.wiktionary.org/wiki/%E8%94%AD%E5%87%8D#Chinese.,adjective,cool and shaded; pleasantly cool,荫冻,,
wt:藍色:0,藍色,làng-sáik,,,,Imported from Wiktionary (CC BY-SA 4.0): https://en.wiktionary.org/wiki/%E8%97%8D%E8%89%B2#Chinese. Mandarin: lánsè.,noun,blue color,蓝色,,
wt:藥店:0,藥店,iŏh-dáing,,,,Imported from Wiktionary (CC BY-SA 4.0): https://en.wiktionary.org/wiki/%E8%97%A5%E5%BA%97#Chinese. Mandarin: yàodiàn.,noun,chemist store; drugstore; pharmacy,药店,,
wt:薰囝:0,薰囝,hŏng-giāng,,,,Imported from Wiktionary (CC BY-SA 4.0): https://en.wiktionary.org/wiki/%E8%96%B0%E5%9B%9D#Chinese.,noun,cigarette,,,
wt:藥粉:0,藥粉,iŏh-hūng,,,,Imported from Wiktionary (CC BY-SA 4.0): https://en.wiktionary.org/wiki/%E8%97%A5%E7%B2%89#Chinese. Mandarin: yàofěn.,noun,medicinal powder,药粉,,
wt:薰屎:0,薰屎,hŏng-sāi,,,,Imported from Wiktionary (CC BY-SA 4.0): https://en.wiktionary.org/wiki/%E8%96%B0%E5%B1%8E#Chinese.,noun,cigarette ash,,,
wt:蕹菜:0,蕹菜,óng-chái,,,,Imported from Wiktionary (CC BY-SA 4.0): https://en.wiktionary.org/wiki/%E8%95%B9%E8%8F%9C#Chinese. Mandarin: 蕹cài.,noun,water spinach Ipomoea aquatica species,,,
wt:薏米:0,薏米,é-mī,,,,Imported from Wiktionary (CC BY-SA 4.0): https://en.wiktionary.org/wiki/%E8%96%8F%E7%B1%B3#Chinese. Mandarin: yìmǐ.,noun,seed of Job's tears Coix lacryma-jobi species,,,
wt:薰油:0,薰油,hŏng-ièu,,,,Imported from Wiktionary (CC BY-SA 4.0): https://en.wiktionary.org/wiki/%E8%96%B0%E6%B2%B9#Chinese.,noun,tobacco or cigarette tar,,,
wt:薰箬:0,薰箬,hŏng-niŏh,,,,Imported from Wiktionary (CC BY-SA 4.0): https://en.wiktionary.org/wiki/%E8%96%B0%E7%AE%AC#Chinese.,noun,tobacco leaf,,,
wt:薑母:0,薑母,giŏng-mō̤,,,,Imported from Wiktionary (CC BY-SA 4.0): https://en.wiktionary.org/wiki/%E8%96%91%E6%AF%8D#Chinese. Mandarin: jiāngmǔ.,noun,(in general) ginger,姜母,,
wt:薰癮:0,薰癮,hŏng-ngiéng,,,,Imported from Wiktionary (CC BY-SA 4.0): https://en.wiktionary.org/wiki/%E8%96%B0%E7%99%AE#Chinese.,noun,urge to smoke cigarettes; one's cigarette habit; tobacco addiction,薰瘾,,
wt:薰膏:0,薰膏,hŏng-gŏ̤,,,,Imported from Wiktionary (CC BY-SA 4.0): https://en.wiktionary.org/wiki/%E8%96%B0%E8%86%8F#Chinese.,noun,prepared opium paste,,,
wt:藍尾星:0,藍尾星,làng-muōi-sĭng,,,,Imported from Wiktionary (CC BY-SA 4.0): https://en.wiktionary.org/wiki/%E8%97%8D%E5%B0%BE%E6%98%9F#Chinese.,noun,firefly,蓝尾星,,
wt:藤牌:0,藤牌,dìng-bà̤,,,,Imported from Wiktionary (CC BY-SA 4.0): https://en.wiktionary.org/wiki/%E8%97%A4%E7%89%8C#Chinese. Mandarin: téngpái.,noun,rattan shield,,,
wt:藤牌:0,藤牌,dìng-bà̤,,,,,noun,(generally) shield,,,
wt:薰囝盒:0,薰囝盒,hŏng-giāng-ăk,,,,Imported from Wiktionary (CC BY-SA 4.0): https://en.wiktionary.org/wiki/%E8%96%B0%E5%9B%9D%E7%9B%92#Chinese.,noun,cigarette case,,,
wt:薰筒:0,薰筒,hŏng-dè̤ng,,,,Imported from Wiktionary (CC BY-SA 4.0): https://en.wiktionary.org/wiki/%E8%96%B0%E7%AD%92#Chinese.,noun,tobacco pouch; long-stemmed pipe,,,
wt:薰具:0,薰具,hŏng-gê̤ṳ,,,,Imported from Wiktionary (CC BY-SA 4.0): https://en.wiktionary.org/wiki/%E8%96%B0%E5%85%B7#Chinese.,noun,tools for smoking tobacco products,,,
wt:薰囝灰:0,薰囝灰,hŏng-giāng-hŭ,,,,Imported from Wiktionary (CC BY-SA 4.0): https://en.wiktionary.org/wiki/%E8%96%B0%E5%9B%9D%E7%81%B0#Chinese.,noun,cigarette ash,,,
wt:藤椅:0,藤椅,dìng-iē,,,,Imported from Wiktionary (CC BY-SA 4.0): https://en.wiktionary.org/wiki/%E8%97%A4%E6%A4%85#Chinese. Mandarin: téngyǐ.,noun,rattan chair,,,
wt:蘋果:0,蘋果,bìng-guō,,,,Imported from Wiktionary (CC BY-SA 4.0): https://en.wiktionary.org/wiki/%E8%98%8B%E6%9E%9C#Chinese. Mandarin: píngguǒ.,noun,"apple fruit (classifier: 個, 隻, 顆)",苹果,,
wt:蘋果:0,蘋果,bìng-guō,,,,,noun,蘋果手機,苹果,,
wt:藝術:0,藝術,ngiê-sŭk,,,,"Imported from Wiktionary (CC BY-SA 4.0): https://en.wiktionary.org/wiki/%E8%97%9D%E8%A1%93#Chinese. Mandarin: yìshù,yìshu,tl=y.",noun,art; art form,艺术,,
wt:蘭花:0,蘭花,làng-huă,,,,Imported from Wiktionary (CC BY-SA 4.0): https://en.wiktionary.org/wiki/%E8%98%AD%E8%8A%B1#Chinese. Mandarin: lánhuā.,noun,"orchid, especially cymbidium",兰花,,
wt:蘑菇:0,蘑菇,mò̤-gŭ,,,,"Imported from Wiktionary (CC BY-SA 4.0): https://en.wiktionary.org/wiki/%E8%98%91%E8%8F%87#Chinese. Mandarin: mógu,mógū,1nb=standard in Mainland and Taiwan,2nb=variant.",noun,mushroom,,,
wt:蘆筍:0,蘆筍,lô-sūng,,,,Imported from Wiktionary (CC BY-SA 4.0): https://en.wiktionary.org/wiki/%E8%98%86%E7%AD%8D#Chinese. Mandarin: lúsǔn.,noun,reed shoot,芦笋,,
wt:蘆筍:0,蘆筍,lô-sūng,,,,,noun,asparagus,芦笋,,
wt:蘭學:0,蘭學,làng-hŏk,,,,Imported from Wiktionary (CC BY-SA 4.0): https://en.wiktionary.org/wiki/%E8%98%AD%E5%AD%B8#Chinese. Mandarin: lánxué.,noun,"(historical) rangaku, the Japanese study of Western knowledge.",兰学,,
wt:蘆草:0,蘆草,lù-chāu,,,,Imported from Wiktionary (CC BY-SA 4.0): https://en.wiktionary.org/wiki/%E8%98%86%E8%8D%89#Chinese. Mandarin: lúcǎo.,noun,common reed Phragmites genus,芦草,,
wt:蘋果綠:0,蘋果綠,bìng-guō-liŏh,,,,Imported from Wiktionary (CC BY-SA 4.0): https://en.wiktionary.org/wiki/%E8%98%8B%E6%9E%9C%E7%B6%A0#Chinese. Mandarin: píngguǒlǜ.,noun,apple green colour; light green colour,苹果绿,,
wt:蚜蟲:0,蚜蟲,ngā-tè̤ng,,,,Imported from Wiktionary (CC BY-SA 4.0): https://en.wiktionary.org/wiki/%E8%9A%9C%E8%9F%B2#Chinese. Mandarin: yáchóng.,noun,aphid,蚜虫,,
wt:虼蚤:0,虼蚤,gā-cāu,,,,Imported from Wiktionary (CC BY-SA 4.0): https://en.wiktionary.org/wiki/%E8%99%BC%E8%9A%A4#Chinese. Mandarin: gèzao.,noun,flea,,,
wt:虼蚻:0,虼蚻,gâ-săk,,,,Imported from Wiktionary (CC BY-SA 4.0): https://en.wiktionary.org/wiki/%E8%99%BC%E8%9A%BB#Chinese. Other readings: gáh-săk.,noun,cockroach,,,
wt:蜂蜜:0,蜂蜜,pŭng-mĭk,,,,Imported from Wiktionary (CC BY-SA 4.0): https://en.wiktionary.org/wiki/%E8%9C%82%E8%9C%9C#Chinese. Mandarin: fēngmì.,noun,honey sweet fluid produced from plant nectar by bees,,,
wt:蛤蟆:0,蛤蟆,hà-mà,,,,Imported from Wiktionary (CC BY-SA 4.0): https://en.wiktionary.org/wiki/%E8%9B%A4%E8%9F%86#Chinese. Mandarin: háma.,noun,frog; toad order Anura (classifier: 隻),,,
wt:蛟龍:0,蛟龍,gău-lṳ̀ng,,,,Imported from Wiktionary (CC BY-SA 4.0): https://en.wiktionary.org/wiki/%E8%9B%9F%E9%BE%8D#Chinese. Mandarin: jiāolóng.,noun,(countable) jiaolong an aquatic dragon in Chinese mythology,蛟龙,,
wt:蛟龍:0,蛟龍,gău-lṳ̀ng,,,,,noun,(Shehua) rainbow,蛟龙,,
wt:蜂鳥:0,蜂鳥,pŭng-cēu,,,,Imported from Wiktionary (CC BY-SA 4.0): https://en.wiktionary.org/wiki/%E8%9C%82%E9%B3%A5#Chinese. Mandarin: fēngniǎo. Other readings: pŭng-nēu.,noun,hummingbird,蜂鸟,,
wt:蜉蝣:0,蜉蝣,pèu-iù,,,,Imported from Wiktionary (CC BY-SA 4.0): https://en.wiktionary.org/wiki/%E8%9C%89%E8%9D%A3#Chinese. Mandarin: fúyóu.,noun,mayfly,,,
wt:蛀蟲:0,蛀蟲,céu-tè̤ng,,,,Imported from Wiktionary (CC BY-SA 4.0): https://en.wiktionary.org/wiki/%E8%9B%80%E8%9F%B2#Chinese. Mandarin: zhùchóng.,noun,"insect that eats into clothes, wood, books, etc.",蛀虫,,
wt:蛀蟲:0,蛀蟲,céu-tè̤ng,,,,,noun,(figuartively) vermin,蛀虫,,
wt:蛀牙:0,蛀牙,ciú-ngāi,,,,Imported from Wiktionary (CC BY-SA 4.0): https://en.wiktionary.org/wiki/%E8%9B%80%E7%89%99#Chinese. Mandarin: zhùyá.,noun,dental caries; tooth decay,,,
wt:蛀牙:0,蛀牙,ciú-ngāi,,,,,noun,decayed tooth; rotten tooth,,,
wt:蜂窩:0,蜂窩,pŭng-uŏ,,,,"Imported from Wiktionary (CC BY-SA 4.0): https://en.wiktionary.org/wiki/%E8%9C%82%E7%AA%A9#Chinese. Mandarin: fēngwō,er=y.",noun,honeycomb structure of cells made by bees,蜂窝,,
wt:蜂窩:0,蜂窩,pŭng-uŏ,,,,,noun,(figurative) honeycomb-like porous shape,蜂窝,,
wt:蛀核:0,蛀核,céu-hŏk,,,,Imported from Wiktionary (CC BY-SA 4.0): https://en.wiktionary.org/wiki/%E8%9B%80%E6%A0%B8#Chinese.,adjective,(of fruits like longans or lychees) small-pitted,,,
wt:蜂宿:0,蜂宿,pŭng-siéu,,,,Imported from Wiktionary (CC BY-SA 4.0): https://en.wiktionary.org/wiki/%E8%9C%82%E5%AE%BF#Chinese.,noun,honeycomb structure of cells made by bees,,,
wt:蜜蜂:0,蜜蜂,mĭk-pŭng,,,,"Imported from Wiktionary (CC BY-SA 4.0): https://en.wiktionary.org/wiki/%E8%9C%9C%E8%9C%82#Chinese. Mandarin: mìfēng,er=y.",noun,bee; honeybee,,,
wt:蜘蛛:0,蜘蛛,tĭ-tṳ̆,,,,"Imported from Wiktionary (CC BY-SA 4.0): https://en.wiktionary.org/wiki/%E8%9C%98%E8%9B%9B#Chinese. Mandarin: zhīzhū,tl=y.",noun,spider,,,
wt:蝙蝠:0,蝙蝠,biēng-hók,,,,"Imported from Wiktionary (CC BY-SA 4.0): https://en.wiktionary.org/wiki/%E8%9D%99%E8%9D%A0#Chinese. Mandarin: biānfú,biǎnfú,er=y,2er=y,2nb=nonstandard.",noun,bat small flying mammal of order Chiroptera order,,,
wt:蝴蝶:0,蝴蝶,hù-diĕk,,,,"Imported from Wiktionary (CC BY-SA 4.0): https://en.wiktionary.org/wiki/%E8%9D%B4%E8%9D%B6#Chinese. Mandarin: húdié,er=y.",noun,butterfly (classifier: 隻),,,
wt:蜻蜓:0,蜻蜓,chĭng-dìng,,,,Imported from Wiktionary (CC BY-SA 4.0): https://en.wiktionary.org/wiki/%E8%9C%BB%E8%9C%93#Chinese. Mandarin: qīngtíng.,noun,dragonfly,,,
wt:蝌蚪:0,蝌蚪,kuŏ-dēu,,,,Imported from Wiktionary (CC BY-SA 4.0): https://en.wiktionary.org/wiki/%E8%9D%8C%E8%9A%AA#Chinese. Mandarin: kēdǒu.,noun,tadpole toad or frog larva,,,
wt:蝌蚪:0,蝌蚪,kuŏ-dēu,,,,,noun,(figurative) musical note,,,
wt:蜜月:0,蜜月,mĭk-nguŏk,,,,Imported from Wiktionary (CC BY-SA 4.0): https://en.wiktionary.org/wiki/%E8%9C%9C%E6%9C%88#Chinese. Mandarin: mìyuè.,noun,honeymoon,,,
wt:蜘蛛網:0,蜘蛛網,tĭ-tṳ̆-uōng,,,,Imported from Wiktionary (CC BY-SA 4.0): https://en.wiktionary.org/wiki/%E8%9C%98%E8%9B%9B%E7%B6%B2#Chinese. Mandarin: zhīzhūwǎng.,noun,spiderweb net-like construct of a spider,蜘蛛网,,
wt:蜜餞:0,蜜餞,mĭk-ciéng,,,,Imported from Wiktionary (CC BY-SA 4.0): https://en.wiktionary.org/wiki/%E8%9C%9C%E9%A4%9E#Chinese. Mandarin: mìjiàn.,verb,to preserve fruits in syrup or honey,蜜饯,,
wt:蜜餞:0,蜜餞,mĭk-ciéng,,,,,noun,syrup-preserved fruits; candied fruits,蜜饯,,
wt:蜜餞砒霜:0,蜜餞砒霜,mĭk-ciéng-piĕ-sŏng,,,,Imported from Wiktionary (CC BY-SA 4.0): https://en.wiktionary.org/wiki/%E8%9C%9C%E9%A4%9E%E7%A0%92%E9%9C%9C#Chinese. Mandarin: mìjiànpīshuāng.,phrase,sugarcoated poison; the flattering words of a vicious person,蜜饯砒霜,,
wt:蝦蛄:0,蝦蛄,hà-kŭ,,,,Imported from Wiktionary (CC BY-SA 4.0): https://en.wiktionary.org/wiki/%E8%9D%A6%E8%9B%84#Chinese. Mandarin: xiāgū.,noun,stomatopod; mantis shrimp,虾蛄,,
wt:蝦蛄:0,蝦蛄,hà-kŭ,,,,,noun,(Yongchun) shrimp,虾蛄,,
wt:蝨母:0,蝨母,sáik-mō̤,,,,Imported from Wiktionary (CC BY-SA 4.0): https://en.wiktionary.org/wiki/%E8%9D%A8%E6%AF%8D#Chinese.,noun,louse,虱母,,
wt:蜘蛛鞔:0,蜘蛛鞔,tĭ-tṳ̆-măng,,,,Imported from Wiktionary (CC BY-SA 4.0): https://en.wiktionary.org/wiki/%E8%9C%98%E8%9B%9B%E9%9E%94#Chinese.,noun,spiderweb net-like construct of a spider,,,
wt:蝦油:0,蝦油,hà-iù,,,,Imported from Wiktionary (CC BY-SA 4.0): https://en.wiktionary.org/wiki/%E8%9D%A6%E6%B2%B9#Chinese.,noun,fish sauce,虾油,,
wt:蝦卵:0,蝦卵,hà-lâung,,,,Imported from Wiktionary (CC BY-SA 4.0): https://en.wiktionary.org/wiki/%E8%9D%A6%E5%8D%B5#Chinese.,noun,shrimp roe,虾卵,,
wt:蟋蟀:0,蟋蟀,sék-sáuk,,,,Imported from Wiktionary (CC BY-SA 4.0): https://en.wiktionary.org/wiki/%E8%9F%8B%E8%9F%80#Chinese. Mandarin: xīshuài.,noun,cricket insect,,,
wt:螃蟹:0,螃蟹,màng-hâ,,,,Imported from Wiktionary (CC BY-SA 4.0): https://en.wiktionary.org/wiki/%E8%9E%83%E8%9F%B9#Chinese. Mandarin: pángxiè.,noun,crab,,,
wt:螞蟻:0,螞蟻,mā-ngiê,,,,Imported from Wiktionary (CC BY-SA 4.0): https://en.wiktionary.org/wiki/%E8%9E%9E%E8%9F%BB#Chinese. Mandarin: mǎyǐ.,noun,ant,蚂蚁,,
wt:蠔油:0,蠔油,hò̤-iù,,,,Imported from Wiktionary (CC BY-SA 4.0): https://en.wiktionary.org/wiki/%E8%A0%94%E6%B2%B9#Chinese. Mandarin: háoyóu.,noun,oyster sauce,蚝油,,
wt:螺絲:0,螺絲,lòi-sĭ,,,,Imported from Wiktionary (CC BY-SA 4.0): https://en.wiktionary.org/wiki/%E8%9E%BA%E7%B5%B2#Chinese. Mandarin: luósī. Pronounced bĭ.,noun,screw construction accessory,螺丝,,
wt:螺絲絞:0,螺絲絞,lòi-sĭ,,,,Imported from Wiktionary (CC BY-SA 4.0): https://en.wiktionary.org/wiki/%E8%9E%BA%E7%B5%B2%E7%B5%9E#Chinese. Pronounced bĭ-*gā.,noun,screwdriver,螺丝绞,,
wt:蟛蜞:0,蟛蜞,pàng-kì,,,,Imported from Wiktionary (CC BY-SA 4.0): https://en.wiktionary.org/wiki/%E8%9F%9B%E8%9C%9E#Chinese. Mandarin: péngqí.,noun,Sesarma (species of sesarmid crabs),,,
wt:蟲蟻:0,蟲蟻,tè̤ng-ngiê,,,,Imported from Wiktionary (CC BY-SA 4.0): https://en.wiktionary.org/wiki/%E8%9F%B2%E8%9F%BB#Chinese. Mandarin: chóngyǐ.,noun,insects; bugs,虫蚁,,
wt:蟲蟻:0,蟲蟻,tè̤ng-ngiê,,,,,noun,(by extension) small creatures,虫蚁,,
wt:螞蜞:0,螞蜞,mā-kì,,,,Imported from Wiktionary (CC BY-SA 4.0): https://en.wiktionary.org/wiki/%E8%9E%9E%E8%9C%9E#Chinese.,noun,leech,蚂蜞,,
wt:螞蝴:0,螞蝴,mā-hù,,,,Imported from Wiktionary (CC BY-SA 4.0): https://en.wiktionary.org/wiki/%E8%9E%9E%E8%9D%B4#Chinese.,noun,dragonfly,蚂蝴,,
wt:蟲囝:0,蟲囝,tè̤ng-giāng,,,,Imported from Wiktionary (CC BY-SA 4.0): https://en.wiktionary.org/wiki/%E8%9F%B2%E5%9B%9D#Chinese.,noun,insect,虫囝,,
wt:蟶埕:0,蟶埕,tĕng-diàng,,,,Imported from Wiktionary (CC BY-SA 4.0): https://en.wiktionary.org/wiki/%E8%9F%B6%E5%9F%95#Chinese.,noun,razor clam farm on the seaside,蛏埕,,
wt:蟶乾:0,蟶乾,tĕng-găng,,,,Imported from Wiktionary (CC BY-SA 4.0): https://en.wiktionary.org/wiki/%E8%9F%B6%E4%B9%BE#Chinese. Mandarin: chēnggān.,noun,dried razor clam food product,蛏干,,
wt:蠟燭:0,蠟燭,iòng-ciók,,,,Imported from Wiktionary (CC BY-SA 4.0): https://en.wiktionary.org/wiki/%E8%A0%9F%E7%87%AD#Chinese. Mandarin: làzhú.,noun,candle,蜡烛,,
wt:蠶繭:0,蠶繭,càng-giēng,,,,Imported from Wiktionary (CC BY-SA 4.0): https://en.wiktionary.org/wiki/%E8%A0%B6%E7%B9%AD#Chinese. Mandarin: cánjiǎn.,noun,silkworm cocoon,蚕茧,,
wt:蠶繭:1,蠶繭,chèng-gēng,,,,Imported from Wiktionary (CC BY-SA 4.0): https://en.wiktionary.org/wiki/%E8%A0%B6%E7%B9%AD#Chinese.,noun,silkworm,蚕茧,,
wt:行人:0,行人,hèng-ìng,,,,Imported from Wiktionary (CC BY-SA 4.0): https://en.wiktionary.org/wiki/%E8%A1%8C%E4%BA%BA#Chinese. Mandarin: xíngrén.,noun,one who walks; pedestrian; foot passenger; passerby,,,
wt:行人:0,行人,hèng-ìng,,,,,noun,"traveller on foot, or person who goes out to battle (i.e. one who goes on a military expedition)",,,
wt:行人:0,行人,hèng-ìng,,,,,noun,(historical) envoy; messenger,,,
wt:行人:0,行人,hèng-ìng,,,,,noun,(historical) official responsible for arranging audiences with the emperor,,,
wt:行人:0,行人,hèng-ìng,,,,,noun,(obsolete) matchmaker,,,
wt:血糖:0,血糖,háik-tòng,,,,Imported from Wiktionary (CC BY-SA 4.0): https://en.wiktionary.org/wiki/%E8%A1%80%E7%B3%96#Chinese. Mandarin: 血táng.,noun,"(medicine, physiology) blood sugar; glucose",,,
wt:蠶豆:0,蠶豆,cièng-dâu,,,,Imported from Wiktionary (CC BY-SA 4.0): https://en.wiktionary.org/wiki/%E8%A0%B6%E8%B1%86#Chinese. Mandarin: cándòu.,noun,broad bean; fava bean (Vicia faba species),蚕豆,,
wt:蠣餅:0,蠣餅,diê-biāng,,,,Imported from Wiktionary (CC BY-SA 4.0): https://en.wiktionary.org/wiki/%E8%A0%A3%E9%A4%85#Chinese. Mandarin: lìbǐng.,noun,"oyster pie, cockle fritters a local delicacy in Fuzhou, China",蛎饼,,
wt:行人道:0,行人道,hèng-ìng-dô̤,,,,Imported from Wiktionary (CC BY-SA 4.0): https://en.wiktionary.org/wiki/%E8%A1%8C%E4%BA%BA%E9%81%93#Chinese. Mandarin: xíngréndào.,noun,sidewalk,,,
wt:血母:0,血母,háik-mō̤,,,,Imported from Wiktionary (CC BY-SA 4.0): https://en.wiktionary.org/wiki/%E8%A1%80%E6%AF%8D#Chinese.,noun,womb; uterus,,,
wt:蠶繭樹:0,蠶繭樹,chèng-gēng-chéu,,,,Imported from Wiktionary (CC BY-SA 4.0): https://en.wiktionary.org/wiki/%E8%A0%B6%E7%B9%AD%E6%A8%B9#Chinese.,noun,mulberry tree,蚕茧树,,
wt:蠶繭箬:0,蠶繭箬,chèng-gēng-niŏh,,,,Imported from Wiktionary (CC BY-SA 4.0): https://en.wiktionary.org/wiki/%E8%A0%B6%E7%B9%AD%E7%AE%AC#Chinese.,noun,mulberry leaf,蚕茧箬,,
wt:蠶繭箬樹:0,蠶繭箬樹,chèng-gēng-niŏh chéu,,,,Imported from Wiktionary (CC BY-SA 4.0): https://en.wiktionary.org/wiki/%E8%A0%B6%E7%B9%AD%E7%AE%AC%E6%A8%B9#Chinese.,noun,mulberry tree,蚕茧箬树,,
wt:蠶繭屎:0,蠶繭屎,chèng-gēng-sāi,,,,Imported from Wiktionary (CC BY-SA 4.0): https://en.wiktionary.org/wiki/%E8%A0%B6%E7%B9%AD%E5%B1%8E#Chinese.,noun,silkworm excrement,蚕茧屎,,
wt:蠶繭絲:0,蠶繭絲,chèng-gēng-sĭ,,,,Imported from Wiktionary (CC BY-SA 4.0): https://en.wiktionary.org/wiki/%E8%A0%B6%E7%B9%AD%E7%B5%B2#Chinese.,noun,natural silk,蚕茧丝,,
wt:蠶繭卵:0,蠶繭卵,chèng-gēng-lâung,,,,Imported from Wiktionary (CC BY-SA 4.0): https://en.wiktionary.org/wiki/%E8%A0%B6%E7%B9%AD%E5%8D%B5#Chinese.,noun,silkworm egg,蚕茧卵,,
wt:街道:0,街道,gă̤-dô̤,,,,Imported from Wiktionary (CC BY-SA 4.0): https://en.wiktionary.org/wiki/%E8%A1%97%E9%81%93#Chinese. Mandarin: jiēdào.,noun,street; road (classifier: 條),,,
wt:街道:0,街道,gă̤-dô̤,,,,,noun,subdistrict; residential district (classifier: 個),,,
wt:行星:0,行星,giàng-sĭng,,,,Imported from Wiktionary (CC BY-SA 4.0): https://en.wiktionary.org/wiki/%E8%A1%8C%E6%98%9F#Chinese. Mandarin: xíngxīng.,noun,(astronomy) planet,,,
wt:衛星:0,衛星,ôi-sĭng,,,,"Imported from Wiktionary (CC BY-SA 4.0): https://en.wiktionary.org/wiki/%E8%A1%9B%E6%98%9F#Chinese. Mandarin: wèixīng,er=y.",noun,(astronomy) satellite; moon,卫星,,
wt:衛星:0,衛星,ôi-sĭng,,,,,noun,man-made satellite,卫星,,
wt:衛星:0,衛星,ôi-sĭng,,,,,noun,"(by extension) hyperbolic, often extremely unrealistic claims or goals",卫星,,
wt:衛星:0,衛星,ôi-sĭng,,,,,noun,(grammar) satellite,卫星,,
wt:行動:0,行動,hèng-dông,,,,Imported from Wiktionary (CC BY-SA 4.0): https://en.wiktionary.org/wiki/%E8%A1%8C%E5%8B%95#Chinese. Mandarin: xíngdòng.,verb,to act; to take action,行动,,
wt:行動:0,行動,hèng-dông,,,,,noun,action; act,行动,,
wt:行動:0,行動,hèng-dông,,,,,noun,movement,行动,,
wt:行動:0,行動,hèng-dông,,,,,noun,operation; campaign,行动,,
wt:行動:0,行動,hèng-dông,,,,,adjective,mobile; portable,行动,,
wt:行動:0,行動,hèng-dông,,,,,adverb,"(obsolete, usually of something undesirable) often; frequently; happening easily",行动,,
wt:行動:0,行動,hèng-dông,,,,,verb,to move about; to get about; to be mobile,行动,,
wt:衛生:0,衛生,uôi-sĕng,,,,Imported from Wiktionary (CC BY-SA 4.0): https://en.wiktionary.org/wiki/%E8%A1%9B%E7%94%9F#Chinese. Mandarin: wèishēng.,noun,hygiene; sanitation; health,卫生,,
wt:衛生:0,衛生,uôi-sĕng,,,,,noun,healthcare,卫生,,
wt:衛生:0,衛生,uôi-sĕng,,,,,noun,cleaning,卫生,,
wt:衛生:0,衛生,uôi-sĕng,,,,,adjective,hygienic,卫生,,
wt:衛生:0,衛生,uôi-sĕng,,,,,verb,(Classical) to care for life,卫生,,
wt:行李:0,行李,hèng-lī,,,,"Imported from Wiktionary (CC BY-SA 4.0): https://en.wiktionary.org/wiki/%E8%A1%8C%E6%9D%8E#Chinese. Mandarin: xínglǐ,tl=y.",noun,belongings one carries for travelling; luggage; baggage,,,
wt:行李:0,行李,hèng-lī,,,,,noun,(Classical) herald; messenger,,,
wt:衝突:0,衝突,chṳ̆ng-dŏk,,,,Imported from Wiktionary (CC BY-SA 4.0): https://en.wiktionary.org/wiki/%E8%A1%9D%E7%AA%81#Chinese. Mandarin: chōng突.,verb,"(literally, figuratively) to clash; to conflict; to collide",冲突,,
wt:行為:0,行為,hèng-òi,,,,Imported from Wiktionary (CC BY-SA 4.0): https://en.wiktionary.org/wiki/%E8%A1%8C%E7%82%BA#Chinese. Mandarin: xíngwéi.,noun,"(countable, uncountable) behavior; comportment; conduct",行为,,
wt:行為:0,行為,hèng-òi,,,,,noun,"(countable, uncountable) action; activity; act",行为,,
wt:行政:0,行政,hèng-céng,,,,Imported from Wiktionary (CC BY-SA 4.0): https://en.wiktionary.org/wiki/%E8%A1%8C%E6%94%BF#Chinese. Mandarin: xíngzhèng.,noun,administration; administration of government,,,
wt:行政:0,行政,hèng-céng,,,,,noun,executive branch of government,,,
wt:行政:0,行政,hèng-céng,,,,,adjective,(attributive) administrative,,,
wt:行政:0,行政,hèng-céng,,,,,adjective,(attributive) executive,,,
wt:行政:0,行政,hèng-céng,,,,,verb,to execute power; to administer of a nation-state,,,
wt:衙門:0,衙門,ngà-muòng,,,,"Imported from Wiktionary (CC BY-SA 4.0): https://en.wiktionary.org/wiki/%E8%A1%99%E9%96%80#Chinese. Mandarin: yámen,yámén,1nb=standard in Mainland,2nb=standard in Taiwan.",noun,(historical) yamen,衙门,,
wt:衙門:0,衙門,ngà-muòng,,,,,noun,(Dungan) office; bureau,衙门,,
wt:行房:0,行房,giàng-bùng,,,,Imported from Wiktionary (CC BY-SA 4.0): https://en.wiktionary.org/wiki/%E8%A1%8C%E6%88%BF#Chinese. Mandarin: xíngfáng.,verb,"(euphemism, of a couple) to have sex; to make love",,,
wt:街扒:0,街扒,gă̤-bà,,,,Imported from Wiktionary (CC BY-SA 4.0): https://en.wiktionary.org/wiki/%E8%A1%97%E6%89%92#Chinese.,noun,pickpocket,,,
wt:行戶:0,行戶,òng-hô,,,,Imported from Wiktionary (CC BY-SA 4.0): https://en.wiktionary.org/wiki/%E8%A1%8C%E6%88%B6#Chinese.,noun,trading company; commercial firm,行户,,
wt:街中:0,街中,gă̤-dŏng,,,,Imported from Wiktionary (CC BY-SA 4.0): https://en.wiktionary.org/wiki/%E8%A1%97%E4%B8%AD#Chinese.,noun,on the street,,,
wt:衣服:0,衣服,ĭ-hŭk,,,,"Imported from Wiktionary (CC BY-SA 4.0): https://en.wiktionary.org/wiki/%E8%A1%A3%E6%9C%8D#Chinese. Mandarin: yīfu,yīfú,1nb=standard in Mainland,1nc=variant in Taiwan,2nb=standard in Taiwan,2nc=literary or regional variant in Mainland.",noun,clothing; clothes; laundry,,,
wt:衣服:0,衣服,ĭ-hŭk,,,,,noun,"(informal, proscribed) upper outer garment; jacket; coat",,,
wt:被告:0,被告,bê-gó̤,,,,"Imported from Wiktionary (CC BY-SA 4.0): https://en.wiktionary.org/wiki/%E8%A2%AB%E5%91%8A#Chinese. Mandarin: bèigào,er=y.",noun,(law) defendant; the accused; respondent,,,
wt:衣裳:0,衣裳,ĭ-siòng,,,,Imported from Wiktionary (CC BY-SA 4.0): https://en.wiktionary.org/wiki/%E8%A1%A3%E8%A3%B3#Chinese. Mandarin: yīshang.,noun,clothes; clothing,,,
wt:衣食:0,衣食,ĭ-sĭk,,,,Imported from Wiktionary (CC BY-SA 4.0): https://en.wiktionary.org/wiki/%E8%A1%A3%E9%A3%9F#Chinese. Mandarin: yīshí.,noun,(literally) food and clothing,,,
wt:衣食:0,衣食,ĭ-sĭk,,,,,noun,(by extension) basic everyday necessities; means of subsistence,,,
wt:衣食:0,衣食,ĭ-sĭk,,,,,noun,omen; sign; harbinger,,,
wt:衣裳車:0,衣裳車,ĭ-siòng-chiă,,,,Imported from Wiktionary (CC BY-SA 4.0): https://en.wiktionary.org/wiki/%E8%A1%A3%E8%A3%B3%E8%BB%8A#Chinese.,noun,sewing machine,衣裳车,,
wt:衣線:0,衣線,ĭ-siáng,,,,Imported from Wiktionary (CC BY-SA 4.0): https://en.wiktionary.org/wiki/%E8%A1%A3%E7%B7%9A#Chinese.,noun,thread for sewing clothes,衣线,,
wt:衣裳囝:0,衣裳囝,ĭ-luòng-giāng,,,,Imported from Wiktionary (CC BY-SA 4.0): https://en.wiktionary.org/wiki/%E8%A1%A3%E8%A3%B3%E5%9B%9D#Chinese.,noun,baby clothes,,,
wt:複習:0,複習,hók-sĭk,,,,Imported from Wiktionary (CC BY-SA 4.0): https://en.wiktionary.org/wiki/%E8%A4%87%E7%BF%92#Chinese. Mandarin: fùxí.,verb,"to review; to revise information acquired, class notes, etc.",复习,,
wt:被害人:0,被害人,bê-hâi-ìng,,,,Imported from Wiktionary (CC BY-SA 4.0): https://en.wiktionary.org/wiki/%E8%A2%AB%E5%AE%B3%E4%BA%BA#Chinese. Mandarin: bèihàirén.,noun,"(law, countable) the injured party; victim",,,
wt:袈裟:0,袈裟,gă-să,,,,Imported from Wiktionary (CC BY-SA 4.0): https://en.wiktionary.org/wiki/%E8%A2%88%E8%A3%9F#Chinese. Mandarin: jiāshā.,noun,(Buddhism) kasaya the robes of fully ordained Buddhist monks and nuns,,,
wt:裡勢:0,裡勢,diē-sié,,,,Imported from Wiktionary (CC BY-SA 4.0): https://en.wiktionary.org/wiki/%E8%A3%A1%E5%8B%A2#Chinese.,noun,(Bendihua) inside,里势,,
wt:裁縫尺:0,裁縫尺,còi-pùng-chióh,,,,Imported from Wiktionary (CC BY-SA 4.0): https://en.wiktionary.org/wiki/%E8%A3%81%E7%B8%AB%E5%B0%BA#Chinese. Mandarin: cáiféngchǐ.,noun,ruler for tailoring,裁缝尺,,
wt:襤褸:0,襤褸,làng-lṳ̄,,,,Imported from Wiktionary (CC BY-SA 4.0): https://en.wiktionary.org/wiki/%E8%A5%A4%E8%A4%B8#Chinese. Mandarin: lánlǚ. Other readings: lāng-lô.,adjective,(of clothes) tattered; ragged; shabby,褴褛,,
wt:襤褸:0,襤褸,làng-lṳ̄,,,,,noun,(Classical) tattered clothes; ragged clothes; rag,褴褛,,
wt:褪毛:0,褪毛,táung-mò̤,,,,Imported from Wiktionary (CC BY-SA 4.0): https://en.wiktionary.org/wiki/%E8%A4%AA%E6%AF%9B#Chinese. Mandarin: tuìmáo.,verb,to lose hair or feathers,,,
wt:褻瀆:0,褻瀆,siék-dŭk,,,,Imported from Wiktionary (CC BY-SA 4.0): https://en.wiktionary.org/wiki/%E8%A4%BB%E7%80%86#Chinese. Mandarin: xièdú.,verb,to blaspheme; to profane; to desecrate,亵渎,,
wt:褪孝:0,褪孝,táung-há,,,,Imported from Wiktionary (CC BY-SA 4.0): https://en.wiktionary.org/wiki/%E8%A4%AA%E5%AD%9D#Chinese.,verb,to take off mourning clothes at the end of the mourning period,,,
wt:褪殼:0,褪殼,táung-káe̤k,,,,Imported from Wiktionary (CC BY-SA 4.0): https://en.wiktionary.org/wiki/%E8%A4%AA%E6%AE%BC#Chinese.,verb,to shed skin; to cast off an old skin or shell,褪壳,,
wt:褲頭:0,褲頭,kó-tàu,,,,"Imported from Wiktionary (CC BY-SA 4.0): https://en.wiktionary.org/wiki/%E8%A4%B2%E9%A0%AD#Chinese. Mandarin: kùtóu,er=y.",noun,underpants; undershorts,裤头,,
wt:褪鞋:0,褪鞋,táung-à̤,,,,Imported from Wiktionary (CC BY-SA 4.0): https://en.wiktionary.org/wiki/%E8%A4%AA%E9%9E%8B#Chinese.,verb,"to take off one's, or someone else's shoes",,,
wt:褲跤:0,褲跤,kó-kă,,,,Imported from Wiktionary (CC BY-SA 4.0): https://en.wiktionary.org/wiki/%E8%A4%B2%E8%B7%A4#Chinese.,noun,pant leg; trouser leg either of the legs of a pair of trousers,裤跤,,
wt:褲跤:0,褲跤,kó-kă,,,,,noun,"the lower parts of trousers' legs, near the feet",裤跤,,
wt:褪跣跤:0,褪跣跤,táung-siēng-kă,,,,Imported from Wiktionary (CC BY-SA 4.0): https://en.wiktionary.org/wiki/%E8%A4%AA%E8%B7%A3%E8%B7%A4#Chinese.,verb,to be barefoot,,,
wt:褪骨:0,褪骨,táung-gáuk,,,,Imported from Wiktionary (CC BY-SA 4.0): https://en.wiktionary.org/wiki/%E8%A4%AA%E9%AA%A8#Chinese.,verb,to dislocate a joint,,,
wt:褪輪:0,褪輪,táung-lùng,,,,Imported from Wiktionary (CC BY-SA 4.0): https://en.wiktionary.org/wiki/%E8%A4%AA%E8%BC%AA#Chinese.,verb,to dislocate a joint,褪轮,,
wt:褪環:0,褪環,táung-kuàng,,,,Imported from Wiktionary (CC BY-SA 4.0): https://en.wiktionary.org/wiki/%E8%A4%AA%E7%92%B0#Chinese.,verb,be done for; be finished or destroyed; gone for the dogs; curtains for someone,褪环,,
wt:褻語:0,褻語,siék-ngṳ̄,,,,Imported from Wiktionary (CC BY-SA 4.0): https://en.wiktionary.org/wiki/%E8%A4%BB%E8%AA%9E#Chinese. Mandarin: xièyǔ.,noun,"profane or obscene language; vulgar, disrespectful or indecent words",亵语,,
wt:西瓜:0,西瓜,să̤-guă,,,,"Imported from Wiktionary (CC BY-SA 4.0): https://en.wiktionary.org/wiki/%E8%A5%BF%E7%93%9C#Chinese. Mandarin: xīguā,tl=y.",noun,watermelon,,,
wt:要緊:0,要緊,iéu-gīng,,,,Imported from Wiktionary (CC BY-SA 4.0): https://en.wiktionary.org/wiki/%E8%A6%81%E7%B7%8A#Chinese. Mandarin: yàojǐn.,adjective,important; pressing; urgent,要紧,,
wt:要緊:0,要緊,iéu-gīng,,,,,adjective,critical; serious,要紧,,
wt:要緊:0,要緊,iéu-gīng,,,,,adverb,in a hurry to; anxious to,要紧,,
wt:西裝:0,西裝,să̤-cŏng,,,,Imported from Wiktionary (CC BY-SA 4.0): https://en.wiktionary.org/wiki/%E8%A5%BF%E8%A3%9D#Chinese. Mandarin: xīzhuāng.,noun,Western-style clothing especially referring to a formal or business suit,西装,,
wt:西班牙語:0,西班牙語,Să̤-băng-ngà-ngṳ̄,,,,Imported from Wiktionary (CC BY-SA 4.0): https://en.wiktionary.org/wiki/%E8%A5%BF%E7%8F%AD%E7%89%99%E8%AA%9E#Chinese. Mandarin: Xībānyáyǔ.,noun,the Spanish language,西班牙语,,
wt:見面禮:0,見面禮,giéng-méng-lā̤,,,,Imported from Wiktionary (CC BY-SA 4.0): https://en.wiktionary.org/wiki/%E8%A6%8B%E9%9D%A2%E7%A6%AE#Chinese. Mandarin: jiànmiànlǐ.,noun,present given upon first meeting,见面礼,,
wt:西國:0,西國,să̤-guók,,,,Imported from Wiktionary (CC BY-SA 4.0): https://en.wiktionary.org/wiki/%E8%A5%BF%E5%9C%8B#Chinese. Mandarin: xīguó.,noun,(historical) feudal lords of western states,西国,,
wt:西照:0,西照,să̤-ciú,,,,Imported from Wiktionary (CC BY-SA 4.0): https://en.wiktionary.org/wiki/%E8%A5%BF%E7%85%A7#Chinese.,verb,(of a room) to have a western exposure to the sun and be hot in summer,,,
wt:親戚:0,親戚,chĭng-chék,,,,"Imported from Wiktionary (CC BY-SA 4.0): https://en.wiktionary.org/wiki/%E8%A6%AA%E6%88%9A#Chinese. Mandarin: qīnqī,qīnqin,tl=y,2n=Beijing dialect.",noun,relative; family relation,亲戚,,
wt:親戚:0,親戚,chĭng-chék,,,,,noun,"(classical) immediate family one's mother, father and siblings",亲戚,,
wt:解放:0,解放,gāi-huóng,,,,Imported from Wiktionary (CC BY-SA 4.0): https://en.wiktionary.org/wiki/%E8%A7%A3%E6%94%BE#Chinese. Mandarin: jiěfàng.,verb,(ergative) to liberate; to emancipate; to free,,,
wt:觀念:0,觀念,guăng-niêng,,,,Imported from Wiktionary (CC BY-SA 4.0): https://en.wiktionary.org/wiki/%E8%A7%80%E5%BF%B5#Chinese. Mandarin: guānniàn.,noun,notion; mindset; thought; concept; sense,观念,,
wt:觀念:0,觀念,guăng-niêng,,,,,noun,ideology; views; general impressions,观念,,
wt:觀念:0,觀念,guăng-niêng,,,,,verb,(Buddhism) to observe and contemplate one's thoughts,观念,,
wt:親母:0,親母,chĭng-mū,,,,Imported from Wiktionary (CC BY-SA 4.0): https://en.wiktionary.org/wiki/%E8%A6%AA%E6%AF%8D#Chinese. Mandarin: qīnmǔ.,noun,biological mother,亲母,,
wt:親母:0,親母,chĭng-mū,,,,,noun,co-mother-in-law,亲母,,
wt:解放軍:0,解放軍,gāi-huóng-gŭng,,,,Imported from Wiktionary (CC BY-SA 4.0): https://en.wiktionary.org/wiki/%E8%A7%A3%E6%94%BE%E8%BB%8D#Chinese. Mandarin: jiěfàngjūn.,noun,(non-idiomatic) army mobilised for the purpose of liberating a political entity,解放军,,
wt:解放軍:0,解放軍,gāi-huóng-gŭng,,,,,noun,member of such an army,解放军,,
wt:親家公:0,親家公,chĭng-gă-gŭng,,,,Imported from Wiktionary (CC BY-SA 4.0): https://en.wiktionary.org/wiki/%E8%A6%AA%E5%AE%B6%E5%85%AC#Chinese. Mandarin: qìngjiagōng.,noun,co-father-in-law,亲家公,,
wt:親家母:0,親家母,chĭng-gă-mū,,,,Imported from Wiktionary (CC BY-SA 4.0): https://en.wiktionary.org/wiki/%E8%A6%AA%E5%AE%B6%E6%AF%8D#Chinese. Mandarin: qìngjiamǔ.,noun,co-mother-in-law,亲家母,,
wt:親事:0,親事,chĭng-sê̤ṳ,,,,Imported from Wiktionary (CC BY-SA 4.0): https://en.wiktionary.org/wiki/%E8%A6%AA%E4%BA%8B#Chinese. Mandarin: qīnshì.,noun,"marriage; matrimony (classifier: 門, 樁)",亲事,,
wt:親事:0,親事,chĭng-sê̤ṳ,,,,,noun,"wedding (classifier: 門, 樁)",亲事,,
wt:角黍:0,角黍,gáe̤k-sé̤ṳ,,,,"Imported from Wiktionary (CC BY-SA 4.0): https://en.wiktionary.org/wiki/%E8%A7%92%E9%BB%8D#Chinese. Mandarin: jiǎoshǔ,juéshǔ,2nb=literary variant.",noun,"zongzi sticky rice dumpling, originally made with glutinous millet instead of glutinous rice",,,
wt:角角:0,角角,gáe̤k-gáe̤k,,,,Imported from Wiktionary (CC BY-SA 4.0): https://en.wiktionary.org/wiki/%E8%A7%92%E8%A7%92#Chinese.,noun,horn,,,
wt:角角:0,角角,gáe̤k-gáe̤k,,,,,noun,corner,,,
wt:親家叔:0,親家叔,chĭng-gă-cé̤ṳk,,,,Imported from Wiktionary (CC BY-SA 4.0): https://en.wiktionary.org/wiki/%E8%A6%AA%E5%AE%B6%E5%8F%94#Chinese.,noun,son-in-law's younger brother,亲家叔,,
wt:親家舅:0,親家舅,chĭng-gă-giêu,,,,Imported from Wiktionary (CC BY-SA 4.0): https://en.wiktionary.org/wiki/%E8%A6%AA%E5%AE%B6%E8%88%85#Chinese.,noun,daughter-in-law's brother,亲家舅,,
wt:親家舅:0,親家舅,chĭng-gă-giêu,,,,,noun,brother-in-law wife's brother,亲家舅,,
wt:親家姑:0,親家姑,chĭng-gă-gŭ,,,,Imported from Wiktionary (CC BY-SA 4.0): https://en.wiktionary.org/wiki/%E8%A6%AA%E5%AE%B6%E5%A7%91#Chinese.,noun,son-in-law's sister,亲家姑,,
wt:親家伯:0,親家伯,chĭng-gă-bák,,,,Imported from Wiktionary (CC BY-SA 4.0): https://en.wiktionary.org/wiki/%E8%A6%AA%E5%AE%B6%E4%BC%AF#Chinese.,noun,child-in-law's elder brother,亲家伯,,
wt:親家姨:0,親家姨,chĭng-gă-ì,,,,Imported from Wiktionary (CC BY-SA 4.0): https://en.wiktionary.org/wiki/%E8%A6%AA%E5%AE%B6%E5%A7%A8#Chinese.,noun,daughter-in-law's sister,亲家姨,,
wt:計算機:0,計算機,gié-sáung-gĭ,,,,Imported from Wiktionary (CC BY-SA 4.0): https://en.wiktionary.org/wiki/%E8%A8%88%E7%AE%97%E6%A9%9F#Chinese. Mandarin: jìsuànjī.,noun,computer electronic device,计算机,,
wt:計策:0,計策,gié-cháik,,,,Imported from Wiktionary (CC BY-SA 4.0): https://en.wiktionary.org/wiki/%E8%A8%88%E7%AD%96#Chinese. Mandarin: jìcè.,noun,plan; stratagem,计策,,
wt:解釋:0,解釋,gāi-sék,,,,Imported from Wiktionary (CC BY-SA 4.0): https://en.wiktionary.org/wiki/%E8%A7%A3%E9%87%8B#Chinese. Mandarin: jiěshì.,verb,to explain; to elucidate,解释,,
wt:解釋:0,解釋,gāi-sék,,,,,verb,to analyse; to interpret; to expound,解释,,
wt:解釋:0,解釋,gāi-sék,,,,,verb,(literal) to remove; to clear; to eliminate; to dispel,解释,,
wt:解釋:0,解釋,gāi-sék,,,,,noun,explanation,解释,,
wt:解釋:0,解釋,gāi-sék,,,,,noun,analysis; interpretation,解释,,
wt:訂婚:0,訂婚,déng-huŏng,,,,Imported from Wiktionary (CC BY-SA 4.0): https://en.wiktionary.org/wiki/%E8%A8%82%E5%A9%9A#Chinese. Mandarin: dìnghūn.,verb,to get engaged; to be betrothed,订婚,,
wt:解毒藥:0,解毒藥,gāi-dŭk-iŏh,,,,Imported from Wiktionary (CC BY-SA 4.0): https://en.wiktionary.org/wiki/%E8%A7%A3%E6%AF%92%E8%97%A5#Chinese. Mandarin: jiědúyào.,noun,antidote,解毒药,,
wt:討論:0,討論,tō̤-lâung,,,,Imported from Wiktionary (CC BY-SA 4.0): https://en.wiktionary.org/wiki/%E8%A8%8E%E8%AB%96#Chinese. Mandarin: tǎolùn.,verb,to discuss; to talk over,讨论,,
wt:討論:0,討論,tō̤-lâung,,,,,verb,(of texts) to edit critically; to examine and rectify a text,讨论,,
wt:討論:0,討論,tō̤-lâung,,,,,verb,to study; to investigate; to research,讨论,,
wt:討厭:0,討厭,tō̤-iéng,,,,Imported from Wiktionary (CC BY-SA 4.0): https://en.wiktionary.org/wiki/%E8%A8%8E%E5%8E%AD#Chinese. Mandarin: tǎoyàn.,adjective,annoying; troublesome; repulsive; disagreeable; uncouth,讨厌,,
wt:討厭:0,討厭,tō̤-iéng,,,,,adjective,"(women's speech, informal) Expresses petulance, frustration or annoyance.",讨厌,,
wt:討厭:0,討厭,tō̤-iéng,,,,,verb,to dislike; to loathe; to hate; to despise,讨厌,,
wt:記錄:0,記錄,gé-liŏh,,,,Imported from Wiktionary (CC BY-SA 4.0): https://en.wiktionary.org/wiki/%E8%A8%98%E9%8C%84#Chinese. Mandarin: jìlù.,verb,to record; to take down; to take notes; to keep minutes; to document,记录,,
wt:記錄:0,記錄,gé-liŏh,,,,,noun,written records; notes; minutes of a meeting; documentation,记录,,
wt:記錄:0,記錄,gé-liŏh,,,,,noun,recordkeeper,记录,,
wt:記錄:0,記錄,gé-liŏh,,,,,noun,alternative form of 紀錄 (record the most extreme known value of some achievement),记录,,
wt:記錄:0,記錄,gé-liŏh,,,,,noun,alternative form of 紀錄 (documentation; record (of newsworthy material)),记录,,
wt:討價:0,討價,tō̤-gá,,,,Imported from Wiktionary (CC BY-SA 4.0): https://en.wiktionary.org/wiki/%E8%A8%8E%E5%83%B9#Chinese. Mandarin: tǎojià.,verb,to bargain; to haggle,讨价,,
wt:記賬:0,記賬,gí-duóng,,,,Imported from Wiktionary (CC BY-SA 4.0): https://en.wiktionary.org/wiki/%E8%A8%98%E8%B3%AC#Chinese. Mandarin: jìzhàng.,verb,to keep accounts; to record transactions; to do bookkeeping,记账,,
wt:記賬:0,記賬,gí-duóng,,,,,verb,to charge to an account,记账,,
wt:討債:0,討債,tō̤-cái,,,,Imported from Wiktionary (CC BY-SA 4.0): https://en.wiktionary.org/wiki/%E8%A8%8E%E5%82%B5#Chinese. Mandarin: tǎozhài.,verb,to demand the payment of one's debt; to demand repayment,讨债,,
wt:討食:0,討食,tō̤-siĕh,,,,Imported from Wiktionary (CC BY-SA 4.0): https://en.wiktionary.org/wiki/%E8%A8%8E%E9%A3%9F#Chinese.,verb,to beg for food,讨食,,
wt:討海:0,討海,tō̤-hāi,,,,Imported from Wiktionary (CC BY-SA 4.0): https://en.wiktionary.org/wiki/%E8%A8%8E%E6%B5%B7#Chinese. Mandarin: tǎohǎi.,verb,to make one's living from the sea,讨海,,
wt:討海:0,討海,tō̤-hāi,,,,,verb,to catch fish; to fish,讨海,,
wt:討錢:0,討錢,tō̤-cièng,,,,Imported from Wiktionary (CC BY-SA 4.0): https://en.wiktionary.org/wiki/%E8%A8%8E%E9%8C%A2#Chinese. Mandarin: tǎoqián.,verb,to demand the payment of one's debt,讨钱,,
wt:討死:0,討死,tō̤-sī,,,,Imported from Wiktionary (CC BY-SA 4.0): https://en.wiktionary.org/wiki/%E8%A8%8E%E6%AD%BB#Chinese. Mandarin: tǎosǐ.,verb,to court death,讨死,,
wt:討死:0,討死,tō̤-sī,,,,,verb,to commit suicide; to kill oneself; to take one's own life,讨死,,
wt:討死:0,討死,tō̤-sī,,,,,verb,to ask for trouble; to embarrass oneself,讨死,,
wt:記數:0,記數,gí-só,,,,Imported from Wiktionary (CC BY-SA 4.0): https://en.wiktionary.org/wiki/%E8%A8%98%E6%95%B8#Chinese.,verb,to record a transaction; to keep the books,记数,,
wt:記時:0,記時,gé-sì,,,,Imported from Wiktionary (CC BY-SA 4.0): https://en.wiktionary.org/wiki/%E8%A8%98%E6%99%82#Chinese.,noun,ability to remember; memory as opposed to what is remembered,记时,,
wt:討親:0,討親,tō̤-chĭng,,,,Imported from Wiktionary (CC BY-SA 4.0): https://en.wiktionary.org/wiki/%E8%A8%8E%E8%A6%AA#Chinese.,verb,to take a wife,讨亲,,
wt:討數:0,討數,tō̤-só,,,,Imported from Wiktionary (CC BY-SA 4.0): https://en.wiktionary.org/wiki/%E8%A8%8E%E6%95%B8#Chinese.,verb,to demand the payment of one's debt; to demand repayment,讨数,,
wt:討報仇:0,討報仇,tō̤-bó̤-siù,,,,Imported from Wiktionary (CC BY-SA 4.0): https://en.wiktionary.org/wiki/%E8%A8%8E%E5%A0%B1%E4%BB%87#Chinese.,verb,to retaliate; to take revenge,讨报仇,,
wt:討魚:0,討魚,tō̤-ngṳ̀,,,,Imported from Wiktionary (CC BY-SA 4.0): https://en.wiktionary.org/wiki/%E8%A8%8E%E9%AD%9A#Chinese.,verb,to fish; to catch fish,讨鱼,,
wt:許願:0,許願,hṳ̄-nguông,,,,Imported from Wiktionary (CC BY-SA 4.0): https://en.wiktionary.org/wiki/%E8%A8%B1%E9%A1%98#Chinese. Mandarin: xǔyuàn.,verb,to make a vow to the gods,许愿,,
wt:許願:0,許願,hṳ̄-nguông,,,,,verb,to promise someone a reward,许愿,,
wt:設計:0,設計,siék-gié,,,,"Imported from Wiktionary (CC BY-SA 4.0): https://en.wiktionary.org/wiki/%E8%A8%AD%E8%A8%88#Chinese. Mandarin: shèjì,tl=y.",verb,to design; to plan,设计,,
wt:設計:0,設計,siék-gié,,,,,verb,to conceive schemes; to plot against someone,设计,,
wt:設計:0,設計,siék-gié,,,,,noun,design; plan,设计,,
wt:許塊:0,許塊,hī-dó̤i,,,,Imported from Wiktionary (CC BY-SA 4.0): https://en.wiktionary.org/wiki/%E8%A8%B1%E5%A1%8A#Chinese.,pronoun,there,许块,,
wt:許隻:0,許隻,hī-ciáh,,,,Imported from Wiktionary (CC BY-SA 4.0): https://en.wiktionary.org/wiki/%E8%A8%B1%E9%9A%BB#Chinese. Pronounced ciéh.,pronoun,that; that one,许只,,
wt:許𣆯:0,許𣆯,hī-òng,,,,Imported from Wiktionary (CC BY-SA 4.0): https://en.wiktionary.org/wiki/%E8%A8%B1%F0%A3%86%AF#Chinese.,pronoun,at that time; in those days; back then,许𣆯,,
wt:詞典:0,詞典,sṳ̀-diēng,,,,Imported from Wiktionary (CC BY-SA 4.0): https://en.wiktionary.org/wiki/%E8%A9%9E%E5%85%B8#Chinese. Mandarin: cídiǎn.,noun,"dictionary (classifier: 本, 部)",词典,,
wt:訴訟:0,訴訟,só-sê̤ṳng,,,,Imported from Wiktionary (CC BY-SA 4.0): https://en.wiktionary.org/wiki/%E8%A8%B4%E8%A8%9F#Chinese. Mandarin: sùsòng.,verb,to file a lawsuit; to litigate; to sue,诉讼,,
wt:註音:0,註音,ció-ĭng,,,,Imported from Wiktionary (CC BY-SA 4.0): https://en.wiktionary.org/wiki/%E8%A8%BB%E9%9F%B3#Chinese. Mandarin: zhùyīn.,noun,"phonetic notation, phonetic symbols",注音,,
wt:註音:0,註音,ció-ĭng,,,,,noun,short for 注音符號,注音,,
wt:註音:0,註音,ció-ĭng,,,,,verb,to give the phonetic notation of a word or phrase,注音,,
wt:評話:0,評話,bìng-uâ,,,,Imported from Wiktionary (CC BY-SA 4.0): https://en.wiktionary.org/wiki/%E8%A9%95%E8%A9%B1#Chinese. Mandarin: pínghuà.,noun,pinghua (Chinese popular stories originated in the Tang and Song dynasties),评话,,
wt:詈罵:0,詈罵,lié-má,,,,Imported from Wiktionary (CC BY-SA 4.0): https://en.wiktionary.org/wiki/%E8%A9%88%E7%BD%B5#Chinese. Mandarin: lìmà.,verb,to scold; to shout curses; to hurl abuses,詈骂,,
wt:詛喙:0,詛喙,có-chói,,,,Imported from Wiktionary (CC BY-SA 4.0): https://en.wiktionary.org/wiki/%E8%A9%9B%E5%96%99#Chinese.,verb,"to swear (oath), to vow",诅喙,,
wt:詐騙:0,詐騙,cá-piéng,,,,Imported from Wiktionary (CC BY-SA 4.0): https://en.wiktionary.org/wiki/%E8%A9%90%E9%A8%99#Chinese. Mandarin: zhàpiàn.,verb,to scam; to defraud; to con; to swindle,诈骗,,
wt:詩句:0,詩句,sĭ-guó,,,,Imported from Wiktionary (CC BY-SA 4.0): https://en.wiktionary.org/wiki/%E8%A9%A9%E5%8F%A5#Chinese. Mandarin: shījù.,noun,(poetry) verse; line of a poem,诗句,,
wt:誇喙:0,誇喙,kuă-chói,,,,Imported from Wiktionary (CC BY-SA 4.0): https://en.wiktionary.org/wiki/%E8%AA%87%E5%96%99#Chinese.,verb,to brag; to boast; to talk big,夸喙,,
wt:誠懇:0,誠懇,sìng-kōng,,,,Imported from Wiktionary (CC BY-SA 4.0): https://en.wiktionary.org/wiki/%E8%AA%A0%E6%87%87#Chinese. Mandarin: chéngkěn.,adjective,honest; sincere,诚恳,,
wt:誠實:0,誠實,sìng-sĭk,,,,Imported from Wiktionary (CC BY-SA 4.0): https://en.wiktionary.org/wiki/%E8%AA%A0%E5%AF%A6#Chinese. Mandarin: chéngshí.,adjective,honest; genuine,诚实,,
wt:試驗:0,試驗,ché-ngiêng,,,,Imported from Wiktionary (CC BY-SA 4.0): https://en.wiktionary.org/wiki/%E8%A9%A6%E9%A9%97#Chinese. Mandarin: shìyàn.,verb,to conduct an experiment; to run a trial,试验,,
wt:試驗:0,試驗,ché-ngiêng,,,,,verb,(dated) to test; to examine,试验,,
wt:試驗:0,試驗,ché-ngiêng,,,,,noun,experiment; trial; test,试验,,
wt:試驗:0,試驗,ché-ngiêng,,,,,noun,(dated) test (of a person's proficiency or knowledge); examination; exam,试验,,
wt:該死:0,該死,găi-sī,,,,Imported from Wiktionary (CC BY-SA 4.0): https://en.wiktionary.org/wiki/%E8%A9%B2%E6%AD%BB#Chinese. Mandarin: gāisǐ.,verb,to deserve death or some adverse outcome; to be damned,该死,,
wt:該死:0,該死,găi-sī,,,,,adjective,damn; wretched; stupid,该死,,
wt:該死:0,該死,găi-sī,,,,,particle,damn (it)!,该死,,
wt:話語:0,話語,uâ-ngṳ̄,,,,Imported from Wiktionary (CC BY-SA 4.0): https://en.wiktionary.org/wiki/%E8%A9%B1%E8%AA%9E#Chinese. Mandarin: huàyǔ.,noun,utterance; spoken words; speech; discourse,话语,,
wt:話語:0,話語,uâ-ngṳ̄,,,,,noun,"(linguistics, translation studies) discourse",话语,,
wt:詩篇:0,詩篇,sĭ-piĕng,,,,Imported from Wiktionary (CC BY-SA 4.0): https://en.wiktionary.org/wiki/%E8%A9%A9%E7%AF%87#Chinese. Mandarin: shīpiān.,noun,(literal) poetry,诗篇,,
wt:詩篇:0,詩篇,sĭ-piĕng,,,,,noun,(figurative) inspirational piece of writing; epic,诗篇,,
wt:該當:0,該當,găi-dŏng,,,,Imported from Wiktionary (CC BY-SA 4.0): https://en.wiktionary.org/wiki/%E8%A9%B2%E7%95%B6#Chinese. Mandarin: gāidāng.,verb,should; ought to,该当,,
wt:該當:0,該當,găi-dŏng,,,,,verb,(obsolete) to deserve,该当,,
wt:試鼎:0,試鼎,ché-diāng,,,,Imported from Wiktionary (CC BY-SA 4.0): https://en.wiktionary.org/wiki/%E8%A9%A6%E9%BC%8E#Chinese. Mandarin: shìdǐng.,noun,the groom's family inviting friends over for a meal after marriage to show that the new bride is capable of cooking,试鼎,,
wt:詩學:0,詩學,sĭ-hŏk,,,,Imported from Wiktionary (CC BY-SA 4.0): https://en.wiktionary.org/wiki/%E8%A9%A9%E5%AD%B8#Chinese. Mandarin: shīxué.,noun,poetics,诗学,,
wt:該載:0,該載,găi-cái,,,,Imported from Wiktionary (CC BY-SA 4.0): https://en.wiktionary.org/wiki/%E8%A9%B2%E8%BC%89#Chinese.,adverb,undoubtedly; certainly,该载,,
wt:話頭:0,話頭,uâ-tàu,,,,"Imported from Wiktionary (CC BY-SA 4.0): https://en.wiktionary.org/wiki/%E8%A9%B1%E9%A0%AD#Chinese. Mandarin: huàtóu,er=y. Other readings: uâ-tàu.",noun,starting portion of one's speech,话头,,
wt:話頭:0,話頭,uâ-tàu,,,,,noun,thread of discourse; subject under discussion,话头,,
wt:話頭:0,話頭,uâ-tàu,,,,,noun,"subject for others to gossip about, ridicule, etc.",话头,,
wt:語言:0,語言,ngṳ̄-ngiòng,,,,Imported from Wiktionary (CC BY-SA 4.0): https://en.wiktionary.org/wiki/%E8%AA%9E%E8%A8%80#Chinese. Mandarin: yǔyán.,noun,"(countable, uncountable) language",语言,,
wt:語言:0,語言,ngṳ̄-ngiòng,,,,,noun,speech; spoken language,语言,,
wt:語言:0,語言,ngṳ̄-ngiòng,,,,,noun,sound of a bird,语言,,
wt:語言:0,語言,ngṳ̄-ngiòng,,,,,noun,conversation,语言,,
wt:語言:0,語言,ngṳ̄-ngiòng,,,,,verb,to tell,语言,,
wt:語法:0,語法,ngṳ̄-huák,,,,Imported from Wiktionary (CC BY-SA 4.0): https://en.wiktionary.org/wiki/%E8%AA%9E%E6%B3%95#Chinese. Mandarin: yǔfǎ.,noun,grammar system of rules and principles for speaking and writing a language,语法,,
wt:語言學:0,語言學,ngṳ̄-ngiòng-hŏk,,,,Imported from Wiktionary (CC BY-SA 4.0): https://en.wiktionary.org/wiki/%E8%AA%9E%E8%A8%80%E5%AD%B8#Chinese. Mandarin: yǔyánxué.,noun,linguistics,语言学,,
wt:認識:0,認識,nêng-sék,,,,"Imported from Wiktionary (CC BY-SA 4.0): https://en.wiktionary.org/wiki/%E8%AA%8D%E8%AD%98#Chinese. Mandarin: rènshi,rènshì,1nb=standard in Mainland,1nc=variant in Taiwan,2nb=standard in Taiwan.",verb,to recognize (somebody or something),认识,,
wt:認識:0,認識,nêng-sék,,,,,verb,to know; to understand; to be familiar with,认识,,
wt:認識:0,認識,nêng-sék,,,,,verb,to be aware of; to appreciate,认识,,
wt:認識:0,認識,nêng-sék,,,,,noun,knowledge; understanding; cognition,认识,,
wt:誓約:0,誓約,siê-iók,,,,Imported from Wiktionary (CC BY-SA 4.0): https://en.wiktionary.org/wiki/%E8%AA%93%E7%B4%84#Chinese. Mandarin: shìyuē.,noun,oath; vow; pledge; promise,誓约,,
wt:誓約:0,誓約,siê-iók,,,,,verb,to make a vow; to take an oath,誓约,,
wt:語系:0,語系,ngṳ̄-hiê,,,,Imported from Wiktionary (CC BY-SA 4.0): https://en.wiktionary.org/wiki/%E8%AA%9E%E7%B3%BB#Chinese. Mandarin: yǔxì.,noun,(linguistics) language family,语系,,
wt:語族:0,語族,ngṳ̄-cŭk,,,,Imported from Wiktionary (CC BY-SA 4.0): https://en.wiktionary.org/wiki/%E8%AA%9E%E6%97%8F#Chinese. Mandarin: yǔzú.,noun,(linguistics) a rank in linguistic taxonomy which is one level below family; language branch,语族,,
wt:誣賴:0,誣賴,ŭ-lâi,,,,Imported from Wiktionary (CC BY-SA 4.0): https://en.wiktionary.org/wiki/%E8%AA%A3%E8%B3%B4#Chinese. Mandarin: wūlài.,verb,to falsely incriminate,诬赖,,
wt:誣告:0,誣告,ŭ-gó̤,,,,"Imported from Wiktionary (CC BY-SA 4.0): https://en.wiktionary.org/wiki/%E8%AA%A3%E5%91%8A#Chinese. Mandarin: wūgào,wúgào.",verb,to lodge a false accusation against; to bring a false charge against; to trump up a charge against,诬告,,
wt:語支:0,語支,ngṳ̄-ciĕ,,,,Imported from Wiktionary (CC BY-SA 4.0): https://en.wiktionary.org/wiki/%E8%AA%9E%E6%94%AF#Chinese. Mandarin: yǔzhī.,noun,(linguistics) language group,语支,,
wt:語言聯盟:0,語言聯盟,ngṳ̄-ngiòng lièng-mèng,,,,Imported from Wiktionary (CC BY-SA 4.0): https://en.wiktionary.org/wiki/%E8%AA%9E%E8%A8%80%E8%81%AF%E7%9B%9F#Chinese. Mandarin: yǔyán liánméng.,noun,(linguistics) sprachbund,语言联盟,,
wt:誤犯:0,誤犯,nguô-huâng,,,,Imported from Wiktionary (CC BY-SA 4.0): https://en.wiktionary.org/wiki/%E8%AA%A4%E7%8A%AF#Chinese. Mandarin: wùfàn.,verb,"to unintentionally violate (a rule, etc.)",误犯,,
wt:誣捏:0,誣捏,ŭ-niĕk,,,,Imported from Wiktionary (CC BY-SA 4.0): https://en.wiktionary.org/wiki/%E8%AA%A3%E6%8D%8F#Chinese.,verb,to lodge a false accusation against; to bring a false charge against; to trump up a charge against,诬捏,,
wt:請假:0,請假,chiāng-gá,,,,Imported from Wiktionary (CC BY-SA 4.0): https://en.wiktionary.org/wiki/%E8%AB%8B%E5%81%87#Chinese. Mandarin: qǐngjià.,verb,to request time off; to ask for leave,请假,,
wt:論文:0,論文,lâung-ùng,,,,Imported from Wiktionary (CC BY-SA 4.0): https://en.wiktionary.org/wiki/%E8%AB%96%E6%96%87#Chinese. Mandarin: lùnwén.,noun,thesis; dissertation; paper,论文,,
wt:課本:0,課本,kuó-buōng,,,,Imported from Wiktionary (CC BY-SA 4.0): https://en.wiktionary.org/wiki/%E8%AA%B2%E6%9C%AC#Chinese. Mandarin: kèběn.,noun,textbook,课本,,
wt:請問:0,請問,chiāng-muóng,,,,Imported from Wiktionary (CC BY-SA 4.0): https://en.wiktionary.org/wiki/%E8%AB%8B%E5%95%8F#Chinese. Mandarin: qǐngwèn.,verb,"(honorific, polite) please; excuse me; may I ask?; may I know?",请问,,
wt:論壇:0,論壇,lâung-dàng,,,,Imported from Wiktionary (CC BY-SA 4.0): https://en.wiktionary.org/wiki/%E8%AB%96%E5%A3%87#Chinese. Mandarin: lùntán.,noun,forum place for discussion; tribune,论坛,,
wt:論壇:0,論壇,lâung-dàng,,,,,noun,(Internet) forum; message board,论坛,,
wt:調查:0,調查,dièu-că,,,,Imported from Wiktionary (CC BY-SA 4.0): https://en.wiktionary.org/wiki/%E8%AA%BF%E6%9F%A5#Chinese. Mandarin: diàochá.,verb,to investigate; to probe,调查,,
wt:調查:0,調查,dièu-că,,,,,verb,to survey; to poll,调查,,
wt:調查:0,調查,dièu-că,,,,,noun,investigation; probe,调查,,
wt:調查:0,調查,dièu-că,,,,,noun,survey; poll,调查,,
wt:調節:0,調節,dièu-ciék,,,,Imported from Wiktionary (CC BY-SA 4.0): https://en.wiktionary.org/wiki/%E8%AA%BF%E7%AF%80#Chinese. Mandarin: tiáojié.,verb,to adjust; to regulate; to calibrate,调节,,
wt:調節:0,調節,dièu-ciék,,,,,noun,"(physiology, biology, medicine) accommodation",调节,,
wt:誹謗:0,誹謗,hūi-báung,,,,Imported from Wiktionary (CC BY-SA 4.0): https://en.wiktionary.org/wiki/%E8%AA%B9%E8%AC%97#Chinese. Mandarin: fěibàng.,verb,to slander; to vilify; to libel; to defame,诽谤,,
wt:誹謗:0,誹謗,hūi-báung,,,,,verb,(Classical) to criticize; to comment; to discuss,诽谤,,
wt:諂諛:0,諂諛,tiēng-ṳ̀,,,,Imported from Wiktionary (CC BY-SA 4.0): https://en.wiktionary.org/wiki/%E8%AB%82%E8%AB%9B#Chinese. Mandarin: chǎnyú.,verb,to toady; to flatter,谄谀,,
wt:謝罪:0,謝罪,siâ-cô̤i,,,,Imported from Wiktionary (CC BY-SA 4.0): https://en.wiktionary.org/wiki/%E8%AC%9D%E7%BD%AA#Chinese. Mandarin: xièzuì.,verb,to acknowledge one's error and seek forgiveness,谢罪,,
wt:諸葛亮:0,諸葛亮,Cṳ̆-gák-liông,,,,Imported from Wiktionary (CC BY-SA 4.0): https://en.wiktionary.org/wiki/%E8%AB%B8%E8%91%9B%E4%BA%AE#Chinese. Mandarin: Zhū葛 Liàng.,noun,(figurative) mastermind; strategist,诸葛亮,,
wt:講價:0,講價,gōng-gá,,,,"Imported from Wiktionary (CC BY-SA 4.0): https://en.wiktionary.org/wiki/%E8%AC%9B%E5%83%B9#Chinese. Mandarin: jiǎngjià,er=y.",verb,to bargain; to haggle,讲价,,
wt:諸娘囝:0,諸娘囝,cṳ̆-nè̤ng-giāng,,,,Imported from Wiktionary (CC BY-SA 4.0): https://en.wiktionary.org/wiki/%E8%AB%B8%E5%A8%98%E5%9B%9D#Chinese.,noun,daughter,诸娘囝,,
wt:諸娘囝:0,諸娘囝,cṳ̆-nè̤ng-giāng,,,,,noun,girl,诸娘囝,,
wt:諸娘囝:0,諸娘囝,cṳ̆-nè̤ng-giāng,,,,,noun,young woman,诸娘囝,,
wt:諸娘:0,諸娘,cṳ̆-niòng,,,,Imported from Wiktionary (CC BY-SA 4.0): https://en.wiktionary.org/wiki/%E8%AB%B8%E5%A8%98#Chinese.,noun,(dated) woman,诸娘,,
wt:諸娘人:0,諸娘人,cṳ̆-niòng-nè̤ng,,,,Imported from Wiktionary (CC BY-SA 4.0): https://en.wiktionary.org/wiki/%E8%AB%B8%E5%A8%98%E4%BA%BA#Chinese.,noun,(dated) woman,诸娘人,,
wt:講症:0,講症,gōng-céng,,,,Imported from Wiktionary (CC BY-SA 4.0): https://en.wiktionary.org/wiki/%E8%AC%9B%E7%97%87#Chinese.,verb,to chat,讲症,,
wt:講打:0,講打,gōng-dā,,,,Imported from Wiktionary (CC BY-SA 4.0): https://en.wiktionary.org/wiki/%E8%AC%9B%E6%89%93#Chinese.,noun,eloquence,讲打,,
wt:講親:0,講親,gōng-chĭng,,,,Imported from Wiktionary (CC BY-SA 4.0): https://en.wiktionary.org/wiki/%E8%AC%9B%E8%A6%AA#Chinese.,verb,to be a matchmaker or go-between between prospective marriage partners,讲亲,,
wt:警察:0,警察,gīng-chák,,,,Imported from Wiktionary (CC BY-SA 4.0): https://en.wiktionary.org/wiki/%E8%AD%A6%E5%AF%9F#Chinese. Mandarin: jǐngchá.,noun,(uncountable) police; police force,,,
wt:警察:0,警察,gīng-chák,,,,,noun,"(countable) police officer (classifier: 名, 位)",,,
wt:警察:0,警察,gīng-chák,,,,,noun,"(slang, sarcastic, neologism, derogatory) one needlessly strict; Nazi",,,
wt:警察:0,警察,gīng-chák,,,,,verb,to be vigilant; to be alert; to watch out,,,
wt:警察:0,警察,gīng-chák,,,,,verb,to examine oneself critically; to examine one's thoughts and conduct,,,
wt:警察:0,警察,gīng-chák,,,,,verb,to supervise; to monitor,,,
wt:謝謝:0,謝謝,siâ-siâ,,,,Imported from Wiktionary (CC BY-SA 4.0): https://en.wiktionary.org/wiki/%E8%AC%9D%E8%AC%9D#Chinese. Mandarin: xièxie.,particle,thanks; thank you,谢谢,,
wt:謝謝:0,謝謝,siâ-siâ,,,,,verb,to thank,谢谢,,
wt:譬如:0,譬如,pī-ṳ̀,,,,Imported from Wiktionary (CC BY-SA 4.0): https://en.wiktionary.org/wiki/%E8%AD%AC%E5%A6%82#Chinese. Mandarin: pìrú.,verb,to take for example; for example; for instance; such as,,,
wt:譬如:0,譬如,pī-ṳ̀,,,,,verb,to be similar to; to be just like,,,
wt:講話:0,講話,gōng-uâ,,,,Imported from Wiktionary (CC BY-SA 4.0): https://en.wiktionary.org/wiki/%E8%AC%9B%E8%A9%B1#Chinese. Mandarin: jiǎnghuà.,verb,to talk; to speak,讲话,,
wt:講話:0,講話,gōng-uâ,,,,,verb,to make a speech; to give an address or talk,讲话,,
wt:講話:0,講話,gōng-uâ,,,,,noun,speech; address; talk,讲话,,
wt:講話:0,講話,gōng-uâ,,,,,noun,(in book titles) guide; introduction,讲话,,
wt:譬如講:0,譬如講,pī-ṳ̀ gōng,,,,Imported from Wiktionary (CC BY-SA 4.0): https://en.wiktionary.org/wiki/%E8%AD%AC%E5%A6%82%E8%AC%9B#Chinese.,adverb,for example,譬如讲,,
wt:講評話:0,講評話,gōng-bìng-uâ,,,,Imported from Wiktionary (CC BY-SA 4.0): https://en.wiktionary.org/wiki/%E8%AC%9B%E8%A9%95%E8%A9%B1#Chinese.,verb,to tell a story in the folk art of pingshu―“storytelling”,讲评话,,
wt:謝願:0,謝願,siâ-nguông,,,,Imported from Wiktionary (CC BY-SA 4.0): https://en.wiktionary.org/wiki/%E8%AC%9D%E9%A1%98#Chinese.,verb,to redeem a vow to a deity (to express gratitude),谢愿,,
wt:豆腐:0,豆腐,dâu,,,,"Imported from Wiktionary (CC BY-SA 4.0): https://en.wiktionary.org/wiki/%E8%B1%86%E8%85%90#Chinese. Mandarin: dòufu,dòufǔ,1nb=standard in Mainland,1nc=variant in Taiwan,2nb=standard in Taiwan. Pronounced dâ-hô.",noun,tofu; bean curd,,,
wt:豆腐:0,豆腐,dâu,,,,,noun,any food with tofu-like physical quality,,,
wt:讀書:0,讀書,tĕ̤k-cṳ̆,,,,Imported from Wiktionary (CC BY-SA 4.0): https://en.wiktionary.org/wiki/%E8%AE%80%E6%9B%B8#Chinese. Mandarin: dúshū.,verb,to read books,读书,,
wt:讀書:0,讀書,tĕ̤k-cṳ̆,,,,,verb,to study,读书,,
wt:讀書:0,讀書,tĕ̤k-cṳ̆,,,,,verb,to be in school; to attend school,读书,,
wt:豆豉:0,豆豉,dâu-siê,,,,"Imported from Wiktionary (CC BY-SA 4.0): https://en.wiktionary.org/wiki/%E8%B1%86%E8%B1%89#Chinese. Mandarin: dòuchǐ,dòushì,1nb=standard in Mainland and Taiwan,2nb=variant.",noun,"douchi, a food product made from salted, fermented black soybeans",,,
wt:豆角:0,豆角,dâu-gáe̤k,,,,"Imported from Wiktionary (CC BY-SA 4.0): https://en.wiktionary.org/wiki/%E8%B1%86%E8%A7%92#Chinese. Mandarin: dòujiǎo,er=y.",noun,pod of legumes,,,
wt:豆角:0,豆角,dâu-gáe̤k,,,,,noun,asparagus bean; yardlong bean,,,
wt:豆角:0,豆角,dâu-gáe̤k,,,,,noun,cowpea; black-eyed pea,,,
wt:讀音:0,讀音,tĕ̤k-ĭng,,,,Imported from Wiktionary (CC BY-SA 4.0): https://en.wiktionary.org/wiki/%E8%AE%80%E9%9F%B3#Chinese. Mandarin: dúyīn.,noun,pronunciation especially of a Chinese character,读音,,
wt:讀音:0,讀音,tĕ̤k-ĭng,,,,,noun,literary reading,读音,,
wt:讚美:0,讚美,cáng-mī,,,,Imported from Wiktionary (CC BY-SA 4.0): https://en.wiktionary.org/wiki/%E8%AE%9A%E7%BE%8E#Chinese. Mandarin: zànměi.,verb,(transitive) to extol; to admire; to praise; to eulogize; to commend,赞美,,
wt:豉油:0,豉油,siê,,,,Imported from Wiktionary (CC BY-SA 4.0): https://en.wiktionary.org/wiki/%E8%B1%89%E6%B2%B9#Chinese. Mandarin: chǐyóu. Pronounced sî-iù.,noun,(Guangdong) soy sauce,,,
wt:豐饒:0,豐饒,hŭng-ngièu,,,,Imported from Wiktionary (CC BY-SA 4.0): https://en.wiktionary.org/wiki/%E8%B1%90%E9%A5%92#Chinese. Mandarin: fēngráo.,adjective,rich and fertile; fruitful; productive,丰饶,,
wt:豆乾:0,豆乾,dâu-guăng,,,,Imported from Wiktionary (CC BY-SA 4.0): https://en.wiktionary.org/wiki/%E8%B1%86%E4%B9%BE#Chinese. Mandarin: dòugān.,noun,dougan; dried tofu,豆干,,
wt:豆腐漿:0,豆腐漿,dâu,,,,Imported from Wiktionary (CC BY-SA 4.0): https://en.wiktionary.org/wiki/%E8%B1%86%E8%85%90%E6%BC%BF#Chinese. Mandarin: dòufujiāng. Pronounced dâ-hô-*ciŏng.,noun,soy milk,豆腐浆,,
wt:豇豆:0,豇豆,gŏng-dâu,,,,Imported from Wiktionary (CC BY-SA 4.0): https://en.wiktionary.org/wiki/%E8%B1%87%E8%B1%86#Chinese. Mandarin: jiāngdòu.,noun,cowpea; black-eyed pea,,,
wt:豐澤:0,豐澤,hŭng-dĕk,,,,Imported from Wiktionary (CC BY-SA 4.0): https://en.wiktionary.org/wiki/%E8%B1%90%E6%BE%A4#Chinese. Mandarin: fēngzé.,noun,abundant rainfall,丰泽,,
wt:豐澤:0,豐澤,hŭng-dĕk,,,,,noun,adequate moisture,丰泽,,
wt:豐澤:0,豐澤,hŭng-dĕk,,,,,noun,great generosity and kindness,丰泽,,
wt:豐澤:0,豐澤,hŭng-dĕk,,,,,adjective,plump and moist,丰泽,,
wt:讚美詩:0,讚美詩,cáng-mī-sĭ,,,,Imported from Wiktionary (CC BY-SA 4.0): https://en.wiktionary.org/wiki/%E8%AE%9A%E7%BE%8E%E8%A9%A9#Chinese. Mandarin: zànměishī.,noun,(religion) psalm; hymn,赞美诗,,
wt:讜論:0,讜論,dōng-lâung,,,,Imported from Wiktionary (CC BY-SA 4.0): https://en.wiktionary.org/wiki/%E8%AE%9C%E8%AB%96#Chinese. Mandarin: dǎnglùn.,noun,upright words,谠论,,
wt:讖語:0,讖語,cháing-ngṳ̄,,,,Imported from Wiktionary (CC BY-SA 4.0): https://en.wiktionary.org/wiki/%E8%AE%96%E8%AA%9E#Chinese. Mandarin: chènyǔ.,noun,prophecy; foretelling,谶语,,
wt:豆渣:0,豆渣,dâu-că,,,,Imported from Wiktionary (CC BY-SA 4.0): https://en.wiktionary.org/wiki/%E8%B1%86%E6%B8%A3#Chinese. Mandarin: dòuzhā.,noun,soybean dregs; okara,,,
wt:象牙:0,象牙,chiông-ngà,,,,Imported from Wiktionary (CC BY-SA 4.0): https://en.wiktionary.org/wiki/%E8%B1%A1%E7%89%99#Chinese. Mandarin: xiàngyá.,noun,elephant tusk,,,
wt:象牙:0,象牙,chiông-ngà,,,,,noun,ivory,,,
wt:豬肉:0,豬肉,dṳ̆-nṳ̆k,,,,Imported from Wiktionary (CC BY-SA 4.0): https://en.wiktionary.org/wiki/%E8%B1%AC%E8%82%89#Chinese. Mandarin: zhūròu.,noun,pork,猪肉,,
wt:豪傑:0,豪傑,hò̤-giĕk,,,,Imported from Wiktionary (CC BY-SA 4.0): https://en.wiktionary.org/wiki/%E8%B1%AA%E5%82%91#Chinese. Mandarin: háojié.,noun,man of outstanding ability,豪杰,,
wt:豺狼:0,豺狼,chài-lòng,,,,Imported from Wiktionary (CC BY-SA 4.0): https://en.wiktionary.org/wiki/%E8%B1%BA%E7%8B%BC#Chinese. Mandarin: cháiláng.,noun,the dhole and the wolf,,,
wt:豺狼:0,豺狼,chài-lòng,,,,,noun,"(figurative) evil, cruel person",,,
wt:豺狼:0,豺狼,chài-lòng,,,,,noun,(loosely) wolf,,,
wt:象棋:0,象棋,chiông-gì,,,,Imported from Wiktionary (CC BY-SA 4.0): https://en.wiktionary.org/wiki/%E8%B1%A1%E6%A3%8B#Chinese. Mandarin: xiàngqí.,noun,xiangqi; Chinese chess,,,
wt:象棋:0,象棋,chiông-gì,,,,,noun,xiangqi piece; Chinese chess piece,,,
wt:象棋:0,象棋,chiông-gì,,,,,noun,"(rare, in compounds) chess games developed from chaturanga",,,
wt:象棋:0,象棋,chiông-gì,,,,,noun,alternative form of 將棋,,,
wt:豪豬:0,豪豬,hò̤-dṳ̆,,,,Imported from Wiktionary (CC BY-SA 4.0): https://en.wiktionary.org/wiki/%E8%B1%AA%E8%B1%AC#Chinese. Mandarin: háozhū.,noun,porcupine,豪猪,,
wt:豬囝:0,豬囝,dṳ̆-giāng,,,,Imported from Wiktionary (CC BY-SA 4.0): https://en.wiktionary.org/wiki/%E8%B1%AC%E5%9B%9D#Chinese.,noun,piglet,猪囝,,
wt:豬囝:0,豬囝,dṳ̆-giāng,,,,,noun,(dated) coolie; indentured labourer (sold abroad like piglets),猪囝,,
wt:豬哥:0,豬哥,dṳ̆-gŏ̤,,,,Imported from Wiktionary (CC BY-SA 4.0): https://en.wiktionary.org/wiki/%E8%B1%AC%E5%93%A5#Chinese.,noun,licentious and lecherous man,猪哥,,
wt:豬哥:0,豬哥,dṳ̆-gŏ̤,,,,,noun,male adulterer,猪哥,,
wt:豬欄:0,豬欄,dṳ̆-làng,,,,Imported from Wiktionary (CC BY-SA 4.0): https://en.wiktionary.org/wiki/%E8%B1%AC%E6%AC%84#Chinese. Mandarin: zhūlán.,noun,pigsty,猪栏,,
wt:豬肝:0,豬肝,dṳ̆-găng,,,,"Imported from Wiktionary (CC BY-SA 4.0): https://en.wiktionary.org/wiki/%E8%B1%AC%E8%82%9D#Chinese. Mandarin: zhūgān,er=y.",noun,pork liver,猪肝,,
wt:豬母:0,豬母,dṳ̆-mō̤,,,,Imported from Wiktionary (CC BY-SA 4.0): https://en.wiktionary.org/wiki/%E8%B1%AC%E6%AF%8D#Chinese.,noun,female pig; sow,猪母,,
wt:豬母:0,豬母,dṳ̆-mō̤,,,,,noun,(derogatory) fat woman,猪母,,
wt:豬母:0,豬母,dṳ̆-mō̤,,,,,noun,rough and bulky object,猪母,,
wt:豬母菜:0,豬母菜,dṳ̆-mō̤-chái,,,,Imported from Wiktionary (CC BY-SA 4.0): https://en.wiktionary.org/wiki/%E8%B1%AC%E6%AF%8D%E8%8F%9C#Chinese.,noun,chard Beta vulgaris subsp. vulgaris,猪母菜,,
wt:豬血:0,豬血,dṳ̆-háik,,,,Imported from Wiktionary (CC BY-SA 4.0): https://en.wiktionary.org/wiki/%E8%B1%AC%E8%A1%80#Chinese. Mandarin: zhū血.,noun,pig blood either liquid or solidified,猪血,,
wt:豬角:0,豬角,dṳ̆-gáe̤k,,,,Imported from Wiktionary (CC BY-SA 4.0): https://en.wiktionary.org/wiki/%E8%B1%AC%E8%A7%92#Chinese.,noun,boar,猪角,,
wt:豬肚:0,豬肚,dṳ̆-dô,,,,"Imported from Wiktionary (CC BY-SA 4.0): https://en.wiktionary.org/wiki/%E8%B1%AC%E8%82%9A#Chinese. Mandarin: zhūdǔ,er=y.",noun,pork tripe; hog maw; pig stomach,猪肚,,
wt:豬頭瘴:0,豬頭瘴,dṳ̆-tàu-cióng,,,,Imported from Wiktionary (CC BY-SA 4.0): https://en.wiktionary.org/wiki/%E8%B1%AC%E9%A0%AD%E7%98%B4#Chinese.,noun,mumps,猪头瘴,,
wt:豬腸:0,豬腸,dṳ̆-dòng,,,,Imported from Wiktionary (CC BY-SA 4.0): https://en.wiktionary.org/wiki/%E8%B1%AC%E8%85%B8#Chinese.,noun,pig intestines,猪肠,,
wt:豚囝:0,豚囝,tòng-giāng,,,,Imported from Wiktionary (CC BY-SA 4.0): https://en.wiktionary.org/wiki/%E8%B1%9A%E5%9B%9D#Chinese.,noun,half-grown animal or child,,,
wt:豬豚囝:0,豬豚囝,dṳ̆-tòng-giāng,,,,Imported from Wiktionary (CC BY-SA 4.0): https://en.wiktionary.org/wiki/%E8%B1%AC%E8%B1%9A%E5%9B%9D#Chinese.,noun,half-grown pig weighing about 40 to 45 kg,猪豚囝,,
wt:負債:0,負債,hô-cái,,,,Imported from Wiktionary (CC BY-SA 4.0): https://en.wiktionary.org/wiki/%E8%B2%A0%E5%82%B5#Chinese. Mandarin: fùzhài.,verb,to owe a debt,负债,,
wt:負債:0,負債,hô-cái,,,,,noun,debts; liability,负债,,
wt:貓熊:0,貓熊,mà-hṳ̀ng,,,,Imported from Wiktionary (CC BY-SA 4.0): https://en.wiktionary.org/wiki/%E8%B2%93%E7%86%8A#Chinese. Mandarin: māoxióng.,noun,panda; giant panda (classifier: 隻),猫熊,,
wt:負責任:0,負責任,hó cáik-êng,,,,Imported from Wiktionary (CC BY-SA 4.0): https://en.wiktionary.org/wiki/%E8%B2%A0%E8%B2%AC%E4%BB%BB#Chinese. Mandarin: fù zérèn.,verb,to be responsible for; to be in charge of,负责任,,
wt:負責任:0,負責任,hó cáik-êng,,,,,adjective,responsible; accountable; amenable,负责任,,
wt:貓母:0,貓母,mà-mō̤,,,,Imported from Wiktionary (CC BY-SA 4.0): https://en.wiktionary.org/wiki/%E8%B2%93%E6%AF%8D#Chinese.,noun,tabby; female cat,猫母,,
wt:貓仔:0,貓仔,mà-giāng,,,,Imported from Wiktionary (CC BY-SA 4.0): https://en.wiktionary.org/wiki/%E8%B2%93%E4%BB%94#Chinese. Mandarin: māozǎi.,noun,kitten,猫仔,,
wt:貓仔:0,貓仔,mà-giāng,,,,,noun,cat,猫仔,,
wt:貓仔:0,貓仔,mà-giāng,,,,,noun,(Tainan) female prostitute,猫仔,,
wt:貓王鳥:0,貓王鳥,mà-uòng-cēu,,,,Imported from Wiktionary (CC BY-SA 4.0): https://en.wiktionary.org/wiki/%E8%B2%93%E7%8E%8B%E9%B3%A5#Chinese.,noun,owl,猫王鸟,,
wt:貓囝:0,貓囝,mà,,,,Imported from Wiktionary (CC BY-SA 4.0): https://en.wiktionary.org/wiki/%E8%B2%93%E5%9B%9D#Chinese. Pronounced mài-giāng.,noun,cat,猫囝,,
wt:貓囝:0,貓囝,mà,,,,,noun,kitten,猫囝,,
wt:貓王:0,貓王,mà-uòng,,,,Imported from Wiktionary (CC BY-SA 4.0): https://en.wiktionary.org/wiki/%E8%B2%93%E7%8E%8B#Chinese.,noun,short for for 貓王鳥,猫王,,
wt:貓狸:0,貓狸,mà-lì,,,,Imported from Wiktionary (CC BY-SA 4.0): https://en.wiktionary.org/wiki/%E8%B2%93%E7%8B%B8#Chinese.,noun,leopard cat (Prionailurus bengalensis species),猫狸,,
wt:貓雄:0,貓雄,mà-hṳ̀ng,,,,Imported from Wiktionary (CC BY-SA 4.0): https://en.wiktionary.org/wiki/%E8%B2%93%E9%9B%84#Chinese.,noun,male cat; tomcat,猫雄,,
wt:貨幣:0,貨幣,huó-bê,,,,Imported from Wiktionary (CC BY-SA 4.0): https://en.wiktionary.org/wiki/%E8%B2%A8%E5%B9%A3#Chinese. Mandarin: huòbì.,noun,"(economics, finance) money or other item used to facilitate transactions; currency",货币,,
wt:貿易:0,貿易,mâiu-ĭk,,,,"Imported from Wiktionary (CC BY-SA 4.0): https://en.wiktionary.org/wiki/%E8%B2%BF%E6%98%93#Chinese. Mandarin: màoyì,tl=y.",noun,trade,贸易,,
wt:責任:0,責任,cáik-êng,,,,Imported from Wiktionary (CC BY-SA 4.0): https://en.wiktionary.org/wiki/%E8%B2%AC%E4%BB%BB#Chinese. Mandarin: zérèn.,noun,"(countable, uncountable) responsibility; duty",责任,,
wt:責任:0,責任,cáik-êng,,,,,noun,(uncountable) fault; blame,责任,,
wt:責任:0,責任,cáik-êng,,,,,noun,"(uncountable, legal) liability",责任,,
wt:貪婪:0,貪婪,tăng-làng,,,,Imported from Wiktionary (CC BY-SA 4.0): https://en.wiktionary.org/wiki/%E8%B2%AA%E5%A9%AA#Chinese. Mandarin: tānlán.,adjective,rapacious; avaricious; greedy; avid,贪婪,,
wt:貯飯:0,貯飯,diō-buông,,,,Imported from Wiktionary (CC BY-SA 4.0): https://en.wiktionary.org/wiki/%E8%B2%AF%E9%A3%AF#Chinese.,verb,to put (cooked) rice in a bowl,贮饭,,
wt:貽順:0,貽順,ì-sông,,,,Imported from Wiktionary (CC BY-SA 4.0): https://en.wiktionary.org/wiki/%E8%B2%BD%E9%A0%86#Chinese.,adjective,stingy; miserly,贻顺,,
wt:貽順哥:0,貽順哥,ì-sông-gŏ̤,,,,Imported from Wiktionary (CC BY-SA 4.0): https://en.wiktionary.org/wiki/%E8%B2%BD%E9%A0%86%E5%93%A5#Chinese.,noun,scrooge; miser,贻顺哥,,
wt:貨輪:0,貨輪,huó-lùng,,,,Imported from Wiktionary (CC BY-SA 4.0): https://en.wiktionary.org/wiki/%E8%B2%A8%E8%BC%AA#Chinese. Mandarin: huòlún.,noun,freighter; cargo ship,货轮,,
wt:資本主義:0,資本主義,cṳ̆-buōng-ciō-ngiê,,,,Imported from Wiktionary (CC BY-SA 4.0): https://en.wiktionary.org/wiki/%E8%B3%87%E6%9C%AC%E4%B8%BB%E7%BE%A9#Chinese. Mandarin: zīběnzhǔyì.,noun,capitalism,资本主义,,
wt:資本:0,資本,cṳ̆-buōng,,,,Imported from Wiktionary (CC BY-SA 4.0): https://en.wiktionary.org/wiki/%E8%B3%87%E6%9C%AC#Chinese. Mandarin: zīběn.,noun,"(economics, business, finance) capital",资本,,
wt:資本:0,資本,cṳ̆-buōng,,,,,noun,(figurative) right; privilege; prerogative; capital valuable resource of a particular kind,资本,,
wt:賄賂:0,賄賂,uōi-lô,,,,"Imported from Wiktionary (CC BY-SA 4.0): https://en.wiktionary.org/wiki/%E8%B3%84%E8%B3%82#Chinese. Mandarin: huìlù,tl=y.",verb,(transitive) to bribe,贿赂,,
wt:賄賂:0,賄賂,uōi-lô,,,,,noun,bribe,贿赂,,
wt:賓館:0,賓館,bĭng-guāng,,,,"Imported from Wiktionary (CC BY-SA 4.0): https://en.wiktionary.org/wiki/%E8%B3%93%E9%A4%A8#Chinese. Mandarin: bīnguǎn,er=y.",noun,hotel; guesthouse,宾馆,,
wt:賓客:0,賓客,bĭng-káik,,,,Imported from Wiktionary (CC BY-SA 4.0): https://en.wiktionary.org/wiki/%E8%B3%93%E5%AE%A2#Chinese. Mandarin: bīnkè.,noun,guests; visitors,宾客,,
wt:賓客:0,賓客,bĭng-káik,,,,,noun,(archaic) retainer in an aristocratic household,宾客,,
wt:賊囝:0,賊囝,chĕk-giāng,,,,Imported from Wiktionary (CC BY-SA 4.0): https://en.wiktionary.org/wiki/%E8%B3%8A%E5%9B%9D#Chinese.,noun,thief,贼囝,,
wt:賒數:0,賒數,siă-só,,,,Imported from Wiktionary (CC BY-SA 4.0): https://en.wiktionary.org/wiki/%E8%B3%92%E6%95%B8#Chinese. Mandarin: shēshù.,verb,to buy or sell on credit,赊数,,
wt:質量:0,質量,cék-liông,,,,"Imported from Wiktionary (CC BY-SA 4.0): https://en.wiktionary.org/wiki/%E8%B3%AA%E9%87%8F#Chinese. Mandarin: zhìliàng,zhíliàng,zhǐliàng,tl=y,3tl=y,1nb=standard in Mainland,2nb=standard in Taiwan,3nb=variant in Mainland.",noun,(physics) mass,质量,,
wt:質量:0,質量,cék-liông,,,,,noun,quality; standard; grade,质量,,
wt:質量:0,質量,cék-liông,,,,,noun,quality and quantity,质量,,
wt:賣官:0,賣官,mâ̤-guăng,,,,Imported from Wiktionary (CC BY-SA 4.0): https://en.wiktionary.org/wiki/%E8%B3%A3%E5%AE%98#Chinese. Mandarin: màiguān.,verb,(archaic) to take bribes in exchange for granting an official title,卖官,,
wt:賭博:0,賭博,dū-báuk,,,,Imported from Wiktionary (CC BY-SA 4.0): https://en.wiktionary.org/wiki/%E8%B3%AD%E5%8D%9A#Chinese. Mandarin: dǔbó.,verb,to gamble; to bet money,赌博,,
wt:賭博:0,賭博,dū-báuk,,,,,verb,(figurative) to gamble take risks to achieve something,赌博,,
wt:賣國:0,賣國,mâ̤-guók,,,,Imported from Wiktionary (CC BY-SA 4.0): https://en.wiktionary.org/wiki/%E8%B3%A3%E5%9C%8B#Chinese. Mandarin: màiguó.,verb,to betray one's country; to commit treason; to quisle,卖国,,
wt:賜予:0,賜予,sé̤ṳ-ṳ̄,,,,Imported from Wiktionary (CC BY-SA 4.0): https://en.wiktionary.org/wiki/%E8%B3%9C%E4%BA%88#Chinese. Mandarin: 賜yǔ.,verb,(formal) to present as a gift; to bestow; to grant,赐予,,
wt:賜福:0,賜福,sé̤ṳ-hók,,,,Imported from Wiktionary (CC BY-SA 4.0): https://en.wiktionary.org/wiki/%E8%B3%9C%E7%A6%8F#Chinese. Mandarin: 赐fú.,verb,to bless,赐福,,
wt:質子:0,質子,cék-cṳ̄,,,,Imported from Wiktionary (CC BY-SA 4.0): https://en.wiktionary.org/wiki/%E8%B3%AA%E5%AD%90#Chinese. Mandarin: 质zǐ.,noun,"(physics, chemistry) proton",质子,,
wt:質子:0,質子,cék-cṳ̄,,,,,noun,(historical) a feudal lord's son sent to be held as a hostage in a neighbouring state in exchange for trust,质子,,
wt:質子:0,質子,cék-cṳ̄,,,,,noun,(Judaism) sephirah,质子,,
wt:賭錢:0,賭錢,dū-cièng,,,,Imported from Wiktionary (CC BY-SA 4.0): https://en.wiktionary.org/wiki/%E8%B3%AD%E9%8C%A2#Chinese. Mandarin: dǔqián.,verb,to gamble,赌钱,,
wt:賭錢場:0,賭錢場,dū-cièng-duòng,,,,Imported from Wiktionary (CC BY-SA 4.0): https://en.wiktionary.org/wiki/%E8%B3%AD%E9%8C%A2%E5%A0%B4#Chinese.,noun,casino; gambling house,赌钱场,,
wt:質證:0,質證,cé-céng,,,,Imported from Wiktionary (CC BY-SA 4.0): https://en.wiktionary.org/wiki/%E8%B3%AA%E8%AD%89#Chinese. Mandarin: 质zhèng.,verb,to cross-examine,质证,,
wt:賬房:0,賬房,dióng-bùng,,,,"Imported from Wiktionary (CC BY-SA 4.0): https://en.wiktionary.org/wiki/%E8%B3%AC%E6%88%BF#Chinese. Mandarin: zhàngfáng,er=y.",noun,(dated) accountant's office,账房,,
wt:賬房:0,賬房,dióng-bùng,,,,,noun,(dated) accountant; bookkeeper,账房,,
wt:赤道:0,赤道,chék-dô̤,,,,Imported from Wiktionary (CC BY-SA 4.0): https://en.wiktionary.org/wiki/%E8%B5%A4%E9%81%93#Chinese. Mandarin: chìdào.,noun,(astronomy) celestial equator,,,
wt:赤道:0,赤道,chék-dô̤,,,,,noun,(geography) equator,,,
wt:贛語:0,贛語,Gáng-ngṳ̄,,,,Imported from Wiktionary (CC BY-SA 4.0): https://en.wiktionary.org/wiki/%E8%B4%9B%E8%AA%9E#Chinese. Mandarin: gànyǔ.,noun,"the Gan language/dialect, a group of Chinese varieties spoken as the native language by many people in the Jiangxi province of China",赣语,,
wt:走馬燈:0,走馬燈,cāu-mā-dĭng,,,,"Imported from Wiktionary (CC BY-SA 4.0): https://en.wiktionary.org/wiki/%E8%B5%B0%E9%A6%AC%E7%87%88#Chinese. Mandarin: zǒumǎdēng,er=2.",noun,lantern adorned with paper horses which revolve in a circle,走马灯,,
wt:走馬燈:0,走馬燈,cāu-mā-dĭng,,,,,noun,(figurative) constant reshuffle of personnel,走马灯,,
wt:走馬燈:0,走馬燈,cāu-mā-dĭng,,,,,noun,(informal) near-death experience where all the scenes in one's lifetime are believed to replay in one's mind within a very short period of time,走马灯,,
wt:起動:0,起動,kī-dâe̤ng,,,,Imported from Wiktionary (CC BY-SA 4.0): https://en.wiktionary.org/wiki/%E8%B5%B7%E5%8B%95#Chinese. Mandarin: qǐdòng.,verb,"to start (a machine, an engine etc.); to boot; to switch on (a system)",起动,,
wt:起動:0,起動,kī-dâe̤ng,,,,,verb,"alternative form of 啟動 (to enforce (the law); to implement; to launch (a plan, operation, etc.))",起动,,
wt:起動:0,起動,kī-dâe̤ng,,,,,verb,alternative form of 啟動 (to open up; to explore)),起动,,
wt:起動:0,起動,kī-dâe̤ng,,,,,verb,"to use; to utilize; to employ; to apply money, goods, etc.",起动,,
wt:起動:0,起動,kī-dâe̤ng,,,,,adverb,easily; frequently,起动,,
wt:起動:0,起動,kī-dâe̤ng,,,,,particle,thank you; thanks for your trouble,起动,,
wt:起動:0,起動,kī-dâe̤ng,,,,,particle,excuse me; please; May I trouble you?,起动,,
wt:起頭:0,起頭,kī-tàu,,,,"Imported from Wiktionary (CC BY-SA 4.0): https://en.wiktionary.org/wiki/%E8%B5%B7%E9%A0%AD#Chinese. Mandarin: qǐtóu,er=y.",verb,to take the lead; to show initiative; to be the first; to set an example,起头,,
wt:起頭:0,起頭,kī-tàu,,,,,verb,to begin; to start; to commence,起头,,
wt:起頭:0,起頭,kī-tàu,,,,,verb,to knit the beginning section,起头,,
wt:起頭:0,起頭,kī-tàu,,,,,noun,beginning,起头,,
wt:起頭:0,起頭,kī-tàu,,,,,adverb,in the beginning; at first; originally,起头,,
wt:起先:0,起先,kī-sĕng,,,,Imported from Wiktionary (CC BY-SA 4.0): https://en.wiktionary.org/wiki/%E8%B5%B7%E5%85%88#Chinese. Mandarin: qǐxiān.,adverb,initially; from the outset; at first,,,
wt:起始:0,起始,kī-sṳ̄,,,,Imported from Wiktionary (CC BY-SA 4.0): https://en.wiktionary.org/wiki/%E8%B5%B7%E5%A7%8B#Chinese. Mandarin: qǐshǐ.,verb,to originate; to stem from; to initiate,,,
wt:起始:0,起始,kī-sṳ̄,,,,,adverb,at first; at the beginning; initially,,,
wt:起始:0,起始,kī-sṳ̄,,,,,noun,origin; initiation,,,
wt:起厝:0,起厝,kī-chuó,,,,Imported from Wiktionary (CC BY-SA 4.0): https://en.wiktionary.org/wiki/%E8%B5%B7%E5%8E%9D#Chinese.,verb,to build a house,,,
wt:起早:0,起早,kī-cā,,,,"Imported from Wiktionary (CC BY-SA 4.0): https://en.wiktionary.org/wiki/%E8%B5%B7%E6%97%A9#Chinese. Mandarin: qǐzǎo,er=y.",verb,to wake up early,,,
wt:起早:0,起早,kī-cā,,,,,noun,early morning,,,
wt:起花光:0,起花光,kī-huă-guŏng,,,,Imported from Wiktionary (CC BY-SA 4.0): https://en.wiktionary.org/wiki/%E8%B5%B7%E8%8A%B1%E5%85%89#Chinese.,verb,to become angry; to fly into a rage,,,
wt:起手:0,起手,kī-chiēu,,,,Imported from Wiktionary (CC BY-SA 4.0): https://en.wiktionary.org/wiki/%E8%B5%B7%E6%89%8B#Chinese. Mandarin: qǐshǒu.,verb,to put one's hand to; to set about,,,
wt:起手:0,起手,kī-chiēu,,,,,verb,to start armed struggle; to rise in rebellion,,,
wt:起手:0,起手,kī-chiēu,,,,,verb,to begin; to start,,,
wt:起手:0,起手,kī-chiēu,,,,,adverb,at first; initially; in the beginning; originally,,,
wt:起頭先:0,起頭先,kī-tàu-sĕng,,,,Imported from Wiktionary (CC BY-SA 4.0): https://en.wiktionary.org/wiki/%E8%B5%B7%E9%A0%AD%E5%85%88#Chinese.,noun,beginning,起头先,,
wt:起五更早:0,起五更早,kī-ngô-găng-cā,,,,Imported from Wiktionary (CC BY-SA 4.0): https://en.wiktionary.org/wiki/%E8%B5%B7%E4%BA%94%E6%9B%B4%E6%97%A9#Chinese.,phrase,to get up very early; to wake up very early,,,
wt:起早頭:0,起早頭,kī-cā-tàu,,,,Imported from Wiktionary (CC BY-SA 4.0): https://en.wiktionary.org/wiki/%E8%B5%B7%E6%97%A9%E9%A0%AD#Chinese.,noun,early morning,起早头,,
wt:贖價:0,贖價,sṳ̆k-gá,,,,Imported from Wiktionary (CC BY-SA 4.0): https://en.wiktionary.org/wiki/%E8%B4%96%E5%83%B9#Chinese. Mandarin: shújià.,noun,(Christianity) ransom,赎价,,
wt:起跤動手:0,起跤動手,kī-kă-daê̤ng-chiū,,,,Imported from Wiktionary (CC BY-SA 4.0): https://en.wiktionary.org/wiki/%E8%B5%B7%E8%B7%A4%E5%8B%95%E6%89%8B#Chinese.,phrase,to come to blows,起跤动手,,
wt:超市:0,超市,chiĕu-chê,,,,Imported from Wiktionary (CC BY-SA 4.0): https://en.wiktionary.org/wiki/%E8%B6%85%E5%B8%82#Chinese. Mandarin: chāoshì.,noun,supermarket,,,
wt:超級市場:0,超級市場,chiĕu-gék chê-diòng,,,,Imported from Wiktionary (CC BY-SA 4.0): https://en.wiktionary.org/wiki/%E8%B6%85%E7%B4%9A%E5%B8%82%E5%A0%B4#Chinese. Mandarin: chāojí shì場.,noun,supermarket,超级市场,,
wt:越南語:0,越南語,Uŏk-nàng-ngṳ̄,,,,Imported from Wiktionary (CC BY-SA 4.0): https://en.wiktionary.org/wiki/%E8%B6%8A%E5%8D%97%E8%AA%9E#Chinese. Mandarin: Yuènányǔ.,noun,the Vietnamese language,越南语,,
wt:趕緊:0,趕緊,gāng-gīng,,,,Imported from Wiktionary (CC BY-SA 4.0): https://en.wiktionary.org/wiki/%E8%B6%95%E7%B7%8A#Chinese. Mandarin: gǎnjǐn.,adverb,quickly; hurriedly; immediately; without delay; right away,赶紧,,
wt:趁食:0,趁食,tíng-siăh,,,,Imported from Wiktionary (CC BY-SA 4.0): https://en.wiktionary.org/wiki/%E8%B6%81%E9%A3%9F#Chinese. Pronounced siĕh.,verb,to earn a living,,,
wt:趁食:0,趁食,tíng-siăh,,,,,noun,(historical) servant; maidservant,,,
wt:跤球:0,跤球,kă-giù,,,,Imported from Wiktionary (CC BY-SA 4.0): https://en.wiktionary.org/wiki/%E8%B7%A4%E7%90%83#Chinese.,noun,football; soccer,,,
wt:跤踏車:0,跤踏車,kă-dăk-chiă,,,,Imported from Wiktionary (CC BY-SA 4.0): https://en.wiktionary.org/wiki/%E8%B7%A4%E8%B8%8F%E8%BB%8A#Chinese.,noun,bicycle,跤踏车,,
wt:跤腿:0,跤腿,kă-tōi,,,,Imported from Wiktionary (CC BY-SA 4.0): https://en.wiktionary.org/wiki/%E8%B7%A4%E8%85%BF#Chinese.,noun,leg,,,
wt:跑馬:0,跑馬,pàu-mā,,,,Imported from Wiktionary (CC BY-SA 4.0): https://en.wiktionary.org/wiki/%E8%B7%91%E9%A6%AC#Chinese. Mandarin: pǎomǎ.,verb,to ride a horse; to gallop on a horse,跑马,,
wt:跑馬:0,跑馬,pàu-mā,,,,,verb,to have a horse race,跑马,,
wt:跑馬:0,跑馬,pàu-mā,,,,,verb,to emit semen involuntarily; to have a wet dream,跑马,,
wt:跑馬:0,跑馬,pàu-mā,,,,,verb,to run a marathon,跑马,,
wt:跋杯:0,跋杯,buăk-buŏi,,,,Imported from Wiktionary (CC BY-SA 4.0): https://en.wiktionary.org/wiki/%E8%B7%8B%E6%9D%AF#Chinese.,verb,(religion) to divine using moon blocks,,,
wt:跤肚:0,跤肚,kă-dū,,,,Imported from Wiktionary (CC BY-SA 4.0): https://en.wiktionary.org/wiki/%E8%B7%A4%E8%82%9A#Chinese.,noun,calf of the leg,,,
wt:跤肚:0,跤肚,kă-dū,,,,,noun,(Yongchun) leg,,,
wt:跤後蹬:0,跤後蹬,kă-âu-tăng,,,,Imported from Wiktionary (CC BY-SA 4.0): https://en.wiktionary.org/wiki/%E8%B7%A4%E5%BE%8C%E8%B9%AC#Chinese.,noun,(anatomy) heel,跤后蹬,,
wt:跳索:0,跳索,tiéu-só̤h,,,,Imported from Wiktionary (CC BY-SA 4.0): https://en.wiktionary.org/wiki/%E8%B7%B3%E7%B4%A2#Chinese.,noun,jump rope; skip rope,,,
wt:跳索:0,跳索,tiéu-só̤h,,,,,verb,to play jump rope,,,
wt:跤跡:0,跤跡,kă-ciáh,,,,Imported from Wiktionary (CC BY-SA 4.0): https://en.wiktionary.org/wiki/%E8%B7%A4%E8%B7%A1#Chinese.,noun,footprint; footmark; track,跤迹,,
wt:跤爪:0,跤爪,kă-cāu,,,,Imported from Wiktionary (CC BY-SA 4.0): https://en.wiktionary.org/wiki/%E8%B7%A4%E7%88%AA#Chinese.,noun,claw; paw,,,
wt:跋倒:0,跋倒,buăk-dō̤,,,,Imported from Wiktionary (CC BY-SA 4.0): https://en.wiktionary.org/wiki/%E8%B7%8B%E5%80%92#Chinese.,verb,to tumble; to fall down,,,
wt:跤指:0,跤指,kă-cāi,,,,Imported from Wiktionary (CC BY-SA 4.0): https://en.wiktionary.org/wiki/%E8%B7%A4%E6%8C%87#Chinese.,noun,toe,,,
wt:跇了:0,跇了,tié-lāu,,,,Imported from Wiktionary (CC BY-SA 4.0): https://en.wiktionary.org/wiki/%E8%B7%87%E4%BA%86#Chinese.,adverb,all along; always; constantly,,,
wt:跇頭:0,跇頭,tié-tāu,,,,Imported from Wiktionary (CC BY-SA 4.0): https://en.wiktionary.org/wiki/%E8%B7%87%E9%A0%AD#Chinese. Other readings: tí-tāu.,adverb,all along; always; constantly; entirely,跇头,,
wt:跤腹頭:0,跤腹頭,kă-bók-tàu,,,,Imported from Wiktionary (CC BY-SA 4.0): https://en.wiktionary.org/wiki/%E8%B7%A4%E8%85%B9%E9%A0%AD#Chinese.,noun,knee,跤腹头,,
wt:跤甲:0,跤甲,kă-gák,,,,Imported from Wiktionary (CC BY-SA 4.0): https://en.wiktionary.org/wiki/%E8%B7%A4%E7%94%B2#Chinese.,noun,toenail,,,
wt:跳大橋:0,跳大橋,tiéu-duâi-giò,,,,Imported from Wiktionary (CC BY-SA 4.0): https://en.wiktionary.org/wiki/%E8%B7%B3%E5%A4%A7%E6%A9%8B#Chinese.,verb,to commit suicide by jumping into the sea,跳大桥,,
wt:跳落水:0,跳落水,tiéu lŏ̤h-cūi,,,,Imported from Wiktionary (CC BY-SA 4.0): https://en.wiktionary.org/wiki/%E8%B7%B3%E8%90%BD%E6%B0%B4#Chinese.,verb,to commit suicide by jumping into the sea,,,
wt:跳框:0,跳框,tiéu-kuŏng,,,,Imported from Wiktionary (CC BY-SA 4.0): https://en.wiktionary.org/wiki/%E8%B7%B3%E6%A1%86#Chinese.,verb,to play hopscotch,,,
wt:跳框:0,跳框,tiéu-kuŏng,,,,,noun,hopscotch,,,
wt:跳班:0,跳班,tiéu-băng,,,,Imported from Wiktionary (CC BY-SA 4.0): https://en.wiktionary.org/wiki/%E8%B7%B3%E7%8F%AD#Chinese. Mandarin: tiàobān.,verb,(of a student) to skip a year; to skip a grade,,,
wt:跤肚囝:0,跤肚囝,kă-dū-giāng,,,,Imported from Wiktionary (CC BY-SA 4.0): https://en.wiktionary.org/wiki/%E8%B7%A4%E8%82%9A%E5%9B%9D#Chinese.,noun,calf of the leg,,,
wt:跇帶:0,跇帶,tié-dái,,,,Imported from Wiktionary (CC BY-SA 4.0): https://en.wiktionary.org/wiki/%E8%B7%87%E5%B8%B6#Chinese.,adverb,incidentally; conveniently; in passing,跇带,,
wt:跤掌甲:0,跤掌甲,kă-ciēng-gák,,,,Imported from Wiktionary (CC BY-SA 4.0): https://en.wiktionary.org/wiki/%E8%B7%A4%E6%8E%8C%E7%94%B2#Chinese.,noun,toenail,,,
wt:跤手:0,跤手,kă-chiū,,,,Imported from Wiktionary (CC BY-SA 4.0): https://en.wiktionary.org/wiki/%E8%B7%A4%E6%89%8B#Chinese.,noun,hands and feet,,,
wt:跤手:0,跤手,kă-chiū,,,,,noun,manpower; staff,,,
wt:躊躇:0,躊躇,tiù-tṳ̀,,,,Imported from Wiktionary (CC BY-SA 4.0): https://en.wiktionary.org/wiki/%E8%BA%8A%E8%BA%87#Chinese. Mandarin: chóuchú.,verb,to walk back and forth,踌躇,,
wt:躊躇:0,躊躇,tiù-tṳ̀,,,,,verb,to hesitate; to pause,踌躇,,
wt:躊躇:0,躊躇,tiù-tṳ̀,,,,,adjective,smug; complacent; self-satisfied,踌躇,,
wt:跳躍:0,跳躍,tiéu-iŏk,,,,Imported from Wiktionary (CC BY-SA 4.0): https://en.wiktionary.org/wiki/%E8%B7%B3%E8%BA%8D#Chinese. Mandarin: tiàoyuè.,verb,to jump; to prance; to leap,跳跃,,
wt:身份:0,身份,sĭng-hông,,,,"Imported from Wiktionary (CC BY-SA 4.0): https://en.wiktionary.org/wiki/%E8%BA%AB%E4%BB%BD#Chinese. Mandarin: shēnfèn,tl=y.",noun,status of a person; identity,,,
wt:身份:0,身份,sĭng-hông,,,,,noun,role; capacity,,,
wt:身份:0,身份,sĭng-hông,,,,,noun,legal status especially citizenship or residency,,,
wt:身份:0,身份,sĭng-hông,,,,,noun,membership; affiliation,,,
wt:身份:0,身份,sĭng-hông,,,,,noun,honourable position; dignity; social standing; face,,,
wt:蹂躪:0,蹂躪,ìu-lêng,,,,Imported from Wiktionary (CC BY-SA 4.0): https://en.wiktionary.org/wiki/%E8%B9%82%E8%BA%AA#Chinese. Mandarin: róulìn.,verb,(literally) to trample on,蹂躏,,
wt:蹂躪:0,蹂躪,ìu-lêng,,,,,verb,"(figuratively) to do damage to; to ravage dignity, sovereignty, etc.; to ruin",蹂躏,,
wt:身上:0,身上,sĭng-siông,,,,"Imported from Wiktionary (CC BY-SA 4.0): https://en.wiktionary.org/wiki/%E8%BA%AB%E4%B8%8A#Chinese. Mandarin: shēnshàng,tl=y.",noun,(literally) one's body; one's health,,,
wt:身上:0,身上,sĭng-siông,,,,,noun,at hand; with or on oneself; on one's person,,,
wt:身上:0,身上,sĭng-siông,,,,,noun,(something happening) to someone,,,
wt:踏斗:0,踏斗,dăk-dāu,,,,Imported from Wiktionary (CC BY-SA 4.0): https://en.wiktionary.org/wiki/%E8%B8%8F%E6%96%97#Chinese.,noun,stairs; staircase made of wood,,,
wt:跤面:0,跤面,kă-méng,,,,Imported from Wiktionary (CC BY-SA 4.0): https://en.wiktionary.org/wiki/%E8%B7%A4%E9%9D%A2#Chinese.,noun,instep part of the foot,,,
wt:跤蹬:0,跤蹬,kă-tăng,,,,Imported from Wiktionary (CC BY-SA 4.0): https://en.wiktionary.org/wiki/%E8%B7%A4%E8%B9%AC#Chinese.,noun,(anatomy) heel,,,
wt:跤鏡:0,跤鏡,kă-giáng,,,,Imported from Wiktionary (CC BY-SA 4.0): https://en.wiktionary.org/wiki/%E8%B7%A4%E9%8F%A1#Chinese.,noun,(skeleton) kneecap; patella,跤镜,,
wt:踢毽:0,踢毽,ték-gióng,,,,"Imported from Wiktionary (CC BY-SA 4.0): https://en.wiktionary.org/wiki/%E8%B8%A2%E6%AF%BD#Chinese. Mandarin: tījiàn,er=y.",verb,to play jianzi,,,
wt:車站:0,車站,chiă-câng,,,,Imported from Wiktionary (CC BY-SA 4.0): https://en.wiktionary.org/wiki/%E8%BB%8A%E7%AB%99#Chinese. Mandarin: chēzhàn.,noun,ground transport station; bus station; bus stop; train station; train stop,车站,,
wt:身體:0,身體,sĭng-tā̤,,,,Imported from Wiktionary (CC BY-SA 4.0): https://en.wiktionary.org/wiki/%E8%BA%AB%E9%AB%94#Chinese. Mandarin: shēntǐ.,noun,(anatomy) body of a human or animal (classifier: 個),身体,,
wt:身體:0,身體,sĭng-tā̤,,,,,noun,health; physique; fitness,身体,,
wt:身體:0,身體,sĭng-tā̤,,,,,verb,to take part personally; to practice,身体,,
wt:身材:0,身材,sĭng-còi,,,,Imported from Wiktionary (CC BY-SA 4.0): https://en.wiktionary.org/wiki/%E8%BA%AB%E6%9D%90#Chinese. Mandarin: shēncái. Other readings: sĭng-cài.,noun,stature; figure; build (height and weight); body type,,,
wt:車前:0,車前,chiă-sèng,,,,"Imported from Wiktionary (CC BY-SA 4.0): https://en.wiktionary.org/wiki/%E8%BB%8A%E5%89%8D#Chinese. Mandarin: chēqián,chējiàn.",noun,"(botany) plantain Plantago genus, especially the Chinese plantain Plantago asiatica",车前,,
wt:躲懶:0,躲懶,duō-lāng,,,,Imported from Wiktionary (CC BY-SA 4.0): https://en.wiktionary.org/wiki/%E8%BA%B2%E6%87%B6#Chinese. Mandarin: duǒlǎn.,verb,to lie down on the job; to shirk one's duties; to goldbrick; to slack off,躲懒,,
wt:車債:0,車債,chiă-cái,,,,Imported from Wiktionary (CC BY-SA 4.0): https://en.wiktionary.org/wiki/%E8%BB%8A%E5%82%B5#Chinese.,noun,fare,车债,,
wt:車囝:0,車囝,chiă-giāng,,,,Imported from Wiktionary (CC BY-SA 4.0): https://en.wiktionary.org/wiki/%E8%BB%8A%E5%9B%9D#Chinese.,noun,rickshaw,车囝,,
wt:車囝:0,車囝,chiă-giāng,,,,,noun,three-wheeled vehicle used to transport goods or passengers either motorized or mechanical,车囝,,
wt:車囝:0,車囝,chiă-giāng,,,,,noun,small sedan,车囝,,
wt:身頌:0,身頌,sĭng,,,,Imported from Wiktionary (CC BY-SA 4.0): https://en.wiktionary.org/wiki/%E8%BA%AB%E9%A0%8C#Chinese. Pronounced sīng-*sê̤ṳng.,noun,clothes; clothing,身颂,,
wt:身坯:0,身坯,sĭng-puŏi,,,,Imported from Wiktionary (CC BY-SA 4.0): https://en.wiktionary.org/wiki/%E8%BA%AB%E5%9D%AF#Chinese.,noun,one's build or physique,,,
wt:車船:0,車船,chiă-sùng,,,,Imported from Wiktionary (CC BY-SA 4.0): https://en.wiktionary.org/wiki/%E8%BB%8A%E8%88%B9#Chinese.,noun,steamship; steamer,车船,,
wt:車店:0,車店,chiă-dáing,,,,Imported from Wiktionary (CC BY-SA 4.0): https://en.wiktionary.org/wiki/%E8%BB%8A%E5%BA%97#Chinese.,noun,car dealership place where cars are sold,车店,,
wt:軍隊:0,軍隊,gŭng-dôi,,,,Imported from Wiktionary (CC BY-SA 4.0): https://en.wiktionary.org/wiki/%E8%BB%8D%E9%9A%8A#Chinese. Mandarin: jūnduì.,noun,"(collective, military) army; troops; forces (classifier: 支, 個)",军队,,
wt:軍人:0,軍人,gŭng-ìng,,,,Imported from Wiktionary (CC BY-SA 4.0): https://en.wiktionary.org/wiki/%E8%BB%8D%E4%BA%BA#Chinese. Mandarin: jūnrén.,noun,soldier; serviceman; officer serving in the armed forces,军人,,
wt:軍事:0,軍事,gŭng-sê̤ṳ,,,,Imported from Wiktionary (CC BY-SA 4.0): https://en.wiktionary.org/wiki/%E8%BB%8D%E4%BA%8B#Chinese. Mandarin: jūnshì.,noun,military matters,军事,,
wt:車輪:0,車輪,chiă-lùng,,,,"Imported from Wiktionary (CC BY-SA 4.0): https://en.wiktionary.org/wiki/%E8%BB%8A%E8%BC%AA#Chinese. Mandarin: chēlún,er=y.",noun,wheel; car wheel,车轮,,
wt:輪子:0,輪子,lùng-cṳ̄,,,,Imported from Wiktionary (CC BY-SA 4.0): https://en.wiktionary.org/wiki/%E8%BC%AA%E5%AD%90#Chinese. Mandarin: lúnzi.,noun,wheel,轮子,,
wt:輪子:0,輪子,lùng-cṳ̄,,,,,noun,"(neologism, religious slur) Falun Gong practitioner",轮子,,
wt:輪子:0,輪子,lùng-cṳ̄,,,,,noun,"(programming, slang) existing implementation in reference to 重複造輪子",轮子,,
wt:轉彎:0,轉彎,diōng-uăng,,,,"Imported from Wiktionary (CC BY-SA 4.0): https://en.wiktionary.org/wiki/%E8%BD%89%E5%BD%8E#Chinese. Mandarin: zhuǎnwān,er=y.",verb,to make a turn; to turn (a corner); to get around (a bend),转弯,,
wt:轉彎:0,轉彎,diōng-uăng,,,,,verb,"(figurative, of a person) to change one's view; to pursue a new course; to adapt one's thinking according to the situation",转弯,,
wt:轉彎:0,轉彎,diōng-uăng,,,,,verb,(figurative) to beat around the bush; to speak or think indirectly,转弯,,
wt:轉彎:0,轉彎,diōng-uăng,,,,,noun,turn; corner; bend,转弯,,
wt:轉彎:0,轉彎,diōng-uăng,,,,,verb,(intransitive) to rotate; to circle round,转弯,,
wt:輕浮:0,輕浮,kĭng-pèu,,,,Imported from Wiktionary (CC BY-SA 4.0): https://en.wiktionary.org/wiki/%E8%BC%95%E6%B5%AE#Chinese. Mandarin: qīngfú.,adjective,frivolous; flippant,轻浮,,
wt:輕浮:0,輕浮,kĭng-pèu,,,,,adjective,flirtatious; flirty; coquettish,轻浮,,
wt:轎車:0,轎車,giêu-chiă,,,,Imported from Wiktionary (CC BY-SA 4.0): https://en.wiktionary.org/wiki/%E8%BD%8E%E8%BB%8A#Chinese. Mandarin: jiàochē.,noun,(automotive) passenger car; sedan US; saloon UK,轿车,,
wt:轎車:0,轎車,giêu-chiă,,,,,noun,"(historical, archaic) animal-drawn covered carriage",轿车,,
wt:轎車:0,轎車,giêu-chiă,,,,,noun,stroller; baby carriage; pram; perambulator,轿车,,
wt:輩分:0,輩分,buói-hông,,,,"Imported from Wiktionary (CC BY-SA 4.0): https://en.wiktionary.org/wiki/%E8%BC%A9%E5%88%86#Chinese. Mandarin: bèifen,bèifèn,1nb=Mainland,2nb=Taiwan.",noun,seniority among generations in a family or clan; position in the family hierarchy,辈分,,
wt:轉厝:0,轉厝,diōng-chió,,,,Imported from Wiktionary (CC BY-SA 4.0): https://en.wiktionary.org/wiki/%E8%BD%89%E5%8E%9D#Chinese.,verb,to go home; to return home,转厝,,
wt:轉厝:0,轉厝,diōng-chió,,,,,verb,to finish (a day's) work,转厝,,
wt:轆轆架:0,轆轆架,lŭk-lŭk-gá,,,,Imported from Wiktionary (CC BY-SA 4.0): https://en.wiktionary.org/wiki/%E8%BD%86%E8%BD%86%E6%9E%B6#Chinese.,noun,swing suspended seat; swing stand,辘辘架,,
wt:輸贏:0,輸贏,suŏ-iàng,,,,Imported from Wiktionary (CC BY-SA 4.0): https://en.wiktionary.org/wiki/%E8%BC%B8%E8%B4%8F#Chinese. Mandarin: shūyíng.,noun,victory or defeat,输赢,,
wt:輸贏:0,輸贏,suŏ-iàng,,,,,noun,gains and losses; winnings and losses in gambling,输赢,,
wt:輕賤:0,輕賤,kĭng-ciêng,,,,Imported from Wiktionary (CC BY-SA 4.0): https://en.wiktionary.org/wiki/%E8%BC%95%E8%B3%A4#Chinese. Mandarin: qīngjiàn.,adjective,mean and worthless; humble; lowly,轻贱,,
wt:輕賤:0,輕賤,kĭng-ciêng,,,,,verb,to look down on,轻贱,,
wt:輪輪:0,輪輪,lùng-lùng,,,,Imported from Wiktionary (CC BY-SA 4.0): https://en.wiktionary.org/wiki/%E8%BC%AA%E8%BC%AA#Chinese.,noun,wheel,轮轮,,
wt:轉潤天:0,轉潤天,diōng-nóng-tiĕng,,,,Imported from Wiktionary (CC BY-SA 4.0): https://en.wiktionary.org/wiki/%E8%BD%89%E6%BD%A4%E5%A4%A9#Chinese.,noun,warm and humid weather in the rainy season in Fujian,转润天,,
wt:轉潤:0,轉潤,diōng-nóng,,,,Imported from Wiktionary (CC BY-SA 4.0): https://en.wiktionary.org/wiki/%E8%BD%89%E6%BD%A4#Chinese.,noun,warm and humid weather in the rainy season in Fujian,转润,,
wt:辦法:0,辦法,bâing-huák,,,,"Imported from Wiktionary (CC BY-SA 4.0): https://en.wiktionary.org/wiki/%E8%BE%A6%E6%B3%95#Chinese. Mandarin: bànfǎ,tl=y.",noun,means; solution; way of doing something,办法,,
wt:辦公室:0,辦公室,bâing-gŭng-sék,,,,"Imported from Wiktionary (CC BY-SA 4.0): https://en.wiktionary.org/wiki/%E8%BE%A6%E5%85%AC%E5%AE%A4#Chinese. Mandarin: bàngōng室,2a=Zh-bàngōngshǐ.oga.",noun,"office a room, set of rooms, building, or department used for non-manual work or to provide a particular service (classifier: 間)",办公室,,
wt:辛苦:0,辛苦,sĭng-kū,,,,Imported from Wiktionary (CC BY-SA 4.0): https://en.wiktionary.org/wiki/%E8%BE%9B%E8%8B%A6#Chinese. Mandarin: xīnkǔ.,adjective,laborious; hard; miserable; exhausting,,,
wt:辛苦:0,辛苦,sĭng-kū,,,,,verb,to work hard; to toil; to go through hardship,,,
wt:辛苦:0,辛苦,sĭng-kū,,,,,verb,(polite) to trouble; to bother often used to thank someone for assistance; can be used for general assistance over time or a specific act,,,
wt:辦公:0,辦公,bâing-gŭng,,,,Imported from Wiktionary (CC BY-SA 4.0): https://en.wiktionary.org/wiki/%E8%BE%A6%E5%85%AC#Chinese. Mandarin: bàngōng.,verb,to handle official business; to work especially in an office environment,办公,,
wt:辰時:0,辰時,sìng-sì,,,,Imported from Wiktionary (CC BY-SA 4.0): https://en.wiktionary.org/wiki/%E8%BE%B0%E6%99%82#Chinese. Mandarin: chénshí.,noun,the hours of the dragon (7:00am to 9:00am),辰时,,
wt:辣椒:0,辣椒,lăk-ciĕu,,,,Imported from Wiktionary (CC BY-SA 4.0): https://en.wiktionary.org/wiki/%E8%BE%A3%E6%A4%92#Chinese. Mandarin: làjiāo.,noun,chili pepper; red pepper,,,
wt:辣椒:0,辣椒,lăk-ciĕu,,,,,noun,capsicum; bell pepper,,,
wt:辯論:0,辯論,biêng-lâung,,,,Imported from Wiktionary (CC BY-SA 4.0): https://en.wiktionary.org/wiki/%E8%BE%AF%E8%AB%96#Chinese. Mandarin: biànlùn.,verb,to debate,辩论,,
wt:辯論:0,辯論,biêng-lâung,,,,,noun,debate,辩论,,
wt:辜負:0,辜負,gŭ-hô,,,,"Imported from Wiktionary (CC BY-SA 4.0): https://en.wiktionary.org/wiki/%E8%BE%9C%E8%B2%A0#Chinese. Mandarin: gūfù,tl=y.",verb,to disappoint; to fall short of others' expectations; to fail to live up to,辜负,,
wt:辭職:0,辭職,sṳ̀-cék,,,,Imported from Wiktionary (CC BY-SA 4.0): https://en.wiktionary.org/wiki/%E8%BE%AD%E8%81%B7#Chinese. Mandarin: cízhí.,verb,(intransitive) to resign from a job,辞职,,
wt:辣椒醬:0,辣椒醬,lăk-ciĕu-cuóng,,,,Imported from Wiktionary (CC BY-SA 4.0): https://en.wiktionary.org/wiki/%E8%BE%A3%E6%A4%92%E9%86%AC#Chinese. Mandarin: làjiāojiàng.,noun,red pepper paste; chili sauce,辣椒酱,,
wt:辣椒粉:0,辣椒粉,lăk-ciĕu-hūng,,,,Imported from Wiktionary (CC BY-SA 4.0): https://en.wiktionary.org/wiki/%E8%BE%A3%E6%A4%92%E7%B2%89#Chinese. Mandarin: làjiāofěn.,noun,chili powder; paprika,,,
wt:辰候:0,辰候,sèng-âu,,,,Imported from Wiktionary (CC BY-SA 4.0): https://en.wiktionary.org/wiki/%E8%BE%B0%E5%80%99#Chinese.,noun,"time the time of day; the moment in time, as indicated by a clock or similar device",,,
wt:辯駁:0,辯駁,biêng-báuk,,,,Imported from Wiktionary (CC BY-SA 4.0): https://en.wiktionary.org/wiki/%E8%BE%AF%E9%A7%81#Chinese. Mandarin: biànbó.,verb,to dispute; to refute,辩驳,,
wt:辮辮:0,辮辮,bièng-biêng,,,,Imported from Wiktionary (CC BY-SA 4.0): https://en.wiktionary.org/wiki/%E8%BE%AE%E8%BE%AE#Chinese.,noun,pigtail; plaits; braids; queue,辫辫,,
wt:農曆:0,農曆,nùng-lĭk,,,,Imported from Wiktionary (CC BY-SA 4.0): https://en.wiktionary.org/wiki/%E8%BE%B2%E6%9B%86#Chinese. Mandarin: nónglì.,noun,Chinese calendar the traditional lunisolar calendar of East Asia,农历,,
wt:農業:0,農業,nŭng-ngiĕk,,,,Imported from Wiktionary (CC BY-SA 4.0): https://en.wiktionary.org/wiki/%E8%BE%B2%E6%A5%AD#Chinese. Mandarin: nóngyè.,noun,agriculture; farming,农业,,
wt:農民:0,農民,nùng-mìng,,,,Imported from Wiktionary (CC BY-SA 4.0): https://en.wiktionary.org/wiki/%E8%BE%B2%E6%B0%91#Chinese. Mandarin: nóngmín.,noun,farmer; peasant,农民,,
wt:迅速:0,迅速,séng-sók,,,,Imported from Wiktionary (CC BY-SA 4.0): https://en.wiktionary.org/wiki/%E8%BF%85%E9%80%9F#Chinese. Mandarin: xùnsù.,adjective,rapid; quick,,,
wt:迎神:0,迎神,ngiàng-sìng,,,,Imported from Wiktionary (CC BY-SA 4.0): https://en.wiktionary.org/wiki/%E8%BF%8E%E7%A5%9E#Chinese. Mandarin: yíngshén.,noun,to welcome the gods,,,
wt:近視:0,近視,gê̤ṳng-sé,,,,"Imported from Wiktionary (CC BY-SA 4.0): https://en.wiktionary.org/wiki/%E8%BF%91%E8%A6%96#Chinese. Mandarin: jìnshì,tl=y.",noun,(pathology) myopia; nearsightedness; shortsightedness,近视,,
wt:近視:0,近視,gê̤ṳng-sé,,,,,adjective,(pathology) myopic; near-sighted; short-sighted,近视,,
wt:逆風:0,逆風,ngĭk-hŭng,,,,"Imported from Wiktionary (CC BY-SA 4.0): https://en.wiktionary.org/wiki/%E9%80%86%E9%A2%A8#Chinese. Mandarin: nìfēng,er=y.",verb,to go against the wind,逆风,,
wt:逆風:0,逆風,ngĭk-hŭng,,,,,noun,adverse wind; headwind,逆风,,
wt:迷信:0,迷信,mì-séng,,,,Imported from Wiktionary (CC BY-SA 4.0): https://en.wiktionary.org/wiki/%E8%BF%B7%E4%BF%A1#Chinese. Mandarin: míxìn.,verb,"(transitive, intransitive) to be superstitious; to hold superstitious beliefs",,,
wt:迷信:0,迷信,mì-séng,,,,,verb,"(transitive, intransitive) to have blind faith (in); to believe blindly",,,
wt:迷信:0,迷信,mì-séng,,,,,noun,superstition; superstitious belief,,,
wt:迷彩服:0,迷彩服,mì-chāi-hŭk,,,,Imported from Wiktionary (CC BY-SA 4.0): https://en.wiktionary.org/wiki/%E8%BF%B7%E5%BD%A9%E6%9C%8D#Chinese. Mandarin: mícǎifú.,noun,(military) camouflage uniform,,,
wt:退休:0,退休,tó̤i-siŭ,,,,Imported from Wiktionary (CC BY-SA 4.0): https://en.wiktionary.org/wiki/%E9%80%80%E4%BC%91#Chinese. Mandarin: tuìxiū.,verb,to retire stop working on a permanent basis,,,
wt:送禮:0,送禮,sáe̤ng-lā̤,,,,Imported from Wiktionary (CC BY-SA 4.0): https://en.wiktionary.org/wiki/%E9%80%81%E7%A6%AE#Chinese. Mandarin: sònglǐ.,verb,(intransitive) to give a gift,送礼,,
wt:送葬:0,送葬,sáe̤ng-cáung,,,,Imported from Wiktionary (CC BY-SA 4.0): https://en.wiktionary.org/wiki/%E9%80%81%E8%91%AC#Chinese. Mandarin: sòngzàng.,verb,to attend a burial; to take part in a funeral procession,,,
wt:退熱:0,退熱,tó̤i-iĕk,,,,Imported from Wiktionary (CC BY-SA 4.0): https://en.wiktionary.org/wiki/%E9%80%80%E7%86%B1#Chinese. Mandarin: tuìrè.,verb,"(transitive) to bring down a fever; to allay a fever; ⟨of a fever, intransitive⟩ to abate",退热,,
wt:逆來順受:0,逆來順受,ngĭk-lài-sông-sêu,,,,Imported from Wiktionary (CC BY-SA 4.0): https://en.wiktionary.org/wiki/%E9%80%86%E4%BE%86%E9%A0%86%E5%8F%97#Chinese. Mandarin: nìláishùnshòu.,phrase,"to meekly submit to oppression, maltreatment, etc.; to resign oneself to adversity",逆来顺受,,
wt:送客:0,送客,sáe̤ng-káh,,,,"Imported from Wiktionary (CC BY-SA 4.0): https://en.wiktionary.org/wiki/%E9%80%81%E5%AE%A2#Chinese. Mandarin: sòngkè,sòngqiě,2n=Harbin dialect.",verb,to see a visitor out,,,
wt:送客:0,送客,sáe̤ng-káh,,,,,verb,(euphemistic) to show someone the door,,,
wt:送客:0,送客,sáe̤ng-káh,,,,,verb,to give a gift,,,
wt:送親:0,送親,sáe̤ng-chĭng,,,,Imported from Wiktionary (CC BY-SA 4.0): https://en.wiktionary.org/wiki/%E9%80%81%E8%A6%AA#Chinese. Mandarin: sòngqīn.,verb,to escort the bride to the groom's home or the wedding hall of the bride's kinsfolk,送亲,,
wt:通知:0,通知,tŭng-dĭ,,,,Imported from Wiktionary (CC BY-SA 4.0): https://en.wiktionary.org/wiki/%E9%80%9A%E7%9F%A5#Chinese. Mandarin: tōngzhī.,verb,(transitive) to notify; to inform,,,
wt:通知:0,通知,tŭng-dĭ,,,,,noun,notification; announcement; notice,,,
wt:連讀:0,連讀,lièng-tĕ̤k,,,,Imported from Wiktionary (CC BY-SA 4.0): https://en.wiktionary.org/wiki/%E9%80%A3%E8%AE%80#Chinese. Mandarin: liándú.,verb,"(linguistics) to read two or more words or syllables together, especially as a contraction",连读,,
wt:連讀:0,連讀,lièng-tĕ̤k,,,,,verb,(education) to study multiple programs,连读,,
wt:連讀:0,連讀,lièng-tĕ̤k,,,,,noun,(linguistics) liaison,连读,,
wt:通用:0,通用,tŭng-ê̤ṳng,,,,Imported from Wiktionary (CC BY-SA 4.0): https://en.wiktionary.org/wiki/%E9%80%9A%E7%94%A8#Chinese. Mandarin: tōngyòng.,verb,to be in common use,,,
wt:通用:0,通用,tŭng-ê̤ṳng,,,,,adjective,(attributive) interchangeable,,,
wt:通用:0,通用,tŭng-ê̤ṳng,,,,,adjective,"(attributive, computing) interoperable",,,
wt:通用語:0,通用語,tŭng-ê̤ṳng-ngṳ̄,,,,Imported from Wiktionary (CC BY-SA 4.0): https://en.wiktionary.org/wiki/%E9%80%9A%E7%94%A8%E8%AA%9E#Chinese. Mandarin: tōngyòngyǔ.,noun,(linguistics) common language; lingua franca,通用语,,
wt:連坐:0,連坐,lièng-cô̤,,,,Imported from Wiktionary (CC BY-SA 4.0): https://en.wiktionary.org/wiki/%E9%80%A3%E5%9D%90#Chinese. Mandarin: liánzuò.,verb,to be punished for being related to or friendly with somebody who has committed an offense; to implement collective punishment; to implement punishment by association,连坐,,
wt:逍遙:0,逍遙,siĕu-ièu,,,,Imported from Wiktionary (CC BY-SA 4.0): https://en.wiktionary.org/wiki/%E9%80%8D%E9%81%99#Chinese. Mandarin: xiāoyáo.,verb,to stroll relaxingly; to walk leisurely; to wander in a carefree manner; to saunter about,逍遥,,
wt:逍遙:0,逍遙,siĕu-ièu,,,,,verb,to pace back and forth; to dither,逍遥,,
wt:逍遙:0,逍遙,siĕu-ièu,,,,,verb,to relish; to appreciate; to delight in,逍遥,,
wt:逍遙:0,逍遙,siĕu-ièu,,,,,adjective,"(often in, Chinese philosophy) free and unfettered; carefree; untroubled",逍遥,,
wt:逐日:0,逐日,dṳ̆k-nĭk,,,,Imported from Wiktionary (CC BY-SA 4.0): https://en.wiktionary.org/wiki/%E9%80%90%E6%97%A5#Chinese.,adverb,every day; daily,,,
wt:透日:0,透日,táu-nĭk,,,,Imported from Wiktionary (CC BY-SA 4.0): https://en.wiktionary.org/wiki/%E9%80%8F%E6%97%A5#Chinese.,noun,the whole day; all day long; all the time,,,
wt:通書:0,通書,tŭng-cṳ̆,,,,Imported from Wiktionary (CC BY-SA 4.0): https://en.wiktionary.org/wiki/%E9%80%9A%E6%9B%B8#Chinese. Mandarin: tōngshū.,noun,almanac; ephemeris,通书,,
wt:通書:0,通書,tŭng-cṳ̆,,,,,noun,(dated) notice from the bridegroom's family to the bride's on the wedding date,通书,,
wt:通用拼音:0,通用拼音,tŭng-ê̤ṳng pĭng-ĭng,,,,Imported from Wiktionary (CC BY-SA 4.0): https://en.wiktionary.org/wiki/%E9%80%9A%E7%94%A8%E6%8B%BC%E9%9F%B3#Chinese. Mandarin: tōngyòng pīnyīn.,noun,Tongyong Pinyin a romanization system for Mandarin Chinese used in Taiwan (the ROC),,,
wt:連眼:0,連眼,lièng-ngāng,,,,Imported from Wiktionary (CC BY-SA 4.0): https://en.wiktionary.org/wiki/%E9%80%A3%E7%9C%BC#Chinese.,adverb,just; just now; a moment ago,连眼,,
wt:連刻:0,連刻,lièng-káik,,,,Imported from Wiktionary (CC BY-SA 4.0): https://en.wiktionary.org/wiki/%E9%80%A3%E5%88%BB#Chinese.,adverb,just; just now; a moment ago,连刻,,
wt:連刻:0,連刻,lièng-káik,,,,,adverb,at once; immediately,连刻,,
wt:通朧:0,通朧,tĕ̤ng-lè̤ng,,,,Imported from Wiktionary (CC BY-SA 4.0): https://en.wiktionary.org/wiki/%E9%80%9A%E6%9C%A7#Chinese.,adjective,"bright, brightly lit",通胧,,
wt:通朧:0,通朧,tĕ̤ng-lè̤ng,,,,,adjective,"candid, reasonable, positive of personality",通胧,,
wt:通朧:0,通朧,tĕ̤ng-lè̤ng,,,,,adjective,"bright, clever, agile",通胧,,
wt:連勢:0,連勢,lièng-sié,,,,Imported from Wiktionary (CC BY-SA 4.0): https://en.wiktionary.org/wiki/%E9%80%A3%E5%8B%A2#Chinese.,adverb,incidentally; conveniently; in passing,连势,,
wt:遊戲:0,遊戲,iù-hié,,,,Imported from Wiktionary (CC BY-SA 4.0): https://en.wiktionary.org/wiki/%E9%81%8A%E6%88%B2#Chinese. Mandarin: yóuxì.,noun,"game playful or competitive activity, except sport",游戏,,
wt:遊戲:0,遊戲,iù-hié,,,,,verb,to play,游戏,,
wt:進化:0,進化,céng-huá,,,,Imported from Wiktionary (CC BY-SA 4.0): https://en.wiktionary.org/wiki/%E9%80%B2%E5%8C%96#Chinese. Mandarin: jìnhuà.,noun,evolution,进化,,
wt:進化:0,進化,céng-huá,,,,,verb,to evolve,进化,,
wt:過去:0,過去,guó-kó̤,,,,Imported from Wiktionary (CC BY-SA 4.0): https://en.wiktionary.org/wiki/%E9%81%8E%E5%8E%BB#Chinese. Mandarin: guòqù.,noun,past,过去,,
wt:過去:0,過去,guó-kó̤,,,,,verb,to go over; to pass by,过去,,
wt:過去:0,過去,guó-kó̤,,,,,verb,to have already happened; to be in the past,过去,,
wt:過去:0,過去,guó-kó̤,,,,,verb,(euphemistic) to die; to pass away,过去,,
wt:道路:0,道路,dô̤-lô,,,,"Imported from Wiktionary (CC BY-SA 4.0): https://en.wiktionary.org/wiki/%E9%81%93%E8%B7%AF#Chinese. Mandarin: dàolù,tl=y.",noun,"(literally, figuratively) road",,,
wt:道路:0,道路,dô̤-lô,,,,,noun,"(literally, figuratively) path; way; trail",,,
wt:運動:0,運動,ông-dông,,,,"Imported from Wiktionary (CC BY-SA 4.0): https://en.wiktionary.org/wiki/%E9%81%8B%E5%8B%95#Chinese. Mandarin: yùndòng,tl=y.",verb,to exercise; to move about,运动,,
wt:運動:0,運動,ông-dông,,,,,verb,to get things done by pulling strings,运动,,
wt:運動:0,運動,ông-dông,,,,,noun,sports; athletics; exercise; game,运动,,
wt:運動:0,運動,ông-dông,,,,,noun,(physics) movement; motion,运动,,
wt:運動:0,運動,ông-dông,,,,,noun,(politics) movement; campaign,运动,,
wt:運動:0,運動,ông-dông,,,,,adjective,(biology) motor,运动,,
wt:進化論:0,進化論,céng-huá-lâung,,,,Imported from Wiktionary (CC BY-SA 4.0): https://en.wiktionary.org/wiki/%E9%80%B2%E5%8C%96%E8%AB%96#Chinese. Mandarin: jìnhuàlùn.,noun,theory of evolution,进化论,,
wt:道士:0,道士,dô̤,,,,"Imported from Wiktionary (CC BY-SA 4.0): https://en.wiktionary.org/wiki/%E9%81%93%E5%A3%AB#Chinese. Mandarin: dàoshì,tl=y. Pronounced dò̤-dâi.",noun,"daoshi, a Taoist priest",,,
wt:運河:0,運河,ông-ò̤,,,,Imported from Wiktionary (CC BY-SA 4.0): https://en.wiktionary.org/wiki/%E9%81%8B%E6%B2%B3#Chinese. Mandarin: yùnhé.,noun,canal,运河,,
wt:過世:0,過世,guó-sié,,,,Imported from Wiktionary (CC BY-SA 4.0): https://en.wiktionary.org/wiki/%E9%81%8E%E4%B8%96#Chinese. Mandarin: guòshì.,verb,to die; to pass away,过世,,
wt:運動會:0,運動會,ông-dông-huôi,,,,Imported from Wiktionary (CC BY-SA 4.0): https://en.wiktionary.org/wiki/%E9%81%8B%E5%8B%95%E6%9C%83#Chinese. Mandarin: yùndònghuì.,noun,sports event; games,运动会,,
wt:運轉:0,運轉,ông-diōng,,,,Imported from Wiktionary (CC BY-SA 4.0): https://en.wiktionary.org/wiki/%E9%81%8B%E8%BD%89#Chinese. Mandarin: yùnzhuǎn.,verb,(intransitive) to revolve; to orbit; to turn on an axis,运转,,
wt:運轉:0,運轉,ông-diōng,,,,,verb,(intransitive) to operate; to run,运转,,
wt:運轉:0,運轉,ông-diōng,,,,,verb,(of fortune) to turn; to have a lucky break,运转,,
wt:運轉:0,運轉,ông-diōng,,,,,verb,(intransitive) to take public transport (for traveling or experience),运转,,
wt:運轉:0,運轉,ông-diōng,,,,,noun,revolution; turning on an axis,运转,,
wt:運轉:0,運轉,ông-diōng,,,,,noun,operation of a machine; running of a business,运转,,
wt:過後:0,過後,guó-âu,,,,Imported from Wiktionary (CC BY-SA 4.0): https://en.wiktionary.org/wiki/%E9%81%8E%E5%BE%8C#Chinese. Mandarin: guòhòu.,adverb,afterwards; later,过后,,
wt:過後:0,過後,guó-âu,,,,,verb,to pass away,过后,,
wt:運數:0,運數,ông-só,,,,"Imported from Wiktionary (CC BY-SA 4.0): https://en.wiktionary.org/wiki/%E9%81%8B%E6%95%B8#Chinese. Mandarin: yùnshù,tl=y.",noun,fate; fortune; luck,运数,,
wt:過水:0,過水,guó-cuōi,,,,Imported from Wiktionary (CC BY-SA 4.0): https://en.wiktionary.org/wiki/%E9%81%8E%E6%B0%B4#Chinese. Mandarin: guòshuǐ.,verb,to dunk hot noodles in cool water before serving them,过水,,
wt:過水:0,過水,guó-cuōi,,,,,verb,to rinse (clothes); to wash out,过水,,
wt:過水:0,過水,guó-cuōi,,,,,verb,(mahjong) to relinquish one's chance of completing a hand,过水,,
wt:過水:0,過水,guó-cuōi,,,,,verb,"(obsolete, vulgar) to have sexual intercourse",过水,,
wt:逾越:0,逾越,ṳ̀-uŏk,,,,Imported from Wiktionary (CC BY-SA 4.0): https://en.wiktionary.org/wiki/%E9%80%BE%E8%B6%8A#Chinese. Mandarin: yúyuè.,verb,to exceed; to go beyond,,,
wt:過雲雨:0,過雲雨,guó-hùng-ṳ̄,,,,Imported from Wiktionary (CC BY-SA 4.0): https://en.wiktionary.org/wiki/%E9%81%8E%E9%9B%B2%E9%9B%A8#Chinese. Mandarin: guòyúnyǔ.,noun,rain shower,过云雨,,
wt:邂逅:0,邂逅,hâi-hâiu,,,,Imported from Wiktionary (CC BY-SA 4.0): https://en.wiktionary.org/wiki/%E9%82%82%E9%80%85#Chinese. Mandarin: xiè逅.,verb,to run into somebody by chance usually pleasantly; to encounter coincidentally,,,
wt:邂逅:0,邂逅,hâi-hâiu,,,,,adjective,joyous and carefree,,,
wt:邂逅:0,邂逅,hâi-hâiu,,,,,adjective,accidental; coincidental; adventitious,,,
wt:選舉:0,選舉,sōng-gṳ̄,,,,Imported from Wiktionary (CC BY-SA 4.0): https://en.wiktionary.org/wiki/%E9%81%B8%E8%88%89#Chinese. Mandarin: xuǎnjǔ.,verb,to elect to choose someone by voting,选举,,
wt:選舉:0,選舉,sōng-gṳ̄,,,,,verb,"(historical, Classical) to nominate for an official post",选举,,
wt:遠視:0,遠視,uōng-sé,,,,Imported from Wiktionary (CC BY-SA 4.0): https://en.wiktionary.org/wiki/%E9%81%A0%E8%A6%96#Chinese. Mandarin: yuǎnshì.,noun,(pathology) hyperopia; farsightedness,远视,,
wt:遠視:0,遠視,uōng-sé,,,,,adjective,(pathology) hyperopic; farsighted,远视,,
wt:避暑:0,避暑,biê-sṳ̄,,,,Imported from Wiktionary (CC BY-SA 4.0): https://en.wiktionary.org/wiki/%E9%81%BF%E6%9A%91#Chinese. Mandarin: bìshǔ.,verb,to dispel summer heat; to beat the heat,,,
wt:避暑:0,避暑,biê-sṳ̄,,,,,verb,to prevent heat stroke,,,
wt:邊兜:0,邊兜,biĕng-dău,,,,Imported from Wiktionary (CC BY-SA 4.0): https://en.wiktionary.org/wiki/%E9%82%8A%E5%85%9C#Chinese.,noun,side; beside; to the side,边兜,,
wt:郵件:0,郵件,iù-giông,,,,Imported from Wiktionary (CC BY-SA 4.0): https://en.wiktionary.org/wiki/%E9%83%B5%E4%BB%B6#Chinese. Mandarin: yóujiàn.,noun,"mail; item of post (classifier: 封, 件, 個)",邮件,,
wt:郵件:0,郵件,iù-giông,,,,,noun,short for 電子郵件,邮件,,
wt:郊區:0,郊區,gău-kṳ̆,,,,Imported from Wiktionary (CC BY-SA 4.0): https://en.wiktionary.org/wiki/%E9%83%8A%E5%8D%80#Chinese. Mandarin: jiāoqū.,noun,(countable) suburb,郊区,,
wt:郊區:0,郊區,gău-kṳ̆,,,,,noun,(uncountable) outskirts,郊区,,
wt:郎爸:0,郎爸,nòng-bâ,,,,Imported from Wiktionary (CC BY-SA 4.0): https://en.wiktionary.org/wiki/%E9%83%8E%E7%88%B8#Chinese. Mandarin: lángbà. Other readings: lòng-bâ.,noun,(non-face-to-face) father,,,
wt:郎爸囝:0,郎爸囝,nông-bâ-giāng,,,,Imported from Wiktionary (CC BY-SA 4.0): https://en.wiktionary.org/wiki/%E9%83%8E%E7%88%B8%E5%9B%9D#Chinese.,noun,father and son,,,
wt:部分:0,部分,buô-hông,,,,"Imported from Wiktionary (CC BY-SA 4.0): https://en.wiktionary.org/wiki/%E9%83%A8%E5%88%86#Chinese. Mandarin: bùfen,er=y.",noun,part; section; segment; portion,,,
wt:都市:0,都市,dŭ-chê,,,,Imported from Wiktionary (CC BY-SA 4.0): https://en.wiktionary.org/wiki/%E9%83%BD%E5%B8%82#Chinese. Mandarin: dūshì.,noun,metropolis; major city,,,
wt:郵局:0,郵局,iù-guŏk,,,,Imported from Wiktionary (CC BY-SA 4.0): https://en.wiktionary.org/wiki/%E9%83%B5%E5%B1%80#Chinese. Mandarin: yóujú.,noun,post office,邮局,,
wt:郵票:0,郵票,iù-piéu,,,,Imported from Wiktionary (CC BY-SA 4.0): https://en.wiktionary.org/wiki/%E9%83%B5%E7%A5%A8#Chinese. Mandarin: yóupiào.,noun,(countable) postage stamp,邮票,,
wt:鄉下:0,鄉下,hiŏng-â,,,,"Imported from Wiktionary (CC BY-SA 4.0): https://en.wiktionary.org/wiki/%E9%84%89%E4%B8%8B#Chinese. Mandarin: xiāngxia,xiāngxià,1nb=Mainland China,2nb=Taiwan.",noun,the countryside; the country; rural area,乡下,,
wt:鄉下:0,鄉下,hiŏng-â,,,,,noun,(somewhat) hometown; native land,乡下,,
wt:酒店:0,酒店,ciū-dáing,,,,Imported from Wiktionary (CC BY-SA 4.0): https://en.wiktionary.org/wiki/%E9%85%92%E5%BA%97#Chinese. Mandarin: jiǔdiàn.,noun,hotel; inn,,,
wt:酒店:0,酒店,ciū-dáing,,,,,noun,bar; pub; tavern,,,
wt:酒店:0,酒店,ciū-dáing,,,,,noun,liquor store; bottle shop,,,
wt:部署:0,部署,buô-sṳ̄,,,,Imported from Wiktionary (CC BY-SA 4.0): https://en.wiktionary.org/wiki/%E9%83%A8%E7%BD%B2#Chinese. Mandarin: bù署.,verb,"(military, figurative) to lay out; to deploy; to arrange",,,
wt:部位:0,部位,buô-ôi,,,,Imported from Wiktionary (CC BY-SA 4.0): https://en.wiktionary.org/wiki/%E9%83%A8%E4%BD%8D#Chinese. Mandarin: bùwèi.,noun,region; site; location; position; place,,,
wt:部位:0,部位,buô-ôi,,,,,noun,part of a larger thing; component,,,
wt:鄉下佬:0,鄉下佬,hiŏng-â-lē̤,,,,"Imported from Wiktionary (CC BY-SA 4.0): https://en.wiktionary.org/wiki/%E9%84%89%E4%B8%8B%E4%BD%AC#Chinese. Mandarin: xiāngxiàlǎo,er=y.",noun,(derogatory) country bumpkin; yokel,乡下佬,,
wt:酒窟:0,酒窟,ciū-káuk,,,,Imported from Wiktionary (CC BY-SA 4.0): https://en.wiktionary.org/wiki/%E9%85%92%E7%AA%9F#Chinese. Pronounced kók.,noun,dimple skin depression on the cheek,,,
wt:酒甕:0,酒甕,ciū-áe̤ng,,,,Imported from Wiktionary (CC BY-SA 4.0): https://en.wiktionary.org/wiki/%E9%85%92%E7%94%95#Chinese. Mandarin: jiǔwèng.,noun,wine jar,酒瓮,,
wt:酒盅:0,酒盅,ciū-cṳ̆ng,,,,"Imported from Wiktionary (CC BY-SA 4.0): https://en.wiktionary.org/wiki/%E9%85%92%E7%9B%85#Chinese. Mandarin: jiǔzhōng,er=y. Pronounced ṳ̆ng.",noun,small alcohol drinkware,,,
wt:酒罌:0,酒罌,ciū-ĭng,,,,Imported from Wiktionary (CC BY-SA 4.0): https://en.wiktionary.org/wiki/%E9%85%92%E7%BD%8C#Chinese. Mandarin: jiǔyīng.,noun,large pottery container for alcohol; wine jar,酒罂,,
wt:醫院:0,醫院,ĭ-iêng,,,,Imported from Wiktionary (CC BY-SA 4.0): https://en.wiktionary.org/wiki/%E9%86%AB%E9%99%A2#Chinese. Mandarin: yīyuàn.,noun,hospital; polyclinic; general hospital,医院,,
wt:重要:0,重要,dê̤ṳng-iéu,,,,Imported from Wiktionary (CC BY-SA 4.0): https://en.wiktionary.org/wiki/%E9%87%8D%E8%A6%81#Chinese. Mandarin: zhòngyào.,adjective,important; significant; major,,,
wt:醫生:0,醫生,ĭ-sĕng,,,,"Imported from Wiktionary (CC BY-SA 4.0): https://en.wiktionary.org/wiki/%E9%86%AB%E7%94%9F#Chinese. Mandarin: yīshēng,tl=y.",noun,doctor; physician and surgeon; medical practitioner,医生,,
wt:醫學:0,醫學,ĭ-hŏk,,,,Imported from Wiktionary (CC BY-SA 4.0): https://en.wiktionary.org/wiki/%E9%86%AB%E5%AD%B8#Chinese. Mandarin: yīxué.,noun,medicine the academic discipline; medical science,医学,,
wt:重慶:0,重慶,Tṳ̀ng-kéng,,,,Imported from Wiktionary (CC BY-SA 4.0): https://en.wiktionary.org/wiki/%E9%87%8D%E6%85%B6#Chinese. Mandarin: Chóngqìng. Other readings: Dṳ̀ng-kéng.,noun,survival of one's parents and grandparents,重庆,,
wt:重慶:0,重慶,Tṳ̀ng-kéng,,,,,verb,to celebrate again,重庆,,
wt:醫生館:0,醫生館,ĭ-sĕng-guāng,,,,Imported from Wiktionary (CC BY-SA 4.0): https://en.wiktionary.org/wiki/%E9%86%AB%E7%94%9F%E9%A4%A8#Chinese.,noun,(dated) hospital,医生馆,,
wt:醋心:0,醋心,chó-sĭng,,,,Imported from Wiktionary (CC BY-SA 4.0): https://en.wiktionary.org/wiki/%E9%86%8B%E5%BF%83#Chinese. Mandarin: cùxīn.,noun,feeling of jealousy especially in love rivalry,,,
wt:醫館:0,醫館,ĭ-guāng,,,,Imported from Wiktionary (CC BY-SA 4.0): https://en.wiktionary.org/wiki/%E9%86%AB%E9%A4%A8#Chinese.,noun,(dated) hospital,医馆,,
wt:重價:0,重價,dâe̤ng-gá,,,,Imported from Wiktionary (CC BY-SA 4.0): https://en.wiktionary.org/wiki/%E9%87%8D%E5%83%B9#Chinese. Mandarin: zhòngjià.,noun,high price,重价,,
wt:醫生姐:0,醫生姐,ĭ-sĕng-ciā,,,,Imported from Wiktionary (CC BY-SA 4.0): https://en.wiktionary.org/wiki/%E9%86%AB%E7%94%9F%E5%A7%90#Chinese.,noun,nurse person trained to provide care for the sick,医生姐,,
wt:金星:0,金星,Gĭng-sĭng,,,,Imported from Wiktionary (CC BY-SA 4.0): https://en.wiktionary.org/wiki/%E9%87%91%E6%98%9F#Chinese. Mandarin: Jīnxīng.,noun,golden star,,,
wt:金星:0,金星,Gĭng-sĭng,,,,,noun,"star that one sees from blows to the head, etc.",,,
wt:金錢:0,金錢,gĭng-cièng,,,,Imported from Wiktionary (CC BY-SA 4.0): https://en.wiktionary.org/wiki/%E9%87%91%E9%8C%A2#Chinese. Mandarin: jīnqián.,noun,money; currency,金钱,,
wt:金屬:0,金屬,gĭng-sṳ̆k,,,,Imported from Wiktionary (CC BY-SA 4.0): https://en.wiktionary.org/wiki/%E9%87%91%E5%B1%AC#Chinese. Mandarin: jīnshǔ.,noun,metal shiny and opaque substance that can conduct heat and electricity,金属,,
wt:金屬:0,金屬,gĭng-sṳ̆k,,,,,noun,(music genre) metal subtype of rock music,金属,,
wt:野獸:0,野獸,iā-séu,,,,Imported from Wiktionary (CC BY-SA 4.0): https://en.wiktionary.org/wiki/%E9%87%8E%E7%8D%B8#Chinese. Mandarin: yěshòu.,noun,wild animal; wild beast,野兽,,
wt:野獸:0,野獸,iā-séu,,,,,noun,(figurative) cruel and nasty person,野兽,,
wt:金瓜:0,金瓜,gĭng-guă,,,,Imported from Wiktionary (CC BY-SA 4.0): https://en.wiktionary.org/wiki/%E9%87%91%E7%93%9C#Chinese. Mandarin: jīnguā.,noun,Gymnopetalum chinense,,,
wt:金瓜:0,金瓜,gĭng-guă,,,,,noun,pumpkin,,,
wt:金瓜:0,金瓜,gĭng-guă,,,,,noun,cucumber,,,
wt:金瓜:0,金瓜,gĭng-guă,,,,,noun,(historical) golden mace with a gourd-shaped head,,,
wt:金龜:0,金龜,gĭng-guŏi,,,,Imported from Wiktionary (CC BY-SA 4.0): https://en.wiktionary.org/wiki/%E9%87%91%E9%BE%9C#Chinese. Mandarin: jīnguī.,noun,golden turtle,金龟,,
wt:金龜:0,金龜,gĭng-guŏi,,,,,noun,"turtle-shaped handle on a golden seal, or the golden seal itself",金龟,,
wt:金龜:0,金龜,gĭng-guŏi,,,,,noun,(historical) golden turtle emblem worn by Tang Dynasty officials who were in the third rank or above,金龟,,
wt:金龜:0,金龜,gĭng-guŏi,,,,,noun,(figurative) adornments; embellishment; jewellery,金龟,,
wt:金龜:0,金龜,gĭng-guŏi,,,,,noun,scarab,金龟,,
wt:野貓:0,野貓,iā-mà,,,,Imported from Wiktionary (CC BY-SA 4.0): https://en.wiktionary.org/wiki/%E9%87%8E%E8%B2%93#Chinese. Mandarin: yěmāo.,noun,wildcat,野猫,,
wt:野貓:0,野貓,iā-mà,,,,,noun,stray cat,野猫,,
wt:野貓:0,野貓,iā-mà,,,,,noun,hare,野猫,,
wt:野貓:0,野貓,iā-mà,,,,,noun,Siberian weasel (Mustela sibirica species),野猫,,
wt:野貓:0,野貓,iā-mà,,,,,noun,(Xianyou) prostitute,野猫,,
wt:野濟:0,野濟,iā-sâ̤,,,,Imported from Wiktionary (CC BY-SA 4.0): https://en.wiktionary.org/wiki/%E9%87%8E%E6%BF%9F#Chinese.,adjective,many; a lot,野济,,
wt:金豆:0,金豆,gĭng-dâu,,,,Imported from Wiktionary (CC BY-SA 4.0): https://en.wiktionary.org/wiki/%E9%87%91%E8%B1%86#Chinese. Mandarin: jīndòu.,noun,golden bean kumquat,,,
wt:金豆:0,金豆,gĭng-dâu,,,,,noun,pea Pisum sativum species,,,
wt:金豆:0,金豆,gĭng-dâu,,,,,noun,corn; maize,,,
wt:野講:0,野講,iā-gōng,,,,Imported from Wiktionary (CC BY-SA 4.0): https://en.wiktionary.org/wiki/%E9%87%8E%E8%AC%9B#Chinese.,verb,"to tell a lie, to lie",野讲,,
wt:金鐲:0,金鐲,gĭng-sŏk,,,,Imported from Wiktionary (CC BY-SA 4.0): https://en.wiktionary.org/wiki/%E9%87%91%E9%90%B2#Chinese. Mandarin: jīnzhuó.,noun,gold bracelet,金镯,,
wt:野燕:0,野燕,iā-iéng,,,,Imported from Wiktionary (CC BY-SA 4.0): https://en.wiktionary.org/wiki/%E9%87%8E%E7%87%95#Chinese.,noun,bat small flying mammal of order Chiroptera order,,,
wt:野囝:0,野囝,iā-giāng,,,,Imported from Wiktionary (CC BY-SA 4.0): https://en.wiktionary.org/wiki/%E9%87%8E%E5%9B%9D#Chinese.,noun,naughty child,,,
wt:野行:0,野行,iā-òng,,,,Imported from Wiktionary (CC BY-SA 4.0): https://en.wiktionary.org/wiki/%E9%87%8E%E8%A1%8C#Chinese.,adverb,for a long time,,,
wt:釣魚:0,釣魚,diéu-ngṳ̀,,,,Imported from Wiktionary (CC BY-SA 4.0): https://en.wiktionary.org/wiki/%E9%87%A3%E9%AD%9A#Chinese. Mandarin: diàoyú.,verb,to fish; to angle,钓鱼,,
wt:釣魚:0,釣魚,diéu-ngṳ̀,,,,,verb,(figurative) to dupe; to trick; to deceive; to catfish,钓鱼,,
wt:釣魚:0,釣魚,diéu-ngṳ̀,,,,,verb,"(figurative, of the police) to entrap someone; to enforce the law by framing a case against the captured",钓鱼,,
wt:釣魚:0,釣魚,diéu-ngṳ̀,,,,,verb,"(computing, figurative) to phish",钓鱼,,
wt:釣魚:0,釣魚,diéu-ngṳ̀,,,,,verb,"(intransitive, internet slang, figurative) to troll",钓鱼,,
wt:釣魚竿:0,釣魚竿,diéu-ngṳ̀-găng,,,,Imported from Wiktionary (CC BY-SA 4.0): https://en.wiktionary.org/wiki/%E9%87%A3%E9%AD%9A%E7%AB%BF#Chinese. Mandarin: diàoyúgān.,noun,fishing rod; fishing pole,钓鱼竿,,
wt:釣魚鉤:0,釣魚鉤,diéu-ngṳ̀-gău,,,,"Imported from Wiktionary (CC BY-SA 4.0): https://en.wiktionary.org/wiki/%E9%87%A3%E9%AD%9A%E9%89%A4#Chinese. Mandarin: diàoyúgōu,er=y.",noun,hook for fishing; fishhook,钓鱼钩,,
wt:鉛筆:0,鉛筆,iòng-bék,,,,Imported from Wiktionary (CC BY-SA 4.0): https://en.wiktionary.org/wiki/%E9%89%9B%E7%AD%86#Chinese. Mandarin: qiānbǐ.,noun,"pencil; lead pencil (classifier: 枝, 支, 根)",铅笔,,
wt:鉛筆:0,鉛筆,iòng-bék,,,,,noun,"pen made from white lead, used to correct mistakes (classifier: 枝)",铅笔,,
wt:鉤耳爿:0,鉤耳爿,gău-ngê-bèng,,,,Imported from Wiktionary (CC BY-SA 4.0): https://en.wiktionary.org/wiki/%E9%89%A4%E8%80%B3%E7%88%BF#Chinese.,noun,阝 on either side of the character.,钩耳爿,,
wt:鉗囝:0,鉗囝,kìng-giāng,,,,Imported from Wiktionary (CC BY-SA 4.0): https://en.wiktionary.org/wiki/%E9%89%97%E5%9B%9D#Chinese.,noun,pliers; pincers,钳囝,,
wt:鉛筆𢯽:0,鉛筆𢯽,iòng-bék-chó̤,,,,Imported from Wiktionary (CC BY-SA 4.0): https://en.wiktionary.org/wiki/%E9%89%9B%E7%AD%86%F0%A2%AF%BD#Chinese.,noun,"eraser, rubber",铅笔𢯽,,
wt:銀行:0,銀行,ngṳ̀ng-òng,,,,Imported from Wiktionary (CC BY-SA 4.0): https://en.wiktionary.org/wiki/%E9%8A%80%E8%A1%8C#Chinese. Mandarin: yínháng.,noun,bank financial institution,银行,,
wt:銀行:0,銀行,ngṳ̀ng-òng,,,,,noun,(archaic) jewellery dealer,银行,,
wt:鉸刀:0,鉸刀,gă-dŏ̤,,,,Imported from Wiktionary (CC BY-SA 4.0): https://en.wiktionary.org/wiki/%E9%89%B8%E5%88%80#Chinese. Mandarin: jiǎodāo.,noun,reamer,铰刀,,
wt:銃子:0,銃子,ché̤ṳng-cī,,,,Imported from Wiktionary (CC BY-SA 4.0): https://en.wiktionary.org/wiki/%E9%8A%83%E5%AD%90#Chinese. Mandarin: chòngzi.,noun,(mechanics) drill,铳子,,
wt:鉸刀剪:0,鉸刀剪,gă-dŏ̤-cēng,,,,Imported from Wiktionary (CC BY-SA 4.0): https://en.wiktionary.org/wiki/%E9%89%B8%E5%88%80%E5%89%AA#Chinese.,noun,scissors,铰刀剪,,
wt:鉸刀剪:0,鉸刀剪,gă-dŏ̤-cēng,,,,,noun,newly cut clothing,铰刀剪,,
wt:鉸刀囝:0,鉸刀囝,gă-dŏ̤-giāng,,,,Imported from Wiktionary (CC BY-SA 4.0): https://en.wiktionary.org/wiki/%E9%89%B8%E5%88%80%E5%9B%9D#Chinese.,noun,small scissors,铰刀囝,,
wt:銜頭:0,銜頭,hàng-tàu,,,,Imported from Wiktionary (CC BY-SA 4.0): https://en.wiktionary.org/wiki/%E9%8A%9C%E9%A0%AD#Chinese. Mandarin: xiántóu.,noun,"title as a sign of rank, profession, etc.",衔头,,
wt:鉸布:0,鉸布,gă-buó,,,,Imported from Wiktionary (CC BY-SA 4.0): https://en.wiktionary.org/wiki/%E9%89%B8%E5%B8%83#Chinese.,noun,to buy cloth,铰布,,
wt:銜恨:0,銜恨,gàng-hâung,,,,Imported from Wiktionary (CC BY-SA 4.0): https://en.wiktionary.org/wiki/%E9%8A%9C%E6%81%A8#Chinese. Mandarin: xiánhèn.,verb,to nurse a grievance; to bear a grudge; to harbor resentment,衔恨,,
wt:鋤頭:0,鋤頭,tṳ̀-tàu,,,,Imported from Wiktionary (CC BY-SA 4.0): https://en.wiktionary.org/wiki/%E9%8B%A4%E9%A0%AD#Chinese. Mandarin: chútou.,noun,(countable) hoe,锄头,,
wt:鍛鍊:0,鍛鍊,duáng-liêng,,,,"Imported from Wiktionary (CC BY-SA 4.0): https://en.wiktionary.org/wiki/%E9%8D%9B%E9%8D%8A#Chinese. Mandarin: duànliàn,tl=y.",verb,to do physical exercise; to work out,锻炼,,
wt:鍛鍊:0,鍛鍊,duáng-liêng,,,,,verb,to temper; to steel; to forge,锻炼,,
wt:鍛鍊:0,鍛鍊,duáng-liêng,,,,,verb,to toughen,锻炼,,
wt:鋼琴:0,鋼琴,gáung-kìng,,,,Imported from Wiktionary (CC BY-SA 4.0): https://en.wiktionary.org/wiki/%E9%8B%BC%E7%90%B4#Chinese. Mandarin: gāngqín.,noun,piano,钢琴,,
wt:鋼筆:0,鋼筆,gáung-bék,,,,Imported from Wiktionary (CC BY-SA 4.0): https://en.wiktionary.org/wiki/%E9%8B%BC%E7%AD%86#Chinese. Mandarin: gāngbǐ.,noun,ink pen; fountain pen,钢笔,,
wt:錦囊:0,錦囊,gīng-nòng,,,,Imported from Wiktionary (CC BY-SA 4.0): https://en.wiktionary.org/wiki/%E9%8C%A6%E5%9B%8A#Chinese. Mandarin: jǐnnáng.,noun,"(historical) silk brocade bag for storing draft poems, classified documents, and other precious items",锦囊,,
wt:鍋貼:0,鍋貼,guŏ-táik,,,,"Imported from Wiktionary (CC BY-SA 4.0): https://en.wiktionary.org/wiki/%E9%8D%8B%E8%B2%BC#Chinese. Mandarin: guōtiē,er=y.",noun,(food) potsticker a Chinese-style pan-fried dumpling,锅贴,,
wt:鍋貼:0,鍋貼,guŏ-táik,,,,,noun,(jokingly) slap on the face,锅贴,,
wt:鋼筋:0,鋼筋,gáung-gṳ̆ng,,,,Imported from Wiktionary (CC BY-SA 4.0): https://en.wiktionary.org/wiki/%E9%8B%BC%E7%AD%8B#Chinese. Mandarin: gāngjīn.,noun,rebar steel reinforcement bar,钢筋,,
wt:鋸齒:0,鋸齒,gé̤ṳ-kī,,,,"Imported from Wiktionary (CC BY-SA 4.0): https://en.wiktionary.org/wiki/%E9%8B%B8%E9%BD%92#Chinese. Mandarin: jùchǐ,er=y.",noun,sawtooth,锯齿,,
wt:鋸齒:0,鋸齒,gé̤ṳ-kī,,,,,noun,(computer graphics) aliasing,锯齿,,
wt:鋸鑢:0,鋸鑢,gé̤ṳ-ló̤,,,,Imported from Wiktionary (CC BY-SA 4.0): https://en.wiktionary.org/wiki/%E9%8B%B8%E9%91%A2#Chinese.,noun,file hand tool,锯𮣶,,
wt:錢利:0,錢利,cièng-lé,,,,Imported from Wiktionary (CC BY-SA 4.0): https://en.wiktionary.org/wiki/%E9%8C%A2%E5%88%A9#Chinese.,noun,(finance) interest on mortgages or savings,钱利,,
wt:錢息:0,錢息,cièng-sék,,,,Imported from Wiktionary (CC BY-SA 4.0): https://en.wiktionary.org/wiki/%E9%8C%A2%E6%81%AF#Chinese.,noun,(finance) interest on mortgages or savings,钱息,,
wt:鍋鍋:0,鍋鍋,guŏ-guŏ,,,,Imported from Wiktionary (CC BY-SA 4.0): https://en.wiktionary.org/wiki/%E9%8D%8B%E9%8D%8B#Chinese. Mandarin: guōguō.,noun,"(neologism, Internet slang, humorous, cute-sounding) alternative form of 哥哥 (elder brother; big brother)",锅锅,,
wt:鍋鍋:0,鍋鍋,guŏ-guŏ,,,,,noun,aluminium pot,锅锅,,
wt:鍋鍋:0,鍋鍋,guŏ-guŏ,,,,,noun,iron can,锅锅,,
wt:鋸糠:0,鋸糠,gṳ́-gŏng,,,,Imported from Wiktionary (CC BY-SA 4.0): https://en.wiktionary.org/wiki/%E9%8B%B8%E7%B3%A0#Chinese.,noun,sawdust,锯糠,,
wt:錢紙:0,錢紙,cièng-cāi,,,,Imported from Wiktionary (CC BY-SA 4.0): https://en.wiktionary.org/wiki/%E9%8C%A2%E7%B4%99#Chinese. Mandarin: qiánzhǐ.,noun,joss paper; paper made to resemble money and burned as an offering to the dead or for gods,钱纸,,
wt:錢紙:0,錢紙,cièng-cāi,,,,,noun,a kind of plain idol paper,钱纸,,
wt:錢鈔:0,錢鈔,cièng-chá,,,,Imported from Wiktionary (CC BY-SA 4.0): https://en.wiktionary.org/wiki/%E9%8C%A2%E9%88%94#Chinese. Mandarin: qiánchāo.,noun,money,钱钞,,
wt:鎮壓:0,鎮壓,déng-ák,,,,Imported from Wiktionary (CC BY-SA 4.0): https://en.wiktionary.org/wiki/%E9%8E%AE%E5%A3%93#Chinese. Mandarin: zhènyā.,verb,to suppress; to repress; to inhibit; to stifle; to put down,镇压,,
wt:鎮壓:0,鎮壓,déng-ák,,,,,verb,to execute a counterrevolutionary or criminal; to put to death,镇压,,
wt:鎮壓:0,鎮壓,déng-ák,,,,,verb,to roll; to compact; to tamp of soil,镇压,,
wt:鎖匙:0,鎖匙,sō̤-siè,,,,"Imported from Wiktionary (CC BY-SA 4.0): https://en.wiktionary.org/wiki/%E9%8E%96%E5%8C%99#Chinese. Mandarin: suǒchí,suǒshí,suǒshi,1nb=standard in Mainland,2nb=variant in Mainland,3nb=standard in Taiwan.",noun,key,锁匙,,
wt:鎖匙:0,鎖匙,sō̤-siè,,,,,noun,lock,锁匙,,
wt:鎮紙:0,鎮紙,déng-cāi,,,,Imported from Wiktionary (CC BY-SA 4.0): https://en.wiktionary.org/wiki/%E9%8E%AE%E7%B4%99#Chinese. Mandarin: zhènzhǐ.,noun,paperweight,镇纸,,
wt:長城:0,長城,Diòng-siàng,,,,Imported from Wiktionary (CC BY-SA 4.0): https://en.wiktionary.org/wiki/%E9%95%B7%E5%9F%8E#Chinese. Mandarin: Chángchéng.,noun,(figurative) insurmountable barrier or invincible power; wall of steel,长城,,
wt:長安:0,長安,diòng-ăng,,,,Imported from Wiktionary (CC BY-SA 4.0): https://en.wiktionary.org/wiki/%E9%95%B7%E5%AE%89#Chinese. Mandarin: cháng'ān.,noun,(figurative) capital city,长安,,
wt:鐮刀:0,鐮刀,lièng-dŏ̤,,,,"Imported from Wiktionary (CC BY-SA 4.0): https://en.wiktionary.org/wiki/%E9%90%AE%E5%88%80#Chinese. Mandarin: liándāo,er=y.",noun,sickle,镰刀,,
wt:鐵路:0,鐵路,tiék-diô,,,,Imported from Wiktionary (CC BY-SA 4.0): https://en.wiktionary.org/wiki/%E9%90%B5%E8%B7%AF#Chinese. Mandarin: tiělù. Other readings: tiék-lô.,noun,railroad; railway (classifier: 條),铁路,,
wt:鐵觀音:0,鐵觀音,tiék-guăng-ĭng,,,,Imported from Wiktionary (CC BY-SA 4.0): https://en.wiktionary.org/wiki/%E9%90%B5%E8%A7%80%E9%9F%B3#Chinese. Mandarin: tiěguānyīn.,noun,Tieguanyin tea a variety of oolong tea,铁观音,,
wt:鐵砧:0,鐵砧,tiék-dōng,,,,Imported from Wiktionary (CC BY-SA 4.0): https://en.wiktionary.org/wiki/%E9%90%B5%E7%A0%A7#Chinese. Mandarin: tiězhēn.,noun,anvil,铁砧,,
wt:長樂:0,長樂,Diòng-lŏ̤h,,,,Imported from Wiktionary (CC BY-SA 4.0): https://en.wiktionary.org/wiki/%E9%95%B7%E6%A8%82#Chinese. Mandarin: chánglè.,noun,long-lasting happiness,长乐,,
wt:長樂:0,長樂,Diòng-lŏ̤h,,,,,noun,(figurative) any palace,长乐,,
wt:鐵錘:0,鐵錘,tiék-tùi,,,,Imported from Wiktionary (CC BY-SA 4.0): https://en.wiktionary.org/wiki/%E9%90%B5%E9%8C%98#Chinese. Mandarin: tiěchuí.,noun,hammer,铁锤,,
wt:鐵墿:0,鐵墿,tiék-diô,,,,Imported from Wiktionary (CC BY-SA 4.0): https://en.wiktionary.org/wiki/%E9%90%B5%E5%A2%BF#Chinese.,noun,railroad; railway,铁𰉣,,
wt:鑿囝:0,鑿囝,chĕ̤k-giāng,,,,Imported from Wiktionary (CC BY-SA 4.0): https://en.wiktionary.org/wiki/%E9%91%BF%E5%9B%9D#Chinese.,noun,chisel,凿囝,,
wt:鑿鑿:0,鑿鑿,chĕ̤k-chĕ̤k,,,,Imported from Wiktionary (CC BY-SA 4.0): https://en.wiktionary.org/wiki/%E9%91%BF%E9%91%BF#Chinese.,noun,chisel,凿凿,,
wt:鑽囝:0,鑽囝,cóng-giāng,,,,Imported from Wiktionary (CC BY-SA 4.0): https://en.wiktionary.org/wiki/%E9%91%BD%E5%9B%9D#Chinese.,noun,auger,钻囝,,
wt:開始:0,開始,kăi-sṳ̄,,,,Imported from Wiktionary (CC BY-SA 4.0): https://en.wiktionary.org/wiki/%E9%96%8B%E5%A7%8B#Chinese. Mandarin: kāishǐ.,verb,to start; to begin; to commence,开始,,
wt:開始:0,開始,kăi-sṳ̄,,,,,noun,start; beginning; commencement,开始,,
wt:長頸鹿:0,長頸鹿,dòng-gêng-lĕ̤k,,,,Imported from Wiktionary (CC BY-SA 4.0): https://en.wiktionary.org/wiki/%E9%95%B7%E9%A0%B8%E9%B9%BF#Chinese. Mandarin: chángjǐnglù.,noun,giraffe,长颈鹿,,
wt:門戶:0,門戶,muòng-hô,,,,"Imported from Wiktionary (CC BY-SA 4.0): https://en.wiktionary.org/wiki/%E9%96%80%E6%88%B6#Chinese. Mandarin: ménhù,er=y.",noun,door,门户,,
wt:門戶:0,門戶,muòng-hô,,,,,noun,(figurative) gateway; important passageway; key,门户,,
wt:門戶:0,門戶,muòng-hô,,,,,noun,(figurative) social status of one's family,门户,,
wt:門戶:0,門戶,muòng-hô,,,,,noun,(figurative) faction; sect,门户,,
wt:門戶:0,門戶,muòng-hô,,,,,noun,(computing) portal,门户,,
wt:門徒:0,門徒,muòng-dù,,,,Imported from Wiktionary (CC BY-SA 4.0): https://en.wiktionary.org/wiki/%E9%96%80%E5%BE%92#Chinese. Mandarin: méntú.,noun,disciple; follower; protégé,门徒,,
wt:門墊:0,門墊,muòng-dâing,,,,Imported from Wiktionary (CC BY-SA 4.0): https://en.wiktionary.org/wiki/%E9%96%80%E5%A2%8A#Chinese. Mandarin: méndiàn.,noun,doormat,门垫,,
wt:門墊:0,門墊,muòng-dâing,,,,,noun,doorsill; threshold,门垫,,
wt:閩南語:0,閩南語,mìng-nàng-ngṳ̄,,,,Imported from Wiktionary (CC BY-SA 4.0): https://en.wiktionary.org/wiki/%E9%96%A9%E5%8D%97%E8%AA%9E#Chinese. Mandarin: 閩nányǔ.,noun,Southern Min; Min Nan a branch of Min Chinese,闽南语,,
wt:開水:0,開水,kăi-cūi,,,,Imported from Wiktionary (CC BY-SA 4.0): https://en.wiktionary.org/wiki/%E9%96%8B%E6%B0%B4#Chinese. Mandarin: kāishuǐ.,noun,boiled water,开水,,
wt:開水:0,開水,kăi-cūi,,,,,noun,(Hengyang) tea,开水,,
wt:閩東:0,閩東,Mìng-dĕ̤ng,,,,"Imported from Wiktionary (CC BY-SA 4.0): https://en.wiktionary.org/wiki/%E9%96%A9%E6%9D%B1#Chinese. Mandarin: 閩dōng,cap=y.",noun,話 語 方言 Eastern Min; Min Dong a variety of Chinese spoken in and around Fuzhou,闽东,,
wt:閩南:0,閩南,Mìng-nàng,,,,"Imported from Wiktionary (CC BY-SA 4.0): https://en.wiktionary.org/wiki/%E9%96%A9%E5%8D%97#Chinese. Mandarin: 閩nán,cap=y.",noun,話 語 方言 Southern Min; Min Nan a w:Variety (linguistics),闽南,,
wt:閏年:0,閏年,nông-nièng,,,,Imported from Wiktionary (CC BY-SA 4.0): https://en.wiktionary.org/wiki/%E9%96%8F%E5%B9%B4#Chinese. Mandarin: rùnnián.,noun,leap year,闰年,,
wt:開花:0,開花,kŭi-huă,,,,"Imported from Wiktionary (CC BY-SA 4.0): https://en.wiktionary.org/wiki/%E9%96%8B%E8%8A%B1#Chinese. Mandarin: kāihuā,er=y.",verb,to blossom; to bloom; to flower,开花,,
wt:開花:0,開花,kŭi-huă,,,,,verb,(figurative) to burst; to split open; to break open; to explode,开花,,
wt:開花:0,開花,kŭi-huă,,,,,verb,(figurative) to burst with joy; to smile happily,开花,,
wt:開花:0,開花,kŭi-huă,,,,,verb,"(figurative) to spread over; to spring up; to rise of an undertaking, experience, etc.",开花,,
wt:開花:0,開花,kŭi-huă,,,,,verb,to be wounded and bleed profusely of one's head,开花,,
wt:閩北:0,閩北,Mìng-báe̤k,,,,"Imported from Wiktionary (CC BY-SA 4.0): https://en.wiktionary.org/wiki/%E9%96%A9%E5%8C%97#Chinese. Mandarin: 閩běi,cap=y.",noun,話 語 方言 Northern Min a variety of Chinese,闽北,,
wt:閩東語:0,閩東語,mìng-dĕ̤ng-ngṳ̄,,,,Imported from Wiktionary (CC BY-SA 4.0): https://en.wiktionary.org/wiki/%E9%96%A9%E6%9D%B1%E8%AA%9E#Chinese. Mandarin: 閩dōngyǔ.,noun,Eastern Min; Min Dong (branch of Chinese widely spoken in and around Fuzhou),闽东语,,
wt:開聲:0,開聲,kŭi-siăng,,,,Imported from Wiktionary (CC BY-SA 4.0): https://en.wiktionary.org/wiki/%E9%96%8B%E8%81%B2#Chinese. Mandarin: kāishēng.,verb,to utter; to start speaking,开声,,
wt:閩劇:0,閩劇,mìng-kiŏk,,,,Imported from Wiktionary (CC BY-SA 4.0): https://en.wiktionary.org/wiki/%E9%96%A9%E5%8A%87#Chinese. Mandarin: 閩jù.,noun,Min opera a type of Chinese opera originating in the region around Fuzhou,闽剧,,
wt:開票:0,開票,kŭi-piéu,,,,Imported from Wiktionary (CC BY-SA 4.0): https://en.wiktionary.org/wiki/%E9%96%8B%E7%A5%A8#Chinese. Mandarin: kāipiào.,verb,to open ballot boxes; to count votes,开票,,
wt:開票:0,開票,kŭi-piéu,,,,,verb,to write out a receipt,开票,,
wt:開齋:0,開齋,kŭi-că̤,,,,Imported from Wiktionary (CC BY-SA 4.0): https://en.wiktionary.org/wiki/%E9%96%8B%E9%BD%8B#Chinese. Mandarin: kāizhāi.,verb,(religion) to resume a meat diet,开斋,,
wt:開齋:0,開齋,kŭi-că̤,,,,,verb,(Islam) to come to the end of Ramadan,开斋,,
wt:開齋:0,開齋,kŭi-că̤,,,,,verb,(dated) to start school; ⟨of a semester⟩ to begin,开斋,,
wt:開斗褲:0,開斗褲,kŭi-dāu-kó,,,,Imported from Wiktionary (CC BY-SA 4.0): https://en.wiktionary.org/wiki/%E9%96%8B%E6%96%97%E8%A4%B2#Chinese.,noun,open-crotch pants (usually for toddlers),开斗裤,,
wt:開斗:0,開斗,kŭi-dāu,,,,Imported from Wiktionary (CC BY-SA 4.0): https://en.wiktionary.org/wiki/%E9%96%8B%E6%96%97#Chinese.,noun,open crotch in pants,开斗,,
wt:開斗:0,開斗,kŭi-dāu,,,,,noun,open-crotch pants (usually for toddlers),开斗,,
wt:閩中:0,閩中,Mìng-dṳ̆ng,,,,"Imported from Wiktionary (CC BY-SA 4.0): https://en.wiktionary.org/wiki/%E9%96%A9%E4%B8%AD#Chinese. Mandarin: 閩zhōng,cap=y.",noun,"話 語 方言 Central Min; Min Zhong a variety of Chinese spoken in and around Sanyuan District, Shaxian District and Yong'an City in Sanming City",闽中,,
wt:關係:0,關係,guăng-hiê,,,,"Imported from Wiktionary (CC BY-SA 4.0): https://en.wiktionary.org/wiki/%E9%97%9C%E4%BF%82#Chinese. Mandarin: guānxì,guānxī,tl=y,2nb=common variant in Taiwan and {{w.",noun,"(countable, uncountable) relation; relationship; connection; tie (classifier: 個, 段)",关系,,
wt:關係:0,關係,guăng-hiê,,,,,noun,"(uncountable) connections people with whom one is acquainted who can offer help and influence; guanxi specifically in Chinese culture, a combination of business and personal relationships whereby parties enhance their ability to do business by building a bond with personal favors",关系,,
wt:關係:0,關係,guăng-hiê,,,,,noun,"(countable, uncountable) cause; reason for something happening",关系,,
wt:關係:0,關係,guăng-hiê,,,,,noun,"(countable, uncountable) influence; effect; impact",关系,,
wt:關係:0,關係,guăng-hiê,,,,,noun,"(uncountable, euphemism) sexual relations",关系,,
wt:關係:0,關係,guăng-hiê,,,,,noun,"(countable, database) relation",关系,,
wt:關係:0,關係,guăng-hiê,,,,,verb,to involve; to relate (to); to concern,关系,,
wt:關心:0,關心,guăng-sĭng,,,,Imported from Wiktionary (CC BY-SA 4.0): https://en.wiktionary.org/wiki/%E9%97%9C%E5%BF%83#Chinese. Mandarin: guānxīn.,verb,(transitive) to be concerned about; to care for; to put first,关心,,
wt:閻王:0,閻王,Ngià,,,,"Imported from Wiktionary (CC BY-SA 4.0): https://en.wiktionary.org/wiki/%E9%96%BB%E7%8E%8B#Chinese. Mandarin: Yánwáng,tl=y. Pronounced ngiá-uòng.",noun,(figurative) ferocious or strict person; tyrant,阎王,,
wt:閹人:0,閹人,iĕng-ìng,,,,Imported from Wiktionary (CC BY-SA 4.0): https://en.wiktionary.org/wiki/%E9%96%B9%E4%BA%BA#Chinese. Mandarin: yānrén.,noun,(derogatory) castrated person; castrate,阉人,,
wt:閹人:0,閹人,iĕng-ìng,,,,,noun,(historical) eunuch of a palace or court; imperial eunuch,阉人,,
wt:關門:0,關門,guŏng-muòng,,,,"Imported from Wiktionary (CC BY-SA 4.0): https://en.wiktionary.org/wiki/%E9%97%9C%E9%96%80#Chinese. Mandarin: guānmén,er=y.",verb,to close the door,关门,,
wt:關門:0,關門,guŏng-muòng,,,,,verb,(figurative) to close for business (for the day or permanently); to close down,关门,,
wt:關門:0,關門,guŏng-muòng,,,,,verb,(figurative) to close the door on; to leave no room for negotiation,关门,,
wt:關門:0,關門,guŏng-muòng,,,,,adjective,"(figurative, attributive) final; last (disciple, piece of work, etc.)",关门,,
wt:關門:0,關門,guŏng-muòng,,,,,noun,gateway,关门,,
wt:關門:0,關門,guŏng-muòng,,,,,noun,kidney,关门,,
wt:閩語:0,閩語,Mìng-ngṳ̄,,,,Imported from Wiktionary (CC BY-SA 4.0): https://en.wiktionary.org/wiki/%E9%96%A9%E8%AA%9E#Chinese. Mandarin: 閩yǔ.,noun,(linguistics) Min group of Chinese lects found in southeastern China,闽语,,
wt:閩語:0,閩語,Mìng-ngṳ̄,,,,,noun,"(strictly, historical, rare) Fuzhounese",闽语,,
wt:阿爸:0,阿爸,Ăk-bă,,,,Imported from Wiktionary (CC BY-SA 4.0): https://en.wiktionary.org/wiki/%E9%98%BF%E7%88%B8#Chinese. Mandarin: Ābà.,noun,(Christianity) Abba,,,
wt:阿拉伯:0,阿拉伯,Ā-lá-báik,,,,Imported from Wiktionary (CC BY-SA 4.0): https://en.wiktionary.org/wiki/%E9%98%BF%E6%8B%89%E4%BC%AF#Chinese. Mandarin: Ālābó.,adjective,(attributive) Arabian; Arabic,,,
wt:阿彌陀佛:0,阿彌陀佛,Ŏ̤-mì-tò̤-hŭk,,,,"Imported from Wiktionary (CC BY-SA 4.0): https://en.wiktionary.org/wiki/%E9%98%BF%E5%BD%8C%E9%99%80%E4%BD%9B#Chinese. Mandarin: Ēmítuófó,Āmítuófó.",particle,(Buddhism) An expression for praying to Buddha for protection or thanksgiving.,阿弥陀佛,,
wt:阿彌陀佛:0,阿彌陀佛,Ŏ̤-mì-tò̤-hŭk,,,,,particle,"(Buddhism) A greeting used when meeting Buddhist monks or nuns, and by Buddhist monks and nuns when meeting people.",阿弥陀佛,,
wt:阿諛:0,阿諛,ŏ̤-ṳ̀,,,,Imported from Wiktionary (CC BY-SA 4.0): https://en.wiktionary.org/wiki/%E9%98%BF%E8%AB%9B#Chinese. Mandarin: ēyú.,verb,to flatter; to toady,阿谀,,
wt:阿蛦:0,阿蛦,ă-cì,,,,Imported from Wiktionary (CC BY-SA 4.0): https://en.wiktionary.org/wiki/%E9%98%BF%E8%9B%A6#Chinese. Other readings: ă-ì.,noun,cicada,,,
wt:阿肥豬:0,阿肥豬,ă-buòi-dṳ̆,,,,Imported from Wiktionary (CC BY-SA 4.0): https://en.wiktionary.org/wiki/%E9%98%BF%E8%82%A5%E8%B1%AC#Chinese.,noun,(derogatory) fat person; fatty; fatso,阿肥猪,,
wt:阿肥:0,阿肥,ă-buòi,,,,Imported from Wiktionary (CC BY-SA 4.0): https://en.wiktionary.org/wiki/%E9%98%BF%E8%82%A5#Chinese.,noun,fat person; fatty; fatso,,,
wt:陰陽:0,陰陽,ĭng-iòng,,,,Imported from Wiktionary (CC BY-SA 4.0): https://en.wiktionary.org/wiki/%E9%99%B0%E9%99%BD#Chinese. Mandarin: yīnyáng.,noun,(Chinese philosophy) yin and yang (☯) two opposing forces in nature,阴阳,,
wt:陰陽:0,陰陽,ĭng-iòng,,,,,noun,(figurative) two contrasting things; antitheses,阴阳,,
wt:陰陽:0,陰陽,ĭng-iòng,,,,,noun,"ancient Chinese astronomy, especially the study of the movement of celestial bodies",阴阳,,
wt:陰陽:0,陰陽,ĭng-iòng,,,,,noun,"(historical) occult arts such as astrology, divination, geomancy, etc.",阴阳,,
wt:陰陽:0,陰陽,ĭng-iòng,,,,,noun,(historical) yin-yang geomancer,阴阳,,
wt:陰陽:0,陰陽,ĭng-iòng,,,,,noun,(physics) cathode and anode (short *陰極 and short *陽極),阴阳,,
wt:陰陽:0,陰陽,ĭng-iòng,,,,,noun,(Sichuan) fengshui master; geomancer,阴阳,,
wt:陰陽:0,陰陽,ĭng-iòng,,,,,verb,"(slang, neologism) to speak or act in a sarcastic or ironic way; to insinuate; to mock in a disguised manner; to be passive-aggressive",阴阳,,
wt:陛下:0,陛下,bê-hâ,,,,Imported from Wiktionary (CC BY-SA 4.0): https://en.wiktionary.org/wiki/%E9%99%9B%E4%B8%8B#Chinese. Mandarin: bìxià.,noun,(honorific) Your Majesty; His Majesty; Her Majesty,,,
wt:陰謀:0,陰謀,ĭng-mèu,,,,Imported from Wiktionary (CC BY-SA 4.0): https://en.wiktionary.org/wiki/%E9%99%B0%E8%AC%80#Chinese. Mandarin: yīnmóu.,noun,conspiracy; scheme; plot,阴谋,,
wt:陰謀:0,陰謀,ĭng-mèu,,,,,verb,to conspire; to scheme; to plot,阴谋,,
wt:除去:0,除去,dṳ̀-kó̤,,,,Imported from Wiktionary (CC BY-SA 4.0): https://en.wiktionary.org/wiki/%E9%99%A4%E5%8E%BB#Chinese. Mandarin: chúqù.,verb,to remove; to eliminate,,,
wt:除去:0,除去,dṳ̀-kó̤,,,,,,apart from; besides; in addition to,,,
wt:陸地:0,陸地,lṳ̆k-dê,,,,Imported from Wiktionary (CC BY-SA 4.0): https://en.wiktionary.org/wiki/%E9%99%B8%E5%9C%B0#Chinese. Mandarin: lùdì.,noun,(geography) dry land; land; landmass,陆地,,
wt:陪襯:0,陪襯,buòi-cháing,,,,Imported from Wiktionary (CC BY-SA 4.0): https://en.wiktionary.org/wiki/%E9%99%AA%E8%A5%AF#Chinese. Mandarin: péichèn.,verb,to serve as a contrast or foil; to set off,陪衬,,
wt:陪襯:0,陪襯,buòi-cháing,,,,,noun,contrast; foil; that which sets off,陪衬,,
wt:降班:0,降班,gáung-băng,,,,Imported from Wiktionary (CC BY-SA 4.0): https://en.wiktionary.org/wiki/%E9%99%8D%E7%8F%AD#Chinese. Mandarin: jiàngbān.,verb,(education) to repeat a grade,,,
wt:降乩:0,降乩,gáung-gĭ,,,,Imported from Wiktionary (CC BY-SA 4.0): https://en.wiktionary.org/wiki/%E9%99%8D%E4%B9%A9#Chinese. Mandarin: jiàngjī.,verb,(religion) to be possessed by spiritual entities and start dancing and prophesying of a spirit medium,,,
wt:隕石:0,隕石,ūng-sĭk,,,,Imported from Wiktionary (CC BY-SA 4.0): https://en.wiktionary.org/wiki/%E9%9A%95%E7%9F%B3#Chinese. Mandarin: yǔnshí.,noun,(countable) meteorite,陨石,,
wt:隨便:0,隨便,sùi-biêng,,,,"Imported from Wiktionary (CC BY-SA 4.0): https://en.wiktionary.org/wiki/%E9%9A%A8%E4%BE%BF#Chinese. Mandarin: suíbiàn,er=y.",adjective,casual; informal,随便,,
wt:隨便:0,隨便,sùi-biêng,,,,,adjective,random; careless; undisciplined; disorganised,随便,,
wt:隨便:0,隨便,sùi-biêng,,,,,adjective,easy receptive to sexual advances,随便,,
wt:隨便:0,隨便,sùi-biêng,,,,,verb,to do as one likes; to be up to the other person,随便,,
wt:隨便:0,隨便,sùi-biêng,,,,,adverb,casually; without restraint or goal; as one pleases; at random,随便,,
wt:隨便:0,隨便,sùi-biêng,,,,,,"no matter what, how, etc.; regardless of; whether",随便,,
wt:隻隻:0,隻隻,ciáh,,,,Imported from Wiktionary (CC BY-SA 4.0): https://en.wiktionary.org/wiki/%E9%9A%BB%E9%9A%BB#Chinese. Pronounced ciéh\-ciáh.,noun,sparrow,只只,,
wt:隔食:0,隔食,gáik-sĭk,,,,Imported from Wiktionary (CC BY-SA 4.0): https://en.wiktionary.org/wiki/%E9%9A%94%E9%A3%9F#Chinese.,noun,(dated) esophageal cancer,,,
wt:雖然:0,雖然,chŭi-iòng,,,,"Imported from Wiktionary (CC BY-SA 4.0): https://en.wiktionary.org/wiki/%E9%9B%96%E7%84%B6#Chinese. Mandarin: suīrán,suírán,2nb=variant in Mainland,2tl=y.",,although,虽然,,
wt:雖然:0,雖然,chŭi-iòng,,,,,,(Classical) although so; despite this; nevertheless; that being said,虽然,,
wt:雖則:0,雖則,chŭi-cáik,,,,Imported from Wiktionary (CC BY-SA 4.0): https://en.wiktionary.org/wiki/%E9%9B%96%E5%89%87#Chinese. Mandarin: suīzé.,,even if; even though,虽则,,
wt:雌性:0,雌性,chĭ-séng,,,,Imported from Wiktionary (CC BY-SA 4.0): https://en.wiktionary.org/wiki/%E9%9B%8C%E6%80%A7#Chinese. Mandarin: 雌xìng.,noun,female one of the feminine sex or gender,,,
wt:雄性:0,雄性,hṳ̀ng-séng,,,,Imported from Wiktionary (CC BY-SA 4.0): https://en.wiktionary.org/wiki/%E9%9B%84%E6%80%A7#Chinese. Mandarin: xióngxìng.,noun,male gender,,,
wt:雁鵝:0,雁鵝,ngâng-ngò̤,,,,Imported from Wiktionary (CC BY-SA 4.0): https://en.wiktionary.org/wiki/%E9%9B%81%E9%B5%9D#Chinese. Mandarin: yàn'é.,noun,a brown or grey Chinese goose,雁鹅,,
wt:雁鵝:0,雁鵝,ngâng-ngò̤,,,,,noun,short for for 大雁鵝,雁鹅,,
wt:雁鵝:0,雁鵝,ngâng-ngò̤,,,,,noun,a swan goose,雁鹅,,
wt:雜誌:0,雜誌,căk-cé,,,,Imported from Wiktionary (CC BY-SA 4.0): https://en.wiktionary.org/wiki/%E9%9B%9C%E8%AA%8C#Chinese. Mandarin: zázhì.,noun,"magazine (classifier: 本, 份, 期)",杂志,,
wt:雜種:0,雜種,căk-cṳ̄ng,,,,Imported from Wiktionary (CC BY-SA 4.0): https://en.wiktionary.org/wiki/%E9%9B%9C%E7%A8%AE#Chinese. Mandarin: zázhǒng.,noun,crossbreed; hybrid,杂种,,
wt:雜種:0,雜種,căk-cṳ̄ng,,,,,noun,(derogatory) half-breed; mongrel; bastard term of abuse,杂种,,
wt:雞肉:0,雞肉,giĕ-nṳ̆k,,,,Imported from Wiktionary (CC BY-SA 4.0): https://en.wiktionary.org/wiki/%E9%9B%9E%E8%82%89#Chinese. Mandarin: jīròu.,noun,chicken meat,鸡肉,,
wt:雞肋:0,雞肋,giĕ-lĕk,,,,"Imported from Wiktionary (CC BY-SA 4.0): https://en.wiktionary.org/wiki/%E9%9B%9E%E8%82%8B#Chinese. Mandarin: jīlèi,jīlè,1nb=Mainland Standard,2nb=Taiwan Standard.",noun,(literal) chicken ribs,鸡肋,,
wt:雞肋:0,雞肋,giĕ-lĕk,,,,,noun,"(figurative) thing of little value or interest, yet pitiable if given up or thrown away",鸡肋,,
wt:離別:0,離別,liê-biĕk,,,,Imported from Wiktionary (CC BY-SA 4.0): https://en.wiktionary.org/wiki/%E9%9B%A2%E5%88%A5#Chinese. Mandarin: líbié.,verb,to leave; to go away from; to part with; to part; to separate,离别,,
wt:雙生:0,雙生,sĕ̤ng-săng,,,,"Imported from Wiktionary (CC BY-SA 4.0): https://en.wiktionary.org/wiki/%E9%9B%99%E7%94%9F#Chinese. Mandarin: shuāngshēng,er=y.",adjective,(attributive) twin,双生,,
wt:雙生:0,雙生,sĕ̤ng-săng,,,,,noun,twins,双生,,
wt:離間:0,離間,liè-gáng,,,,Imported from Wiktionary (CC BY-SA 4.0): https://en.wiktionary.org/wiki/%E9%9B%A2%E9%96%93#Chinese. Mandarin: líjiàn.,verb,to sow discord; to drive a wedge between; to set one party against another,离间,,
wt:雜貨店:0,雜貨店,căk-huó-dáing,,,,Imported from Wiktionary (CC BY-SA 4.0): https://en.wiktionary.org/wiki/%E9%9B%9C%E8%B2%A8%E5%BA%97#Chinese. Mandarin: záhuòdiàn.,noun,grocery; grocery store; sundry store; general store; convenience store,杂货店,,
wt:雞角:0,雞角,giĕ-gáe̤k,,,,Imported from Wiktionary (CC BY-SA 4.0): https://en.wiktionary.org/wiki/%E9%9B%9E%E8%A7%92#Chinese.,noun,cock; rooster,鸡角,,
wt:雙生囝:0,雙生囝,sĕ̤ng-săng-giāng,,,,Imported from Wiktionary (CC BY-SA 4.0): https://en.wiktionary.org/wiki/%E9%9B%99%E7%94%9F%E5%9B%9D#Chinese.,noun,twin,双生囝,,
wt:雞胲:0,雞胲,giĕ,,,,Imported from Wiktionary (CC BY-SA 4.0): https://en.wiktionary.org/wiki/%E9%9B%9E%E8%83%B2#Chinese. Pronounced giē-*găi.,noun,crop of a chicken,鸡胲,,
wt:雞胲:0,雞胲,giĕ,,,,,noun,balloon,鸡胲,,
wt:雞血:0,雞血,giĕ-háik,,,,Imported from Wiktionary (CC BY-SA 4.0): https://en.wiktionary.org/wiki/%E9%9B%9E%E8%A1%80#Chinese. Mandarin: jī血.,noun,chicken blood,鸡血,,
wt:雞仔:0,雞仔,giĕ-giāng,,,,Imported from Wiktionary (CC BY-SA 4.0): https://en.wiktionary.org/wiki/%E9%9B%9E%E4%BB%94#Chinese. Mandarin: jīzǎi.,noun,chicken,鸡仔,,
wt:雙徛人:0,雙徛人,sĕ̤ng-kiê,,,,Imported from Wiktionary (CC BY-SA 4.0): https://en.wiktionary.org/wiki/%E9%9B%99%E5%BE%9B%E4%BA%BA#Chinese. Pronounced kiâ-nè̤ng.,noun,"(;, ;, ;) 彳",双徛人,,
wt:雞籠:0,雞籠,giĕ-lè̤ng,,,,Imported from Wiktionary (CC BY-SA 4.0): https://en.wiktionary.org/wiki/%E9%9B%9E%E7%B1%A0#Chinese. Mandarin: jīlóng.,noun,chicken coop; henhouse,鸡笼,,
wt:雞髻:0,雞髻,giĕ-guói,,,,Imported from Wiktionary (CC BY-SA 4.0): https://en.wiktionary.org/wiki/%E9%9B%9E%E9%AB%BB#Chinese.,noun,cockscomb the crest of a rooster,鸡髻,,
wt:雞毛:0,雞毛,giĕ-mò̤,,,,Imported from Wiktionary (CC BY-SA 4.0): https://en.wiktionary.org/wiki/%E9%9B%9E%E6%AF%9B#Chinese. Mandarin: jīmáo.,noun,chicken feather,鸡毛,,
wt:雞髻花:0,雞髻花,giĕ-guói-huă,,,,Imported from Wiktionary (CC BY-SA 4.0): https://en.wiktionary.org/wiki/%E9%9B%9E%E9%AB%BB%E8%8A%B1#Chinese.,noun,"(botany) cockscomb Celosia argentea var. cristata variety, syn. Celosia cristata species",鸡髻花,,
wt:雞跤:0,雞跤,giĕ-kă,,,,Imported from Wiktionary (CC BY-SA 4.0): https://en.wiktionary.org/wiki/%E9%9B%9E%E8%B7%A4#Chinese.,noun,chicken feet,鸡跤,,
wt:雞囝:0,雞囝,giĕ-giāng,,,,Imported from Wiktionary (CC BY-SA 4.0): https://en.wiktionary.org/wiki/%E9%9B%9E%E5%9B%9D#Chinese.,noun,chick,鸡囝,,
wt:雞囝:0,雞囝,giĕ-giāng,,,,,noun,chicken,鸡囝,,
wt:雞角指:0,雞角指,giĕ-gáe̤k-cāi,,,,Imported from Wiktionary (CC BY-SA 4.0): https://en.wiktionary.org/wiki/%E9%9B%9E%E8%A7%92%E6%8C%87#Chinese.,noun,index finger; forefinger,鸡角指,,
wt:雞形:0,雞形,giĕ-hìng,,,,Imported from Wiktionary (CC BY-SA 4.0): https://en.wiktionary.org/wiki/%E9%9B%9E%E5%BD%A2#Chinese.,noun,sodomy; anal sex; buggery,鸡形,,
wt:雞宿:0,雞宿,giĕ-séu,,,,Imported from Wiktionary (CC BY-SA 4.0): https://en.wiktionary.org/wiki/%E9%9B%9E%E5%AE%BF#Chinese.,noun,chicken coop; henhouse,鸡宿,,
wt:雞翼骨:0,雞翼骨,giĕ-sĭk-gáuk,,,,Imported from Wiktionary (CC BY-SA 4.0): https://en.wiktionary.org/wiki/%E9%9B%9E%E7%BF%BC%E9%AA%A8#Chinese.,noun,(skeleton) shoulder blade; scapula,鸡翼骨,,
wt:雞氣:0,雞氣,giê-ké,,,,Imported from Wiktionary (CC BY-SA 4.0): https://en.wiktionary.org/wiki/%E9%9B%9E%E6%B0%A3#Chinese.,noun,chicken pest,鸡气,,
wt:雞母指:0,雞母指,giĕ-mō̤-cāi,,,,Imported from Wiktionary (CC BY-SA 4.0): https://en.wiktionary.org/wiki/%E9%9B%9E%E6%AF%8D%E6%8C%87#Chinese.,noun,(humorous) index finger; forefinger,鸡母指,,
wt:雞櫥:0,雞櫥,giĕ-dièu,,,,Imported from Wiktionary (CC BY-SA 4.0): https://en.wiktionary.org/wiki/%E9%9B%9E%E6%AB%A5#Chinese.,noun,chicken coop; henhouse; roost,鸡橱,,
wt:雞毛拂:0,雞毛拂,giĕ-mò̤-hók,,,,Imported from Wiktionary (CC BY-SA 4.0): https://en.wiktionary.org/wiki/%E9%9B%9E%E6%AF%9B%E6%8B%82#Chinese.,noun,feather duster,鸡毛拂,,
wt:雞肣:0,雞肣,giĕ-gêng,,,,Imported from Wiktionary (CC BY-SA 4.0): https://en.wiktionary.org/wiki/%E9%9B%9E%E8%82%A3#Chinese.,noun,chicken gizzard,鸡肣,,
wt:雞豚囝:0,雞豚囝,giĕ-tòng-giāng,,,,Imported from Wiktionary (CC BY-SA 4.0): https://en.wiktionary.org/wiki/%E9%9B%9E%E8%B1%9A%E5%9B%9D#Chinese.,noun,half-grown chick weighing about half a kilogram,鸡豚囝,,
wt:雙字姓:0,雙字姓,sĕ̤ng-cê-sáng,,,,Imported from Wiktionary (CC BY-SA 4.0): https://en.wiktionary.org/wiki/%E9%9B%99%E5%AD%97%E5%A7%93#Chinese.,noun,two-character Chinese surname; Chinese compound surname,双字姓,,
wt:雨傘:0,雨傘,ṳ̄-sāng,,,,Imported from Wiktionary (CC BY-SA 4.0): https://en.wiktionary.org/wiki/%E9%9B%A8%E5%82%98#Chinese. Mandarin: yǔsǎn.,noun,umbrella,雨伞,,
wt:雨水:0,雨水,ṳ̄-cūi,,,,Imported from Wiktionary (CC BY-SA 4.0): https://en.wiktionary.org/wiki/%E9%9B%A8%E6%B0%B4#Chinese. Mandarin: yǔshuǐ.,noun,rainwater,,,
wt:雨水:0,雨水,ṳ̄-cūi,,,,,noun,rainfall; precipitation,,,
wt:雨期:0,雨期,ṳ̄-gĭ,,,,Imported from Wiktionary (CC BY-SA 4.0): https://en.wiktionary.org/wiki/%E9%9B%A8%E6%9C%9F#Chinese. Mandarin: yǔ期.,noun,rainy season,,,
wt:雲霄:0,雲霄,hùng-siĕu,,,,Imported from Wiktionary (CC BY-SA 4.0): https://en.wiktionary.org/wiki/%E9%9B%B2%E9%9C%84#Chinese. Mandarin: yúnxiāo.,noun,(poetic) sky; heavens,云霄,,
wt:雪地:0,雪地,siók-dê,,,,Imported from Wiktionary (CC BY-SA 4.0): https://en.wiktionary.org/wiki/%E9%9B%AA%E5%9C%B0#Chinese. Mandarin: xuědì.,noun,ground covered in snow; snowfield,,,
wt:雨遮:0,雨遮,ṳ̄-ciă,,,,Imported from Wiktionary (CC BY-SA 4.0): https://en.wiktionary.org/wiki/%E9%9B%A8%E9%81%AE#Chinese. Mandarin: yǔzhē.,noun,rain awning,,,
wt:雨濛:0,雨濛,ṳ̄-móng,,,,Imported from Wiktionary (CC BY-SA 4.0): https://en.wiktionary.org/wiki/%E9%9B%A8%E6%BF%9B#Chinese.,noun,(Putian) drizzle,雨蒙,,
wt:雨囝:0,雨囝,ṳ̄-giāng,,,,Imported from Wiktionary (CC BY-SA 4.0): https://en.wiktionary.org/wiki/%E9%9B%A8%E5%9B%9D#Chinese.,noun,drizzle,,,
wt:電話:0,電話,diêng-uâ,,,,"Imported from Wiktionary (CC BY-SA 4.0): https://en.wiktionary.org/wiki/%E9%9B%BB%E8%A9%B1#Chinese. Mandarin: diànhuà,er=y.",noun,(countable) telephone; phone,电话,,
wt:電話:0,電話,diêng-uâ,,,,,noun,(countable) telephone call; phone call; call,电话,,
wt:電話:0,電話,diêng-uâ,,,,,noun,telephone number; phone number; number,电话,,
wt:電腦:0,電腦,diêng-nō̤,,,,"Imported from Wiktionary (CC BY-SA 4.0): https://en.wiktionary.org/wiki/%E9%9B%BB%E8%85%A6#Chinese. Mandarin: diànnǎo,er=y.",noun,(countable) computer electronic device,电脑,,
wt:電子:0,電子,diêng-cṳ̄,,,,Imported from Wiktionary (CC BY-SA 4.0): https://en.wiktionary.org/wiki/%E9%9B%BB%E5%AD%90#Chinese. Mandarin: diànzǐ.,noun,electron (classifier: 粒),电子,,
wt:電子:0,電子,diêng-cṳ̄,,,,,adjective,(attributive) electronic; electrical,电子,,
wt:電燈:0,電燈,diêng-dĕng,,,,Imported from Wiktionary (CC BY-SA 4.0): https://en.wiktionary.org/wiki/%E9%9B%BB%E7%87%88#Chinese. Mandarin: diàndēng.,noun,(electric) light; lamp,电灯,,
wt:電視:0,電視,diêng-sê,,,,Imported from Wiktionary (CC BY-SA 4.0): https://en.wiktionary.org/wiki/%E9%9B%BB%E8%A6%96#Chinese. Mandarin: diànshì.,noun,television; TV; the small screen (the broadcasting medium),电视,,
wt:電視:0,電視,diêng-sê,,,,,noun,(countable) television set; TV set,电视,,
wt:電視:0,電視,diêng-sê,,,,,noun,"(Putian, mahjong) white dragon",电视,,
wt:電影:0,電影,diêng-īng,,,,"Imported from Wiktionary (CC BY-SA 4.0): https://en.wiktionary.org/wiki/%E9%9B%BB%E5%BD%B1#Chinese. Mandarin: diànyǐng,er=y.",noun,(countable) film; motion picture; movie,电影,,
wt:電影:0,電影,diêng-īng,,,,,noun,(archaic) flash of lightning,电影,,
wt:電報:0,電報,diêng-bó̤,,,,Imported from Wiktionary (CC BY-SA 4.0): https://en.wiktionary.org/wiki/%E9%9B%BB%E5%A0%B1#Chinese. Mandarin: diànbào.,noun,(uncountable) telegraphy electric telegraphy,电报,,
wt:電報:0,電報,diêng-bó̤,,,,,noun,(countable) telegram a message sent by electric telegraphy (classifier: 封),电报,,
wt:電磁:0,電磁,diêng-cṳ̀,,,,Imported from Wiktionary (CC BY-SA 4.0): https://en.wiktionary.org/wiki/%E9%9B%BB%E7%A3%81#Chinese. Mandarin: diàncí.,noun,electromagnetism,电磁,,
wt:電磁:0,電磁,diêng-cṳ̀,,,,,adjective,electromagnetic,电磁,,
wt:需要:0,需要,sṳ̆-iéu,,,,Imported from Wiktionary (CC BY-SA 4.0): https://en.wiktionary.org/wiki/%E9%9C%80%E8%A6%81#Chinese. Mandarin: xūyào.,verb,to need; to require,,,
wt:需要:0,需要,sṳ̆-iéu,,,,,noun,need; requirement,,,
wt:需要:0,需要,sṳ̆-iéu,,,,,noun,(economics) demand,,,
wt:電磁波:0,電磁波,diêng-cṳ̀-pŏ̤,,,,Imported from Wiktionary (CC BY-SA 4.0): https://en.wiktionary.org/wiki/%E9%9B%BB%E7%A3%81%E6%B3%A2#Chinese. Mandarin: diàncíbō.,noun,(physics) electromagnetic wave,电磁波,,
wt:電臺:0,電臺,diêng-dài,,,,Imported from Wiktionary (CC BY-SA 4.0): https://en.wiktionary.org/wiki/%E9%9B%BB%E8%87%BA#Chinese. Mandarin: diàntái.,noun,broadcasting station,电台,,
wt:電臺:0,電臺,diêng-dài,,,,,noun,radio station,电台,,
wt:電視劇:0,電視劇,diêng-sê-kiŏk,,,,Imported from Wiktionary (CC BY-SA 4.0): https://en.wiktionary.org/wiki/%E9%9B%BB%E8%A6%96%E5%8A%87#Chinese. Mandarin: diànshìjù.,noun,(countable) television drama,电视剧,,
wt:電扇:0,電扇,diêng-siéng,,,,Imported from Wiktionary (CC BY-SA 4.0): https://en.wiktionary.org/wiki/%E9%9B%BB%E6%89%87#Chinese. Mandarin: diànshàn.,noun,(countable) electric fan,电扇,,
wt:電油:0,電油,diêng-ìu,,,,Imported from Wiktionary (CC BY-SA 4.0): https://en.wiktionary.org/wiki/%E9%9B%BB%E6%B2%B9#Chinese.,noun,battery device producing electricity,电油,,
wt:雷公:0,雷公,lài-gŭng,,,,Imported from Wiktionary (CC BY-SA 4.0): https://en.wiktionary.org/wiki/%E9%9B%B7%E5%85%AC#Chinese. Mandarin: léigōng.,noun,(Chinese mythology) god of thunder,,,
wt:電戲:0,電戲,diêng-hié,,,,Imported from Wiktionary (CC BY-SA 4.0): https://en.wiktionary.org/wiki/%E9%9B%BB%E6%88%B2#Chinese.,noun,"(Bangkok, dated) film; motion picture; movie",电戏,,
wt:電光泡:0,電光泡,diêng-guŏng-pâu,,,,Imported from Wiktionary (CC BY-SA 4.0): https://en.wiktionary.org/wiki/%E9%9B%BB%E5%85%89%E6%B3%A1#Chinese.,noun,light bulb,电光泡,,
wt:電光泡:0,電光泡,diêng-guŏng-pâu,,,,,noun,(figurative) third wheel accompanying two people on a date,电光泡,,
wt:電光線:0,電光線,diêng-guŏng-siáng,,,,Imported from Wiktionary (CC BY-SA 4.0): https://en.wiktionary.org/wiki/%E9%9B%BB%E5%85%89%E7%B7%9A#Chinese.,noun,electrical wire,电光线,,
wt:雷公響:0,雷公響,lài-gŭng hiōng,,,,Imported from Wiktionary (CC BY-SA 4.0): https://en.wiktionary.org/wiki/%E9%9B%B7%E5%85%AC%E9%9F%BF#Chinese.,verb,to rumble with thunder; to thunder,雷公响,,
wt:露水:0,露水,ló-cūi,,,,"Imported from Wiktionary (CC BY-SA 4.0): https://en.wiktionary.org/wiki/%E9%9C%B2%E6%B0%B4#Chinese. Mandarin: lùshui,lùshuǐ,1nb=Mainland,2nb=Mainland,2nc=Taiwan.",noun,dew,,,
wt:露水:0,露水,ló-cūi,,,,,noun,"(figurative, attributive) something short-lasting; ephemeral things",,,
wt:霹靂:0,霹靂,pék-lĭk,,,,Imported from Wiktionary (CC BY-SA 4.0): https://en.wiktionary.org/wiki/%E9%9C%B9%E9%9D%82#Chinese. Mandarin: pīlì.,noun,thunderbolt; thunderclap,霹雳,,
wt:靈魂:0,靈魂,lìng-hùng,,,,Imported from Wiktionary (CC BY-SA 4.0): https://en.wiktionary.org/wiki/%E9%9D%88%E9%AD%82#Chinese. Mandarin: línghún.,noun,soul; spirit,灵魂,,
wt:靈魂:0,靈魂,lìng-hùng,,,,,noun,thoughts; thinking,灵魂,,
wt:靈魂:0,靈魂,lìng-hùng,,,,,noun,integrity; conscience,灵魂,,
wt:靈魂:0,靈魂,lìng-hùng,,,,,noun,(figurative) key factor,灵魂,,
wt:靈魂:0,靈魂,lìng-hùng,,,,,adjective,"(neologism, ACG, attributive, of people) doing abstract or incomprehensible things",灵魂,,
wt:靈牌:0,靈牌,lìng-bà̤,,,,Imported from Wiktionary (CC BY-SA 4.0): https://en.wiktionary.org/wiki/%E9%9D%88%E7%89%8C#Chinese. Mandarin: língpái.,noun,spirit tablet,灵牌,,
wt:非洲:0,非洲,Hĭ-ciŭ,,,,Imported from Wiktionary (CC BY-SA 4.0): https://en.wiktionary.org/wiki/%E9%9D%9E%E6%B4%B2#Chinese. Mandarin: Fēizhōu.,adjective,"(neologism, slang, in gacha games) of bad luck",,,
wt:面子:0,面子,méng-cṳ̄,,,,Imported from Wiktionary (CC BY-SA 4.0): https://en.wiktionary.org/wiki/%E9%9D%A2%E5%AD%90#Chinese. Mandarin: miànzi.,noun,outer part; outside; face,,,
wt:面子:0,面子,méng-cṳ̄,,,,,noun,reputation; face; self-respect; dignity,,,
wt:面子:0,面子,méng-cṳ̄,,,,,noun,feelings; sensibilities,,,
wt:青年:0,青年,chĭng-nièng,,,,Imported from Wiktionary (CC BY-SA 4.0): https://en.wiktionary.org/wiki/%E9%9D%92%E5%B9%B4#Chinese. Mandarin: qīngnián.,noun,youth; adolescence period,,,
wt:青年:0,青年,chĭng-nièng,,,,,noun,young person; youngster; youth person,,,
wt:青苔:0,青苔,chăng-tì,,,,Imported from Wiktionary (CC BY-SA 4.0): https://en.wiktionary.org/wiki/%E9%9D%92%E8%8B%94#Chinese. Mandarin: qīngtái. Other readings: chĭng-tăi.,noun,moss,,,
wt:青色:0,青色,chăng-sáik,,,,Imported from Wiktionary (CC BY-SA 4.0): https://en.wiktionary.org/wiki/%E9%9D%92%E8%89%B2#Chinese. Mandarin: qīngsè.,noun,blue-green; cyan,,,
wt:青春:0,青春,chĭng-chŭng,,,,Imported from Wiktionary (CC BY-SA 4.0): https://en.wiktionary.org/wiki/%E9%9D%92%E6%98%A5#Chinese. Mandarin: qīngchūn.,noun,springtime; spring,,,
wt:青春:0,青春,chĭng-chŭng,,,,,noun,(figurative) youth; adolescence; youthfulness; prime of life,,,
wt:青春:0,青春,chĭng-chŭng,,,,,noun,(honorific) age of young people,,,
wt:面前:0,面前,méng-sèng,,,,Imported from Wiktionary (CC BY-SA 4.0): https://en.wiktionary.org/wiki/%E9%9D%A2%E5%89%8D#Chinese. Mandarin: miànqián.,noun,in front of one's face; in front,,,
wt:面前:0,面前,méng-sèng,,,,,noun,the present time,,,
wt:青衣:0,青衣,căng-ĭ,,,,Imported from Wiktionary (CC BY-SA 4.0): https://en.wiktionary.org/wiki/%E9%9D%92%E8%A1%A3#Chinese. Mandarin: qīngyī.,noun,(historical) clothes worn by the emperor and his concubines during the spring,,,
wt:青衣:0,青衣,căng-ĭ,,,,,noun,(historical) blue- or black-colored clothes (associated with lower-ranking individuals),,,
wt:青衣:0,青衣,căng-ĭ,,,,,noun,(historical) lower-ranking attendant (who wore blue- or black-colored clothes after the Han Dynasty),,,
wt:青衣:0,青衣,căng-ĭ,,,,,noun,"a standard role type in Chinese opera, usually a middle-aged woman; such characters are generally married, dignified, and elegant women and are mainly wives and mothers",,,
wt:青衣:0,青衣,căng-ĭ,,,,,noun,魚 blackspot tuskfish (Choerodon schoenleinii),,,
wt:青果:0,青果,chăng-guō,,,,Imported from Wiktionary (CC BY-SA 4.0): https://en.wiktionary.org/wiki/%E9%9D%92%E6%9E%9C#Chinese. Mandarin: qīngguǒ.,noun,Chinese olive (Canarium album),,,
wt:青果:0,青果,chăng-guō,,,,,noun,green unripe fruit,,,
wt:青椒:0,青椒,chăng-ciĕu,,,,Imported from Wiktionary (CC BY-SA 4.0): https://en.wiktionary.org/wiki/%E9%9D%92%E6%A4%92#Chinese. Mandarin: qīngjiāo.,noun,green pepper Capsicum annuum species,,,
wt:青盲:0,青盲,chăng-màng,,,,Imported from Wiktionary (CC BY-SA 4.0): https://en.wiktionary.org/wiki/%E9%9D%92%E7%9B%B2#Chinese. Mandarin: qīngmáng.,noun,(diseases) blue-green color blindness; tritanopia,,,
wt:青盲:0,青盲,chăng-màng,,,,,noun,blind person,,,
wt:青盲牛:0,青盲牛,chăng-màng-ngù,,,,Imported from Wiktionary (CC BY-SA 4.0): https://en.wiktionary.org/wiki/%E9%9D%92%E7%9B%B2%E7%89%9B#Chinese.,noun,illiterate,,,
wt:青筋:0,青筋,chăng-gṳ̆ng,,,,Imported from Wiktionary (CC BY-SA 4.0): https://en.wiktionary.org/wiki/%E9%9D%92%E7%AD%8B#Chinese. Mandarin: qīngjīn.,noun,blue veins,,,
wt:面囝:0,面囝,méng-giāng,,,,Imported from Wiktionary (CC BY-SA 4.0): https://en.wiktionary.org/wiki/%E9%9D%A2%E5%9B%9D#Chinese.,noun,face,,,
wt:面桶:0,面桶,méng-tūng,,,,Imported from Wiktionary (CC BY-SA 4.0): https://en.wiktionary.org/wiki/%E9%9D%A2%E6%A1%B6#Chinese.,noun,washbowl; washbasin,,,
wt:革命:0,革命,gáik-mêng,,,,Imported from Wiktionary (CC BY-SA 4.0): https://en.wiktionary.org/wiki/%E9%9D%A9%E5%91%BD#Chinese. Mandarin: gémìng.,verb,to revolt; to start a revolution,,,
wt:革命:0,革命,gáik-mêng,,,,,verb,(figurative) to revolutionize; to transform completely,,,
wt:革命:0,革命,gáik-mêng,,,,,verb,"(archaic) to have a dynastic change, i.e. to change/remove the Mandate of Heaven in accordance with the latter's will",,,
wt:革命:0,革命,gáik-mêng,,,,,noun,revolution political upheaval or sudden change in a situation or discipline,,,
wt:革命:0,革命,gáik-mêng,,,,,adjective,(attributive) revolutionary,,,
wt:鞦韆:0,鞦韆,chiŭ-chiĕng,,,,"Imported from Wiktionary (CC BY-SA 4.0): https://en.wiktionary.org/wiki/%E9%9E%A6%E9%9F%86#Chinese. Mandarin: qiūqiān,tl=y.",noun,swing hanging seat,秋千,,
wt:鞋拔:0,鞋拔,à̤-bĕk,,,,Imported from Wiktionary (CC BY-SA 4.0): https://en.wiktionary.org/wiki/%E9%9E%8B%E6%8B%94#Chinese. Mandarin: xiébá.,noun,shoehorn,,,
wt:鞋拖屐:0,鞋拖屐,à̤-tō̤-kiăk,,,,Imported from Wiktionary (CC BY-SA 4.0): https://en.wiktionary.org/wiki/%E9%9E%8B%E6%8B%96%E5%B1%90#Chinese.,noun,clogs,,,
wt:鞋靸:0,鞋靸,à̤-siák,,,,Imported from Wiktionary (CC BY-SA 4.0): https://en.wiktionary.org/wiki/%E9%9E%8B%E9%9D%B8#Chinese.,noun,slippers,,,
wt:鞋靸:0,鞋靸,à̤-siák,,,,,noun,"old, ragged shoes",,,
wt:鞋師:0,鞋師,à̤-să,,,,Imported from Wiktionary (CC BY-SA 4.0): https://en.wiktionary.org/wiki/%E9%9E%8B%E5%B8%AB#Chinese.,noun,shoemaker; cobbler,鞋师,,
wt:音樂:0,音樂,ĭng-ngŏk,,,,Imported from Wiktionary (CC BY-SA 4.0): https://en.wiktionary.org/wiki/%E9%9F%B3%E6%A8%82#Chinese. Mandarin: yīnyuè.,noun,"(countable, uncountable) music series of sounds organized in time (classifier: 首, 段, 曲)",音乐,,
wt:章魚:0,章魚,ciŏng-ngṳ̀,,,,Imported from Wiktionary (CC BY-SA 4.0): https://en.wiktionary.org/wiki/%E7%AB%A0%E9%AD%9A#Chinese. Mandarin: zhāngyú.,noun,octopus (classifier: 隻),章鱼,,
wt:須臾:0,須臾,sṳ̆-ṳ̀,,,,Imported from Wiktionary (CC BY-SA 4.0): https://en.wiktionary.org/wiki/%E9%A0%88%E8%87%BE#Chinese. Mandarin: xūyú.,noun,an instant,须臾,,
wt:須臾:0,須臾,sṳ̆-ṳ̀,,,,,noun,"(Buddhism, archaic) A unit of time consisting of one-thirtieth of a day (approximately 48 minutes).",须臾,,
wt:韻母:0,韻母,ông-mō̤,,,,"Imported from Wiktionary (CC BY-SA 4.0): https://en.wiktionary.org/wiki/%E9%9F%BB%E6%AF%8D#Chinese. Mandarin: yùnmǔ,er=y.",noun,(Chinese phonetics) final the part of a syllable excluding the initial consonant,韵母,,
wt:韓國人:0,韓國人,hàng-guók-nè̤ng,,,,Imported from Wiktionary (CC BY-SA 4.0): https://en.wiktionary.org/wiki/%E9%9F%93%E5%9C%8B%E4%BA%BA#Chinese. Mandarin: hánguórén.,noun,(south) Korean person,韩国人,,
wt:韭菜:0,韭菜,giū-chái,,,,Imported from Wiktionary (CC BY-SA 4.0): https://en.wiktionary.org/wiki/%E9%9F%AD%E8%8F%9C#Chinese. Mandarin: jiǔcài.,noun,garlic chive; Chinese chive; Chinese leek (Allium tuberosum species),,,
wt:韭菜:0,韭菜,giū-chái,,,,,noun,"(neologism, figurative, internet slang) someone who can be repeatedly deceived and exploited, especially by the stock market or the government; dupe; shitizen",,,
wt:頂針:0,頂針,dīng-cĕng,,,,"Imported from Wiktionary (CC BY-SA 4.0): https://en.wiktionary.org/wiki/%E9%A0%82%E9%87%9D#Chinese. Mandarin: dǐngzhēn,tl=y,er=y,ertl=y.",noun,thimble a protective cap for the finger,顶针,,
wt:頂針:0,頂針,dīng-cĕng,,,,,noun,alternative form of 頂真,顶针,,
wt:順風耳:0,順風耳,sông-hŭng-ngī,,,,Imported from Wiktionary (CC BY-SA 4.0): https://en.wiktionary.org/wiki/%E9%A0%86%E9%A2%A8%E8%80%B3#Chinese. Mandarin: Shùnfēng'ěr.,noun,"(figuratively) ""Radar-ears"": any person with a good sense of hearing",顺风耳,,
wt:領事館:0,領事館,liāng-sê̤ṳ-guāng,,,,Imported from Wiktionary (CC BY-SA 4.0): https://en.wiktionary.org/wiki/%E9%A0%98%E4%BA%8B%E9%A4%A8#Chinese. Mandarin: lǐngshìguǎn.,noun,consulate,领事馆,,
wt:領事:0,領事,liāng-sê̤ṳ,,,,Imported from Wiktionary (CC BY-SA 4.0): https://en.wiktionary.org/wiki/%E9%A0%98%E4%BA%8B#Chinese. Mandarin: lǐngshì.,noun,"(countable, diplomacy) consul",领事,,
wt:領頭:0,領頭,liāng-tàu,,,,Imported from Wiktionary (CC BY-SA 4.0): https://en.wiktionary.org/wiki/%E9%A0%98%E9%A0%AD#Chinese. Mandarin: lǐngtóu.,verb,to take the lead; to show initiative; to be the first; to set an example,领头,,
wt:領頭:0,領頭,liāng-tàu,,,,,noun,leader; chief; chieftain,领头,,
wt:領頭:0,領頭,liāng-tàu,,,,,noun,collar of a shirt,领头,,
wt:順風順水:0,順風順水,sông-hŭng sông-cūi,,,,Imported from Wiktionary (CC BY-SA 4.0): https://en.wiktionary.org/wiki/%E9%A0%86%E9%A2%A8%E9%A0%86%E6%B0%B4#Chinese. Mandarin: shùnfēngshùnshuǐ.,phrase,smooth; without obstacles or difficulties,顺风顺水,,
wt:領針:0,領針,liāng-cĕng,,,,Imported from Wiktionary (CC BY-SA 4.0): https://en.wiktionary.org/wiki/%E9%A0%98%E9%87%9D#Chinese.,noun,(safety) pin,领针,,
wt:頭髮:0,頭髮,tàu-huók,,,,"Imported from Wiktionary (CC BY-SA 4.0): https://en.wiktionary.org/wiki/%E9%A0%AD%E9%AB%AE#Chinese. Mandarin: tóufa,tóufǎ,1nb=Mainland,2nb=Taiwan.",noun,hair on the head,头发,,
wt:顏色:0,顏色,ngàng-sáik,,,,Imported from Wiktionary (CC BY-SA 4.0): https://en.wiktionary.org/wiki/%E9%A1%8F%E8%89%B2#Chinese. Mandarin: yánsè.,noun,color,颜色,,
wt:顏色:0,顏色,ngàng-sáik,,,,,noun,face; look; expression,颜色,,
wt:顏色:0,顏色,ngàng-sáik,,,,,noun,good looks of a woman,颜色,,
wt:顏色:0,顏色,ngàng-sáik,,,,,noun,amazing skill or ability,颜色,,
wt:顏色:0,顏色,ngàng-sáik,,,,,noun,pigment,颜色,,
wt:頭疼:0,頭疼,tàu-tiáng,,,,Imported from Wiktionary (CC BY-SA 4.0): https://en.wiktionary.org/wiki/%E9%A0%AD%E7%96%BC#Chinese.,verb,(symptom) to have a headache pain in the head,头疼,,
wt:頭疼:0,頭疼,tàu-tiáng,,,,,verb,(figurative) to be faced with a nuisance or an unpleasant problem; to feel annoyed; to have a headache,头疼,,
wt:頭腦:0,頭腦,tàu-nō̤,,,,Imported from Wiktionary (CC BY-SA 4.0): https://en.wiktionary.org/wiki/%E9%A0%AD%E8%85%A6#Chinese. Mandarin: tóunǎo.,noun,head,头脑,,
wt:頭腦:0,頭腦,tàu-nō̤,,,,,noun,mind; brains; head,头脑,,
wt:頭腦:0,頭腦,tàu-nō̤,,,,,noun,intellect; intelligence; smarts,头脑,,
wt:頭腦:0,頭腦,tàu-nō̤,,,,,noun,leader; boss; head,头脑,,
wt:頭腦:0,頭腦,tàu-nō̤,,,,,noun,(obsolete) inside information,头脑,,
wt:頭腦:0,頭腦,tàu-nō̤,,,,,noun,(obsolete) reason; cause; motive; grounds,头脑,,
wt:額頭:0,額頭,ngiăh,,,,"Imported from Wiktionary (CC BY-SA 4.0): https://en.wiktionary.org/wiki/%E9%A1%8D%E9%A0%AD#Chinese. Mandarin: étóu,tl=y. Pronounced ngiĕh-tàu.",noun,(anatomy) forehead,额头,,
wt:頭先:0,頭先,tàu,,,,Imported from Wiktionary (CC BY-SA 4.0): https://en.wiktionary.org/wiki/%E9%A0%AD%E5%85%88#Chinese. Mandarin: tóuxiān. Pronounced tā-sĕng.,adverb,most importantly,头先,,
wt:顏料:0,顏料,ngàng-lâiu,,,,"Imported from Wiktionary (CC BY-SA 4.0): https://en.wiktionary.org/wiki/%E9%A1%8F%E6%96%99#Chinese. Mandarin: yánliào,er=y.",noun,pigment; coloring,颜料,,
wt:頭名:0,頭名,tàu-miàng,,,,Imported from Wiktionary (CC BY-SA 4.0): https://en.wiktionary.org/wiki/%E9%A0%AD%E5%90%8D#Chinese. Mandarin: tóumíng.,noun,"first place in examinations, contests, etc.",头名,,
wt:頭胎:0,頭胎,tàu-tŏi,,,,Imported from Wiktionary (CC BY-SA 4.0): https://en.wiktionary.org/wiki/%E9%A0%AD%E8%83%8E#Chinese. Mandarin: tóutāi.,noun,firstborn child or first pregnancy,头胎,,
wt:頭眩:0,頭眩,tàu-hìng,,,,Imported from Wiktionary (CC BY-SA 4.0): https://en.wiktionary.org/wiki/%E9%A0%AD%E7%9C%A9#Chinese.,verb,(symptom) to feel dizzy; to be giddy,头眩,,
wt:頭牲:0,頭牲,tàu-săng,,,,Imported from Wiktionary (CC BY-SA 4.0): https://en.wiktionary.org/wiki/%E9%A0%AD%E7%89%B2#Chinese.,noun,livestock; domestic animals,头牲,,
wt:頭頭:0,頭頭,tàu-tàu,,,,"Imported from Wiktionary (CC BY-SA 4.0): https://en.wiktionary.org/wiki/%E9%A0%AD%E9%A0%AD#Chinese. Mandarin: tóutou,er=y.",noun,head; chief; boss,头头,,
wt:頭頭:0,頭頭,tàu-tàu,,,,,,each; every,头头,,
wt:頭頭:0,頭頭,tàu-tàu,,,,,pronoun,each item; every item,头头,,
wt:頭頭:0,頭頭,tàu-tàu,,,,,pronoun,everywhere,头头,,
wt:頭頭:0,頭頭,tàu-tàu,,,,,adverb,at first; initially; in the beginning,头头,,
wt:頭回:0,頭回,tàu-huòi,,,,Imported from Wiktionary (CC BY-SA 4.0): https://en.wiktionary.org/wiki/%E9%A0%AD%E5%9B%9E#Chinese. Mandarin: tóuhuí.,noun,first time,头回,,
wt:頭回:0,頭回,tàu-huòi,,,,,noun,last time; previous time,头回,,
wt:頭梳:0,頭梳,tàu-sĕ̤,,,,Imported from Wiktionary (CC BY-SA 4.0): https://en.wiktionary.org/wiki/%E9%A0%AD%E6%A2%B3#Chinese.,noun,comb,头梳,,
wt:頭碗骨:0,頭碗骨,tàu-uāng-gók,,,,Imported from Wiktionary (CC BY-SA 4.0): https://en.wiktionary.org/wiki/%E9%A0%AD%E7%A2%97%E9%AA%A8#Chinese.,noun,cranium; skull,头碗骨,,
wt:頭首:0,頭首,tàu-siū,,,,Imported from Wiktionary (CC BY-SA 4.0): https://en.wiktionary.org/wiki/%E9%A0%AD%E9%A6%96#Chinese.,noun,head,头首,,
wt:頭首:0,頭首,tàu-siū,,,,,noun,looks; appearance,头首,,
wt:頭輪:0,頭輪,tàu-lùng,,,,Imported from Wiktionary (CC BY-SA 4.0): https://en.wiktionary.org/wiki/%E9%A0%AD%E8%BC%AA#Chinese.,noun,first round,头轮,,
wt:頭整:0,頭整,tàu-cīng,,,,Imported from Wiktionary (CC BY-SA 4.0): https://en.wiktionary.org/wiki/%E9%A0%AD%E6%95%B4#Chinese.,noun,outline of a face,头整,,
wt:風水:0,風水,hŭng-cūi,,,,"Imported from Wiktionary (CC BY-SA 4.0): https://en.wiktionary.org/wiki/%E9%A2%A8%E6%B0%B4#Chinese. Mandarin: fēngshuǐ,fēngshui,1nb=standard in Mainland and Taiwan,2nb=variant in Taiwan.",noun,(literally) wind and water; wind and rain,风水,,
wt:風水:0,風水,hŭng-cūi,,,,,noun,"feng shui a Chinese system of geomancy about the ideal topography, geography, and spatial arrangement of things at a place",风水,,
wt:風俗:0,風俗,hŭng-sṳ̆k,,,,Imported from Wiktionary (CC BY-SA 4.0): https://en.wiktionary.org/wiki/%E9%A2%A8%E4%BF%97#Chinese. Mandarin: fēngsú.,noun,social custom; practice; cultural habit,风俗,,
wt:風俗:0,風俗,hŭng-sṳ̆k,,,,,noun,(Japan) sexual services; the sex industry,风俗,,
wt:顯示:0,顯示,hiēng-sê,,,,Imported from Wiktionary (CC BY-SA 4.0): https://en.wiktionary.org/wiki/%E9%A1%AF%E7%A4%BA#Chinese. Mandarin: xiǎnshì.,verb,to display; to show; to manifest; to demonstrate,显示,,
wt:顯示:0,顯示,hiēng-sê,,,,,verb,to show off; to make a display of; to flaunt,显示,,
wt:顯示:0,顯示,hiēng-sê,,,,,noun,(Catholic) epiphany,显示,,
wt:風景:0,風景,hŭng-gīng,,,,"Imported from Wiktionary (CC BY-SA 4.0): https://en.wiktionary.org/wiki/%E9%A2%A8%E6%99%AF#Chinese. Mandarin: fēngjǐng,tl=y.",noun,scenery; landscape; view; scene,风景,,
wt:風景:0,風景,hŭng-gīng,,,,,noun,(obsolete) circumstances,风景,,
wt:風扇:0,風扇,hŭng-siéng,,,,Imported from Wiktionary (CC BY-SA 4.0): https://en.wiktionary.org/wiki/%E9%A2%A8%E6%89%87#Chinese. Mandarin: fēngshàn.,noun,(historical) human-powered fan made of cloth,风扇,,
wt:風扇:0,風扇,hŭng-siéng,,,,,noun,electric fan,风扇,,
wt:風箱:0,風箱,hŭng-suŏng,,,,Imported from Wiktionary (CC BY-SA 4.0): https://en.wiktionary.org/wiki/%E9%A2%A8%E7%AE%B1#Chinese. Mandarin: fēngxiāng.,noun,bellows,风箱,,
wt:顯微鏡:0,顯微鏡,hiēng-mì-giáng,,,,Imported from Wiktionary (CC BY-SA 4.0): https://en.wiktionary.org/wiki/%E9%A1%AF%E5%BE%AE%E9%8F%A1#Chinese. Mandarin: xiǎn微jìng.,noun,microscope,显微镜,,
wt:類別:0,類別,lôi-biék,,,,Imported from Wiktionary (CC BY-SA 4.0): https://en.wiktionary.org/wiki/%E9%A1%9E%E5%88%A5#Chinese. Mandarin: lèibié.,noun,category; sort; kind; class,类别,,
wt:顴骨:0,顴骨,guòng-gáuk,,,,Imported from Wiktionary (CC BY-SA 4.0): https://en.wiktionary.org/wiki/%E9%A1%B4%E9%AA%A8#Chinese. Mandarin: quángǔ.,noun,(skeleton) zygomatic bone; cheekbone,颧骨,,
wt:風蚊:0,風蚊,hŭng-muòng,,,,Imported from Wiktionary (CC BY-SA 4.0): https://en.wiktionary.org/wiki/%E9%A2%A8%E8%9A%8A#Chinese.,noun,mosquito,风蚊,,
wt:風篷:0,風篷,hŭng-pùng,,,,Imported from Wiktionary (CC BY-SA 4.0): https://en.wiktionary.org/wiki/%E9%A2%A8%E7%AF%B7#Chinese. Mandarin: fēngpéng.,noun,sail,风篷,,
wt:風軟:0,風軟,hŭng-niōng,,,,Imported from Wiktionary (CC BY-SA 4.0): https://en.wiktionary.org/wiki/%E9%A2%A8%E8%BB%9F#Chinese.,verb,(pathology) to suffer from paralysis; to be paralyzed,风软,,
wt:風囝:0,風囝,hŭng-giāng,,,,Imported from Wiktionary (CC BY-SA 4.0): https://en.wiktionary.org/wiki/%E9%A2%A8%E5%9B%9D#Chinese.,noun,breeze,风囝,,
wt:飛機:0,飛機,buŏi-gĭ,,,,Imported from Wiktionary (CC BY-SA 4.0): https://en.wiktionary.org/wiki/%E9%A3%9B%E6%A9%9F#Chinese. Mandarin: fēijī. Other readings: hĭ-gĭ.,noun,airplane; plane; aircraft,飞机,,
wt:飛機:0,飛機,buŏi-gĭ,,,,,noun,flight timetabled journey made by an airplane,飞机,,
wt:飛機:0,飛機,buŏi-gĭ,,,,,noun,(Sichuan) hoodlum; hooligan; street urchin,飞机,,
wt:飛機:0,飛機,buŏi-gĭ,,,,,verb,"(slang, neologism, euphemism) short 打飛機",飞机,,
wt:飛機:0,飛機,buŏi-gĭ,,,,,verb,"(informal, neologism, chiefly in the passive) to stand someone up; to fail to show up",飞机,,
wt:食物:0,食物,sĭk-ŭk,,,,"Imported from Wiktionary (CC BY-SA 4.0): https://en.wiktionary.org/wiki/%E9%A3%9F%E7%89%A9#Chinese. Mandarin: shíwù,tl=y.",noun,food,,,
wt:食品:0,食品,sĭk-pīng,,,,Imported from Wiktionary (CC BY-SA 4.0): https://en.wiktionary.org/wiki/%E9%A3%9F%E5%93%81#Chinese. Mandarin: shípǐn.,noun,food; foodstuff,,,
wt:飄零:0,飄零,piĕu-lìng,,,,Imported from Wiktionary (CC BY-SA 4.0): https://en.wiktionary.org/wiki/%E9%A3%84%E9%9B%B6#Chinese. Mandarin: piāolíng.,verb,to fall and wither; to fade and fall,飘零,,
wt:飄零:0,飄零,piĕu-lìng,,,,,verb,(figurative) to wander; to drift; to be homeless; to be forsaken,飘零,,
wt:食飯:0,食飯,siăh,,,,Imported from Wiktionary (CC BY-SA 4.0): https://en.wiktionary.org/wiki/%E9%A3%9F%E9%A3%AF#Chinese. Pronounced siĕh-*buông.,verb,to eat,食饭,,
wt:食飯:0,食飯,siăh,,,,,verb,to eat cooked rice without rice water in contrast to eating congee,食饭,,
wt:飛船:0,飛船,buŏi-sùng,,,,Imported from Wiktionary (CC BY-SA 4.0): https://en.wiktionary.org/wiki/%E9%A3%9B%E8%88%B9#Chinese. Mandarin: fēichuán.,noun,dirigible; airship,飞船,,
wt:飛船:0,飛船,buŏi-sùng,,,,,noun,"(dated, still used in) airplane",飞船,,
wt:飛船:0,飛船,buŏi-sùng,,,,,noun,spacecraft especially a manned spacecraft,飞船,,
wt:食醋:0,食醋,sĭk-chó,,,,Imported from Wiktionary (CC BY-SA 4.0): https://en.wiktionary.org/wiki/%E9%A3%9F%E9%86%8B#Chinese. Mandarin: shícù.,noun,table vinegar,,,
wt:食藥:0,食藥,siăh,,,,Imported from Wiktionary (CC BY-SA 4.0): https://en.wiktionary.org/wiki/%E9%A3%9F%E8%97%A5#Chinese. Pronounced siĕh-iŏh.,verb,to take medication,食药,,
wt:食早:0,食早,siăh,,,,Imported from Wiktionary (CC BY-SA 4.0): https://en.wiktionary.org/wiki/%E9%A3%9F%E6%97%A9#Chinese. Pronounced siĕh-*cā.,verb,to have breakfast,,,
wt:食晝:0,食晝,siăh,,,,Imported from Wiktionary (CC BY-SA 4.0): https://en.wiktionary.org/wiki/%E9%A3%9F%E6%99%9D#Chinese. Pronounced siĕh-*dáu.,verb,to have lunch,食昼,,
wt:食暝:0,食暝,siăh,,,,Imported from Wiktionary (CC BY-SA 4.0): https://en.wiktionary.org/wiki/%E9%A3%9F%E6%9A%9D#Chinese. Pronounced siĕh-màng.,verb,to have dinner,,,
wt:飄蕩:0,飄蕩,piĕu-dâung,,,,Imported from Wiktionary (CC BY-SA 4.0): https://en.wiktionary.org/wiki/%E9%A3%84%E8%95%A9#Chinese. Mandarin: piāodàng.,verb,to flutter in the wind; to sway; to float on the water; to drift,飘荡,,
wt:飄蕩:0,飄蕩,piĕu-dâung,,,,,verb,to lead a wandering life,飘荡,,
wt:食𡅏未:0,食𡅏未,siăh,,,,Imported from Wiktionary (CC BY-SA 4.0): https://en.wiktionary.org/wiki/%E9%A3%9F%F0%A1%85%8F%E6%9C%AA#Chinese. Pronounced siĕh lō̤ muôi.,phrase,how are you?,,,
wt:食𡅏未:0,食𡅏未,siăh,,,,,phrase,Have you eaten yet?,,,
wt:食菜:0,食菜,siăh,,,,Imported from Wiktionary (CC BY-SA 4.0): https://en.wiktionary.org/wiki/%E9%A3%9F%E8%8F%9C#Chinese. Pronounced siĕh-*chái.,verb,to live on a vegetarian diet; to be a vegetarian,,,
wt:食菜:0,食菜,siăh,,,,,verb,to eat vegetables,,,
wt:食雞:0,食雞,siăh,,,,Imported from Wiktionary (CC BY-SA 4.0): https://en.wiktionary.org/wiki/%E9%A3%9F%E9%9B%9E#Chinese. Pronounced siĕh-*giĕ.,verb,to visit a prostitute,食鸡,,
wt:飲料:0,飲料,īng-lâiu,,,,"Imported from Wiktionary (CC BY-SA 4.0): https://en.wiktionary.org/wiki/%E9%A3%B2%E6%96%99#Chinese. Mandarin: yǐnliào,er=y.",noun,beverage; drink,饮料,,
wt:飯店:0,飯店,buông-dáing,,,,"Imported from Wiktionary (CC BY-SA 4.0): https://en.wiktionary.org/wiki/%E9%A3%AF%E5%BA%97#Chinese. Mandarin: fàndiàn,tl=y,er=y.",noun,hotel that usually has its own restaurant,饭店,,
wt:飯店:0,飯店,buông-dáing,,,,,noun,restaurant,饭店,,
wt:飲食:0,飲食,īng-sĭk,,,,Imported from Wiktionary (CC BY-SA 4.0): https://en.wiktionary.org/wiki/%E9%A3%B2%E9%A3%9F#Chinese. Mandarin: yǐnshí.,noun,food and drink,饮食,,
wt:飲食:0,飲食,īng-sĭk,,,,,noun,diet; eating,饮食,,
wt:飲食:0,飲食,īng-sĭk,,,,,verb,to eat and drink,饮食,,
wt:飢餓:0,飢餓,gĭ-ngô̤,,,,Imported from Wiktionary (CC BY-SA 4.0): https://en.wiktionary.org/wiki/%E9%A3%A2%E9%A4%93#Chinese. Mandarin: jī'è.,adjective,(formal) hungry; starving,饥饿,,
wt:飯桶:0,飯桶,buông-tē̤ng,,,,Imported from Wiktionary (CC BY-SA 4.0): https://en.wiktionary.org/wiki/%E9%A3%AF%E6%A1%B6#Chinese. Mandarin: fàntǒng.,noun,container used for storing cooked rice,饭桶,,
wt:飯桶:0,飯桶,buông-tē̤ng,,,,,noun,(figurative) glutton; gormandizer,饭桶,,
wt:飯桶:0,飯桶,buông-tē̤ng,,,,,noun,"(figurative, derogatory) useless individual; imbecile mocking someone for being able to do nothing except eating",饭桶,,
wt:食飽未:0,食飽未,siăh,,,,Imported from Wiktionary (CC BY-SA 4.0): https://en.wiktionary.org/wiki/%E9%A3%9F%E9%A3%BD%E6%9C%AA#Chinese. Pronounced siĕh bā muôi.,phrase,(figurative) how are (you)?,食饱未,,
wt:飯巴:0,飯巴,buông-bă,,,,Imported from Wiktionary (CC BY-SA 4.0): https://en.wiktionary.org/wiki/%E9%A3%AF%E5%B7%B4#Chinese.,noun,rice crust; crust of cooked rice,饭巴,,
wt:飯甑:0,飯甑,buông-sòng,,,,Imported from Wiktionary (CC BY-SA 4.0): https://en.wiktionary.org/wiki/%E9%A3%AF%E7%94%91#Chinese. Mandarin: fànzèng.,noun,pot for steaming rice,饭甑,,
wt:飯瓢:0,飯瓢,buông-pièu,,,,Imported from Wiktionary (CC BY-SA 4.0): https://en.wiktionary.org/wiki/%E9%A3%AF%E7%93%A2#Chinese.,noun,rice scoop; rice spoon,饭瓢,,
wt:首都:0,首都,siū-dŭ,,,,Imported from Wiktionary (CC BY-SA 4.0): https://en.wiktionary.org/wiki/%E9%A6%96%E9%83%BD#Chinese. Mandarin: shǒudū.,noun,capital; capital city of a country (classifier: 個),,,
wt:香水:0,香水,hiŏng-cūi,,,,"Imported from Wiktionary (CC BY-SA 4.0): https://en.wiktionary.org/wiki/%E9%A6%99%E6%B0%B4#Chinese. Mandarin: xiāngshuǐ,er=y.",noun,perfume,,,
wt:饅頭:0,饅頭,màng-tàu,,,,"Imported from Wiktionary (CC BY-SA 4.0): https://en.wiktionary.org/wiki/%E9%A5%85%E9%A0%AD#Chinese. Mandarin: mántou,mántóu,1nb=standard in Mainland and Taiwan,2nb=literary or regional variant.",noun,Chinese steamed bun without filling; mantou,馒头,,
wt:饅頭:0,饅頭,màng-tàu,,,,,noun,(archaic) steamed bun with or without filling,馒头,,
wt:饅頭:0,饅頭,màng-tàu,,,,,noun,"(figurative, slang) breast; tits",馒头,,
wt:香料:0,香料,hiŏng-lâiu,,,,Imported from Wiktionary (CC BY-SA 4.0): https://en.wiktionary.org/wiki/%E9%A6%99%E6%96%99#Chinese. Mandarin: xiāngliào.,noun,"spice (classifier: 種, 份)",,,
wt:香料:0,香料,hiŏng-lâiu,,,,,noun,"(archaic) perfume (classifier: 種, 份)",,,
wt:香料:0,香料,hiŏng-lâiu,,,,,noun,"flavouring (classifier: 種, 份)",,,
wt:首位:0,首位,siū-ôi,,,,Imported from Wiktionary (CC BY-SA 4.0): https://en.wiktionary.org/wiki/%E9%A6%96%E4%BD%8D#Chinese. Mandarin: shǒuwèi.,noun,first place; the leading position,,,
wt:首位:0,首位,siū-ôi,,,,,noun,priority,,,
wt:香氣:0,香氣,hiŏng-ké,,,,Imported from Wiktionary (CC BY-SA 4.0): https://en.wiktionary.org/wiki/%E9%A6%99%E6%B0%A3#Chinese. Mandarin: xiāngqì.,noun,fragrance; aroma; perfume; bouquet pleasant smell; incense,香气,,
wt:香櫞:0,香櫞,hiŏng-iòng,,,,Imported from Wiktionary (CC BY-SA 4.0): https://en.wiktionary.org/wiki/%E9%A6%99%E6%AB%9E#Chinese. Mandarin: xiāngyuán.,noun,citron herb used in traditional Chinese medicine to regulate qi,香橼,,
wt:首日封:0,首日封,siū-nĭk-hŭng,,,,Imported from Wiktionary (CC BY-SA 4.0): https://en.wiktionary.org/wiki/%E9%A6%96%E6%97%A5%E5%B0%81#Chinese. Mandarin: shǒurìfēng.,noun,first day cover,,,
wt:馬上:0,馬上,mā-siông,,,,Imported from Wiktionary (CC BY-SA 4.0): https://en.wiktionary.org/wiki/%E9%A6%AC%E4%B8%8A#Chinese. Mandarin: mǎshàng.,adverb,at once; immediately; without delay; in a minute; soon,马上,,
wt:馬上:0,馬上,mā-siông,,,,,adverb,(literally) on horseback,马上,,
wt:香蕉:0,香蕉,hiŏng-ciĕu,,,,Imported from Wiktionary (CC BY-SA 4.0): https://en.wiktionary.org/wiki/%E9%A6%99%E8%95%89#Chinese. Mandarin: xiāngjiāo.,noun,banana fruit,,,
wt:香蕉:0,香蕉,hiŏng-ciĕu,,,,,noun,"(figurative, mildly, pejorative, slang, ethnic slur) synonym 香蕉人",,,
wt:香菇:0,香菇,hiŏng-gŭ,,,,Imported from Wiktionary (CC BY-SA 4.0): https://en.wiktionary.org/wiki/%E9%A6%99%E8%8F%87#Chinese. Mandarin: xiānggū.,noun,shiitake mushroom,,,
wt:馬桶:0,馬桶,mā-tē̤ng,,,,Imported from Wiktionary (CC BY-SA 4.0): https://en.wiktionary.org/wiki/%E9%A6%AC%E6%A1%B6#Chinese. Mandarin: mǎtǒng.,noun,sitting toilet,马桶,,
wt:馬桶:0,馬桶,mā-tē̤ng,,,,,noun,toilet bowl,马桶,,
wt:馬桶:0,馬桶,mā-tē̤ng,,,,,noun,nightstool; closestool; commode,马桶,,
wt:馬桶:0,馬桶,mā-tē̤ng,,,,,noun,chamber pot,马桶,,
wt:香腸:0,香腸,hiŏng-dòng,,,,"Imported from Wiktionary (CC BY-SA 4.0): https://en.wiktionary.org/wiki/%E9%A6%99%E8%85%B8#Chinese. Mandarin: xiāngcháng,er=y.",noun,sausage,香肠,,
wt:香煙:0,香煙,hiŏng-iĕng,,,,Imported from Wiktionary (CC BY-SA 4.0): https://en.wiktionary.org/wiki/%E9%A6%99%E7%85%99#Chinese. Mandarin: xiāngyān.,noun,incense smoke burned as a sacrifice to worship one's ancestors,香烟,,
wt:香煙:0,香煙,hiŏng-iĕng,,,,,noun,(figuratively) continuation of family line; posterity,香烟,,
wt:馬尾:0,馬尾,mā-muōi,,,,Imported from Wiktionary (CC BY-SA 4.0): https://en.wiktionary.org/wiki/%E9%A6%AC%E5%B0%BE#Chinese. Mandarin: mǎwěi.,noun,horse's tail,马尾,,
wt:馬尾:0,馬尾,mā-muōi,,,,,noun,ponytail hairstyle,马尾,,
wt:馬母:0,馬母,mā-mō̤,,,,Imported from Wiktionary (CC BY-SA 4.0): https://en.wiktionary.org/wiki/%E9%A6%AC%E6%AF%8D#Chinese.,noun,female horse; mare,马母,,
wt:馬囝:0,馬囝,mā-giāng,,,,Imported from Wiktionary (CC BY-SA 4.0): https://en.wiktionary.org/wiki/%E9%A6%AC%E5%9B%9D#Chinese.,noun,foal,马囝,,
wt:香港跤:0,香港跤,hiŏng-gē̤ng-kă,,,,Imported from Wiktionary (CC BY-SA 4.0): https://en.wiktionary.org/wiki/%E9%A6%99%E6%B8%AF%E8%B7%A4#Chinese.,noun,athlete's foot,,,
wt:香胰皂:0,香胰皂,hiŏng-ì-cô̤,,,,Imported from Wiktionary (CC BY-SA 4.0): https://en.wiktionary.org/wiki/%E9%A6%99%E8%83%B0%E7%9A%82#Chinese.,noun,scented soap,,,
wt:香肥豬:0,香肥豬,hiŏng-buòi-dṳ̆,,,,Imported from Wiktionary (CC BY-SA 4.0): https://en.wiktionary.org/wiki/%E9%A6%99%E8%82%A5%E8%B1%AC#Chinese.,noun,an old form of scented soap,香肥猪,,
wt:馬路:0,馬路,mā-diô,,,,Imported from Wiktionary (CC BY-SA 4.0): https://en.wiktionary.org/wiki/%E9%A6%AC%E8%B7%AF#Chinese. Mandarin: mǎlù.,noun,(archaic) wide road used for horses and horse-drawn carriages,马路,,
wt:馬路:0,馬路,mā-diô,,,,,noun,(modern usage) wide and flat road for the passage of vehicles; paved road; ⟨by extension⟩ road; street,马路,,
wt:馬褂:0,馬褂,mā-guá,,,,Imported from Wiktionary (CC BY-SA 4.0): https://en.wiktionary.org/wiki/%E9%A6%AC%E8%A4%82#Chinese. Mandarin: mǎguà.,noun,makwa; magua a style of jacket popular during the Qing Dynasty,马褂,,
wt:駱駝:0,駱駝,lŏk-dò̤,,,,"Imported from Wiktionary (CC BY-SA 4.0): https://en.wiktionary.org/wiki/%E9%A7%B1%E9%A7%9D#Chinese. Mandarin: luòtuo,luòtuó,1nb=standard in Mainland,1nc=variant in Taiwan,2nb=standard in Taiwan.",noun,camel beast of burden,骆驼,,
wt:駱駝:0,駱駝,lŏk-dò̤,,,,,noun,camel cricket,骆驼,,
wt:駐紮:0,駐紮,cé̤ṳ-cák,,,,Imported from Wiktionary (CC BY-SA 4.0): https://en.wiktionary.org/wiki/%E9%A7%90%E7%B4%AE#Chinese. Mandarin: zhù紮.,verb,"(of troops, fieldworkers) to be stationed; to be quartered",驻扎,,
wt:騎馬:0,騎馬,kià-mā,,,,Imported from Wiktionary (CC BY-SA 4.0): https://en.wiktionary.org/wiki/%E9%A8%8E%E9%A6%AC#Chinese. Mandarin: qímǎ.,verb,to ride a horse; to be on horseback,骑马,,
wt:騎背:0,騎背,kià-buôi,,,,Imported from Wiktionary (CC BY-SA 4.0): https://en.wiktionary.org/wiki/%E9%A8%8E%E8%83%8C#Chinese.,adjective,out of luck; in an unlucky situation,骑背,,
wt:驚慌:0,驚慌,giăng-huòng,,,,Imported from Wiktionary (CC BY-SA 4.0): https://en.wiktionary.org/wiki/%E9%A9%9A%E6%85%8C#Chinese. Mandarin: jīnghuāng.,adjective,alarmed; scared; panicked,惊慌,,
wt:骨頭:0,骨頭,gók-tàu,,,,"Imported from Wiktionary (CC BY-SA 4.0): https://en.wiktionary.org/wiki/%E9%AA%A8%E9%A0%AD#Chinese. Mandarin: gǔtou,gútou,1nb=standard in Mainland,2nb=colloquial variant in Mainland,2nc=standard in Taiwan.",noun,(anatomy) bone,骨头,,
wt:骨頭:0,骨頭,gók-tàu,,,,,noun,(figurative) character; personal quality,骨头,,
wt:骨頭:0,骨頭,gók-tàu,,,,,noun,(figurative) moral character or backbone; courageous spirit,骨头,,
wt:骨頭:0,骨頭,gók-tàu,,,,,noun,"(figurative, pejorative, often as a suffix) contemptible or morally corrupt person",骨头,,
wt:骨頭:0,骨頭,gók-tàu,,,,,noun,(figurative) hint of sarcasm or dissatisfaction in one's words,骨头,,
wt:驗屍:0,驗屍,ngiêng-sĭ,,,,Imported from Wiktionary (CC BY-SA 4.0): https://en.wiktionary.org/wiki/%E9%A9%97%E5%B1%8D#Chinese. Mandarin: yànshī.,verb,to perform an autopsy; to conduct a postmortem examination,验尸,,
wt:騙局:0,騙局,piéng-guŏk,,,,Imported from Wiktionary (CC BY-SA 4.0): https://en.wiktionary.org/wiki/%E9%A8%99%E5%B1%80#Chinese. Mandarin: piànjú.,noun,(countable) fraud; hoax; scam,骗局,,
wt:骨灰:0,骨灰,gáuk-huŏi,,,,Imported from Wiktionary (CC BY-SA 4.0): https://en.wiktionary.org/wiki/%E9%AA%A8%E7%81%B0#Chinese. Mandarin: gǔhuī.,noun,ashes human remains after cremation; bone ash,,,
wt:骨灰:0,骨灰,gáuk-huŏi,,,,,noun,ashes from animal bones used as fertilizer; bone ash,,,
wt:骨骨:0,骨骨,gáuk-gáuk,,,,Imported from Wiktionary (CC BY-SA 4.0): https://en.wiktionary.org/wiki/%E9%AA%A8%E9%AA%A8#Chinese.,noun,bone,,,
wt:驚堂木:0,驚堂木,gĭng-dòng-mŭk,,,,Imported from Wiktionary (CC BY-SA 4.0): https://en.wiktionary.org/wiki/%E9%A9%9A%E5%A0%82%E6%9C%A8#Chinese. Mandarin: jīngtángmù.,noun,(dated) wooden block used by a magistrate to strike the table in calling for attention or order,惊堂木,,
wt:驢母:0,驢母,lè̤-mō̤,,,,Imported from Wiktionary (CC BY-SA 4.0): https://en.wiktionary.org/wiki/%E9%A9%A2%E6%AF%8D#Chinese.,noun,female donkey,驴母,,
wt:驢港:0,驢港,lè̤-gē̤ng,,,,Imported from Wiktionary (CC BY-SA 4.0): https://en.wiktionary.org/wiki/%E9%A9%A2%E6%B8%AF#Chinese.,noun,male donkey,驴港,,
wt:驐雞:0,驐雞,dŏng-giĕ,,,,Imported from Wiktionary (CC BY-SA 4.0): https://en.wiktionary.org/wiki/%E9%A9%90%E9%9B%9E#Chinese.,verb,(Jiangxi) to castrate a chicken,𮪥鸡,,
wt:驐雞:0,驐雞,dŏng-giĕ,,,,,noun,(Jiangxi) capon; castrated male chicken,𮪥鸡,,
wt:驢囝:0,驢囝,lè̤-giāng,,,,Imported from Wiktionary (CC BY-SA 4.0): https://en.wiktionary.org/wiki/%E9%A9%A2%E5%9B%9D#Chinese.,noun,donkey foal,驴囝,,
wt:高粱:0,高粱,gŏ̤-liòng,,,,"Imported from Wiktionary (CC BY-SA 4.0): https://en.wiktionary.org/wiki/%E9%AB%98%E7%B2%B1#Chinese. Mandarin: gāoliáng,tl=y.",noun,sorghum,,,
wt:高粱:0,高粱,gŏ̤-liòng,,,,,noun,short for 高粱酒,,,
wt:骸骨:0,骸骨,hài-gáuk,,,,Imported from Wiktionary (CC BY-SA 4.0): https://en.wiktionary.org/wiki/%E9%AA%B8%E9%AA%A8#Chinese. Mandarin: háigǔ.,noun,skeleton bones; skeletal remains usually of a corpse,,,
wt:體育:0,體育,tā̤-ṳ̆k,,,,"Imported from Wiktionary (CC BY-SA 4.0): https://en.wiktionary.org/wiki/%E9%AB%94%E8%82%B2#Chinese. Mandarin: tǐyù,tl=y.",noun,physical education,体育,,
wt:體育:0,體育,tā̤-ṳ̆k,,,,,noun,(by extension) sports,体育,,
wt:高級:0,高級,gŏ̤-gék,,,,Imported from Wiktionary (CC BY-SA 4.0): https://en.wiktionary.org/wiki/%E9%AB%98%E7%B4%9A#Chinese. Mandarin: gāojí.,adjective,(attributive) high-grade; high-level; high-class; advanced; senior,高级,,
wt:高級:0,高級,gŏ̤-gék,,,,,noun,(education) high grade grade 5 and grade 6 of primary school or secondary school,高级,,
wt:體積:0,體積,tā̤-cék,,,,Imported from Wiktionary (CC BY-SA 4.0): https://en.wiktionary.org/wiki/%E9%AB%94%E7%A9%8D#Chinese. Mandarin: tǐjī.,noun,volume; bulk,体积,,
wt:體育館:0,體育館,tā̤-ṳ̆k guāng,,,,Imported from Wiktionary (CC BY-SA 4.0): https://en.wiktionary.org/wiki/%E9%AB%94%E8%82%B2%E9%A4%A8#Chinese. Mandarin: tǐyùguǎn.,noun,gymnasium; gym venue used for sports and competitions,体育馆,,
wt:高壓鍋:0,高壓鍋,gŏ̤-ák-guŏ,,,,Imported from Wiktionary (CC BY-SA 4.0): https://en.wiktionary.org/wiki/%E9%AB%98%E5%A3%93%E9%8D%8B#Chinese. Mandarin: gāoyāguō.,noun,pressure cooker,高压锅,,
wt:高甲戲:0,高甲戲,gŏ̤-gák-hié,,,,Imported from Wiktionary (CC BY-SA 4.0): https://en.wiktionary.org/wiki/%E9%AB%98%E7%94%B2%E6%88%B2#Chinese. Mandarin: gāojiǎxì.,noun,"(opera) Gaojia opera a type of Chinese opera originating in Quanzhou, Fujian",高甲戏,,
wt:髮菜:0,髮菜,huák-chái,,,,Imported from Wiktionary (CC BY-SA 4.0): https://en.wiktionary.org/wiki/%E9%AB%AE%E8%8F%9C#Chinese. Mandarin: 髮cài.,noun,"hair moss; fat choy (the terrestrial cyanobacterium Nostoc flagelliforme, which is eaten as a vegetable in Chinese cuisine)",发菜,,
wt:鬧鐘:0,鬧鐘,nâu-cṳ̆ng,,,,"Imported from Wiktionary (CC BY-SA 4.0): https://en.wiktionary.org/wiki/%E9%AC%A7%E9%90%98#Chinese. Mandarin: nàozhōng,er=y.",noun,alarm clock,闹钟,,
wt:鬧鐘:0,鬧鐘,nâu-cṳ̆ng,,,,,noun,"(internet slang) alternative form of 老中 (Chinese person, China, etc.)",闹钟,,
wt:鬧熱:0,鬧熱,nâu-iĕk,,,,Imported from Wiktionary (CC BY-SA 4.0): https://en.wiktionary.org/wiki/%E9%AC%A7%E7%86%B1#Chinese. Mandarin: nàorè.,adjective,bustling; thronged; noisy,闹热,,
wt:鬼佬:0,鬼佬,gūi-lō̤,,,,"Imported from Wiktionary (CC BY-SA 4.0): https://en.wiktionary.org/wiki/%E9%AC%BC%E4%BD%AC#Chinese. Mandarin: guǐlǎo,er=y.",noun,"(pejorative, offensive, ethnic slur) gweilo; ""foreign devil""; Caucasian; whitey",,,
wt:魔鬼:0,魔鬼,mò̤-gūi,,,,Imported from Wiktionary (CC BY-SA 4.0): https://en.wiktionary.org/wiki/%E9%AD%94%E9%AC%BC#Chinese. Mandarin: móguǐ.,noun,"(literally, figuratively) devil; demon; fiend; an embodiment of evil",,,
wt:魚丸:0,魚丸,ngṳ̀-uòng,,,,Imported from Wiktionary (CC BY-SA 4.0): https://en.wiktionary.org/wiki/%E9%AD%9A%E4%B8%B8#Chinese. Mandarin: yúwán.,noun,fishball,鱼丸,,
wt:鬼怪:0,鬼怪,gūi-guái,,,,Imported from Wiktionary (CC BY-SA 4.0): https://en.wiktionary.org/wiki/%E9%AC%BC%E6%80%AA#Chinese. Mandarin: guǐguài.,noun,(literally) ghosts; monsters,,,
wt:鬼怪:0,鬼怪,gūi-guái,,,,,noun,(figuratively) evil forces,,,
wt:鮑魚:0,鮑魚,páu-ngṳ̀,,,,Imported from Wiktionary (CC BY-SA 4.0): https://en.wiktionary.org/wiki/%E9%AE%91%E9%AD%9A#Chinese. Mandarin: bàoyú.,noun,abalone,鲍鱼,,
wt:鮑魚:0,鮑魚,páu-ngṳ̀,,,,,noun,"(figurative, slang) external female genitalia; vulva; vagina",鲍鱼,,
wt:鮑魚:0,鮑魚,páu-ngṳ̀,,,,,noun,salted fish,鲍鱼,,
wt:魷魚:0,魷魚,iù-ngṳ̀,,,,Imported from Wiktionary (CC BY-SA 4.0): https://en.wiktionary.org/wiki/%E9%AD%B7%E9%AD%9A#Chinese. Mandarin: yóuyú.,noun,squid (classifier: 隻),鱿鱼,,
wt:魚竿:0,魚竿,ngṳ̀-găng,,,,"Imported from Wiktionary (CC BY-SA 4.0): https://en.wiktionary.org/wiki/%E9%AD%9A%E7%AB%BF#Chinese. Mandarin: yúgān,er=y.",noun,fishing rod; fishing pole,鱼竿,,
wt:魚鱗:0,魚鱗,ngṳ̀-lìng,,,,Imported from Wiktionary (CC BY-SA 4.0): https://en.wiktionary.org/wiki/%E9%AD%9A%E9%B1%97#Chinese. Mandarin: yúlín.,noun,(fish) scale,鱼鳞,,
wt:魚鉤:0,魚鉤,ngṳ̀-gău,,,,Imported from Wiktionary (CC BY-SA 4.0): https://en.wiktionary.org/wiki/%E9%AD%9A%E9%89%A4#Chinese. Mandarin: yúgōu.,noun,hook for fishing; fishhook,鱼钩,,
wt:魚子:0,魚子,ngṳ̀-cī,,,,"Imported from Wiktionary (CC BY-SA 4.0): https://en.wiktionary.org/wiki/%E9%AD%9A%E5%AD%90#Chinese. Mandarin: yúzǐ,er=y.",noun,roe eggs of fish,鱼子,,
wt:魚肚:0,魚肚,ngṳ̀-dô,,,,Imported from Wiktionary (CC BY-SA 4.0): https://en.wiktionary.org/wiki/%E9%AD%9A%E8%82%9A#Chinese. Mandarin: yúdǔ.,noun,fish maw a food product made from the swim bladder of a fish,鱼肚,,
wt:魚苗:0,魚苗,ngṳ̀-mièu,,,,Imported from Wiktionary (CC BY-SA 4.0): https://en.wiktionary.org/wiki/%E9%AD%9A%E8%8B%97#Chinese. Mandarin: yúmiáo.,noun,fish fry; newly hatched fish,鱼苗,,
wt:魚膠:0,魚膠,ngṳ̀ gă,,,,Imported from Wiktionary (CC BY-SA 4.0): https://en.wiktionary.org/wiki/%E9%AD%9A%E8%86%A0#Chinese. Mandarin: yújiāo.,noun,fish glue; ichthyocolla; isinglass,鱼胶,,
wt:魚膠:0,魚膠,ngṳ̀ gă,,,,,noun,"swim bladder; air bladder (of fish, especially of yellow croakers)",鱼胶,,
wt:魚種:0,魚種,ngṳ̀-cṳ̄ng,,,,Imported from Wiktionary (CC BY-SA 4.0): https://en.wiktionary.org/wiki/%E9%AD%9A%E7%A8%AE#Chinese. Mandarin: yúzhǒng.,noun,fish fry; newly hatched fish,鱼种,,
wt:魚紹:0,魚紹,ngṳ̀-siêu,,,,Imported from Wiktionary (CC BY-SA 4.0): https://en.wiktionary.org/wiki/%E9%AD%9A%E7%B4%B9#Chinese.,noun,milt,鱼绍,,
wt:鯨魚:0,鯨魚,gĭng-ngṳ̀,,,,Imported from Wiktionary (CC BY-SA 4.0): https://en.wiktionary.org/wiki/%E9%AF%A8%E9%AD%9A#Chinese. Mandarin: jīngyú.,noun,(countable) whale,鲸鱼,,
wt:鯉魚:0,鯉魚,lī-ngṳ̀,,,,Imported from Wiktionary (CC BY-SA 4.0): https://en.wiktionary.org/wiki/%E9%AF%89%E9%AD%9A#Chinese. Mandarin: lǐyú.,noun,"carp, especially the common carp Cyprinus carpio species",鲤鱼,,
wt:鯉魚:0,鯉魚,lī-ngṳ̀,,,,,noun,(figuratively) messenger,鲤鱼,,
wt:鯉魚:0,鯉魚,lī-ngṳ̀,,,,,noun,(figuratively) letter; correspondence,鲤鱼,,
wt:鯽魚:0,鯽魚,cék-ngṳ̀,,,,Imported from Wiktionary (CC BY-SA 4.0): https://en.wiktionary.org/wiki/%E9%AF%BD%E9%AD%9A#Chinese. Mandarin: jìyú.,noun,crucian carp,鲫鱼,,
wt:鯊魚:0,鯊魚,săi-ngṳ̀,,,,Imported from Wiktionary (CC BY-SA 4.0): https://en.wiktionary.org/wiki/%E9%AF%8A%E9%AD%9A#Chinese. Mandarin: shāyú.,noun,shark scaleless cartilaginous fish,鲨鱼,,
wt:鯪鯉:0,鯪鯉,là-lī,,,,Imported from Wiktionary (CC BY-SA 4.0): https://en.wiktionary.org/wiki/%E9%AF%AA%E9%AF%89#Chinese. Mandarin: línglǐ. Other readings: lìng-lī.,noun,pangolin,鲮鲤,,
wt:鮮笑:0,鮮笑,chiĕng-chiéu,,,,Imported from Wiktionary (CC BY-SA 4.0): https://en.wiktionary.org/wiki/%E9%AE%AE%E7%AC%91#Chinese.,adjective,(of clothing colour) bright; clean; colourful,鲜笑,,
wt:鱷魚:0,鱷魚,ngáuk-ngṳ̀,,,,Imported from Wiktionary (CC BY-SA 4.0): https://en.wiktionary.org/wiki/%E9%B1%B7%E9%AD%9A#Chinese. Mandarin: èyú. Other readings: ngăuk-ngṳ̀.,noun,"crocodilian (crocodile, alligator, gavial)",鳄鱼,,
wt:鳥巢:0,鳥巢,cēu-càu,,,,"Imported from Wiktionary (CC BY-SA 4.0): https://en.wiktionary.org/wiki/%E9%B3%A5%E5%B7%A2#Chinese. Mandarin: niǎocháo,er=y.",noun,bird's nest,鸟巢,,
wt:鳥仔:0,鳥仔,cēu-giāng,,,,Imported from Wiktionary (CC BY-SA 4.0): https://en.wiktionary.org/wiki/%E9%B3%A5%E4%BB%94#Chinese.,noun,bird,鸟仔,,
wt:鳥仔:0,鳥仔,cēu-giāng,,,,,noun,little bird,鸟仔,,
wt:鱖魚:0,鱖魚,guói-ngṳ̀,,,,Imported from Wiktionary (CC BY-SA 4.0): https://en.wiktionary.org/wiki/%E9%B1%96%E9%AD%9A#Chinese. Mandarin: 鱖yú.,noun,Chinese perch; mandarin fish (Siniperca chuatsi),鳜鱼,,
wt:鱟桸:0,鱟桸,háu-giĕ,,,,Imported from Wiktionary (CC BY-SA 4.0): https://en.wiktionary.org/wiki/%E9%B1%9F%E6%A1%B8#Chinese.,noun,ladle made of horseshoe crab carapace,鲎桸,,
wt:鳥宿:0,鳥宿,cēu-siéu,,,,Imported from Wiktionary (CC BY-SA 4.0): https://en.wiktionary.org/wiki/%E9%B3%A5%E5%AE%BF#Chinese.,noun,bird's nest,鸟宿,,
wt:鳥媒:0,鳥媒,cēu-muòi,,,,Imported from Wiktionary (CC BY-SA 4.0): https://en.wiktionary.org/wiki/%E9%B3%A5%E5%AA%92#Chinese. Mandarin: niǎoméi.,noun,decoy bird used by hunters to lure game,鸟媒,,
wt:鰨鯊:0,鰨鯊,tiák-săi,,,,Imported from Wiktionary (CC BY-SA 4.0): https://en.wiktionary.org/wiki/%E9%B0%A8%E9%AF%8A#Chinese.,noun,(Dongguan Yue) flatfish (der Pleuronectiformes order),鳎鲨,,
wt:鱟桸碗:0,鱟桸碗,háu-hiĕ-uāng,,,,Imported from Wiktionary (CC BY-SA 4.0): https://en.wiktionary.org/wiki/%E9%B1%9F%E6%A1%B8%E7%A2%97#Chinese.,noun,Asiatic pennywort (Centella asiatica species),鲎桸碗,,
wt:鳥窩:0,鳥窩,cēu-uŏ,,,,Imported from Wiktionary (CC BY-SA 4.0): https://en.wiktionary.org/wiki/%E9%B3%A5%E7%AA%A9#Chinese. Mandarin: niǎowō.,noun,bird's nest,鸟窝,,
wt:鳥籠:0,鳥籠,cēu-lè̤ng,,,,"Imported from Wiktionary (CC BY-SA 4.0): https://en.wiktionary.org/wiki/%E9%B3%A5%E7%B1%A0#Chinese. Mandarin: niǎolóng,er=y.",noun,birdcage,鸟笼,,
wt:鳥獸:0,鳥獸,cēu-séu,,,,Imported from Wiktionary (CC BY-SA 4.0): https://en.wiktionary.org/wiki/%E9%B3%A5%E7%8D%B8#Chinese. Mandarin: niǎoshòu.,noun,birds and beasts; fauna,鸟兽,,
wt:鴉片:0,鴉片,ă-piéng,,,,Imported from Wiktionary (CC BY-SA 4.0): https://en.wiktionary.org/wiki/%E9%B4%89%E7%89%87#Chinese. Mandarin: yāpiàn.,noun,opium,鸦片,,
wt:鴉片:0,鴉片,ă-piéng,,,,,noun,"(by extension, figurative) opium (anything that numbs or stupefies)",鸦片,,
wt:鴉片鬼:0,鴉片鬼,ă-piéng-gūi,,,,Imported from Wiktionary (CC BY-SA 4.0): https://en.wiktionary.org/wiki/%E9%B4%89%E7%89%87%E9%AC%BC#Chinese. Mandarin: yāpiànguǐ.,noun,opium addict,鸦片鬼,,
wt:鴉片館:0,鴉片館,ă-piéng-guāng,,,,Imported from Wiktionary (CC BY-SA 4.0): https://en.wiktionary.org/wiki/%E9%B4%89%E7%89%87%E9%A4%A8#Chinese. Mandarin: yāpiànguǎn.,noun,opium shop,鸦片馆,,
wt:鴉片癮:0,鴉片癮,ă-piéng-ngiéng,,,,Imported from Wiktionary (CC BY-SA 4.0): https://en.wiktionary.org/wiki/%E9%B4%89%E7%89%87%E7%99%AE#Chinese. Mandarin: yāpiànyǐn.,noun,urge to smoke opium,鸦片瘾,,
wt:鴉片癮:0,鴉片癮,ă-piéng-ngiéng,,,,,noun,opium addict,鸦片瘾,,
wt:鴛鴦:0,鴛鴦,uŏng-iŏng,,,,"Imported from Wiktionary (CC BY-SA 4.0): https://en.wiktionary.org/wiki/%E9%B4%9B%E9%B4%A6#Chinese. Mandarin: yuānyāng,tl=y.",noun,(literal) mandarin duck,鸳鸯,,
wt:鴛鴦:0,鴛鴦,uŏng-iŏng,,,,,noun,(obsolete) ruddy shelduck,鸳鸯,,
wt:鴛鴦:0,鴛鴦,uŏng-iŏng,,,,,noun,(figurative) objects or people occurring in inseparable pairs,鸳鸯,,
wt:鴛鴦:0,鴛鴦,uŏng-iŏng,,,,,noun,(figurative) affectionate couple; happily married couple,鸳鸯,,
wt:鴕鳥:0,鴕鳥,dò̤-nēu,,,,"Imported from Wiktionary (CC BY-SA 4.0): https://en.wiktionary.org/wiki/%E9%B4%95%E9%B3%A5#Chinese. Mandarin: tuóniǎo,er=y.",noun,ostrich,鸵鸟,,
wt:鴕鳥:0,鴕鳥,dò̤-nēu,,,,,noun,(figuratively) one who ignores problems as if they don't exist; head-in-the-sand; ostrich,鸵鸟,,
wt:鴕鳥:0,鴕鳥,dò̤-nēu,,,,,verb,(figuratively) to ignore problems as if they don't exist; to have one's head in the sand; to act like an ostrich,鸵鸟,,
wt:鴨角:0,鴨角,ák-gáe̤k,,,,Imported from Wiktionary (CC BY-SA 4.0): https://en.wiktionary.org/wiki/%E9%B4%A8%E8%A7%92#Chinese.,noun,drake used for breeding,鸭角,,
wt:鴨母:0,鴨母,ák-mō̤,,,,Imported from Wiktionary (CC BY-SA 4.0): https://en.wiktionary.org/wiki/%E9%B4%A8%E6%AF%8D#Chinese.,noun,(Sichuanese) female duck,鸭母,,
wt:鵝角:0,鵝角,ngiè-gáe̤k,,,,Imported from Wiktionary (CC BY-SA 4.0): https://en.wiktionary.org/wiki/%E9%B5%9D%E8%A7%92#Chinese.,noun,gander,鹅角,,
wt:鴨雄:0,鴨雄,ák-hṳ̀ng,,,,Imported from Wiktionary (CC BY-SA 4.0): https://en.wiktionary.org/wiki/%E9%B4%A8%E9%9B%84#Chinese.,noun,drake,鸭雄,,
wt:鴨囝:0,鴨囝,ák-giāng,,,,Imported from Wiktionary (CC BY-SA 4.0): https://en.wiktionary.org/wiki/%E9%B4%A8%E5%9B%9D#Chinese.,noun,duckling,鸭囝,,
wt:鴨囝:0,鴨囝,ák-giāng,,,,,noun,duck,鸭囝,,
wt:鵝囝:0,鵝囝,ngiè-giāng,,,,Imported from Wiktionary (CC BY-SA 4.0): https://en.wiktionary.org/wiki/%E9%B5%9D%E5%9B%9D#Chinese.,noun,gosling,鹅囝,,
wt:鵝母:0,鵝母,ngiè-mō̤,,,,Imported from Wiktionary (CC BY-SA 4.0): https://en.wiktionary.org/wiki/%E9%B5%9D%E6%AF%8D#Chinese.,noun,female goose,鹅母,,
wt:鵝掌風:0,鵝掌風,ngiè-cuōng-hŭng,,,,Imported from Wiktionary (CC BY-SA 4.0): https://en.wiktionary.org/wiki/%E9%B5%9D%E6%8E%8C%E9%A2%A8#Chinese.,noun,(medicine) tinea manuum,鹅掌风,,
wt:鴨囝囝:0,鴨囝囝,ák-giāng-giāng,,,,Imported from Wiktionary (CC BY-SA 4.0): https://en.wiktionary.org/wiki/%E9%B4%A8%E5%9B%9D%E5%9B%9D#Chinese.,noun,duckling,鸭囝囝,,
wt:鴨雄聲:0,鴨雄聲,ák-hṳ̀ng-siăng,,,,Imported from Wiktionary (CC BY-SA 4.0): https://en.wiktionary.org/wiki/%E9%B4%A8%E9%9B%84%E8%81%B2#Chinese.,noun,gruff voice,鸭雄声,,
wt:鴨豚囝:0,鴨豚囝,ák-tòng-giāng,,,,Imported from Wiktionary (CC BY-SA 4.0): https://en.wiktionary.org/wiki/%E9%B4%A8%E8%B1%9A%E5%9B%9D#Chinese.,noun,half-grown duckling weighing about half a kilogram,鸭豚囝,,
wt:鵪鶉:0,鵪鶉,ăng-sùng,,,,"Imported from Wiktionary (CC BY-SA 4.0): https://en.wiktionary.org/wiki/%E9%B5%AA%E9%B6%89#Chinese. Mandarin: ānchún,tl=y. Other readings: ngiăng-cŭng.",noun,quail,鹌鹑,,
wt:鸚鵡:0,鸚鵡,ĕng-ū,,,,"Imported from Wiktionary (CC BY-SA 4.0): https://en.wiktionary.org/wiki/%E9%B8%9A%E9%B5%A1#Chinese. Mandarin: yīngwǔ,er=y.",noun,parrot,鹦鹉,,
wt:鸚哥:0,鸚哥,ĕng-gŏ̤,,,,"Imported from Wiktionary (CC BY-SA 4.0): https://en.wiktionary.org/wiki/%E9%B8%9A%E5%93%A5#Chinese. Mandarin: yīnggē,tl=y,er=y,ertl=y.",noun,parrot; parakeet,鹦哥,,
wt:鸕鶿:0,鸕鶿,lù-cṳ̀,,,,Imported from Wiktionary (CC BY-SA 4.0): https://en.wiktionary.org/wiki/%E9%B8%95%E9%B6%BF#Chinese. Mandarin: lúcí. Other readings: lù-sì.,noun,cormorant,鸬鹚,,
wt:鷓鴣:0,鷓鴣,ciá-gŭ,,,,Imported from Wiktionary (CC BY-SA 4.0): https://en.wiktionary.org/wiki/%E9%B7%93%E9%B4%A3#Chinese. Mandarin: zhègū.,noun,francolin; partridge (usually a member of Francolinus genus),鹧鸪,,
wt:鹹菜:0,鹹菜,gèng-chái,,,,Imported from Wiktionary (CC BY-SA 4.0): https://en.wiktionary.org/wiki/%E9%B9%B9%E8%8F%9C#Chinese. Mandarin: xiáncài.,noun,salted vegetable; pickle,咸菜,,
wt:鷺鷥:0,鷺鷥,lô-sĭ,,,,Imported from Wiktionary (CC BY-SA 4.0): https://en.wiktionary.org/wiki/%E9%B7%BA%E9%B7%A5#Chinese. Mandarin: lùsī.,noun,little egret Egretta garzetta species,鹭鸶,,
wt:鹵素:0,鹵素,lū-só,,,,Imported from Wiktionary (CC BY-SA 4.0): https://en.wiktionary.org/wiki/%E9%B9%B5%E7%B4%A0#Chinese. Mandarin: lǔsù.,noun,(chemical element) halogen,卤素,,
wt:麒麟:0,麒麟,gì-lìng,,,,Imported from Wiktionary (CC BY-SA 4.0): https://en.wiktionary.org/wiki/%E9%BA%92%E9%BA%9F#Chinese. Mandarin: qílín.,noun,(Chinese mythology) qilin propitious mythological beast,,,
wt:麒麟:0,麒麟,gì-lìng,,,,,noun,(figurative) outstanding person; man of ability,,,
wt:鹿角:0,鹿角,lĕ̤k-gáe̤k,,,,Imported from Wiktionary (CC BY-SA 4.0): https://en.wiktionary.org/wiki/%E9%B9%BF%E8%A7%92#Chinese. Mandarin: lùjiǎo.,noun,(TCM) deer antler,,,
wt:麥芽:0,麥芽,măh,,,,Imported from Wiktionary (CC BY-SA 4.0): https://en.wiktionary.org/wiki/%E9%BA%A5%E8%8A%BD#Chinese. Mandarin: màiyá. Pronounced màng-ngà.,noun,malt,麦芽,,
wt:麥芽:0,麥芽,măh,,,,,noun,maltose,麦芽,,
wt:麒麟鹿:0,麒麟鹿,gì-lìng-lĕ̤k,,,,Imported from Wiktionary (CC BY-SA 4.0): https://en.wiktionary.org/wiki/%E9%BA%92%E9%BA%9F%E9%B9%BF#Chinese.,noun,giraffe,,,
wt:麥針:0,麥針,măh-cĕng,,,,Imported from Wiktionary (CC BY-SA 4.0): https://en.wiktionary.org/wiki/%E9%BA%A5%E9%87%9D#Chinese.,noun,awn of wheat,麦针,,
wt:麻雀:0,麻雀,mà-chiók,,,,Imported from Wiktionary (CC BY-SA 4.0): https://en.wiktionary.org/wiki/%E9%BA%BB%E9%9B%80#Chinese. Mandarin: máquè.,noun,"sparrow (any member of the Passer genus), especially the tree sparrow (Passer montanus species)",,,
wt:麻雀:0,麻雀,mà-chiók,,,,,noun,(including) mahjong,,,
wt:麻雀:0,麻雀,mà-chiók,,,,,noun,"(Nanjing, euphemistic) penis",,,
wt:麻煩:0,麻煩,mà-huàng,,,,Imported from Wiktionary (CC BY-SA 4.0): https://en.wiktionary.org/wiki/%E9%BA%BB%E7%85%A9#Chinese. Mandarin: máfan.,adjective,involving a hassle; troublesome; annoying,麻烦,,
wt:麻煩:0,麻煩,mà-huàng,,,,,verb,(polite) to trouble; to bother,麻烦,,
wt:麻煩:0,麻煩,mà-huàng,,,,,noun,cross to bear; jam; trouble; problem,麻烦,,
wt:黃蜂:0,黃蜂,uòng-pŭng,,,,Imported from Wiktionary (CC BY-SA 4.0): https://en.wiktionary.org/wiki/%E9%BB%83%E8%9C%82#Chinese. Mandarin: huángfēng.,noun,wasp,黄蜂,,
wt:麵包:0,麵包,miêng-bău,,,,"Imported from Wiktionary (CC BY-SA 4.0): https://en.wiktionary.org/wiki/%E9%BA%B5%E5%8C%85#Chinese. Mandarin: miànbāo,er=y.",noun,bread,面包,,
wt:麵包:0,麵包,miêng-bău,,,,,noun,(proscribed) baked good; roll; bun; pastry; cake,面包,,
wt:黃瓜:0,黃瓜,uòng-guă,,,,"Imported from Wiktionary (CC BY-SA 4.0): https://en.wiktionary.org/wiki/%E9%BB%83%E7%93%9C#Chinese. Mandarin: huángguā,tl=y.",noun,cucumber,黄瓜,,
wt:黃瓜:0,黃瓜,uòng-guă,,,,,noun,yellow croaker Larimichthys,黄瓜,,
wt:黃色:0,黃色,uòng-sáik,,,,Imported from Wiktionary (CC BY-SA 4.0): https://en.wiktionary.org/wiki/%E9%BB%83%E8%89%B2#Chinese. Mandarin: huángsè.,noun,yellow,黄色,,
wt:黃色:0,黃色,uòng-sáik,,,,,adjective,yellow,黄色,,
wt:黃色:0,黃色,uòng-sáik,,,,,adjective,(attributive) pornographic,黄色,,
wt:麵粉:0,麵粉,miêng-hūng,,,,Imported from Wiktionary (CC BY-SA 4.0): https://en.wiktionary.org/wiki/%E9%BA%B5%E7%B2%89#Chinese. Mandarin: miànfěn.,noun,flour,面粉,,
wt:黃連:0,黃連,uòng-lièng,,,,Imported from Wiktionary (CC BY-SA 4.0): https://en.wiktionary.org/wiki/%E9%BB%83%E9%80%A3#Chinese. Mandarin: huánglián.,noun,Chinese goldthread (Coptis chinensis),黄连,,
wt:黃連:0,黃連,uòng-lièng,,,,,noun,(TCM) rhizome of the Chinese goldthread,黄连,,
wt:黃牛:0,黃牛,uòng-ngù,,,,Imported from Wiktionary (CC BY-SA 4.0): https://en.wiktionary.org/wiki/%E9%BB%83%E7%89%9B#Chinese. Mandarin: huángniú.,noun,ox; cattle,黄牛,,
wt:黃牛:0,黃牛,uòng-ngù,,,,,noun,ticket scalper,黄牛,,
wt:麻油:0,麻油,muài-ièu,,,,Imported from Wiktionary (CC BY-SA 4.0): https://en.wiktionary.org/wiki/%E9%BA%BB%E6%B2%B9#Chinese. Mandarin: máyóu.,noun,sesame oil,,,
wt:麻油:0,麻油,muài-ièu,,,,,noun,Sichuan pepper oil,,,
wt:麻油:0,麻油,muài-ièu,,,,,noun,hemp seed oil,,,
wt:黃梨:0,黃梨,uòng-lài,,,,Imported from Wiktionary (CC BY-SA 4.0): https://en.wiktionary.org/wiki/%E9%BB%83%E6%A2%A8#Chinese. Mandarin: huánglí. Other readings: uòng-lì.,noun,pineapple,黄梨,,
wt:黃梨:0,黃梨,uòng-lài,,,,,noun,pear,黄梨,,
wt:黃彈:0,黃彈,uòng-dâng,,,,Imported from Wiktionary (CC BY-SA 4.0): https://en.wiktionary.org/wiki/%E9%BB%83%E5%BD%88#Chinese.,noun,wampee Clausena lansium,黄弹,,
wt:麻竹:0,麻竹,mà-dé̤ṳk,,,,Imported from Wiktionary (CC BY-SA 4.0): https://en.wiktionary.org/wiki/%E9%BA%BB%E7%AB%B9#Chinese. Mandarin: mázhú.,noun,Taiwan giant bamboo (Dendrocalamus latiflorus),,,
wt:麻竹:0,麻竹,mà-dé̤ṳk,,,,,noun,moso bamboo,,,
wt:麻油醬:0,麻油醬,muài-ièu-cuóng,,,,Imported from Wiktionary (CC BY-SA 4.0): https://en.wiktionary.org/wiki/%E9%BA%BB%E6%B2%B9%E9%86%AC#Chinese.,noun,sesame paste,麻油酱,,
wt:黃芽韭:0,黃芽韭,uòng-ngà-giū,,,,Imported from Wiktionary (CC BY-SA 4.0): https://en.wiktionary.org/wiki/%E9%BB%83%E8%8A%BD%E9%9F%AD#Chinese.,noun,hotbed chives; yellow chives,黄芽韭,,
wt:點鐘:0,點鐘,dēng-cṳ̆ng,,,,Imported from Wiktionary (CC BY-SA 4.0): https://en.wiktionary.org/wiki/%E9%BB%9E%E9%90%98#Chinese. Mandarin: diǎnzhōng.,measure word,o'clock,点钟,,
wt:點鐘:0,點鐘,dēng-cṳ̆ng,,,,,measure word,hour,点钟,,
wt:點心:0,點心,diēng-sĭng,,,,"Imported from Wiktionary (CC BY-SA 4.0): https://en.wiktionary.org/wiki/%E9%BB%9E%E5%BF%83#Chinese. Mandarin: diǎnxīn,tl=y.",noun,snack; light refreshment,点心,,
wt:點心:0,點心,diēng-sĭng,,,,,noun,dim sum,点心,,
wt:點心:0,點心,diēng-sĭng,,,,,noun,pastry,点心,,
wt:點心:0,點心,diēng-sĭng,,,,,noun,(light) breakfast,点心,,
wt:點心:0,點心,diēng-sĭng,,,,,noun,(Hengyang) dinner,点心,,
wt:點心:0,點心,diēng-sĭng,,,,,verb,(slang) to snack to satisfy one's hunger,点心,,
wt:點心:0,點心,diēng-sĭng,,,,,verb,(slang) to think over; to consider; to ponder,点心,,
wt:黑板:0,黑板,háik-bēng,,,,Imported from Wiktionary (CC BY-SA 4.0): https://en.wiktionary.org/wiki/%E9%BB%91%E6%9D%BF#Chinese. Mandarin: hēibǎn.,noun,blackboard (classifier: 個),,,
wt:黑板:0,黑板,háik-bēng,,,,,noun,(literally) black plank,,,
wt:點燈:0,點燈,diēng-dĭng,,,,Imported from Wiktionary (CC BY-SA 4.0): https://en.wiktionary.org/wiki/%E9%BB%9E%E7%87%88#Chinese. Mandarin: diǎndēng.,verb,to light a lamp,点灯,,
wt:黃鼠狼:0,黃鼠狼,uòng-chṳ̄-lòng,,,,"Imported from Wiktionary (CC BY-SA 4.0): https://en.wiktionary.org/wiki/%E9%BB%83%E9%BC%A0%E7%8B%BC#Chinese. Mandarin: huángshǔláng,er=y,tl2=y.",noun,Siberian weasel (Mustela sibirica species),黄鼠狼,,
wt:點名:0,點名,dēng-miàng,,,,"Imported from Wiktionary (CC BY-SA 4.0): https://en.wiktionary.org/wiki/%E9%BB%9E%E5%90%8D#Chinese. Mandarin: diǎnmíng,er=y.",verb,to call the roll; to roll call,点名,,
wt:點名:0,點名,dēng-miàng,,,,,verb,to mention by name; to name; to nominate; to designate,点名,,
wt:點名:0,點名,dēng-miàng,,,,,verb,to name and criticize; to name and shame,点名,,
wt:墨盒:0,墨盒,mĕ̤k-ăk,,,,"Imported from Wiktionary (CC BY-SA 4.0): https://en.wiktionary.org/wiki/%E5%A2%A8%E7%9B%92#Chinese. Mandarin: mòhé,er=y.",noun,ink box for calligraphy or painting,,,
wt:墨盒:0,墨盒,mĕ̤k-ăk,,,,,noun,ink cartridge for a printer,,,
wt:墨斗:0,墨斗,mĕ̤k-dāu,,,,"Imported from Wiktionary (CC BY-SA 4.0): https://en.wiktionary.org/wiki/%E5%A2%A8%E6%96%97#Chinese. Mandarin: mòdǒu,er=y.",noun,carpenter's ink marker inked cord stretched tight then lowered onto timber,,,
wt:黨羽:0,黨羽,dōng-ṳ̄,,,,Imported from Wiktionary (CC BY-SA 4.0): https://en.wiktionary.org/wiki/%E9%BB%A8%E7%BE%BD#Chinese. Mandarin: dǎngyǔ.,noun,(derogatory) members of a clique; adherents; henchmen,党羽,,
wt:黑死病:0,黑死病,háik-sṳ̄-bêng,,,,Imported from Wiktionary (CC BY-SA 4.0): https://en.wiktionary.org/wiki/%E9%BB%91%E6%AD%BB%E7%97%85#Chinese. Mandarin: hēisǐbìng.,noun,(historical) plague; the Black Plague; the Black Death,,,
wt:黃鼠:0,黃鼠,uòng-chṳ̄,,,,"Imported from Wiktionary (CC BY-SA 4.0): https://en.wiktionary.org/wiki/%E9%BB%83%E9%BC%A0#Chinese. Mandarin: huángshǔ,er=y.",noun,Daurian ground squirrel (Spermophilus dauricus),黄鼠,,
wt:黃鼠:0,黃鼠,uòng-chṳ̄,,,,,noun,Siberian weasel Mustela sibirica species,黄鼠,,
wt:鼓勵:0,鼓勵,gū-lâ̤,,,,Imported from Wiktionary (CC BY-SA 4.0): https://en.wiktionary.org/wiki/%E9%BC%93%E5%8B%B5#Chinese. Mandarin: gǔlì.,verb,to encourage,鼓励,,
wt:鼻水:0,鼻水,pé-cūi,,,,"Imported from Wiktionary (CC BY-SA 4.0): https://en.wiktionary.org/wiki/%E9%BC%BB%E6%B0%B4#Chinese. Mandarin: bíshuǐ,er=y.",noun,nasal mucus usually more watery,,,
wt:鼠標:0,鼠標,chṳ̄-biĕu,,,,Imported from Wiktionary (CC BY-SA 4.0): https://en.wiktionary.org/wiki/%E9%BC%A0%E6%A8%99#Chinese. Mandarin: shǔbiāo.,noun,(computing) mouse,鼠标,,
wt:鼻屎:0,鼻屎,pé-sāi,,,,Imported from Wiktionary (CC BY-SA 4.0): https://en.wiktionary.org/wiki/%E9%BC%BB%E5%B1%8E#Chinese. Mandarin: bíshǐ.,noun,booger; hardened snot,,,
wt:鼻頭:0,鼻頭,pé-tàu,,,,"Imported from Wiktionary (CC BY-SA 4.0): https://en.wiktionary.org/wiki/%E9%BC%BB%E9%A0%AD#Chinese. Mandarin: bítóu,er=y.",noun,tip of the nose,鼻头,,
wt:鼻頭:0,鼻頭,pé-tàu,,,,,noun,protruding part of an object,鼻头,,
wt:鼎邊糊:0,鼎邊糊,diāng-biĕng-gù,,,,Imported from Wiktionary (CC BY-SA 4.0): https://en.wiktionary.org/wiki/%E9%BC%8E%E9%82%8A%E7%B3%8A#Chinese. Mandarin: dǐngbiānhú.,noun,a kind of rice cake popular in Fuzhou and surrounding areas,鼎边糊,,
wt:鼓樓:0,鼓樓,Gū-làu,,,,Imported from Wiktionary (CC BY-SA 4.0): https://en.wiktionary.org/wiki/%E9%BC%93%E6%A8%93#Chinese. Mandarin: gǔlóu.,noun,(architecture) drum tower,鼓楼,,
wt:鼻空:0,鼻空,pé-kĕ̤ng,,,,Imported from Wiktionary (CC BY-SA 4.0): https://en.wiktionary.org/wiki/%E9%BC%BB%E7%A9%BA#Chinese.,noun,nostril,,,
wt:鼻毛:0,鼻毛,pé-mò̤,,,,Imported from Wiktionary (CC BY-SA 4.0): https://en.wiktionary.org/wiki/%E9%BC%BB%E6%AF%9B#Chinese. Mandarin: bímáo.,noun,(anatomy) nasal hair; nose hair; vibrissa,,,
wt:鼻空跤:0,鼻空跤,pé-kĕ̤ng-kă,,,,Imported from Wiktionary (CC BY-SA 4.0): https://en.wiktionary.org/wiki/%E9%BC%BB%E7%A9%BA%E8%B7%A4#Chinese.,noun,wing of the nose; ala of the nose,,,
wt:鼻薰:0,鼻薰,pé-hŏng,,,,Imported from Wiktionary (CC BY-SA 4.0): https://en.wiktionary.org/wiki/%E9%BC%BB%E8%96%B0#Chinese.,noun,snuff fine-ground tobacco,,,
wt:鼻花:0,鼻花,pé-huă,,,,Imported from Wiktionary (CC BY-SA 4.0): https://en.wiktionary.org/wiki/%E9%BC%BB%E8%8A%B1#Chinese.,noun,(anatomy) bridge bony ridge of the nose,,,
wt:鼻腦:0,鼻腦,pé-nō̤,,,,Imported from Wiktionary (CC BY-SA 4.0): https://en.wiktionary.org/wiki/%E9%BC%BB%E8%85%A6#Chinese.,noun,tip of the nose,鼻脑,,
wt:齋友:0,齋友,că̤-iēu,,,,Imported from Wiktionary (CC BY-SA 4.0): https://en.wiktionary.org/wiki/%E9%BD%8B%E5%8F%8B#Chinese.,noun,friend with which one abstains from meat and prays to Buddha together,斋友,,
wt:齋友:0,齋友,că̤-iēu,,,,,noun,(dated) schoolmate; classmate,斋友,,
wt:鼎巴:0,鼎巴,diāng-bă,,,,Imported from Wiktionary (CC BY-SA 4.0): https://en.wiktionary.org/wiki/%E9%BC%8E%E5%B7%B4#Chinese.,noun,(Putian) rice crust; crust of cooked rice,,,
wt:齊眉:0,齊眉,cà̤-mì,,,,Imported from Wiktionary (CC BY-SA 4.0): https://en.wiktionary.org/wiki/%E9%BD%8A%E7%9C%89#Chinese.,noun,fringe; bangs,齐眉,,
wt:鼎邊:0,鼎邊,diāng-biĕng,,,,Imported from Wiktionary (CC BY-SA 4.0): https://en.wiktionary.org/wiki/%E9%BC%8E%E9%82%8A#Chinese.,noun,short for for 鼎邊糊,鼎边,,
wt:龍眼:0,龍眼,lèng-ngēng,,,,Imported from Wiktionary (CC BY-SA 4.0): https://en.wiktionary.org/wiki/%E9%BE%8D%E7%9C%BC#Chinese. Mandarin: lóngyǎn.,noun,longan,龙眼,,
wt:龍眼:0,龍眼,lèng-ngēng,,,,,noun,葡萄 longyan type of grape,龙眼,,
wt:龍船:0,龍船,liòng,,,,Imported from Wiktionary (CC BY-SA 4.0): https://en.wiktionary.org/wiki/%E9%BE%8D%E8%88%B9#Chinese. Mandarin: lóngchuán. Pronounced lùng-sùng.,noun,dragon boat,龙船,,
wt:龍船:0,龍船,liòng,,,,,noun,gecko,龙船,,
wt:龍捲風:0,龍捲風,lṳ̀ng-guōng-hŭng,,,,"Imported from Wiktionary (CC BY-SA 4.0): https://en.wiktionary.org/wiki/%E9%BE%8D%E6%8D%B2%E9%A2%A8#Chinese. Mandarin: lóngjuǎnfēng,er=y.",noun,(weather) tornado; cyclone; twister; hurricane,龙卷风,,
wt:龍捲風:0,龍捲風,lṳ̀ng-guōng-hŭng,,,,,noun,(figurative) something that is transient or short-lived,龙卷风,,
wt:齷齪:0,齷齪,áuk-cháuk,,,,Imported from Wiktionary (CC BY-SA 4.0): https://en.wiktionary.org/wiki/%E9%BD%B7%E9%BD%AA#Chinese. Mandarin: wòchuò.,adjective,filthy; dirty,龌龊,,
wt:齷齪:0,齷齪,áuk-cháuk,,,,,adjective,vile; despicable,龌龊,,
wt:齷齪:0,齷齪,áuk-cháuk,,,,,adjective,narrow (minded); small; confined,龌龊,,
wt:龍燈:0,龍燈,lṳ̀ng-dĭng,,,,Imported from Wiktionary (CC BY-SA 4.0): https://en.wiktionary.org/wiki/%E9%BE%8D%E7%87%88#Chinese. Mandarin: lóngdēng.,noun,lantern shaped like a dragon,龙灯,,
wt:龍文:0,龍文,lṳ̀ng-ùng,,,,Imported from Wiktionary (CC BY-SA 4.0): https://en.wiktionary.org/wiki/%E9%BE%8D%E6%96%87#Chinese. Mandarin: lóngwén.,noun,pattern of the scales of a dragon,龙文,,
wt:龍文:0,龍文,lṳ̀ng-ùng,,,,,noun,dragon-shaped pattern,龙文,,
wt:龍文:0,龍文,lṳ̀ng-ùng,,,,,noun,(figurative) small wave,龙文,,
wt:龍文:0,龍文,lṳ̀ng-ùng,,,,,noun,(figurative) clouds in a mackerel sky,龙文,,
wt:龍文:0,龍文,lṳ̀ng-ùng,,,,,noun,(figurative) powerful writing,龙文,,
wt:龍文:0,龍文,lṳ̀ng-ùng,,,,,noun,(figurative) calligraphy,龙文,,
wt:龍文:0,龍文,lṳ̀ng-ùng,,,,,noun,(figurative) child prodigy,龙文,,
wt:龍文:0,龍文,lṳ̀ng-ùng,,,,,noun,a type of fine horse,龙文,,
wt:龍文:0,龍文,lṳ̀ng-ùng,,,,,noun,short for 龍文劍,龙文,,
wt:龍文:0,龍文,lṳ̀ng-ùng,,,,,noun,a ship engraved with a dragon-shaped pattern,龙文,,
wt:龍王廟:0,龍王廟,lṳ̀ng-uòng-miêu,,,,Imported from Wiktionary (CC BY-SA 4.0): https://en.wiktionary.org/wiki/%E9%BE%8D%E7%8E%8B%E5%BB%9F#Chinese. Mandarin: lóngwángmiào.,noun,(religion) temple that worships the Dragon King,龙王庙,,
wt:齒座:0,齒座,kī-cô̤,,,,Imported from Wiktionary (CC BY-SA 4.0): https://en.wiktionary.org/wiki/%E9%BD%92%E5%BA%A7#Chinese.,noun,gum flesh around teeth,齿座,,
